evolution$generation,evolution$evaluated,innovationWeight,innovationGravityDecay,innovationInnovationDecay,innovationMutationRate,innovationNewInnovationHierarchy,innovationEarlyAdoptersRate,innovationUtilityStd,innovationUtilityDistrib,ecoWeight,ecoMultiplier,ecoSizeEffectOnDemand,ecoSizeEffectOnSupply,ecoGravityDecay,ecoWealthToPopulationExponent,ecoPopulationToWealthExponent,coevolWeight,coevolGamma,coevolGravityDecay,coevolNetworkGmax,coevolNetworkExponent,coevolNetworkThresholdQuantile,objective$avgLogPop1,objective$avgLogPop2,objective$avgLogPop3,objective$stdLogPop1,objective$stdLogPop2,objective$stdLogPop3,evolution$samples,evolution$generated,gravityFlows,avgLogPop2,oppAverageUtility,innovationNewInnovationHierarchy,giniEconomicWealth,innovationUtilityDistrib,avgLogPop3,averageDistance,innovationUtilityStd,ecoSizeEffectOnDemand,replication,coevolGravityDecay,stdLogPop2,ecoMultiplier,stdLogPop1,coevolGamma,coevolWeight,ecoWealthToPopulationExponent,ecoPopulationToWealthExponent,ecoSizeEffectOnSupply,innovationMutationRate,urbanSystem,ecoGravityDecay,coevolNetworkThresholdQuantile,stdLogPop3,coevolNetworkGmax,ecoWeight,innovationInnovationDecay,coevolNetworkExponent,avgLogPop1,innovationWeight,innovationEarlyAdoptersRate,oppWealth,innovationGravityDecay
336,336,0.004911242628686095,9862.033749443495,5332.090236194714,0.4818446104894205,0.28832745364150814,0.2034543288926569,1.2111034565629342,normal,0.007325207745896805,0.03113862963827205,2.823128070655866,0.3847419586060712,2239.477591199955,1.4736921979552153,2.737771778647989,0.009998724304044916,0.10016442808639127,5975.220766357682,1.8616142254775046E-6,1.3109186148106744,0.4319953135313288,14.097157032580277,14.099709875300348,14.112063590544007,0.7026340227420129,0.6878188235006789,0.7037714882268781,1,215,"[1.3384604415541155E-4]","[14.099709875300348]","[-1.4979778262442653]","[0.28832745364150814]","[0.962050775152608]","[normal]","[14.112063590544007]","[1100.0938709413028]","[1.2111034565629342]","[2.823128070655866]","[-3322449857710388419]","[5975.220766357682]","[0.6878188235006789]","[0.03113862963827205]","[0.7026340227420129]","[0.10016442808639127]","[0.009998724304044916]","[1.4736921979552153]","[2.737771778647989]","[0.3847419586060712]","[0.4818446104894205]","[CN]","[2239.477591199955]","[0.4319953135313288]","[0.7037714882268781]","[1.8616142254775046E-6]","[0.007325207745896805]","[5332.090236194714]","[1.3109186148106744]","[14.097157032580277]","[0.004911242628686095]","[0.2034543288926569]","[-1665200.6838842975]","[9862.033749443495]"
336,336,0.004707632883519128,9856.626964330566,5500.45548240019,0.4909299327896161,0.2325626537308655,0.8721835983961999,1.0306551906068668,normal,0.007105281093794132,0.029863560832527603,2.7674918969651494,0.3978327829351531,2636.2946684926183,1.418151722630217,2.981252222751011,0.00999851957411706,0.100000028598264,6530.740328589851,2.437418531747212E-6,1.230741694964474,0.356349474101747,14.097157032580277,14.107277028248731,14.114187699832435,0.7026340227420129,0.6996591933878221,0.7075682827289009,1,27,"[1.3496553339876832E-4]","[14.107277028248731]","[-1.553957327800226]","[0.2325626537308655]","[0.968021611677395]","[normal]","[14.114187699832435]","[1101.8272975229409]","[1.0306551906068668]","[2.7674918969651494]","[5022547853047368869]","[6530.740328589851]","[0.6996591933878221]","[0.029863560832527603]","[0.7026340227420129]","[0.100000028598264]","[0.00999851957411706]","[1.418151722630217]","[2.981252222751011]","[0.3978327829351531]","[0.4909299327896161]","[CN]","[2636.2946684926183]","[0.356349474101747]","[0.7075682827289009]","[2.437418531747212E-6]","[0.007105281093794132]","[5500.45548240019]","[1.230741694964474]","[14.097157032580277]","[0.004707632883519128]","[0.8721835983961999]","[-1665911.5599173554]","[9856.626964330566]"
336,336,0.004968732163391698,9822.121790477797,7504.70308523071,0.48884968749681046,0.31440896616205893,0.109098587408994,1.1948369971247068,normal,0.008666286165266542,0.00668997014545096,2.7796190730753194,0.4104337945060724,4219.1126112679,1.493025563068919,2.960915593144116,0.0099981729369515,0.10018897939290486,6800.750750496156,3.4752731859721787E-6,1.310034119267115,0.47186500550636185,14.097157032580277,14.098567365782202,14.110302188574813,0.7026340227420129,0.6731615723642895,0.6938026125647242,1,81,"[1.4505111184723042E-4]","[14.098567365782202]","[-1.4895880281910983]","[0.31440896616205893]","[0.9740007285510971]","[normal]","[14.110302188574813]","[1105.773371332129]","[1.1948369971247068]","[2.7796190730753194]","[5349824000020552080]","[6800.750750496156]","[0.6731615723642895]","[0.00668997014545096]","[0.7026340227420129]","[0.10018897939290486]","[0.0099981729369515]","[1.493025563068919]","[2.960915593144116]","[0.4104337945060724]","[0.48884968749681046]","[CN]","[4219.1126112679]","[0.47186500550636185]","[0.6938026125647242]","[3.4752731859721787E-6]","[0.008666286165266542]","[7504.70308523071]","[1.310034119267115]","[14.097157032580277]","[0.004968732163391698]","[0.109098587408994]","[-1344290.931818182]","[9822.121790477797]"
336,336,0.005379613897499816,9835.955566017432,6477.823117134726,0.4931418052464069,0.5994341561271308,0.6489872994890726,1.1563628756231323,normal,0.008622759030140242,0.038206710433996253,2.753511427583524,0.348339379079375,3689.459745902832,1.4213613584045413,2.894514183573537,0.009998747130276061,0.10006798696044955,6368.953655266145,4.31862807877667E-6,1.2657122785445976,0.5046670253890166,14.097157032580277,14.107870803265635,14.115578441713946,0.7026340227420129,0.7021744707748737,0.7102210429656327,3,6,"[1.4349692524726968E-4,1.4419956296404343E-4,1.446853928125767E-4]","[14.107870803265635,14.107870803265635,14.107870803265635]","[-1.6578653029572616,-1.4496735740348845,-1.9082698856642832]","[0.5994341561271308,0.5994341561271308,0.5994341561271308]","[0.9633852811239872,0.9633852811239872,0.9633852811239872]","[normal,normal,normal]","[14.115578458617348,14.115578441713946,14.115578436795454]","[1101.2357999455448,1101.2352767639736,1101.233694569188]","[1.1563628756231323,1.1563628756231323,1.1563628756231323]","[2.753511427583524,2.753511427583524,2.753511427583524]","[6801606028442964420,2364456275556764347,-4502764434249218949]","[6368.953655266145,6368.953655266145,6368.953655266145]","[0.7021744707748737,0.7021744707748737,0.7021744707748737]","[0.038206710433996253,0.038206710433996253,0.038206710433996253]","[0.7026340227420129,0.7026340227420129,0.7026340227420129]","[0.10006798696044955,0.10006798696044955,0.10006798696044955]","[0.009998747130276061,0.009998747130276061,0.009998747130276061]","[1.4213613584045413,1.4213613584045413,1.4213613584045413]","[2.894514183573537,2.894514183573537,2.894514183573537]","[0.348339379079375,0.348339379079375,0.348339379079375]","[0.4931418052464069,0.4931418052464069,0.4931418052464069]","[CN,CN,CN]","[3689.459745902832,3689.459745902832,3689.459745902832]","[0.5046670253890166,0.5046670253890166,0.5046670253890166]","[0.7102205910003452,0.7102232183662787,0.7102210429656327]","[4.31862807877667E-6,4.31862807877667E-6,4.31862807877667E-6]","[0.008622759030140242,0.008622759030140242,0.008622759030140242]","[6477.823117134726,6477.823117134726,6477.823117134726]","[1.2657122785445976,1.2657122785445976,1.2657122785445976]","[14.097157032580277,14.097157032580277,14.097157032580277]","[0.005379613897499816,0.005379613897499816,0.005379613897499816]","[0.6489872994890726,0.6489872994890726,0.6489872994890726]","[-1734934.2376033056,-1734934.2376033056,-1734934.2376033056]","[9835.955566017432,9835.955566017432,9835.955566017432]"
336,336,0.004572226529601626,9863.6364703342,5543.730953736482,0.4907160608708921,0.22068993894455233,0.877310320847101,1.0666014725275779,normal,0.00698554976446794,0.0332450175531117,2.768708506431968,0.3877584602789632,2680.176198676273,1.4204615358562593,2.9887501082301267,0.009998522415074925,0.10001035041907974,6496.944312640627,2.345816390040653E-6,1.2434920840051151,0.37326828777394444,14.097157032580277,14.107379379455326,14.113902114048672,0.7026340227420129,0.7004549057333103,0.7073408196416725,1,195,"[1.35452389861029E-4]","[14.107379379455326]","[-1.3350115230294435]","[0.22068993894455233]","[0.967466897706153]","[normal]","[14.113902114048672]","[1101.818041739979]","[1.0666014725275779]","[2.768708506431968]","[648838904694152027]","[6496.944312640627]","[0.7004549057333103]","[0.0332450175531117]","[0.7026340227420129]","[0.10001035041907974]","[0.009998522415074925]","[1.4204615358562593]","[2.9887501082301267]","[0.3877584602789632]","[0.4907160608708921]","[CN]","[2680.176198676273]","[0.37326828777394444]","[0.7073408196416725]","[2.345816390040653E-6]","[0.00698554976446794]","[5543.730953736482]","[1.2434920840051151]","[14.097157032580277]","[0.004572226529601626]","[0.877310320847101]","[-1690741.4442148763]","[9863.6364703342]"
336,336,0.00597308804011451,9822.793670591314,7504.70308523071,0.4817837182460145,0.4053980925934869,0.109098587408994,1.0553166861927743,normal,0.00774944082338685,0.007469277960738741,2.782176477654181,0.447163421511268,5139.97796489452,1.493303101674,2.961127378248038,0.009998345653680085,0.10024391973697483,5878.068647746222,4.109761556722539E-6,1.3470283267863066,0.44786946281227535,14.097157032580277,14.095290252611294,14.111541483103977,0.7026340227420129,0.6620374981499605,0.6929913785790919,1,124,"[1.5139410445185158E-4]","[14.095290252611294]","[-1.4131296353239444]","[0.4053980925934869]","[0.9756115992852981]","[normal]","[14.111541483103977]","[1107.870915151551]","[1.0553166861927743]","[2.782176477654181]","[-4923373172576090308]","[5878.068647746222]","[0.6620374981499605]","[0.007469277960738741]","[0.7026340227420129]","[0.10024391973697483]","[0.009998345653680085]","[1.493303101674]","[2.961127378248038]","[0.447163421511268]","[0.4817837182460145]","[CN]","[5139.97796489452]","[0.44786946281227535]","[0.6929913785790919]","[4.109761556722539E-6]","[0.00774944082338685]","[7504.70308523071]","[1.3470283267863066]","[14.097157032580277]","[0.00597308804011451]","[0.109098587408994]","[-1232717.2458677688]","[9822.793670591314]"
336,336,0.005473936452480904,9879.854045987591,5704.458769134006,0.49213519858225074,0.165274074542477,0.877310320847101,0.9536875240435729,normal,0.007306444617752505,0.028918128926317378,2.765576771666794,0.4063732180577174,3179.286245372943,1.40902786212214,2.9168288003172447,0.009998589445037039,0.1000713992398446,6618.477023149291,1.7118716971558267E-6,1.17551961756878,0.37897249873795363,14.097157032580277,14.107935935300857,14.115711866634893,0.7026340227420129,0.7002896136509446,0.709158543906053,2,43,"[1.3808177212378835E-4,1.372084815788473E-4]","[14.107935935300857,14.107935935300857]","[-1.2647333478118687,-1.4261043926337251]","[0.165274074542477,0.165274074542477]","[0.9671999952977302,0.9671999952977302]","[normal,normal]","[14.115711869907265,14.115711863362522]","[1101.7619334770889,1101.758937011299]","[0.9536875240435729,0.9536875240435729]","[2.765576771666794,2.765576771666794]","[6348698703106217491,2018321989808229887]","[6618.477023149291,6618.477023149291]","[0.7002896136509446,0.7002896136509446]","[0.028918128926317378,0.028918128926317378]","[0.7026340227420129,0.7026340227420129]","[0.1000713992398446,0.1000713992398446]","[0.009998589445037039,0.009998589445037039]","[1.40902786212214,1.40902786212214]","[2.9168288003172447,2.9168288003172447]","[0.4063732180577174,0.4063732180577174]","[0.49213519858225074,0.49213519858225074]","[CN,CN]","[3179.286245372943,3179.286245372943]","[0.37897249873795363,0.37897249873795363]","[0.7091589803231171,0.7091581074889891]","[1.7118716971558267E-6,1.7118716971558267E-6]","[0.007306444617752505,0.007306444617752505]","[5704.458769134006,5704.458769134006]","[1.17551961756878,1.17551961756878]","[14.097157032580277,14.097157032580277]","[0.005473936452480904,0.005473936452480904]","[0.877310320847101,0.877310320847101]","[-1634412.981404959,-1634412.981404959]","[9879.854045987591,9879.854045987591]"
336,336,0.005394086748424164,9824.987724091206,5221.038361957747,0.47838747819726835,0.308554053180757,0.3285184294224088,0.9800131944018389,normal,0.008633511075105795,0.020434433468181162,2.8074834877108095,0.3799320238548504,3195.898985119932,1.4472913350258694,2.955611737921977,0.009998457114515797,0.10009118898095612,7751.23505252642,3.8703173421883894E-7,1.2733127527747126,0.39360083027280257,14.097157032580277,14.105395721342019,14.114147011269822,0.7026340227420129,0.6938984502559546,0.704830656586539,1,64,"[1.406598430227466E-4]","[14.105395721342019]","[-1.369208884731394]","[0.308554053180757]","[0.9677778768859192]","[normal]","[14.114147011269822]","[1103.2672839843663]","[0.9800131944018389]","[2.8074834877108095]","[5365894104338272320]","[7751.23505252642]","[0.6938984502559546]","[0.020434433468181162]","[0.7026340227420129]","[0.10009118898095612]","[0.009998457114515797]","[1.4472913350258694]","[2.955611737921977]","[0.3799320238548504]","[0.47838747819726835]","[CN]","[3195.898985119932]","[0.39360083027280257]","[0.704830656586539]","[3.8703173421883894E-7]","[0.008633511075105795]","[5221.038361957747]","[1.2733127527747126]","[14.097157032580277]","[0.005394086748424164]","[0.3285184294224088]","[-1637374.9648760338]","[9824.987724091206]"
336,336,0.00382405286074533,9789.04307830831,5279.548960296318,0.4996439658799,0.3431014415473479,0.11736809418181143,0.882364911959983,normal,0.00686694354887202,0.00668997014545096,2.83151106308429,0.325242848903376,608.7906365542937,1.40902786212214,2.8679733704230923,0.009998816726935648,0.10013868867678212,8138.535827654914,1.6003185036906707E-6,1.3100721522449017,0.356349474101747,14.097157032580277,14.10987583183424,14.114281782455173,0.7026340227420129,0.7058091843552615,0.7107026296692132,1,264,"[1.1482841080030109E-4]","[14.10987583183424]","[-1.3169271261074]","[0.3431014415473479]","[0.9677721785892207]","[normal]","[14.114281782455173]","[1101.348473477021]","[0.882364911959983]","[2.83151106308429]","[-8875510153917201369]","[8138.535827654914]","[0.7058091843552615]","[0.00668997014545096]","[0.7026340227420129]","[0.10013868867678212]","[0.009998816726935648]","[1.40902786212214]","[2.8679733704230923]","[0.325242848903376]","[0.4996439658799]","[CN]","[608.7906365542937]","[0.356349474101747]","[0.7107026296692132]","[1.6003185036906707E-6]","[0.00686694354887202]","[5279.548960296318]","[1.3100721522449017]","[14.097157032580277]","[0.00382405286074533]","[0.11736809418181143]","[-1626745.6756198357]","[9789.04307830831]"
336,336,0.00382405286074533,9895.071576159773,4574.20968645122,0.493284206741217,0.165274074542477,0.82796589227347,1.0566924423628672,log-normal,0.007142477598714295,0.03202678111932124,2.816824129635953,0.41072155416480566,3792.8014148011207,1.4328200213207833,2.9843070393045306,0.009998615789860195,0.1000552481635436,6497.410511663582,2.5278518728575953E-6,1.2042795872351646,0.36216737385004016,14.097157032580277,14.104772112236114,14.11135158990758,0.7026340227420129,0.6956333211527698,0.7026002269772407,1,309,"[1.4123203238255303E-4]","[14.104772112236114]","[-1.7956018651130876]","[0.165274074542477]","[0.9684793672779607]","[log-normal]","[14.11135158990758]","[1102.4382879588397]","[1.0566924423628672]","[2.816824129635953]","[7257689417324565404]","[6497.410511663582]","[0.6956333211527698]","[0.03202678111932124]","[0.7026340227420129]","[0.1000552481635436]","[0.009998615789860195]","[1.4328200213207833]","[2.9843070393045306]","[0.41072155416480566]","[0.493284206741217]","[CN]","[3792.8014148011207]","[0.36216737385004016]","[0.7026002269772407]","[2.5278518728575953E-6]","[0.007142477598714295]","[4574.20968645122]","[1.2042795872351646]","[14.097157032580277]","[0.00382405286074533]","[0.82796589227347]","[-1660359.9566115702]","[9895.071576159773]"
336,336,0.00558075831579655,9833.465621773556,4741.242561105791,0.48887164665421967,0.24426765737269338,0.674659080917343,0.8927252387847413,log-normal,0.007272909071134185,0.03646739720549348,2.7475828246065137,0.4174796989225799,2000.7860089492535,1.4263746899897927,3.0,0.009998685924221927,0.100000028598264,6657.438628351814,2.8978813910701015E-6,1.17551961756878,0.44164123643111275,14.097157032580277,14.10602288671135,14.11473319852814,0.7026340227420129,0.6960118405271402,0.706146294959405,1,181,"[1.3384663610165843E-4]","[14.10602288671135]","[-1.5461218859300594]","[0.24426765737269338]","[0.9686118095816795]","[log-normal]","[14.11473319852814]","[1102.0141599503454]","[0.8927252387847413]","[2.7475828246065137]","[-7597722812598187725]","[6657.438628351814]","[0.6960118405271402]","[0.03646739720549348]","[0.7026340227420129]","[0.100000028598264]","[0.009998685924221927]","[1.4263746899897927]","[3.0]","[0.4174796989225799]","[0.48887164665421967]","[CN]","[2000.7860089492535]","[0.44164123643111275]","[0.706146294959405]","[2.8978813910701015E-6]","[0.007272909071134185]","[4741.242561105791]","[1.17551961756878]","[14.097157032580277]","[0.00558075831579655]","[0.674659080917343]","[-1657778.7995867769]","[9833.465621773556]"
336,336,0.0038578121528394837,9811.581048859105,5331.092241916576,0.49874432976508914,0.6185778599334812,0.2573659143916338,0.9308668293822563,normal,0.00686694354887202,0.024943497696539956,2.740843255906985,0.3462026720098337,479.260101476493,1.421297717298947,2.965119766915513,0.009999150182443833,0.10024222903691053,8008.917649693915,5.955156055128882E-7,1.339380556681001,0.3914913732692472,14.097157032580277,14.10816693564023,14.113346703718463,0.7026340227420129,0.7027261937738042,0.7082876816901162,1,131,"[1.0966888448473637E-4]","[14.10816693564023]","[-1.3315112788300347]","[0.6185778599334812]","[0.9661933523071626]","[normal]","[14.113346703718463]","[1101.6990910051109]","[0.9308668293822563]","[2.740843255906985]","[-7486380793811626341]","[8008.917649693915]","[0.7027261937738042]","[0.024943497696539956]","[0.7026340227420129]","[0.10024222903691053]","[0.009999150182443833]","[1.421297717298947]","[2.965119766915513]","[0.3462026720098337]","[0.49874432976508914]","[CN]","[479.260101476493]","[0.3914913732692472]","[0.7082876816901162]","[5.955156055128882E-7]","[0.00686694354887202]","[5331.092241916576]","[1.339380556681001]","[14.097157032580277]","[0.0038578121528394837]","[0.2573659143916338]","[-1713100.1880165292]","[9811.581048859105]"
336,336,0.0041842576534244546,9807.24136336781,6176.30925619711,0.49458137156471677,0.620121742320782,0.2589723813379067,1.1507855983041304,log-normal,0.006879217013179246,0.021123891909297435,2.764885019668825,0.350783814430635,773.9171868263625,1.4290135112463929,2.9785206053034363,0.00999872922541101,0.1002072649863121,7496.998212568863,8.77345307079644E-8,1.369896380619613,0.356349474101747,14.097157032580277,14.108303944160106,14.113900223040394,0.7026340227420129,0.70238145448769,0.7086361991351431,1,147,"[1.251833170944701E-4]","[14.108303944160106]","[-1.9459228393017005]","[0.620121742320782]","[0.9669922253021658]","[log-normal]","[14.113900223040394]","[1101.806840902829]","[1.1507855983041304]","[2.764885019668825]","[-9059113241696891142]","[7496.998212568863]","[0.70238145448769]","[0.021123891909297435]","[0.7026340227420129]","[0.1002072649863121]","[0.00999872922541101]","[1.4290135112463929]","[2.9785206053034363]","[0.350783814430635]","[0.49458137156471677]","[CN]","[773.9171868263625]","[0.356349474101747]","[0.7086361991351431]","[8.77345307079644E-8]","[0.006879217013179246]","[6176.30925619711]","[1.369896380619613]","[14.097157032580277]","[0.0041842576534244546]","[0.2589723813379067]","[-1696631.5599173554]","[9807.24136336781]"
336,336,0.005889188873426458,9806.17100182248,4574.20968645122,0.48116599380602426,0.22689290871793544,0.787244359665992,0.882364911959983,log-normal,0.007375818159049957,0.030831458269816574,2.758347254490726,0.41418626548202664,3951.2422173253126,1.4648206563418458,2.9220080338793006,0.0099989355470926,0.100000028598264,6812.002017259266,1.5831565363040794E-6,1.17551961756878,0.356349474101747,14.097157032580277,14.101100548658717,14.112114164227902,0.7026340227420129,0.6852849785081071,0.6975640714437114,1,302,"[1.4492769894285557E-4]","[14.101100548658717]","[-1.3958339141731708]","[0.22689290871793544]","[0.9674944508174289]","[log-normal]","[14.112114164227902]","[1103.468512937723]","[0.882364911959983]","[2.758347254490726]","[6451273507836993222]","[6812.002017259266]","[0.6852849785081071]","[0.030831458269816574]","[0.7026340227420129]","[0.100000028598264]","[0.0099989355470926]","[1.4648206563418458]","[2.9220080338793006]","[0.41418626548202664]","[0.48116599380602426]","[CN]","[3951.2422173253126]","[0.356349474101747]","[0.6975640714437114]","[1.5831565363040794E-6]","[0.007375818159049957]","[4574.20968645122]","[1.17551961756878]","[14.097157032580277]","[0.005889188873426458]","[0.787244359665992]","[-1633515.9235537194]","[9806.17100182248]"
336,336,0.008036794807623744,9881.295847257752,7469.371261341215,0.4974412741360217,0.5588620624807767,0.18027732505319502,1.1301357865858632,log-normal,0.00796568584918346,0.02411553313624605,2.789526722929941,0.39773138477592795,523.9285672726783,1.40902786212214,2.6638405070430196,0.009998864370481725,0.10024488110004084,7651.38980410492,4.52314302823079E-6,1.3721208978930872,0.5119664070647278,14.097157032580277,14.10970854803907,14.120782168768539,0.7026340227420129,0.7032521697167596,0.7151923682660342,1,70,"[1.0930120682536806E-4]","[14.10970854803907]","[-2.3019694550718786]","[0.5588620624807767]","[0.9616021390807276]","[log-normal]","[14.120782168768539]","[1100.3398102633553]","[1.1301357865858632]","[2.789526722929941]","[5712395959590651766]","[7651.38980410492]","[0.7032521697167596]","[0.02411553313624605]","[0.7026340227420129]","[0.10024488110004084]","[0.009998864370481725]","[1.40902786212214]","[2.6638405070430196]","[0.39773138477592795]","[0.4974412741360217]","[CN]","[523.9285672726783]","[0.5119664070647278]","[0.7151923682660342]","[4.52314302823079E-6]","[0.00796568584918346]","[7469.371261341215]","[1.3721208978930872]","[14.097157032580277]","[0.008036794807623744]","[0.18027732505319502]","[-1590998.7665289252]","[9881.295847257752]"
336,336,0.006490999964876296,9873.431194041663,6730.207001129611,0.4996439658799,0.5451768648766387,0.19989660366654405,1.1436759570010526,log-normal,0.008190831445652254,0.03249160029477332,2.7878274744282736,0.39298094687374874,1018.6660562973163,1.4304588374546896,2.8266189614654555,0.009998885063810851,0.10016855830257891,7665.431749795983,4.880893444052526E-6,1.366296603966443,0.533378594376973,14.097157032580277,14.106174392939241,14.116619176322553,0.7026340227420129,0.6971205811188881,0.7091198435822088,1,46,"[1.2182743131009335E-4]","[14.106174392939241]","[-1.7000363213199328]","[0.5451768648766387]","[0.9643870812051176]","[log-normal]","[14.116619176322553]","[1101.3606900971272]","[1.1436759570010526]","[2.7878274744282736]","[8986041361971221009]","[7665.431749795983]","[0.6971205811188881]","[0.03249160029477332]","[0.7026340227420129]","[0.10016855830257891]","[0.009998885063810851]","[1.4304588374546896]","[2.8266189614654555]","[0.39298094687374874]","[0.4996439658799]","[CN]","[1018.6660562973163]","[0.533378594376973]","[0.7091198435822088]","[4.880893444052526E-6]","[0.008190831445652254]","[6730.207001129611]","[1.366296603966443]","[14.097157032580277]","[0.006490999964876296]","[0.19989660366654405]","[-1657482.6012396696]","[9873.431194041663]"
336,336,0.005492887018813169,9883.00800757648,5454.613492002905,0.4916131173401789,0.17386958409467249,0.7425192694511447,0.882364911959983,log-normal,0.007673441755581831,0.033495883189414,2.76275312119554,0.4061533090131141,3378.102531705359,1.4164777515584588,2.9150254166614613,0.009998504836827845,0.10009121847156788,6199.260360450812,2.1466317866040457E-6,1.1789553608854864,0.35746922074267196,14.097157032580277,14.10691786357166,14.115259011004067,0.7026340227420129,0.698748758734793,0.7080752537183819,1,121,"[1.384197744727842E-4]","[14.10691786357166]","[-1.3784778719344393]","[0.17386958409467249]","[0.9667750710722198]","[log-normal]","[14.115259011004067]","[1101.591645344372]","[0.882364911959983]","[2.76275312119554]","[8119671606617836072]","[6199.260360450812]","[0.698748758734793]","[0.033495883189414]","[0.7026340227420129]","[0.10009121847156788]","[0.009998504836827845]","[1.4164777515584588]","[2.9150254166614613]","[0.4061533090131141]","[0.4916131173401789]","[CN]","[3378.102531705359]","[0.35746922074267196]","[0.7080752537183819]","[2.1466317866040457E-6]","[0.007673441755581831]","[5454.613492002905]","[1.1789553608854864]","[14.097157032580277]","[0.005492887018813169]","[0.7425192694511447]","[-1656060.8491735542]","[9883.00800757648]"
336,336,0.004264318628794231,9807.43483902671,5537.240229770985,0.49827539183375946,0.620121742320782,0.2323431435588159,0.8985249395958714,normal,0.00686694354887202,0.023450523077768327,2.7780081588997723,0.3478707964926773,489.3705241599846,1.4098846969308252,3.0,0.009998614283555841,0.1001757037892957,7806.240426263159,1.2177660572638919E-6,1.4006954936226776,0.36745175120292184,14.097157032580277,14.109063001369796,14.114415266629155,0.7026340227420129,0.7038224930817732,0.7097394337566896,1,226,"[1.1127764252373501E-4]","[14.109063001369796]","[-1.228602980064308]","[0.620121742320782]","[0.9670071129106177]","[normal]","[14.114415266629155]","[1101.6156813668506]","[0.8985249395958714]","[2.7780081588997723]","[-1099765715855636360]","[7806.240426263159]","[0.7038224930817732]","[0.023450523077768327]","[0.7026340227420129]","[0.1001757037892957]","[0.009998614283555841]","[1.4098846969308252]","[3.0]","[0.3478707964926773]","[0.49827539183375946]","[CN]","[489.3705241599846]","[0.36745175120292184]","[0.7097394337566896]","[1.2177660572638919E-6]","[0.00686694354887202]","[5537.240229770985]","[1.4006954936226776]","[14.097157032580277]","[0.004264318628794231]","[0.2323431435588159]","[-1708022.5020661156]","[9807.43483902671]"
336,336,0.0048962051911978,9789.04307830831,5731.73535333959,0.47859078630718493,0.165274074542477,0.1257134676874577,0.882364911959983,normal,0.007760765213679136,0.029528178203785248,2.8202019862284016,0.38593089169150463,2284.303555808785,1.493303101674,2.7213470447483368,0.00999874900791339,0.1001220809112698,8171.670447027196,5.108553508989686E-6,1.240107731305062,0.49683229381671196,14.097157032580277,14.092379693027762,14.108527563099527,0.7026340227420129,0.6712312288242248,0.6939226214414091,1,148,"[1.354755241101956E-4]","[14.092379693027762]","[-1.5496935600366277]","[0.165274074542477]","[0.9617559527512821]","[normal]","[14.108527563099527]","[1102.2287306966205]","[0.882364911959983]","[2.8202019862284016]","[-6873475041854022265]","[8171.670447027196]","[0.6712312288242248]","[0.029528178203785248]","[0.7026340227420129]","[0.1001220809112698]","[0.00999874900791339]","[1.493303101674]","[2.7213470447483368]","[0.38593089169150463]","[0.47859078630718493]","[CN]","[2284.303555808785]","[0.49683229381671196]","[0.6939226214414091]","[5.108553508989686E-6]","[0.007760765213679136]","[5731.73535333959]","[1.240107731305062]","[14.097157032580277]","[0.0048962051911978]","[0.1257134676874577]","[-1644145.2128099173]","[9789.04307830831]"
336,336,0.006211951174605232,9881.078533378213,7103.51285884061,0.49838838110065525,0.522719468773377,0.3968823296538404,1.1093634972979762,normal,0.007734926579586068,0.035088194508527445,2.7925433631552896,0.3831800018580491,1403.1142429530646,1.4362972296024774,2.8378185841154466,0.009998733955459044,0.10023241835762642,7845.560885486075,4.108132105628722E-6,1.3619818718826693,0.5115980588374847,14.097157032580277,14.105858545995673,14.1156806928129,0.7026340227420129,0.6967416788741324,0.7073369569676394,1,36,"[1.279948373628628E-4]","[14.105858545995673]","[-1.2233913902618199]","[0.522719468773377]","[0.963901087097551]","[normal]","[14.1156806928129]","[1101.816378721152]","[1.1093634972979762]","[2.7925433631552896]","[-3148050808673334414]","[7845.560885486075]","[0.6967416788741324]","[0.035088194508527445]","[0.7026340227420129]","[0.10023241835762642]","[0.009998733955459044]","[1.4362972296024774]","[2.8378185841154466]","[0.3831800018580491]","[0.49838838110065525]","[CN]","[1403.1142429530646]","[0.5115980588374847]","[0.7073369569676394]","[4.108132105628722E-6]","[0.007734926579586068]","[7103.51285884061]","[1.3619818718826693]","[14.097157032580277]","[0.006211951174605232]","[0.3968823296538404]","[-1674086.6342975204]","[9881.078533378213]"
336,336,0.007466594162423347,9834.542172743662,5919.577084658313,0.4872746991861265,0.3644031713229595,0.1460829784758986,1.115586765927491,log-normal,0.008482887903627804,0.00668997014545096,2.7808467080570103,0.4438447608930903,2764.887955356383,1.4639769412185257,2.886547925906668,0.009998327454588276,0.10020783440469294,5932.76426374629,4.928579647831121E-6,1.1771471355870669,0.49482057544335145,14.097157032580277,14.103998240937257,14.117247981960261,0.7026340227420129,0.6835789916711251,0.7046693493087087,1,287,"[1.4843231905708402E-4]","[14.103998240937257]","[-1.3768324448469016]","[0.3644031713229595]","[0.974808496043079]","[log-normal]","[14.117247981960261]","[1104.4113561793415]","[1.115586765927491]","[2.7808467080570103]","[-1645119300208780267]","[5932.76426374629]","[0.6835789916711251]","[0.00668997014545096]","[0.7026340227420129]","[0.10020783440469294]","[0.009998327454588276]","[1.4639769412185257]","[2.886547925906668]","[0.4438447608930903]","[0.4872746991861265]","[CN]","[2764.887955356383]","[0.49482057544335145]","[0.7046693493087087]","[4.928579647831121E-6]","[0.008482887903627804]","[5919.577084658313]","[1.1771471355870669]","[14.097157032580277]","[0.007466594162423347]","[0.1460829784758986]","[-1188304.4194214873]","[9834.542172743662]"
336,336,0.005268190446826804,9809.026466418292,4623.526932463027,0.4846380248834493,0.30381288789035055,0.3490520631283871,1.3648285197263452,log-normal,0.008550638105447896,0.02329334741512798,2.772974713623741,0.4023877923498717,2756.658929382218,1.454935570377445,3.0,0.009998379334263466,0.1000038559375545,7347.8584409192135,3.499222252521237E-7,1.267894646024372,0.45022030284268466,14.097157032580277,14.102629367056274,14.112110518684169,0.7026340227420129,0.6871726340055916,0.6991933503386119,1,306,"[1.406085692929784E-4]","[14.102629367056274]","[-1.8271725238710623]","[0.30381288789035055]","[0.9691781324792925]","[log-normal]","[14.112110518684169]","[1104.1068704357558]","[1.3648285197263452]","[2.772974713623741]","[4502462119567493177]","[7347.8584409192135]","[0.6871726340055916]","[0.02329334741512798]","[0.7026340227420129]","[0.1000038559375545]","[0.009998379334263466]","[1.454935570377445]","[3.0]","[0.4023877923498717]","[0.4846380248834493]","[CN]","[2756.658929382218]","[0.45022030284268466]","[0.6991933503386119]","[3.499222252521237E-7]","[0.008550638105447896]","[4623.526932463027]","[1.267894646024372]","[14.097157032580277]","[0.005268190446826804]","[0.3490520631283871]","[-1620043.1301652892]","[9809.026466418292]"
336,336,0.005704663108544484,9887.007977713503,5653.30690706121,0.4943963199744862,0.165274074542477,0.7977721904300366,0.9498060919633224,normal,0.00735807681384317,0.031400453924961866,2.7661630045762777,0.41973634113222713,4215.408232934116,1.409935184804379,2.933092532972961,0.009998216524403835,0.10006643953612727,6302.944466835122,1.0302513695824417E-6,1.17551961756878,0.37717512843178264,14.097157032580277,14.107432091844895,14.11574231165419,0.7026340227420129,0.6988447955246726,0.7084190819757795,1,174,"[1.4112459554173066E-4]","[14.107432091844895]","[-1.520865623259726]","[0.165274074542477]","[0.9678845199031605]","[normal]","[14.11574231165419]","[1101.8816743471511]","[0.9498060919633224]","[2.7661630045762777]","[8679206465182604760]","[6302.944466835122]","[0.6988447955246726]","[0.031400453924961866]","[0.7026340227420129]","[0.10006643953612727]","[0.009998216524403835]","[1.409935184804379]","[2.933092532972961]","[0.41973634113222713]","[0.4943963199744862]","[CN]","[4215.408232934116]","[0.37717512843178264]","[0.7084190819757795]","[1.0302513695824417E-6]","[0.00735807681384317]","[5653.30690706121]","[1.17551961756878]","[14.097157032580277]","[0.005704663108544484]","[0.7977721904300366]","[-1623597.510330578]","[9887.007977713503]"
336,336,0.004640487582107137,9814.430885086895,5088.296794455352,0.4816611203189995,0.3298046651315629,0.109098587408994,1.0057329220657676,normal,0.008075477057269685,0.03386221022161635,2.83151106308429,0.3809924913460607,2729.0836997521556,1.4455811941079653,2.63618480014502,0.0099981729369515,0.100000028598264,6686.281457766617,8.77345307079644E-8,1.3102845457239323,0.42728801646710035,14.097157032580277,14.100579494278701,14.112410924959342,0.7026340227420129,0.6899848051208197,0.7053768965373941,1,77,"[1.3914678236914602E-4]","[14.100579494278701]","[-1.5026912238895094]","[0.3298046651315629]","[0.9585058831806446]","[normal]","[14.112410924959342]","[1100.9104350614339]","[1.0057329220657676]","[2.83151106308429]","[6027494481389912437]","[6686.281457766617]","[0.6899848051208197]","[0.03386221022161635]","[0.7026340227420129]","[0.100000028598264]","[0.0099981729369515]","[1.4455811941079653]","[2.63618480014502]","[0.3809924913460607]","[0.4816611203189995]","[CN]","[2729.0836997521556]","[0.42728801646710035]","[0.7053768965373941]","[8.77345307079644E-8]","[0.008075477057269685]","[5088.296794455352]","[1.3102845457239323]","[14.097157032580277]","[0.004640487582107137]","[0.109098587408994]","[-1648901.3119834713]","[9814.430885086895]"
336,336,0.005046842530989351,9823.767965110323,4907.170694274622,0.463857311880957,0.3775335256134095,0.26076006272191565,1.1121869958194077,normal,0.00797048741827546,0.01986260919956113,2.797559872205395,0.38913026741645085,3191.811649915322,1.4320054436184484,2.9454179433804404,0.009998382801782002,0.10006670638572125,7374.451697148326,8.77345307079644E-8,1.260261684638265,0.41538121857125443,14.097157032580277,14.10751935450124,14.114380224805448,0.7026340227420129,0.7001240971595868,0.7066793531852216,2,126,"[1.4281749841349401E-4,1.410455975396796E-4]","[14.10751935450124,14.10751935450124]","[-1.3444987971278601,-1.602436526881513]","[0.3775335256134095,0.3775335256134095]","[0.9682460360139293,0.9682460360139293]","[normal,normal]","[14.114380222741476,14.11438022686942]","[1101.9094683394908,1101.9069727577948]","[1.1121869958194077,1.1121869958194077]","[2.797559872205395,2.797559872205395]","[-4322171680910696946,8635130961234562470]","[7374.451697148326,7374.451697148326]","[0.7001240971595868,0.7001240971595868]","[0.01986260919956113,0.01986260919956113]","[0.7026340227420129,0.7026340227420129]","[0.10006670638572125,0.10006670638572125]","[0.009998382801782002,0.009998382801782002]","[1.4320054436184484,1.4320054436184484]","[2.9454179433804404,2.9454179433804404]","[0.38913026741645085,0.38913026741645085]","[0.463857311880957,0.463857311880957]","[CN,CN]","[3191.811649915322,3191.811649915322]","[0.41538121857125443,0.41538121857125443]","[0.7066791367554336,0.7066795696150097]","[8.77345307079644E-8,8.77345307079644E-8]","[0.00797048741827546,0.00797048741827546]","[4907.170694274622,4907.170694274622]","[1.260261684638265,1.260261684638265]","[14.097157032580277,14.097157032580277]","[0.005046842530989351,0.005046842530989351]","[0.26076006272191565,0.26076006272191565]","[-1633922.1384297519,-1633922.1384297519]","[9823.767965110323,9823.767965110323]"
336,336,0.006332907876677604,9915.753534111975,7504.70308523071,0.4889745900814807,0.42429350740320443,0.7720360511710098,1.1173503508875082,log-normal,0.007875344203651834,0.037322167996818964,2.787588136709129,0.4396189014078734,4119.264878495499,1.493303101674,2.815595560817914,0.009999645649834216,0.10036774450327973,7306.72189728963,8.77345307079644E-8,1.3659723032739934,0.4256401884800019,14.097157032580277,14.082255258674,14.101195759399216,0.7026340227420129,0.6450397242602501,0.6654933027705087,1,246,"[1.4712102726325513E-4]","[14.082255258674]","[-2.929405184893124]","[0.42429350740320443]","[0.965884225274454]","[log-normal]","[14.101195759399216]","[1108.927438910852]","[1.1173503508875082]","[2.787588136709129]","[3343080938571635673]","[7306.72189728963]","[0.6450397242602501]","[0.037322167996818964]","[0.7026340227420129]","[0.10036774450327973]","[0.009999645649834216]","[1.493303101674]","[2.815595560817914]","[0.4396189014078734]","[0.4889745900814807]","[CN]","[4119.264878495499]","[0.4256401884800019]","[0.6654933027705087]","[8.77345307079644E-8]","[0.007875344203651834]","[7504.70308523071]","[1.3659723032739934]","[14.097157032580277]","[0.006332907876677604]","[0.7720360511710098]","[-1591980.4524793392]","[9915.753534111975]"
336,336,0.005542241405821366,9836.383492074714,4921.003825788516,0.48996577346404774,0.22050891877726803,0.877310320847101,0.882364911959983,normal,0.007085177999238236,0.0302775853405813,2.75955035805255,0.40441984527674024,3062.758848019893,1.4237112750014607,2.889548027170498,0.00999868442189028,0.10005368427954825,6905.239653496124,1.7263000485644347E-6,1.17551961756878,0.393458646849986,14.097157032580277,14.106871294399136,14.115367088955301,0.7026340227420129,0.6983390375887883,0.7081513705376647,1,51,"[1.4035288235641032E-4]","[14.106871294399136]","[-1.2811480703826519]","[0.22050891877726803]","[0.9664837640415623]","[normal]","[14.115367088955301]","[1101.7019523120578]","[0.882364911959983]","[2.75955035805255]","[-6249124264826761085]","[6905.239653496124]","[0.6983390375887883]","[0.0302775853405813]","[0.7026340227420129]","[0.10005368427954825]","[0.00999868442189028]","[1.4237112750014607]","[2.889548027170498]","[0.40441984527674024]","[0.48996577346404774]","[CN]","[3062.758848019893]","[0.393458646849986]","[0.7081513705376647]","[1.7263000485644347E-6]","[0.007085177999238236]","[4921.003825788516]","[1.17551961756878]","[14.097157032580277]","[0.005542241405821366]","[0.877310320847101]","[-1641809.4772727273]","[9836.383492074714]"
336,336,0.007839170145609605,9874.632262706657,7504.70308523071,0.49692445719327066,0.5830765558370974,0.18210694204622774,1.1822693718077466,log-normal,0.007886640327774159,0.015234492363493512,2.7883946451255466,0.39751564629734015,479.260101476493,1.4112477416815032,2.7029361808366175,0.00999880271670818,0.10022251832862548,7638.498815454661,4.711731181915235E-6,1.40185591671431,0.5319513835953977,14.097157032580277,14.110459703908967,14.120753944792138,0.7026340227420129,0.703260575701544,0.7153427525541608,1,113,"[1.1481541056324734E-4]","[14.110459703908967]","[-3.5078230648517157]","[0.5830765558370974]","[0.9644303202143445]","[log-normal]","[14.120753944792138]","[1100.8394864711545]","[1.1822693718077466]","[2.7883946451255466]","[-4039473476893502396]","[7638.498815454661]","[0.703260575701544]","[0.015234492363493512]","[0.7026340227420129]","[0.10022251832862548]","[0.00999880271670818]","[1.4112477416815032]","[2.7029361808366175]","[0.39751564629734015]","[0.49692445719327066]","[CN]","[479.260101476493]","[0.5319513835953977]","[0.7153427525541608]","[4.711731181915235E-6]","[0.007886640327774159]","[7504.70308523071]","[1.40185591671431]","[14.097157032580277]","[0.007839170145609605]","[0.18210694204622774]","[-1518489.411157025]","[9874.632262706657]"
336,336,0.004831665832750295,9812.578545785786,6048.512142137997,0.4875318227840772,0.4642517649045226,0.2947376952951142,0.882364911959983,log-normal,0.00870714673148661,0.032468023231547676,2.793271422441444,0.381617782509708,5139.97796489452,1.4653851324064324,3.0,0.009999423402269026,0.100000028598264,6965.672140182096,8.871133883636505E-7,1.1808818761306792,0.356349474101747,14.097157032580277,14.101126528046738,14.110669079606106,0.7026340227420129,0.6862834325353382,0.6975497764370826,1,151,"[1.564127446203623E-4]","[14.101126528046738]","[-1.2269912637431066]","[0.4642517649045226]","[0.9674209471211558]","[log-normal]","[14.110669079606106]","[1103.7381858106414]","[0.882364911959983]","[2.793271422441444]","[8118263706854068144]","[6965.672140182096]","[0.6862834325353382]","[0.032468023231547676]","[0.7026340227420129]","[0.100000028598264]","[0.009999423402269026]","[1.4653851324064324]","[3.0]","[0.381617782509708]","[0.4875318227840772]","[CN]","[5139.97796489452]","[0.356349474101747]","[0.6975497764370826]","[8.871133883636505E-7]","[0.00870714673148661]","[6048.512142137997]","[1.1808818761306792]","[14.097157032580277]","[0.004831665832750295]","[0.2947376952951142]","[-1692400.1549586777]","[9812.578545785786]"
336,336,0.00875985830462999,9876.766076822554,7125.8114227262695,0.4996439658799,0.5770462418991462,0.4431364756171331,1.1093730655278802,normal,0.00686694354887202,0.034950349777251366,2.793598288661815,0.3815439932640953,1937.3935304795607,1.4345360494869779,2.801500303770209,0.00999862573952199,0.10020237985234831,7845.865656637676,3.6460827725542013E-6,1.3458844398583651,0.518613609029285,14.097157032580277,14.10982947454835,14.121217337446783,0.7026340227420129,0.7033837777983057,0.7144053847751775,1,101,"[1.3320318902174523E-4]","[14.10982947454835]","[-1.6114955339461132]","[0.5770462418991462]","[0.9630276468602007]","[normal]","[14.121217337446783]","[1100.4306990055493]","[1.1093730655278802]","[2.793598288661815]","[7956953281388645940]","[7845.865656637676]","[0.7033837777983057]","[0.034950349777251366]","[0.7026340227420129]","[0.10020237985234831]","[0.00999862573952199]","[1.4345360494869779]","[2.801500303770209]","[0.3815439932640953]","[0.4996439658799]","[CN]","[1937.3935304795607]","[0.518613609029285]","[0.7144053847751775]","[3.6460827725542013E-6]","[0.00686694354887202]","[7125.8114227262695]","[1.3458844398583651]","[14.097157032580277]","[0.00875985830462999]","[0.4431364756171331]","[-1677319.4276859497]","[9876.766076822554]"
336,336,0.005165697027968516,9935.66169366317,4574.20968645122,0.4844496620129046,0.18159719223764575,0.6716370981120965,0.882364911959983,normal,0.007710512926530019,0.02679563252134903,2.7557639624501324,0.39941808537091267,4239.0541533252,1.4256205122433294,2.6841879071160957,0.009998477376875002,0.10033983119683353,6177.788873614785,8.77345307079644E-8,1.17551961756878,0.3570846670637057,14.097157032580277,14.105062443828913,14.114073339162891,0.7026340227420129,0.696589969078162,0.7059573100437435,1,144,"[1.4135419024313662E-4]","[14.105062443828913]","[-1.42265531541178]","[0.18159719223764575]","[0.9617576350335764]","[normal]","[14.114073339162891]","[1101.9702671838984]","[0.882364911959983]","[2.7557639624501324]","[2275158132153064538]","[6177.788873614785]","[0.696589969078162]","[0.02679563252134903]","[0.7026340227420129]","[0.10033983119683353]","[0.009998477376875002]","[1.4256205122433294]","[2.6841879071160957]","[0.39941808537091267]","[0.4844496620129046]","[CN]","[4239.0541533252]","[0.3570846670637057]","[0.7059573100437435]","[8.77345307079644E-8]","[0.007710512926530019]","[4574.20968645122]","[1.17551961756878]","[14.097157032580277]","[0.005165697027968516]","[0.6716370981120965]","[-1598682.9979338842]","[9935.66169366317]"
336,336,0.0060623067509384745,9819.967897343864,7277.5464232583145,0.4840424500788171,0.3211784102019319,0.109098587408994,1.137412180231881,normal,0.008242351189438026,0.014565629429734555,2.7895410136930776,0.4471162601161528,5139.97796489452,1.4650520828769094,2.993752395756745,0.00999847424122202,0.10034801379696334,6067.479875164233,4.393072750524312E-6,1.340447497316124,0.46442141929237696,14.097157032580277,14.099013177227246,14.111066701868799,0.7026340227420129,0.673910084185864,0.6922583687825521,1,326,"[1.5088455174096268E-4]","[14.099013177227246]","[-1.6515987436350612]","[0.3211784102019319]","[0.973279625339289]","[normal]","[14.111066701868799]","[1106.1078823530206]","[1.137412180231881]","[2.7895410136930776]","[365886252470768782]","[6067.479875164233]","[0.673910084185864]","[0.014565629429734555]","[0.7026340227420129]","[0.10034801379696334]","[0.00999847424122202]","[1.4650520828769094]","[2.993752395756745]","[0.4471162601161528]","[0.4840424500788171]","[CN]","[5139.97796489452]","[0.46442141929237696]","[0.6922583687825521]","[4.393072750524312E-6]","[0.008242351189438026]","[7277.5464232583145]","[1.340447497316124]","[14.097157032580277]","[0.0060623067509384745]","[0.109098587408994]","[-1413889.0805785127]","[9819.967897343864]"
336,336,0.005472861510506554,9832.600604537989,4634.782486150373,0.49210825418626863,0.21637679942241608,0.857337315417036,0.882364911959983,normal,0.007221957880280246,0.03317867413048556,2.7585527238645273,0.3965667620900778,3069.3744858275404,1.4254741239312745,2.881090963424036,0.009998619685705621,0.10005618135249583,6842.591308637828,1.939701931436675E-6,1.17551961756878,0.39305148694337916,14.097157032580277,14.106705252464065,14.115048644588931,0.7026340227420129,0.6986355207057211,0.7076720905405792,1,50,"[1.373040444233322E-4]","[14.106705252464065]","[-1.4382449396290897]","[0.21637679942241608]","[0.9656791738468893]","[normal]","[14.115048644588931]","[1101.6186981755704]","[0.882364911959983]","[2.7585527238645273]","[-8719541298654837087]","[6842.591308637828]","[0.6986355207057211]","[0.03317867413048556]","[0.7026340227420129]","[0.10005618135249583]","[0.009998619685705621]","[1.4254741239312745]","[2.881090963424036]","[0.3965667620900778]","[0.49210825418626863]","[CN]","[3069.3744858275404]","[0.39305148694337916]","[0.7076720905405792]","[1.939701931436675E-6]","[0.007221957880280246]","[4634.782486150373]","[1.17551961756878]","[14.097157032580277]","[0.005472861510506554]","[0.857337315417036]","[-1662365.6425619835]","[9832.600604537989]"
336,336,0.005037956005348734,9789.28988981462,5188.64702703269,0.4759838040908071,0.165274074542477,0.109098587408994,0.882364911959983,log-normal,0.0076970835448527345,0.031214810221440372,2.83151106308429,0.38484797912496027,2207.261492943813,1.4722106163904303,2.752014100196744,0.00999870248039166,0.10017046683409282,8192.604399968215,5.45414450945867E-6,1.2147082067913157,0.49686459294349794,14.097157032580277,14.100168146336275,14.111353291442976,0.7026340227420129,0.6893439321721979,0.7004602723588307,1,204,"[1.382077541955038E-4]","[14.100168146336275]","[-1.5676726693716563]","[0.165274074542477]","[0.9624057933257542]","[log-normal]","[14.111353291442976]","[1100.4626556328071]","[0.882364911959983]","[2.83151106308429]","[9147477466024578729]","[8192.604399968215]","[0.6893439321721979]","[0.031214810221440372]","[0.7026340227420129]","[0.10017046683409282]","[0.00999870248039166]","[1.4722106163904303]","[2.752014100196744]","[0.38484797912496027]","[0.4759838040908071]","[CN]","[2207.261492943813]","[0.49686459294349794]","[0.7004602723588307]","[5.45414450945867E-6]","[0.0076970835448527345]","[5188.64702703269]","[1.2147082067913157]","[14.097157032580277]","[0.005037956005348734]","[0.109098587408994]","[-1666250.0723140496]","[9789.28988981462]"
336,336,0.0048596417214479635,9789.04307830831,4574.20968645122,0.4797677345029039,0.165274074542477,0.11837950330440018,0.882364911959983,normal,0.0076196618649890385,0.028213286997369073,2.827917793539888,0.3855508586298825,3189.4052510140773,1.4710387582273776,2.7755598743775685,0.009998806943260042,0.10015361102138251,8381.750924777527,5.45414450945867E-6,1.17551961756878,0.49732646079091647,14.097157032580277,14.10183119037619,14.111468728504994,0.7026340227420129,0.6933373768123936,0.7010081783864301,1,318,"[1.4277900549534392E-4]","[14.10183119037619]","[-1.3395788051366826]","[0.165274074542477]","[0.9635127192965721]","[normal]","[14.111468728504994]","[1100.2425727339628]","[0.882364911959983]","[2.827917793539888]","[-7052097279563293812]","[8381.750924777527]","[0.6933373768123936]","[0.028213286997369073]","[0.7026340227420129]","[0.10015361102138251]","[0.009998806943260042]","[1.4710387582273776]","[2.7755598743775685]","[0.3855508586298825]","[0.4797677345029039]","[CN]","[3189.4052510140773]","[0.49732646079091647]","[0.7010081783864301]","[5.45414450945867E-6]","[0.0076196618649890385]","[4574.20968645122]","[1.17551961756878]","[14.097157032580277]","[0.0048596417214479635]","[0.11837950330440018]","[-1665065.2789256193]","[9789.04307830831]"
336,336,0.005117846684198577,9816.192890831362,6247.445244349429,0.4804691881648988,0.3664493881077873,0.2969126285600294,0.882364911959983,log-normal,0.00870714673148661,0.02411142463753583,2.83151106308429,0.38928236819590184,3222.163368441369,1.451404224809362,3.0,0.0099984451589848,0.10004987704305635,7236.749586530795,2.5066163125169154E-7,1.2574935760101658,0.39830846918531676,14.097157032580277,14.103830974358122,14.112577679402545,0.7026340227420129,0.6906740773433906,0.701247518223907,1,283,"[1.469381026985176E-4]","[14.103830974358122]","[-1.1883231111159935]","[0.3664493881077873]","[0.9685420034380158]","[log-normal]","[14.112577679402545]","[1103.9526004744705]","[0.882364911959983]","[2.83151106308429]","[-2361753111081449235]","[7236.749586530795]","[0.6906740773433906]","[0.02411142463753583]","[0.7026340227420129]","[0.10004987704305635]","[0.0099984451589848]","[1.451404224809362]","[3.0]","[0.38928236819590184]","[0.4804691881648988]","[CN]","[3222.163368441369]","[0.39830846918531676]","[0.701247518223907]","[2.5066163125169154E-7]","[0.00870714673148661]","[6247.445244349429]","[1.2574935760101658]","[14.097157032580277]","[0.005117846684198577]","[0.2969126285600294]","[-1647462.6342975206]","[9816.192890831362]"
336,336,0.005044958364155134,9789.04307830831,5186.515314763863,0.47657780001103467,0.165274074542477,0.11866434118897241,0.882364911959983,log-normal,0.007683922537432273,0.03116031238749996,2.83151106308429,0.3841441833800519,2206.333341937421,1.4715964989502266,2.7516157379130277,0.00999872828422109,0.10015368701848719,8138.303580680382,5.45414450945867E-6,1.214497380120156,0.4965854476519487,14.097157032580277,14.100383090606956,14.111421789476601,0.7026340227420129,0.689741335638257,0.7006348151679955,1,35,"[1.380509572850592E-4]","[14.100383090606956]","[-1.5242190870576917]","[0.165274074542477]","[0.9623743136541902]","[log-normal]","[14.111421789476601]","[1100.4534520947072]","[0.882364911959983]","[2.83151106308429]","[-6420995803096938376]","[8138.303580680382]","[0.689741335638257]","[0.03116031238749996]","[0.7026340227420129]","[0.10015368701848719]","[0.00999872828422109]","[1.4715964989502266]","[2.7516157379130277]","[0.3841441833800519]","[0.47657780001103467]","[CN]","[2206.333341937421]","[0.4965854476519487]","[0.7006348151679955]","[5.45414450945867E-6]","[0.007683922537432273]","[5186.515314763863]","[1.214497380120156]","[14.097157032580277]","[0.005044958364155134]","[0.11866434118897241]","[-1666588.5847107437]","[9789.04307830831]"
336,336,0.0070544079328763816,9828.531561021508,4652.896099585877,0.48199153945220763,0.165274074542477,0.24567843583228224,0.882364911959983,log-normal,0.008472430462201995,0.01235219866448241,2.7471392371194105,0.43117243039484593,3338.6220396533718,1.40902786212214,2.9547572463786826,0.00999999578417238,0.10007036318267874,8472.26953595111,8.77345307079644E-8,1.3270625773541989,0.533378594376973,14.097157032580277,14.109627584161556,14.118721477766552,0.7026340227420129,0.7002231427704572,0.7117083131577708,1,140,"[1.4388609596243003E-4]","[14.109627584161556]","[-1.6026621817475943]","[0.165274074542477]","[0.9724070521348065]","[log-normal]","[14.118721477766552]","[1101.7956565050758]","[0.882364911959983]","[2.7471392371194105]","[272756793050373078]","[8472.26953595111]","[0.7002231427704572]","[0.01235219866448241]","[0.7026340227420129]","[0.10007036318267874]","[0.00999999578417238]","[1.40902786212214]","[2.9547572463786826]","[0.43117243039484593]","[0.48199153945220763]","[CN]","[3338.6220396533718]","[0.533378594376973]","[0.7117083131577708]","[8.77345307079644E-8]","[0.008472430462201995]","[4652.896099585877]","[1.3270625773541989]","[14.097157032580277]","[0.0070544079328763816]","[0.24567843583228224]","[-1423909.0475206608]","[9828.531561021508]"
336,336,0.0062454552756476475,9880.723755256318,7104.2520561113415,0.49843871121050337,0.49343637870884566,0.645983662670688,1.104260940203934,log-normal,0.007769725983599014,0.03428466753891758,2.79346396125925,0.38437459012441655,1197.9281997078485,1.4374617786384618,2.775916595751137,0.009998736979129862,0.10023198973373061,7873.440948895501,4.250892113175957E-6,1.3602667326558586,0.5117149774290913,14.097157032580277,14.105527947514519,14.115621962385312,0.7026340227420129,0.6969685432952675,0.7072044743683553,1,321,"[1.2878732767113998E-4]","[14.105527947514519]","[-1.3306077005727321]","[0.49343637870884566]","[0.9625029666428538]","[log-normal]","[14.115621962385312]","[1101.717951956904]","[1.104260940203934]","[2.79346396125925]","[4087527773535147993]","[7873.440948895501]","[0.6969685432952675]","[0.03428466753891758]","[0.7026340227420129]","[0.10023198973373061]","[0.009998736979129862]","[1.4374617786384618]","[2.775916595751137]","[0.38437459012441655]","[0.49843871121050337]","[CN]","[1197.9281997078485]","[0.5117149774290913]","[0.7072044743683553]","[4.250892113175957E-6]","[0.007769725983599014]","[7104.2520561113415]","[1.3602667326558586]","[14.097157032580277]","[0.0062454552756476475]","[0.645983662670688]","[-1665810.0061983475]","[9880.723755256318]"
336,336,0.0070330973351586095,9880.39792070624,7504.70308523071,0.49747082892497985,0.5525998255500177,0.17700342966579843,1.1362284613546876,normal,0.007926869102332024,0.03314362620576529,2.7928793803064513,0.3843094921177701,1491.2822000820681,1.4346853621397742,2.8425892298695725,0.009998858888157765,0.10027510705302844,7548.8850409649585,3.1825455854027355E-6,1.3474665387735383,0.49862684448547234,14.097157032580277,14.106883225807897,14.117496530312652,0.7026340227420129,0.6978474045488752,0.7096259330018463,1,79,"[1.4046583602435694E-4]","[14.106883225807897]","[-1.335672070751347]","[0.5525998255500177]","[0.9642163048071264]","[normal]","[14.117496530312652]","[1101.5087789742995]","[1.1362284613546876]","[2.7928793803064513]","[-6302376641522300353]","[7548.8850409649585]","[0.6978474045488752]","[0.03314362620576529]","[0.7026340227420129]","[0.10027510705302844]","[0.009998858888157765]","[1.4346853621397742]","[2.8425892298695725]","[0.3843094921177701]","[0.49747082892497985]","[CN]","[1491.2822000820681]","[0.49862684448547234]","[0.7096259330018463]","[3.1825455854027355E-6]","[0.007926869102332024]","[7504.70308523071]","[1.3474665387735383]","[14.097157032580277]","[0.0070330973351586095]","[0.17700342966579843]","[-1669330.5351239666]","[9880.39792070624]"
336,336,0.00875985830462999,9836.98096687282,6218.719725499691,0.4731688591279882,0.34271863169914984,0.20790060885868694,1.1524568914338964,normal,0.00870714673148661,0.010312156098370738,2.788471825374245,0.4338706962354514,4754.750129297553,1.493303101674,2.9539173063134787,0.00999926011850767,0.10028783463331553,6592.935303225712,5.45414450945867E-6,1.2864516834364077,0.5193804112383149,14.097157032580277,14.09515942893674,14.115146776065135,0.7026340227420129,0.6584553166608569,0.6950540462848224,1,253,"[1.5039756120580929E-4]","[14.09515942893674]","[-1.3185432633041936]","[0.34271863169914984]","[0.9731825075253252]","[normal]","[14.115146776065135]","[1106.8703975170256]","[1.1524568914338964]","[2.788471825374245]","[1681892972985190118]","[6592.935303225712]","[0.6584553166608569]","[0.010312156098370738]","[0.7026340227420129]","[0.10028783463331553]","[0.00999926011850767]","[1.493303101674]","[2.9539173063134787]","[0.4338706962354514]","[0.4731688591279882]","[CN]","[4754.750129297553]","[0.5193804112383149]","[0.6950540462848224]","[5.45414450945867E-6]","[0.00870714673148661]","[6218.719725499691]","[1.2864516834364077]","[14.097157032580277]","[0.00875985830462999]","[0.20790060885868694]","[-1374621.642561983]","[9836.98096687282]"
336,336,0.005536423523190744,9814.924106944854,4574.20968645122,0.49038271171368636,0.2204049944499603,0.7676440768206597,0.882364911959983,log-normal,0.00728951712889901,0.030710846534226385,2.7589800157943087,0.40538589489886795,4559.061315278805,1.4659812424643959,2.9677340693953025,0.009998953158648237,0.100000028598264,6718.837936627371,1.6083951272826601E-6,1.17551961756878,0.35672687012770044,14.097157032580277,14.101726367508258,14.112270144443016,0.7026340227420129,0.6865382856714806,0.6994429910941155,1,328,"[1.460297562028029E-4]","[14.101726367508258]","[-1.2444365767602323]","[0.2204049944499603]","[0.9680358644313216]","[log-normal]","[14.112270144443016]","[1103.127598835504]","[0.882364911959983]","[2.7589800157943087]","[3163398070689862749]","[6718.837936627371]","[0.6865382856714806]","[0.030710846534226385]","[0.7026340227420129]","[0.100000028598264]","[0.009998953158648237]","[1.4659812424643959]","[2.9677340693953025]","[0.40538589489886795]","[0.49038271171368636]","[CN]","[4559.061315278805]","[0.35672687012770044]","[0.6994429910941155]","[1.6083951272826601E-6]","[0.00728951712889901]","[4574.20968645122]","[1.17551961756878]","[14.097157032580277]","[0.005536423523190744]","[0.7676440768206597]","[-1653217.3450413225]","[9814.924106944854]"
336,336,0.007142948966316377,9878.278438695217,7504.603551777889,0.4996439658799,0.5552563935753521,0.1712901491013916,1.1679451904147506,log-normal,0.0079532913830633,0.0309910244124204,2.788622630157478,0.3900884767644346,479.260101476493,1.433132735272292,2.827339435916402,0.009998785138358094,0.1002256496388707,7590.822460179522,4.5508366883974175E-6,1.3726451488500295,0.5080549320702318,14.097157032580277,14.107282014632345,14.117747755338645,0.7026340227420129,0.6990151939724407,0.7098831142747881,2,54,"[1.1280805758194431E-4,1.1783284008431706E-4]","[14.107282014632345,14.107282014632345]","[-4.193207411547379,-1.3672510946223524]","[0.5552563935753521,0.5552563935753521]","[0.9644555028267112,0.9644555028267112]","[log-normal,log-normal]","[14.117747757790562,14.117747752886729]","[1101.1532294358135,1101.1550543145859]","[1.1679451904147506,1.1679451904147506]","[2.788622630157478,2.788622630157478]","[9062795243716807090,607359247936947636]","[7590.822460179522,7590.822460179522]","[0.6990151939724407,0.6990151939724407]","[0.0309910244124204,0.0309910244124204]","[0.7026340227420129,0.7026340227420129]","[0.1002256496388707,0.1002256496388707]","[0.009998785138358094,0.009998785138358094]","[1.433132735272292,1.433132735272292]","[2.827339435916402,2.827339435916402]","[0.3900884767644346,0.3900884767644346]","[0.4996439658799,0.4996439658799]","[CN,CN]","[479.260101476493,479.260101476493]","[0.5080549320702318,0.5080549320702318]","[0.7098841815462131,0.709882047003363]","[4.5508366883974175E-6,4.5508366883974175E-6]","[0.0079532913830633,0.0079532913830633]","[7504.603551777889,7504.603551777889]","[1.3726451488500295,1.3726451488500295]","[14.097157032580277,14.097157032580277]","[0.007142948966316377,0.007142948966316377]","[0.1712901491013916,0.1712901491013916]","[-1656974.8326446281,-1656974.8326446281]","[9878.278438695217,9878.278438695217]"
336,336,0.004137922859143002,9789.04307830831,5854.524632737473,0.4971794300486195,0.6171121298547626,0.109098587408994,0.882364911959983,log-normal,0.006949081149655934,0.021083177498162582,2.7767043062043384,0.3262219254112742,694.7956043266632,1.4581948691298283,2.9334733485134556,0.009998880278917476,0.10020031041588337,7655.237306536126,9.166081454717449E-7,1.386818601111021,0.3592715159049494,14.097157032580277,14.107118486864742,14.113058856847411,0.7026340227420129,0.7003353845303516,0.7066165117478325,1,75,"[1.1844678815654079E-4]","[14.107118486864742]","[-1.2852415357558347]","[0.6171121298547626]","[0.9650988352974935]","[log-normal]","[14.113058856847411]","[1102.2488024729732]","[0.882364911959983]","[2.7767043062043384]","[6709114957601934127]","[7655.237306536126]","[0.7003353845303516]","[0.021083177498162582]","[0.7026340227420129]","[0.10020031041588337]","[0.009998880278917476]","[1.4581948691298283]","[2.9334733485134556]","[0.3262219254112742]","[0.4971794300486195]","[CN]","[694.7956043266632]","[0.3592715159049494]","[0.7066165117478325]","[9.166081454717449E-7]","[0.006949081149655934]","[5854.524632737473]","[1.386818601111021]","[14.097157032580277]","[0.004137922859143002]","[0.109098587408994]","[-1715689.8078512389]","[9789.04307830831]"
336,336,0.004452562930315875,9881.034266014489,5454.560096727446,0.4996439658799,0.165274074542477,0.877310320847101,1.0850254832201567,normal,0.007901093905582296,0.00992323932690093,2.755604771690036,0.4104866489179505,3421.334091265606,1.40902786212214,2.8866015583352373,0.0099981729369515,0.10011095919685309,5632.04500484269,8.77345307079644E-8,1.2296243982127313,0.3778844778754976,14.097157032580277,14.1081877250069,14.114263650731926,0.7026340227420129,0.7004125921912119,0.7081293366182098,1,112,"[1.3652658348037663E-4]","[14.1081877250069]","[-1.5920971344898185]","[0.165274074542477]","[0.9710950139593697]","[normal]","[14.114263650731926]","[1102.248482315979]","[1.0850254832201567]","[2.755604771690036]","[-8307532123594784008]","[5632.04500484269]","[0.7004125921912119]","[0.00992323932690093]","[0.7026340227420129]","[0.10011095919685309]","[0.0099981729369515]","[1.40902786212214]","[2.8866015583352373]","[0.4104866489179505]","[0.4996439658799]","[CN]","[3421.334091265606]","[0.3778844778754976]","[0.7081293366182098]","[8.77345307079644E-8]","[0.007901093905582296]","[5454.560096727446]","[1.2296243982127313]","[14.097157032580277]","[0.004452562930315875]","[0.877310320847101]","[-1428242.0061983466]","[9881.034266014489]"
336,336,0.005608672723762357,9852.978672974177,4770.464668719134,0.4963872888214184,0.179703979882535,0.8317646353723065,0.882364911959983,log-normal,0.007497413356249819,0.030897838222710805,2.7639397310652227,0.3904990875215326,3135.643278533583,1.40902786212214,2.9361828681114295,0.009998479530537207,0.1000642176817527,6478.29669186221,2.118859927273921E-6,1.1777213488597225,0.3795717053402965,14.097157032580277,14.108500403924907,14.116198683368564,0.7026340227420129,0.7016725309037659,0.710278249679342,1,189,"[1.4042805366041422E-4]","[14.108500403924907]","[-1.2260588106175525]","[0.179703979882535]","[0.9667337056321469]","[log-normal]","[14.116198683368564]","[1101.406966231097]","[0.882364911959983]","[2.7639397310652227]","[-8326328000102268700]","[6478.29669186221]","[0.7016725309037659]","[0.030897838222710805]","[0.7026340227420129]","[0.1000642176817527]","[0.009998479530537207]","[1.40902786212214]","[2.9361828681114295]","[0.3904990875215326]","[0.4963872888214184]","[CN]","[3135.643278533583]","[0.3795717053402965]","[0.710278249679342]","[2.118859927273921E-6]","[0.007497413356249819]","[4770.464668719134]","[1.1777213488597225]","[14.097157032580277]","[0.005608672723762357]","[0.8317646353723065]","[-1670295.2954545452]","[9852.978672974177]"
336,336,0.006042923885162366,9863.412141854207,6431.7271180734315,0.4996439658799,0.620121742320782,0.5316371540528743,1.0393258065274653,normal,0.007414178550862155,0.030516256050205432,2.8154459341306852,0.3753632847211454,1361.2870775278484,1.4399237829657756,2.834814905640317,0.009998660949489872,0.10025167159192329,7559.520887684007,5.085662707943868E-6,1.2977774594965366,0.4850480699667275,14.097157032580277,14.106567246832224,14.115911203166055,0.7026340227420129,0.6982158336091651,0.7085374233042495,1,168,"[1.2692381407729104E-4]","[14.106567246832224]","[-1.4512344971215911]","[0.620121742320782]","[0.9639748453153418]","[normal]","[14.115911203166055]","[1100.6878930950697]","[1.0393258065274653]","[2.8154459341306852]","[-1035464992594883728]","[7559.520887684007]","[0.6982158336091651]","[0.030516256050205432]","[0.7026340227420129]","[0.10025167159192329]","[0.009998660949489872]","[1.4399237829657756]","[2.834814905640317]","[0.3753632847211454]","[0.4996439658799]","[CN]","[1361.2870775278484]","[0.4850480699667275]","[0.7085374233042495]","[5.085662707943868E-6]","[0.007414178550862155]","[6431.7271180734315]","[1.2977774594965366]","[14.097157032580277]","[0.006042923885162366]","[0.5316371540528743]","[-1678436.5185950415]","[9863.412141854207]"
336,336,0.0045087533724040155,9886.834333105713,4574.20968645122,0.46397610782414966,0.3123641463647058,0.109098587408994,1.3459504099868087,normal,0.007312161585650458,0.033787755293622754,2.814935418004753,0.37558848987758403,2207.1026780539614,1.4620147994508588,2.7596192962698267,0.009998780806862543,0.10021926193299298,5948.496133396913,1.8800823948959558E-6,1.2589307816602817,0.4252117798661865,14.097157032580277,14.101233228671923,14.110918031079665,0.7026340227420129,0.6901899999978084,0.70034412231565,1,102,"[1.368460927490582E-4]","[14.101233228671923]","[-1.7035799543520391]","[0.3123641463647058]","[0.9617207339122722]","[normal]","[14.110918031079665]","[1102.837748970917]","[1.3459504099868087]","[2.814935418004753]","[7754850575062933211]","[5948.496133396913]","[0.6901899999978084]","[0.033787755293622754]","[0.7026340227420129]","[0.10021926193299298]","[0.009998780806862543]","[1.4620147994508588]","[2.7596192962698267]","[0.37558848987758403]","[0.46397610782414966]","[CN]","[2207.1026780539614]","[0.4252117798661865]","[0.70034412231565]","[1.8800823948959558E-6]","[0.007312161585650458]","[4574.20968645122]","[1.2589307816602817]","[14.097157032580277]","[0.0045087533724040155]","[0.109098587408994]","[-1672614.1053719013]","[9886.834333105713]"
336,336,0.005452355360939311,9790.255503540882,4574.20968645122,0.4859849888572433,0.31948757315831733,0.16386338419516305,1.0678920236469052,normal,0.008638058990318337,0.01802812745051531,2.7775928068604085,0.3689091838262555,3203.865156238803,1.44066916602316,2.9795996979860337,0.009998378074700488,0.10007721288626317,8472.26953595111,5.397953837514146E-7,1.3080064391621473,0.40646133027916087,14.097157032580277,14.107963373667678,14.115360334902102,0.7026340227420129,0.700559312016082,0.7083385072851612,1,243,"[1.4373438124422279E-4]","[14.107963373667678]","[-1.3281032373372645]","[0.31948757315831733]","[0.9683461161273335]","[normal]","[14.115360334902102]","[1101.6075776076013]","[1.0678920236469052]","[2.7775928068604085]","[1524425783492870777]","[8472.26953595111]","[0.700559312016082]","[0.01802812745051531]","[0.7026340227420129]","[0.10007721288626317]","[0.009998378074700488]","[1.44066916602316]","[2.9795996979860337]","[0.3689091838262555]","[0.4859849888572433]","[CN]","[3203.865156238803]","[0.40646133027916087]","[0.7083385072851612]","[5.397953837514146E-7]","[0.008638058990318337]","[4574.20968645122]","[1.3080064391621473]","[14.097157032580277]","[0.005452355360939311]","[0.16386338419516305]","[-1662391.030991736]","[9790.255503540882]"
336,336,0.005036678320912445,9897.315355802004,5180.306956633469,0.48091931244005853,0.28719785616453986,0.11925978731009282,1.262729705865364,log-normal,0.007456612261055595,0.031161068863501746,2.8235928614111363,0.38416247959834515,2212.3906918432012,1.4719410812821045,2.751960701958701,0.009998730184174746,0.10015293110196838,6118.564881581626,1.8235107230734016E-6,1.3094805480253504,0.44025925801667776,14.097157032580277,14.09964739392195,14.112338672996026,0.7026340227420129,0.686446606255113,0.7040258538533095,1,13,"[1.3820427826671014E-4]","[14.09964739392195]","[-1.4077055073595395]","[0.28719785616453986]","[0.9623302710116647]","[log-normal]","[14.112338672996026]","[1100.4450166039285]","[1.262729705865364]","[2.8235928614111363]","[-2121548369240941026]","[6118.564881581626]","[0.686446606255113]","[0.031161068863501746]","[0.7026340227420129]","[0.10015293110196838]","[0.009998730184174746]","[1.4719410812821045]","[2.751960701958701]","[0.38416247959834515]","[0.48091931244005853]","[CN]","[2212.3906918432012]","[0.44025925801667776]","[0.7040258538533095]","[1.8235107230734016E-6]","[0.007456612261055595]","[5180.306956633469]","[1.3094805480253504]","[14.097157032580277]","[0.005036678320912445]","[0.11925978731009282]","[-1664625.2128099175]","[9897.315355802004]"
336,336,0.00382405286074533,9801.60436453655,6085.806262573616,0.4977973811519019,0.5337392294468095,0.2527521274974024,0.882364911959983,normal,0.00686694354887202,0.023193406587852128,2.8129376661070853,0.33906475906504224,755.4300203607004,1.4166231560605578,2.9568112093669647,0.009998873098349677,0.100401026074943,8472.26953595111,7.327700271257603E-7,1.3989530393498826,0.356349474101747,14.097157032580277,14.10852707853825,14.11360107566149,0.7026340227420129,0.7034058813307198,0.7091398697519371,1,190,"[1.1692333208584334E-4]","[14.10852707853825]","[-1.3999710688687423]","[0.5337392294468095]","[0.9659124200420142]","[normal]","[14.11360107566149]","[1101.5289321341347]","[0.882364911959983]","[2.8129376661070853]","[-1631281631276458214]","[8472.26953595111]","[0.7034058813307198]","[0.023193406587852128]","[0.7026340227420129]","[0.100401026074943]","[0.009998873098349677]","[1.4166231560605578]","[2.9568112093669647]","[0.33906475906504224]","[0.4977973811519019]","[CN]","[755.4300203607004]","[0.356349474101747]","[0.7091398697519371]","[7.327700271257603E-7]","[0.00686694354887202]","[6085.806262573616]","[1.3989530393498826]","[14.097157032580277]","[0.00382405286074533]","[0.2527521274974024]","[-1717771.6590909087]","[9801.60436453655]"
336,336,0.005418586998628648,9823.975178502802,4574.20968645122,0.4801838408652803,0.30538302257285876,0.30514780284695936,1.1057317892388814,normal,0.00870714673148661,0.020278483997960117,2.800590042585117,0.38028656153443613,3231.1177332590314,1.4460322196956141,3.0,0.009998418075021253,0.1000716204668531,7591.403711165025,8.77345307079644E-8,1.269597477431306,0.4167611702244943,14.097157032580277,14.106253549681295,14.114651474297109,0.7026340227420129,0.6962703357943064,0.7064244651105528,1,14,"[1.4206678604703813E-4]","[14.106253549681295]","[-1.5187906424993156]","[0.30538302257285876]","[0.968821885684775]","[normal]","[14.114651474297109]","[1102.1194592607128]","[1.1057317892388814]","[2.800590042585117]","[-5722321571832626830]","[7591.403711165025]","[0.6962703357943064]","[0.020278483997960117]","[0.7026340227420129]","[0.1000716204668531]","[0.009998418075021253]","[1.4460322196956141]","[3.0]","[0.38028656153443613]","[0.4801838408652803]","[CN]","[3231.1177332590314]","[0.4167611702244943]","[0.7064244651105528]","[8.77345307079644E-8]","[0.00870714673148661]","[4574.20968645122]","[1.269597477431306]","[14.097157032580277]","[0.005418586998628648]","[0.30514780284695936]","[-1649832.2210743802]","[9823.975178502802]"
336,336,0.0074664458702470675,9834.421934809903,5908.590350347096,0.4871549744310649,0.36430142889527506,0.138817136867625,1.1186779235786168,log-normal,0.008470711832052398,0.00668997014545096,2.7814129061286916,0.44513991625655774,2757.549716976273,1.463931581051968,2.883296620800857,0.00999832689386277,0.1002142688836738,5936.579256264623,4.922705726238373E-6,1.180564074133184,0.4945268800286221,14.097157032580277,14.10386007402536,14.11721406723396,0.7026340227420129,0.683226644499126,0.7045761112198283,2,132,"[1.42038993019106E-4,1.4802672814553816E-4]","[14.10386007402536,14.10386007402536]","[-1.3766272747400063,-1.5047969053565893]","[0.36430142889527506,0.36430142889527506]","[0.9749281912146284,0.9749281912146284]","[log-normal,log-normal]","[14.117214108690883,14.117214025777034]","[1104.3689229812708,1104.371486824199]","[1.1186779235786168,1.1186779235786168]","[2.7814129061286916,2.7814129061286916]","[4930709066512566381,-3276614756552670798]","[5936.579256264623,5936.579256264623]","[0.683226644499126,0.683226644499126]","[0.00668997014545096,0.00668997014545096]","[0.7026340227420129,0.7026340227420129]","[0.1002142688836738,0.1002142688836738]","[0.00999832689386277,0.00999832689386277]","[1.463931581051968,1.463931581051968]","[2.883296620800857,2.883296620800857]","[0.44513991625655774,0.44513991625655774]","[0.4871549744310649,0.4871549744310649]","[CN,CN]","[2757.549716976273,2757.549716976273]","[0.4945268800286221,0.4945268800286221]","[0.7045768725776209,0.7045753498620356]","[4.922705726238373E-6,4.922705726238373E-6]","[0.008470711832052398,0.008470711832052398]","[5908.590350347096,5908.590350347096]","[1.180564074133184,1.180564074133184]","[14.097157032580277,14.097157032580277]","[0.0074664458702470675,0.0074664458702470675]","[0.138817136867625,0.138817136867625]","[-1181804.9814049583,-1181804.9814049583]","[9834.421934809903,9834.421934809903]"
336,336,0.008018050024310037,9789.04307830831,6707.441002989717,0.49772502712247163,0.620121742320782,0.19526614135706527,1.1239500482386182,normal,0.007974088442799402,0.02407681748228608,2.789563875417608,0.447163421511268,479.260101476493,1.40902786212214,2.63618480014502,0.009998806334865737,0.10031372159670944,8031.824230181281,5.45414450945867E-6,1.3648466408816766,0.510733361527752,14.097157032580277,14.10672968566698,14.119357282311425,0.7026340227420129,0.6955483812165267,0.710497495055838,1,265,"[1.0769520564629286E-4]","[14.10672968566698]","[-1.4864254923130833]","[0.620121742320782]","[0.9637698279804081]","[normal]","[14.119357282311425]","[1101.5562349973761]","[1.1239500482386182]","[2.789563875417608]","[5894228392143981735]","[8031.824230181281]","[0.6955483812165267]","[0.02407681748228608]","[0.7026340227420129]","[0.10031372159670944]","[0.009998806334865737]","[1.40902786212214]","[2.63618480014502]","[0.447163421511268]","[0.49772502712247163]","[CN]","[479.260101476493]","[0.510733361527752]","[0.710497495055838]","[5.45414450945867E-6]","[0.007974088442799402]","[6707.441002989717]","[1.3648466408816766]","[14.097157032580277]","[0.008018050024310037]","[0.19526614135706527]","[-1451667.0640495871]","[9789.04307830831]"
336,336,0.003896330155426714,9810.123316099229,5872.034144867494,0.4959436608462808,0.5518542729610278,0.4666337838424257,0.9521581662843863,log-normal,0.007071954130456653,0.020993584801436278,2.787607553126211,0.325242848903376,1155.6386346205118,1.409527533229488,2.8957545916405123,0.009999298203293304,0.10020234493815261,7799.205776620278,2.2000686881632853E-6,1.3083135839415867,0.356349474101747,14.097157032580277,14.108903405919994,14.113815642934119,0.7026340227420129,0.7041892817756908,0.7093757872662558,1,273,"[1.303922244974944E-4]","[14.108903405919994]","[-1.3110150566123913]","[0.5518542729610278]","[0.9642381450473322]","[log-normal]","[14.113815642934119]","[1101.7315351300467]","[0.9521581662843863]","[2.787607553126211]","[7543187949756515453]","[7799.205776620278]","[0.7041892817756908]","[0.020993584801436278]","[0.7026340227420129]","[0.10020234493815261]","[0.009999298203293304]","[1.409527533229488]","[2.8957545916405123]","[0.325242848903376]","[0.4959436608462808]","[CN]","[1155.6386346205118]","[0.356349474101747]","[0.7093757872662558]","[2.2000686881632853E-6]","[0.007071954130456653]","[5872.034144867494]","[1.3083135839415867]","[14.097157032580277]","[0.003896330155426714]","[0.4666337838424257]","[-1711746.138429752]","[9810.123316099229]"
336,336,0.006488271238124925,9871.645214183984,7504.70308523071,0.4974073792434161,0.4373839066639972,0.28140832853148756,1.1222343219874524,log-normal,0.008358952744987942,0.03280218823323456,2.7868434193844607,0.39309054748536787,1010.4862142376783,1.4303859956989293,2.858359334343025,0.009998931220728882,0.1001678675920997,7373.183135898824,4.076693951103387E-6,1.3537417976392496,0.533378594376973,14.097157032580277,14.106229343315,14.116620285666718,0.7026340227420129,0.6970013225443685,0.7090811404217885,2,161,"[1.2265753324288222E-4,1.2133695895796943E-4]","[14.106229343315,14.106229343315]","[-1.4562276990715426,-1.531414906903755]","[0.4373839066639972,0.4373839066639972]","[0.9650622737483473,0.9650622737483473]","[log-normal,log-normal]","[14.11662028457247,14.116620286760966]","[1101.2579375333853,1101.2581812857009]","[1.1222343219874524,1.1222343219874524]","[2.7868434193844607,2.7868434193844607]","[-477693340213017097,-7804839110964215368]","[7373.183135898824,7373.183135898824]","[0.6970013225443685,0.6970013225443685]","[0.03280218823323456,0.03280218823323456]","[0.7026340227420129,0.7026340227420129]","[0.1001678675920997,0.1001678675920997]","[0.009998931220728882,0.009998931220728882]","[1.4303859956989293,1.4303859956989293]","[2.858359334343025,2.858359334343025]","[0.39309054748536787,0.39309054748536787]","[0.4974073792434161,0.4974073792434161]","[CN,CN]","[1010.4862142376783,1010.4862142376783]","[0.533378594376973,0.533378594376973]","[0.7090809690184797,0.7090813118250973]","[4.076693951103387E-6,4.076693951103387E-6]","[0.008358952744987942,0.008358952744987942]","[7504.70308523071,7504.70308523071]","[1.3537417976392496,1.3537417976392496]","[14.097157032580277,14.097157032580277]","[0.006488271238124925,0.006488271238124925]","[0.28140832853148756,0.28140832853148756]","[-1663592.75,-1663592.75]","[9871.645214183984,9871.645214183984]"
336,336,0.007032350192829375,9879.044288406314,7504.70308523071,0.4996439658799,0.5503044578652142,0.2022811272937302,1.1644729786203847,normal,0.007984281852532395,0.03248963102447309,2.7870492277514587,0.3923755445837487,479.260101476493,1.4330729632775563,2.827681058207911,0.009998792171801123,0.1002220810603421,7567.082019100077,4.587897329545576E-6,1.3729187933921891,0.5113538694883635,14.097157032580277,14.106667481093183,14.11768033708224,0.7026340227420129,0.697577444109631,0.7103018028755806,1,11,"[1.1197095604402671E-4]","[14.106667481093183]","[-1.2786829967657432]","[0.5503044578652142]","[0.9643448987665743]","[normal]","[14.11768033708224]","[1101.1178794425923]","[1.1644729786203847]","[2.7870492277514587]","[6277648620612782131]","[7567.082019100077]","[0.697577444109631]","[0.03248963102447309]","[0.7026340227420129]","[0.1002220810603421]","[0.009998792171801123]","[1.4330729632775563]","[2.827681058207911]","[0.3923755445837487]","[0.4996439658799]","[CN]","[479.260101476493]","[0.5113538694883635]","[0.7103018028755806]","[4.587897329545576E-6]","[0.007984281852532395]","[7504.70308523071]","[1.3729187933921891]","[14.097157032580277]","[0.007032350192829375]","[0.2022811272937302]","[-1659361.3450413218]","[9879.044288406314]"
336,336,0.004106745851967093,9805.717470212714,6649.314103207147,0.4953410165593704,0.620121742320782,0.2456612549464812,0.886192748646789,normal,0.007032896825080594,0.021009495234580292,2.7856547240122262,0.325242848903376,875.324862092026,1.40902786212214,2.93106468389762,0.00999889188290969,0.10024128176365923,7746.390130396955,2.2308757313383328E-6,1.3308662526492046,0.36738662287735985,14.097157032580277,14.109244307637104,14.11427101454616,0.7026340227420129,0.7045974408424118,0.7099118877671087,1,141,"[1.2214237069689278E-4]","[14.109244307637104]","[-1.3517714798167322]","[0.620121742320782]","[0.9650200755723918]","[normal]","[14.11427101454616]","[1101.664794883794]","[0.886192748646789]","[2.7856547240122262]","[-1080581959938106489]","[7746.390130396955]","[0.7045974408424118]","[0.021009495234580292]","[0.7026340227420129]","[0.10024128176365923]","[0.00999889188290969]","[1.40902786212214]","[2.93106468389762]","[0.325242848903376]","[0.4953410165593704]","[CN]","[875.324862092026]","[0.36738662287735985]","[0.7099118877671087]","[2.2308757313383328E-6]","[0.007032896825080594]","[6649.314103207147]","[1.3308662526492046]","[14.097157032580277]","[0.004106745851967093]","[0.2456612549464812]","[-1716773.0475206613]","[9805.717470212714]"
336,336,0.005997742626993309,9828.054977454936,6985.936033276936,0.48099538780294504,0.41377035440311827,0.12853113052242038,1.0732827419848225,log-normal,0.007885943521646191,0.00668997014545096,2.780082032855891,0.4425405414504423,5139.97796489452,1.493303101674,2.9455560512898504,0.009998548309032181,0.10023739230502676,6052.368830511136,4.473239961641697E-6,1.3667149422379004,0.4568549389799041,14.097157032580277,14.095427119789813,14.111071039243244,0.7026340227420129,0.661728579260871,0.6912308121786207,1,329,"[1.5043242664858683E-4]","[14.095427119789813]","[-1.6917053911917417]","[0.41377035440311827]","[0.9755767160984103]","[log-normal]","[14.111071039243244]","[1108.3382893927674]","[1.0732827419848225]","[2.780082032855891]","[7043135943146900988]","[6052.368830511136]","[0.661728579260871]","[0.00668997014545096]","[0.7026340227420129]","[0.10023739230502676]","[0.009998548309032181]","[1.493303101674]","[2.9455560512898504]","[0.4425405414504423]","[0.48099538780294504]","[CN]","[5139.97796489452]","[0.4568549389799041]","[0.6912308121786207]","[4.473239961641697E-6]","[0.007885943521646191]","[6985.936033276936]","[1.3667149422379004]","[14.097157032580277]","[0.005997742626993309]","[0.12853113052242038]","[-1188304.4194214875]","[9828.054977454936]"
336,336,0.006250982561361905,9824.014746429038,7504.70308523071,0.4807411246123967,0.41025562229165086,0.11588602628098087,1.0664287093379585,normal,0.007757537342905104,0.00668997014545096,2.780876280213004,0.447163421511268,5139.97796489452,1.493303101674,2.9471387700932343,0.009998539931432272,0.1002438921040412,6052.916281821705,4.073823587313133E-6,1.3659875877857874,0.4586250107697337,14.097157032580277,14.095514689032827,14.11013343771457,0.7026340227420129,0.6615609425047002,0.6871248459924955,1,163,"[1.4690933640721673E-4]","[14.095514689032827]","[-1.5130866750148442]","[0.41025562229165086]","[0.9757193221173771]","[normal]","[14.11013343771457]","[1109.7208189126907]","[1.0664287093379585]","[2.780876280213004]","[-6569862349262941950]","[6052.916281821705]","[0.6615609425047002]","[0.00668997014545096]","[0.7026340227420129]","[0.1002438921040412]","[0.009998539931432272]","[1.493303101674]","[2.9471387700932343]","[0.447163421511268]","[0.4807411246123967]","[CN]","[5139.97796489452]","[0.4586250107697337]","[0.6871248459924955]","[4.073823587313133E-6]","[0.007757537342905104]","[7504.70308523071]","[1.3659875877857874]","[14.097157032580277]","[0.006250982561361905]","[0.11588602628098087]","[-1152557.5103305785]","[9824.014746429038]"
336,336,0.007736270311847178,9881.46067052648,7504.70308523071,0.49747683775871604,0.5160266739658289,0.3949864415377561,1.109961068574449,log-normal,0.0076737439828732995,0.023424296691966107,2.786499516104455,0.39767144093430035,846.983498734738,1.40902786212214,2.659827516534968,0.009999210086451684,0.10028468145584726,7695.347673769088,4.52987597384174E-6,1.3911621162517596,0.533378594376973,14.097157032580277,14.109561761426065,14.120285196106702,0.7026340227420129,0.7029994371040277,0.714753855723901,1,164,"[1.2112002486284157E-4]","[14.109561761426065]","[-3.1086395757089944]","[0.5160266739658289]","[0.9616103009033703]","[log-normal]","[14.120285196106702]","[1100.340017621526]","[1.109961068574449]","[2.786499516104455]","[-6913839260659508770]","[7695.347673769088]","[0.7029994371040277]","[0.023424296691966107]","[0.7026340227420129]","[0.10028468145584726]","[0.009999210086451684]","[1.40902786212214]","[2.659827516534968]","[0.39767144093430035]","[0.49747683775871604]","[CN]","[846.983498734738]","[0.533378594376973]","[0.714753855723901]","[4.52987597384174E-6]","[0.0076737439828732995]","[7504.70308523071]","[1.3911621162517596]","[14.097157032580277]","[0.007736270311847178]","[0.3949864415377561]","[-1584939.3946280992]","[9881.46067052648]"
336,336,0.007551635307656704,9825.967519759835,6431.781191668796,0.4840774572144495,0.37601559947705704,0.13323702979313848,1.112187684977209,log-normal,0.008385827533375714,0.00668997014545096,2.783114572365193,0.44516472735714874,2841.9980692368363,1.469102550673552,2.925920775662773,0.009998343967727566,0.10026632557021423,6233.598304874097,4.9376257865720286E-6,1.17551961756878,0.4910719524469263,14.097157032580277,14.102750318815781,14.116988393421185,0.7026340227420129,0.6795198743746554,0.7034884278552749,1,245,"[1.4692934469528855E-4]","[14.102750318815781]","[-1.5030768880279026]","[0.37601559947705704]","[0.9755289241490266]","[log-normal]","[14.116988393421185]","[1105.0265462951054]","[1.112187684977209]","[2.783114572365193]","[-5483785841459197915]","[6233.598304874097]","[0.6795198743746554]","[0.00668997014545096]","[0.7026340227420129]","[0.10026632557021423]","[0.009998343967727566]","[1.469102550673552]","[2.925920775662773]","[0.44516472735714874]","[0.4840774572144495]","[CN]","[2841.9980692368363]","[0.4910719524469263]","[0.7034884278552749]","[4.9376257865720286E-6]","[0.008385827533375714]","[6431.781191668796]","[1.17551961756878]","[14.097157032580277]","[0.007551635307656704]","[0.13323702979313848]","[-1180721.7417355375]","[9825.967519759835]"
336,336,0.007525249345714111,9822.285303825203,6305.179203728615,0.4690608160161331,0.3840087555778502,0.11754367895133606,1.1427009631574951,normal,0.00855650702068777,0.00867426913004564,2.782361700019831,0.4319825448543159,4043.576915450044,1.4904021059668775,2.951335690250539,0.009999358512943105,0.10027452207276427,6437.008436273049,5.309877375186559E-6,1.2777213602564268,0.5084962035191183,14.097157032580277,14.097460052144944,14.113631357715565,0.7026340227420129,0.6661659113046778,0.693795665116521,2,34,"[1.4840727010009954E-4,1.472923489479968E-4]","[14.097460052144944,14.097460052144944]","[-1.2621007398151487,-1.4641233030970846]","[0.3840087555778502,0.3840087555778502]","[0.9735014833640139,0.9735014833640139]","[normal,normal]","[14.113631377754192,14.113631337676939]","[1107.9733116278253,1107.974397647521]","[1.1427009631574951,1.1427009631574951]","[2.782361700019831,2.782361700019831]","[7729795669413300667,-2575013187748230034]","[6437.008436273049,6437.008436273049]","[0.6661659113046778,0.6661659113046778]","[0.00867426913004564,0.00867426913004564]","[0.7026340227420129,0.7026340227420129]","[0.10027452207276427,0.10027452207276427]","[0.009999358512943105,0.009999358512943105]","[1.4904021059668775,1.4904021059668775]","[2.951335690250539,2.951335690250539]","[0.4319825448543159,0.4319825448543159]","[0.4690608160161331,0.4690608160161331]","[CN,CN]","[4043.576915450044,4043.576915450044]","[0.5084962035191183,0.5084962035191183]","[0.6937957618540369,0.6937955683790051]","[5.309877375186559E-6,5.309877375186559E-6]","[0.00855650702068777,0.00855650702068777]","[6305.179203728615,6305.179203728615]","[1.2777213602564268,1.2777213602564268]","[14.097157032580277,14.097157032580277]","[0.007525249345714111,0.007525249345714111]","[0.11754367895133606,0.11754367895133606]","[-1329125.576446281,-1329125.576446281]","[9822.285303825203,9822.285303825203]"
336,336,0.00562009930030497,9857.465739626721,4783.350253797458,0.49683368397915434,0.20482196874588163,0.8221398076091048,0.8937631391847701,normal,0.007471390231250215,0.030889202725985606,2.764005347660052,0.38991929645317913,3267.6989756088606,1.4091512682523384,2.9362720196214953,0.00999847138600118,0.10006427109498636,6485.234053634976,2.1686552198742362E-6,1.17551961756878,0.3793018063472454,14.097157032580277,14.108525876859016,14.116223243748596,0.7026340227420129,0.7017069797526196,0.7103099852920849,1,335,"[1.3908799454090512E-4]","[14.108525876859016]","[-1.2117788306756363]","[0.20482196874588163]","[0.9667226517307469]","[normal]","[14.116223243748596]","[1101.4002619838184]","[0.8937631391847701]","[2.764005347660052]","[1762251820833540072]","[6485.234053634976]","[0.7017069797526196]","[0.030889202725985606]","[0.7026340227420129]","[0.10006427109498636]","[0.00999847138600118]","[1.4091512682523384]","[2.9362720196214953]","[0.38991929645317913]","[0.49683368397915434]","[CN]","[3267.6989756088606]","[0.3793018063472454]","[0.7103099852920849]","[2.1686552198742362E-6]","[0.007471390231250215]","[4783.350253797458]","[1.17551961756878]","[14.097157032580277]","[0.00562009930030497]","[0.8221398076091048]","[-1670464.5516528925]","[9857.465739626721]"
336,336,0.0066459316639981315,9846.937058065918,4637.19070147232,0.4839872945870795,0.24701460833112593,0.8727989258283363,0.882364911959983,normal,0.007486596945128034,0.03095309622731961,2.7520803910287053,0.40235206088267084,3268.2657089253053,1.40902786212214,2.867135529049352,0.009998629827479417,0.10011597681144381,7447.974606280101,1.016560873617046E-6,1.1944706190205092,0.4164241052653952,14.097157032580277,14.108900429205828,14.118009073861687,0.7026340227420129,0.7018994968013257,0.7119091931381812,1,249,"[1.3862468765543388E-4]","[14.108900429205828]","[-1.3230763730381097]","[0.24701460833112593]","[0.9658660884341221]","[normal]","[14.118009073861687]","[1101.0330861200803]","[0.882364911959983]","[2.7520803910287053]","[4654069774553061911]","[7447.974606280101]","[0.7018994968013257]","[0.03095309622731961]","[0.7026340227420129]","[0.10011597681144381]","[0.009998629827479417]","[1.40902786212214]","[2.867135529049352]","[0.40235206088267084]","[0.4839872945870795]","[CN]","[3268.2657089253053]","[0.4164241052653952]","[0.7119091931381812]","[1.016560873617046E-6]","[0.007486596945128034]","[4637.19070147232]","[1.1944706190205092]","[14.097157032580277]","[0.0066459316639981315]","[0.8727989258283363]","[-1645668.5185950412]","[9846.937058065918]"
336,336,0.004778238954751763,9880.724815500622,5076.581505295166,0.481120163018841,0.26426026364521515,0.12371212320217176,1.2506541412634595,normal,0.0074519138355474135,0.03295953125691914,2.8192848459807074,0.3946701731282546,2733.1071981064433,1.4710699725251528,2.753059598199202,0.009998712432080033,0.10021204906185559,6199.820577991265,2.1674245475729983E-6,1.3092247507648107,0.433214311213226,14.097157032580277,14.098082226906866,14.109348394211503,0.7026340227420129,0.6834113924008758,0.6949359021362576,1,285,"[1.3664799790669548E-4]","[14.098082226906866]","[-1.5574615592322798]","[0.26426026364521515]","[0.9626280621016774]","[normal]","[14.109348394211503]","[1102.5414045717494]","[1.2506541412634595]","[2.8192848459807074]","[4821002599254688621]","[6199.820577991265]","[0.6834113924008758]","[0.03295953125691914]","[0.7026340227420129]","[0.10021204906185559]","[0.009998712432080033]","[1.4710699725251528]","[2.753059598199202]","[0.3946701731282546]","[0.481120163018841]","[CN]","[2733.1071981064433]","[0.433214311213226]","[0.6949359021362576]","[2.1674245475729983E-6]","[0.0074519138355474135]","[5076.581505295166]","[1.3092247507648107]","[14.097157032580277]","[0.004778238954751763]","[0.12371212320217176]","[-1645736.2210743804]","[9880.724815500622]"
336,336,0.004253096043894716,9814.460650985215,5533.865764860442,0.498422467144673,0.620121742320782,0.2741160917256787,0.9229427348571478,normal,0.006997639774675936,0.021700022902403283,2.768358352573617,0.36393267006342367,745.0355333857551,1.40902786212214,3.0,0.009998799249875382,0.10020514431154208,7735.775073998584,8.665887906082881E-7,1.3944226228385939,0.3740661471625124,14.097157032580277,14.108771811988921,14.114269462733011,0.7026340227420129,0.7030423469781492,0.7092522632386721,1,240,"[1.180773993805297E-4]","[14.108771811988921]","[-1.334216340022465]","[0.620121742320782]","[0.9678824768755048]","[normal]","[14.114269462733011]","[1101.6879835227996]","[0.9229427348571478]","[2.768358352573617]","[-5113458216964777266]","[7735.775073998584]","[0.7030423469781492]","[0.021700022902403283]","[0.7026340227420129]","[0.10020514431154208]","[0.009998799249875382]","[1.40902786212214]","[3.0]","[0.36393267006342367]","[0.498422467144673]","[CN]","[745.0355333857551]","[0.3740661471625124]","[0.7092522632386721]","[8.665887906082881E-7]","[0.006997639774675936]","[5533.865764860442]","[1.3944226228385939]","[14.097157032580277]","[0.004253096043894716]","[0.2741160917256787]","[-1679841.3450413223]","[9814.460650985215]"
336,336,0.005355006075181042,9935.66169366317,4880.454747280992,0.4919889690753772,0.165274074542477,0.8705379584819434,0.9706729950423516,normal,0.007084618513053135,0.0297141957817118,2.7707078815601216,0.38801946005620497,3283.1696459420436,1.4221554134306411,2.9074151865033637,0.009998669408150467,0.100000806449356,6978.720610375092,2.662327633336235E-6,1.2135684912030498,0.3832133018135135,14.097157032580277,14.107792416384093,14.115451271667798,0.7026340227420129,0.7007586213163073,0.7091230196692203,1,313,"[1.3856899825739717E-4]","[14.107792416384093]","[-1.3345594198741417]","[0.165274074542477]","[0.9661959622243694]","[normal]","[14.115451271667798]","[1101.3451163494256]","[0.9706729950423516]","[2.7707078815601216]","[-4569433824766157670]","[6978.720610375092]","[0.7007586213163073]","[0.0297141957817118]","[0.7026340227420129]","[0.100000806449356]","[0.009998669408150467]","[1.4221554134306411]","[2.9074151865033637]","[0.38801946005620497]","[0.4919889690753772]","[CN]","[3283.1696459420436]","[0.3832133018135135]","[0.7091230196692203]","[2.662327633336235E-6]","[0.007084618513053135]","[4880.454747280992]","[1.2135684912030498]","[14.097157032580277]","[0.005355006075181042]","[0.8705379584819434]","[-1670870.7665289256]","[9935.66169366317]"
336,336,0.006500232201806841,9822.12966375252,7504.70308523071,0.4862565724847632,0.381831616861697,0.10924077446563688,1.1341713963750348,log-normal,0.008255188356202793,0.008424911624150063,2.782123057394805,0.43208414268241513,5139.97796489452,1.4922251816557526,2.9581240436186436,0.009998461016388425,0.10024615714787363,6257.94775401508,4.024563280354678E-6,1.3514240853904933,0.4776092685552629,14.097157032580277,14.097782426693417,14.110576588459322,0.7026340227420129,0.6692060241418454,0.6881756632808008,1,268,"[1.483248727371984E-4]","[14.097782426693417]","[-2.914286570889042]","[0.381831616861697]","[0.9737888925303211]","[log-normal]","[14.110576588459322]","[1108.078132016456]","[1.1341713963750348]","[2.782123057394805]","[-3236383560117286977]","[6257.94775401508]","[0.6692060241418454]","[0.008424911624150063]","[0.7026340227420129]","[0.10024615714787363]","[0.009998461016388425]","[1.4922251816557526]","[2.9581240436186436]","[0.43208414268241513]","[0.4862565724847632]","[CN]","[5139.97796489452]","[0.4776092685552629]","[0.6881756632808008]","[4.024563280354678E-6]","[0.008255188356202793]","[7504.70308523071]","[1.3514240853904933]","[14.097157032580277]","[0.006500232201806841]","[0.10924077446563688]","[-1326959.0971074386]","[9822.12966375252]"
336,336,0.004109315216417756,9797.060476992858,5850.153100090964,0.4954003894311082,0.5424441170758572,0.1099305989812422,0.882364911959983,log-normal,0.006963335945234012,0.02148123911448165,2.7769777919076963,0.325242848903376,1262.6898468229008,1.4576018634926415,2.9544792537916336,0.009998909165868475,0.10020028249698269,8472.26953595111,1.0467727495845188E-6,1.388848931953072,0.35757160641290403,14.097157032580277,14.107264683160013,14.113007006007996,0.7026340227420129,0.7007094540183486,0.7065426564045854,1,330,"[1.373514055632998E-4]","[14.107264683160013]","[-1.0435253986838284]","[0.5424441170758572]","[0.9654718044657951]","[log-normal]","[14.113007006007996]","[1102.2335349814455]","[0.882364911959983]","[2.7769777919076963]","[2696130003354257149]","[8472.26953595111]","[0.7007094540183486]","[0.02148123911448165]","[0.7026340227420129]","[0.10020028249698269]","[0.009998909165868475]","[1.4576018634926415]","[2.9544792537916336]","[0.325242848903376]","[0.4954003894311082]","[CN]","[1262.6898468229008]","[0.35757160641290403]","[0.7065426564045854]","[1.0467727495845188E-6]","[0.006963335945234012]","[5850.153100090964]","[1.388848931953072]","[14.097157032580277]","[0.004109315216417756]","[0.1099305989812422]","[-1720513.6095041318]","[9797.060476992858]"
336,336,0.00382405286074533,9822.358292919822,5385.707494081465,0.4979387741628785,0.6155248020620373,0.2402153750969114,0.8910979866277889,log-normal,0.00686694354887202,0.019011171304288157,2.7761911332471607,0.35081951944318107,541.0520851083685,1.4205817455422738,2.985650619011738,0.009998848297174715,0.10025978087054424,7686.0886068589025,5.876458696338804E-7,1.3836238575236477,0.356349474101747,14.097157032580277,14.108388348472833,14.113343247297887,0.7026340227420129,0.7027921913063279,0.7081037855062798,2,37,"[1.1547268123029759E-4,1.1772764545520474E-4]","[14.108388348472833,14.108388348472833]","[-1.3441700662199385,-1.1148509095528483]","[0.6155248020620373,0.6155248020620373]","[0.9675329691522428,0.9675329691522428]","[log-normal,log-normal]","[14.113343245099388,14.113343249496385]","[1101.8082840533255,1101.808986884114]","[0.8910979866277889,0.8910979866277889]","[2.7761911332471607,2.7761911332471607]","[1076534574180932800,-747847563608455105]","[7686.0886068589025,7686.0886068589025]","[0.7027921913063279,0.7027921913063279]","[0.019011171304288157,0.019011171304288157]","[0.7026340227420129,0.7026340227420129]","[0.10025978087054424,0.10025978087054424]","[0.009998848297174715,0.009998848297174715]","[1.4205817455422738,1.4205817455422738]","[2.985650619011738,2.985650619011738]","[0.35081951944318107,0.35081951944318107]","[0.4979387741628785,0.4979387741628785]","[CN,CN]","[541.0520851083685,541.0520851083685]","[0.356349474101747,0.356349474101747]","[0.7081034833146418,0.7081040876979179]","[5.876458696338804E-7,5.876458696338804E-7]","[0.00686694354887202,0.00686694354887202]","[5385.707494081465,5385.707494081465]","[1.3836238575236477,1.3836238575236477]","[14.097157032580277,14.097157032580277]","[0.00382405286074533,0.00382405286074533]","[0.2402153750969114,0.2402153750969114]","[-1683480.353305785,-1683480.353305785]","[9822.358292919822,9822.358292919822]"
336,336,0.0040841059485385925,9802.900381819403,5856.72518005109,0.4977655929337149,0.6197520380909893,0.24379772350250975,0.885516395625279,normal,0.006960760917520074,0.024225221468107794,2.775326075414618,0.34740346888728846,496.17495888731014,1.4161014572268527,2.9491409547982204,0.009998879044551335,0.1002649318445062,7738.903642986452,8.729814231203123E-7,1.3803149864940831,0.3590633132825364,14.097157032580277,14.108593630832118,14.11382848464693,0.7026340227420129,0.7034556816720691,0.7087859171516508,1,103,"[1.0908601714254249E-4]","[14.108593630832118]","[-1.2652739771677364]","[0.6197520380909893]","[0.9659478987638164]","[normal]","[14.11382848464693]","[1101.6702957753964]","[0.885516395625279]","[2.775326075414618]","[6455470920708232650]","[7738.903642986452]","[0.7034556816720691]","[0.024225221468107794]","[0.7026340227420129]","[0.1002649318445062]","[0.009998879044551335]","[1.4161014572268527]","[2.9491409547982204]","[0.34740346888728846]","[0.4977655929337149]","[CN]","[496.17495888731014]","[0.3590633132825364]","[0.7087859171516508]","[8.729814231203123E-7]","[0.006960760917520074]","[5856.72518005109]","[1.3803149864940831]","[14.097157032580277]","[0.0040841059485385925]","[0.24379772350250975]","[-1707904.0227272722]","[9802.900381819403]"
336,336,0.00382405286074533,9828.537935359836,4574.20968645122,0.4830775392511668,0.3949189771737013,0.109098587408994,1.049823143094845,normal,0.00686694354887202,0.020436534695447525,2.785981650867233,0.4066225862632099,4132.633226636775,1.442551928575247,3.0,0.00999854984544885,0.100000028598264,5632.04500484269,2.62317819430906E-7,1.3606641488074567,0.37561024107198615,14.097157032580277,14.104768506802666,14.11128887863775,0.7026340227420129,0.6935869278098337,0.7018123382210911,1,272,"[1.4412212810942482E-4]","[14.104768506802666]","[-1.4041102453008227]","[0.3949189771737013]","[0.9697554914699565]","[normal]","[14.11128887863775]","[1103.3674389927824]","[1.049823143094845]","[2.785981650867233]","[6596976921276681767]","[5632.04500484269]","[0.6935869278098337]","[0.020436534695447525]","[0.7026340227420129]","[0.100000028598264]","[0.00999854984544885]","[1.442551928575247]","[3.0]","[0.4066225862632099]","[0.4830775392511668]","[CN]","[4132.633226636775]","[0.37561024107198615]","[0.7018123382210911]","[2.62317819430906E-7]","[0.00686694354887202]","[4574.20968645122]","[1.3606641488074567]","[14.097157032580277]","[0.00382405286074533]","[0.109098587408994]","[-1596685.7747933883]","[9828.537935359836]"
336,336,0.003882042358466174,9799.055833082357,5859.696309342521,0.4972816921820705,0.620121742320782,0.27292841658812095,0.9348616927424399,normal,0.006903624619378615,0.022785055842609488,2.77418178842194,0.354560767495038,991.6157159295306,1.40902786212214,2.994882388195524,0.009999030217897092,0.10017989599181779,7523.536933506088,8.77345307079644E-8,1.3695104329960268,0.3655818958638785,14.097157032580277,14.108556335868096,14.113558681242887,0.7026340227420129,0.7030683871994827,0.7085500823680461,1,227,"[1.2399760712745756E-4]","[14.108556335868096]","[-1.3042459415712735]","[0.620121742320782]","[0.9672735088066946]","[normal]","[14.113558681242887]","[1101.8579944049143]","[0.9348616927424399]","[2.77418178842194]","[8028642429438495281]","[7523.536933506088]","[0.7030683871994827]","[0.022785055842609488]","[0.7026340227420129]","[0.10017989599181779]","[0.009999030217897092]","[1.40902786212214]","[2.994882388195524]","[0.354560767495038]","[0.4972816921820705]","[CN]","[991.6157159295306]","[0.3655818958638785]","[0.7085500823680461]","[8.77345307079644E-8]","[0.006903624619378615]","[5859.696309342521]","[1.3695104329960268]","[14.097157032580277]","[0.003882042358466174]","[0.27292841658812095]","[-1694008.0888429752]","[9799.055833082357]"
336,336,0.004970716553680152,9826.368317869217,4678.287795086932,0.4758576953509376,0.35549964262812966,0.2126830978247826,1.1091693377495486,normal,0.00870714673148661,0.008050491937290719,2.7983294578064983,0.3872345865539511,3163.219314400333,1.4421794641704317,2.915974173197505,0.009998315957805374,0.100000028598264,7745.728732965499,8.77345307079644E-8,1.2655651941081114,0.42083243060548425,14.097157032580277,14.107190752314802,14.114270860033285,0.7026340227420129,0.6970501706716223,0.7060981578761436,1,59,"[1.4389726689752818E-4]","[14.107190752314802]","[-1.3609302583791816]","[0.35549964262812966]","[0.9709091003270819]","[normal]","[14.114270860033285]","[1103.076924297615]","[1.1091693377495486]","[2.7983294578064983]","[-6437749924232524308]","[7745.728732965499]","[0.6970501706716223]","[0.008050491937290719]","[0.7026340227420129]","[0.100000028598264]","[0.009998315957805374]","[1.4421794641704317]","[2.915974173197505]","[0.3872345865539511]","[0.4758576953509376]","[CN]","[3163.219314400333]","[0.42083243060548425]","[0.7060981578761436]","[8.77345307079644E-8]","[0.00870714673148661]","[4678.287795086932]","[1.2655651941081114]","[14.097157032580277]","[0.004970716553680152]","[0.2126830978247826]","[-1450719.2293388434]","[9826.368317869217]"
336,336,0.004892797675253904,9789.04307830831,5662.988262232704,0.4785941531305722,0.16568112384178227,0.12535796273095362,0.8881363988162109,normal,0.007751214636880664,0.029632437222123324,2.819325875714558,0.38670394266041885,2254.917850275984,1.493303101674,2.7271397383439004,0.009998751346029509,0.10012269225612029,8162.31240720636,5.118264065107697E-6,1.2400506967940856,0.4969757259649933,14.097157032580277,14.091894540103432,14.108413831917241,0.7026340227420129,0.6694426518904822,0.6935989034017795,1,258,"[1.3522286321853398E-4]","[14.091894540103432]","[-1.4886420969483547]","[0.16568112384178227]","[0.9619175883283517]","[normal]","[14.108413831917241]","[1102.5799873087003]","[0.8881363988162109]","[2.819325875714558]","[8848583806877766407]","[8162.31240720636]","[0.6694426518904822]","[0.029632437222123324]","[0.7026340227420129]","[0.10012269225612029]","[0.009998751346029509]","[1.493303101674]","[2.7271397383439004]","[0.38670394266041885]","[0.4785941531305722]","[CN]","[2254.917850275984]","[0.4969757259649933]","[0.6935989034017795]","[5.118264065107697E-6]","[0.007751214636880664]","[5662.988262232704]","[1.2400506967940856]","[14.097157032580277]","[0.004892797675253904]","[0.12535796273095362]","[-1642588.055785124]","[9789.04307830831]"
336,336,0.007559303511173175,9834.532846726179,6544.672370508841,0.47612850122779343,0.44230580147111326,0.14089502832401551,1.43618506277867,normal,0.008521602979074618,0.00668997014545096,2.7510084642134354,0.447163421511268,4926.945780595417,1.4910866263719948,2.9463485040646535,0.009999321546956973,0.10023142755276211,6385.454361138918,5.440433097401055E-6,1.2740263263986487,0.521025905017533,14.097157032580277,14.095364276417625,14.113167129184047,0.7026340227420129,0.6587337124394281,0.6914188126992296,1,235,"[1.5175397679439298E-4]","[14.095364276417625]","[-1.60892820975464]","[0.44230580147111326]","[0.9755177082197116]","[normal]","[14.113167129184047]","[1109.1416006655654]","[1.43618506277867]","[2.7510084642134354]","[-5581177090013425577]","[6385.454361138918]","[0.6587337124394281]","[0.00668997014545096]","[0.7026340227420129]","[0.10023142755276211]","[0.009999321546956973]","[1.4910866263719948]","[2.9463485040646535]","[0.447163421511268]","[0.47612850122779343]","[CN]","[4926.945780595417]","[0.521025905017533]","[0.6914188126992296]","[5.440433097401055E-6]","[0.008521602979074618]","[6544.672370508841]","[1.2740263263986487]","[14.097157032580277]","[0.007559303511173175]","[0.14089502832401551]","[-1163931.526859504]","[9834.532846726179]"
336,336,0.007538850615963649,9790.936800434376,6689.623761334296,0.4840994171568995,0.37705259275943936,0.109098587408994,1.1287580911109019,normal,0.00839563546976307,0.009582945069169773,2.7419483980635646,0.42344923779832744,2653.338029270213,1.493303101674,2.952426948806505,0.00999822533104401,0.10036768499616429,5632.04500484269,4.140083172444372E-6,1.3017039325305693,0.4821565039414709,14.097157032580277,14.097964572462589,14.11284184678456,0.7026340227420129,0.6683803938475765,0.6917929981802686,1,261,"[1.3800367345249585E-4]","[14.097964572462589]","[-1.4071393248117645]","[0.37705259275943936]","[0.9728582909745491]","[normal]","[14.11284184678456]","[1107.0357792146756]","[1.1287580911109019]","[2.7419483980635646]","[3041464247576893340]","[5632.04500484269]","[0.6683803938475765]","[0.009582945069169773]","[0.7026340227420129]","[0.10036768499616429]","[0.00999822533104401]","[1.493303101674]","[2.952426948806505]","[0.42344923779832744]","[0.4840994171568995]","[CN]","[2653.338029270213]","[0.4821565039414709]","[0.6917929981802686]","[4.140083172444372E-6]","[0.00839563546976307]","[6689.623761334296]","[1.3017039325305693]","[14.097157032580277]","[0.007538850615963649]","[0.109098587408994]","[-1385724.8491735538]","[9790.936800434376]"
336,336,0.00875985830462999,9789.04307830831,6544.92424774549,0.4996439658799,0.3561422448602888,0.4125433237243834,1.1498484882378621,log-normal,0.00686694354887202,0.022727875621435564,2.83151106308429,0.42827475974805523,2873.4456650077454,1.40902786212214,2.77073080330017,0.00999904374363162,0.100000028598264,5632.04500484269,5.45414450945867E-6,1.17551961756878,0.49993070886452984,14.097157032580277,14.110562001132802,14.122350068758807,0.7026340227420129,0.7023236666840259,0.7168012246916748,1,220,"[1.3887927384359438E-4]","[14.110562001132802]","[-1.5602081815947004]","[0.3561422448602888]","[0.9659874165683485]","[log-normal]","[14.122350068758807]","[1100.6292533484846]","[1.1498484882378621]","[2.83151106308429]","[952316404297211392]","[5632.04500484269]","[0.7023236666840259]","[0.022727875621435564]","[0.7026340227420129]","[0.100000028598264]","[0.00999904374363162]","[1.40902786212214]","[2.77073080330017]","[0.42827475974805523]","[0.4996439658799]","[CN]","[2873.4456650077454]","[0.49993070886452984]","[0.7168012246916748]","[5.45414450945867E-6]","[0.00686694354887202]","[6544.92424774549]","[1.17551961756878]","[14.097157032580277]","[0.00875985830462999]","[0.4125433237243834]","[-1538732.4524793387]","[9789.04307830831]"
336,336,0.005754490962074753,9789.04307830831,5075.172119114552,0.4906804173171182,0.22897861326359498,0.877310320847101,0.882364911959983,log-normal,0.00755630748541037,0.03096458518927046,2.7621382141512676,0.3996618504672549,4837.778940343378,1.493303101674,2.992240115967399,0.009998990047123417,0.100000028598264,6733.064431939709,2.0684750014279444E-6,1.17868890027925,0.36005355991857396,14.097157032580277,14.096956321833446,14.109278768551773,0.7026340227420129,0.6760618926361143,0.6904429884836976,1,286,"[1.4842886867584727E-4]","[14.096956321833446]","[-1.3049236789447132]","[0.22897861326359498]","[0.9681921626653996]","[log-normal]","[14.109278768551773]","[1104.2051835689897]","[0.882364911959983]","[2.7621382141512676]","[2635838877388473591]","[6733.064431939709]","[0.6760618926361143]","[0.03096458518927046]","[0.7026340227420129]","[0.100000028598264]","[0.009998990047123417]","[1.493303101674]","[2.992240115967399]","[0.3996618504672549]","[0.4906804173171182]","[CN]","[4837.778940343378]","[0.36005355991857396]","[0.6904429884836976]","[2.0684750014279444E-6]","[0.00755630748541037]","[5075.172119114552]","[1.17868890027925]","[14.097157032580277]","[0.005754490962074753]","[0.877310320847101]","[-1669567.493801653]","[9789.04307830831]"
336,336,0.005472631524392762,9832.774559613665,4616.923250979728,0.4867404890545691,0.24904862053648497,0.5842610950350864,0.8987968656203861,normal,0.006879546321161032,0.03072583245119347,2.768711209907099,0.39569365038906107,2951.945040012047,1.435879426541296,2.89516747951207,0.009999207522885366,0.10005713392107898,6906.069952043198,2.7088505980485813E-6,1.1779377340655965,0.3854027145276729,14.097157032580277,14.106532559649725,14.114888221065517,0.7026340227420129,0.6981734736555469,0.7071582417703469,1,86,"[1.3880049755876726E-4]","[14.106532559649725]","[-1.4539099412756131]","[0.24904862053648497]","[0.9661627222550756]","[normal]","[14.114888221065517]","[1101.6844437305306]","[0.8987968656203861]","[2.768711209907099]","[-1338818849074706400]","[6906.069952043198]","[0.6981734736555469]","[0.03072583245119347]","[0.7026340227420129]","[0.10005713392107898]","[0.009999207522885366]","[1.435879426541296]","[2.89516747951207]","[0.39569365038906107]","[0.4867404890545691]","[CN]","[2951.945040012047]","[0.3854027145276729]","[0.7071582417703469]","[2.7088505980485813E-6]","[0.006879546321161032]","[4616.923250979728]","[1.1779377340655965]","[14.097157032580277]","[0.005472631524392762]","[0.5842610950350864]","[-1662137.146694215]","[9832.774559613665]"
336,336,0.007207798885005099,9900.555784823468,7486.569277472447,0.4996439658799,0.6044397175981024,0.20054432580986137,1.098704300448952,normal,0.008014462724226352,0.0330690103560842,2.8011584996791115,0.3790215105980285,1664.6114178261848,1.4328352186985227,2.8065789276627577,0.009998805223929201,0.1002003529505265,7837.0311812466625,3.095275828907103E-6,1.3772923786547686,0.533378594376973,14.097157032580277,14.10747482533985,14.117911994692404,0.7026340227420129,0.6997143992586822,0.7103074634747452,1,218,"[1.3841973252720616E-4]","[14.10747482533985]","[-1.2004546750571055]","[0.6044397175981024]","[0.9631558361543817]","[normal]","[14.117911994692404]","[1101.2721908722388]","[1.098704300448952]","[2.8011584996791115]","[9025163545906417860]","[7837.0311812466625]","[0.6997143992586822]","[0.0330690103560842]","[0.7026340227420129]","[0.1002003529505265]","[0.009998805223929201]","[1.4328352186985227]","[2.8065789276627577]","[0.3790215105980285]","[0.4996439658799]","[CN]","[1664.6114178261848]","[0.533378594376973]","[0.7103074634747452]","[3.095275828907103E-6]","[0.008014462724226352]","[7486.569277472447]","[1.3772923786547686]","[14.097157032580277]","[0.007207798885005099]","[0.20054432580986137]","[-1673291.1301652892]","[9900.555784823468]"
336,336,0.007559585180240203,9822.286664429115,6325.334091999858,0.48598877258487544,0.38535308685512426,0.11808390136008502,1.1294230241313823,log-normal,0.008363111030428156,0.008589662960870943,2.781993444561692,0.4321812467834829,2338.0439534313973,1.492114100415878,2.951329045306243,0.009998219425019751,0.10027802388088428,6415.699814610283,5.2963241514853385E-6,1.3085386699004795,0.4882971344318715,14.097157032580277,14.097450397090578,14.113818890126275,0.7026340227420129,0.6660756084568634,0.6941840975076417,2,1,"[1.382352275858008E-4,1.4352629322404272E-4]","[14.097450397090578,14.097450397090578]","[-2.3461254960433,-1.1227043734608333]","[0.38535308685512426,0.38535308685512426]","[0.9735432099378238,0.9735432099378238]","[log-normal,log-normal]","[14.113818993113703,14.113818787138847]","[1107.956102436408,1107.958801462831]","[1.1294230241313823,1.1294230241313823]","[2.781993444561692,2.781993444561692]","[-1593786634394100659,-7933843138470082571]","[6415.699814610283,6415.699814610283]","[0.6660756084568634,0.6660756084568634]","[0.008589662960870943,0.008589662960870943]","[0.7026340227420129,0.7026340227420129]","[0.10027802388088428,0.10027802388088428]","[0.009998219425019751,0.009998219425019751]","[1.492114100415878,1.492114100415878]","[2.951329045306243,2.951329045306243]","[0.4321812467834829,0.4321812467834829]","[0.48598877258487544,0.48598877258487544]","[CN,CN]","[2338.0439534313973,2338.0439534313973]","[0.4882971344318715,0.4882971344318715]","[0.6941847074859823,0.6941834875293009]","[5.2963241514853385E-6,5.2963241514853385E-6]","[0.008363111030428156,0.008363111030428156]","[6325.334091999858,6325.334091999858]","[1.3085386699004795,1.3085386699004795]","[14.097157032580277,14.097157032580277]","[0.007559585180240203,0.007559585180240203]","[0.11808390136008502,0.11808390136008502]","[-1328042.3367768594,-1328042.3367768594]","[9822.286664429115,9822.286664429115]"
336,336,0.00528401212035573,9825.354962148354,4574.20968645122,0.4896189828644071,0.27026921808770205,0.8463487759100308,0.882364911959983,log-normal,0.007198119532178216,0.03235683556632829,2.754855262677791,0.42202593543866057,2389.648088486206,1.4275475909243183,2.87943833543162,0.00999859908725401,0.100000028598264,6711.359796498751,2.0451537040010034E-6,1.17551961756878,0.3875629350748343,14.097157032580277,14.104954497715038,14.113838410077998,0.7026340227420129,0.6944383125711713,0.7045068510564355,1,136,"[1.3497902750334828E-4]","[14.104954497715038]","[-1.3885591589147306]","[0.27026921808770205]","[0.9668605858148694]","[log-normal]","[14.113838410077998]","[1102.4664884230301]","[0.882364911959983]","[2.754855262677791]","[-1670960654884794637]","[6711.359796498751]","[0.6944383125711713]","[0.03235683556632829]","[0.7026340227420129]","[0.100000028598264]","[0.00999859908725401]","[1.4275475909243183]","[2.87943833543162]","[0.42202593543866057]","[0.4896189828644071]","[CN]","[2389.648088486206]","[0.3875629350748343]","[0.7045068510564355]","[2.0451537040010034E-6]","[0.007198119532178216]","[4574.20968645122]","[1.17551961756878]","[14.097157032580277]","[0.00528401212035573]","[0.8463487759100308]","[-1616539.5268595044]","[9825.354962148354]"
336,336,0.005149504926045836,9830.739457018952,4895.668641744478,0.4826042521465669,0.3595695869783463,0.19956758831150212,1.050757226651231,log-normal,0.008600282161784436,0.020312281927167962,2.7986364403707142,0.38911732075134664,4251.366392181969,1.4406832697240994,3.0,0.00999832876253257,0.100000028598264,7728.329582880127,9.77384943620587E-7,1.253119681242865,0.42040572445118024,14.097157032580277,14.106282737163596,14.114259485544997,0.7026340227420129,0.6966128512970815,0.7062334153737285,1,269,"[1.561607680004038E-4]","[14.106282737163596]","[-1.554130321901888]","[0.3595695869783463]","[0.9691671184146562]","[log-normal]","[14.114259485544997]","[1102.2331526562027]","[1.050757226651231]","[2.7986364403707142]","[-5238735591048867645]","[7728.329582880127]","[0.6966128512970815]","[0.020312281927167962]","[0.7026340227420129]","[0.100000028598264]","[0.00999832876253257]","[1.4406832697240994]","[3.0]","[0.38911732075134664]","[0.4826042521465669]","[CN]","[4251.366392181969]","[0.42040572445118024]","[0.7062334153737285]","[9.77384943620587E-7]","[0.008600282161784436]","[4895.668641744478]","[1.253119681242865]","[14.097157032580277]","[0.005149504926045836]","[0.19956758831150212]","[-1640083.064049587]","[9830.739457018952]"
336,336,0.004777388690564923,9879.910914525464,5920.449892418982,0.4922857265558296,0.165274074542477,0.7613735203426923,0.8980640816440593,normal,0.007679940222720909,0.040791219719515374,2.7662167885964055,0.40521695495047727,2943.1632722626127,1.418147528236562,2.9271308102678066,0.009998733513861248,0.10010158634790597,6318.471348721505,1.7379244220373865E-6,1.2249511884748305,0.356349474101747,14.097157032580277,14.105667821077528,14.113392227073343,0.7026340227420129,0.6972797461529595,0.7053836424326069,1,153,"[1.3660919704482413E-4]","[14.105667821077528]","[-1.3340553668366726]","[0.165274074542477]","[0.9663504800559882]","[normal]","[14.113392227073343]","[1102.0431890894279]","[0.8980640816440593]","[2.7662167885964055]","[-1835625746377927274]","[6318.471348721505]","[0.6972797461529595]","[0.040791219719515374]","[0.7026340227420129]","[0.10010158634790597]","[0.009998733513861248]","[1.418147528236562]","[2.9271308102678066]","[0.40521695495047727]","[0.4922857265558296]","[CN]","[2943.1632722626127]","[0.356349474101747]","[0.7053836424326069]","[1.7379244220373865E-6]","[0.007679940222720909]","[5920.449892418982]","[1.2249511884748305]","[14.097157032580277]","[0.004777388690564923]","[0.7613735203426923]","[-1677370.2045454546]","[9879.910914525464]"
336,336,0.0053701437865043885,9829.198126827157,4574.20968645122,0.4857191309393102,0.3063328643322275,0.3081529279169614,1.0759961902461799,normal,0.008275207362338832,0.017517392605392774,2.78196684892437,0.36796633608362406,2936.253465665558,1.4390789526985988,2.979680825233294,0.0099981729369515,0.10012687785579545,8112.334389701604,1.0978123505778154E-6,1.3161917414271578,0.424083841478764,14.097157032580277,14.108258982733282,14.11552452759756,0.7026340227420129,0.7011953886657251,0.7090598353671065,1,171,"[1.396172606630189E-4]","[14.108258982733282]","[-1.4375370590324315]","[0.3063328643322275]","[0.9683695615612019]","[normal]","[14.11552452759756]","[1101.7799470831237]","[1.0759961902461799]","[2.78196684892437]","[5129397915408502453]","[8112.334389701604]","[0.7011953886657251]","[0.017517392605392774]","[0.7026340227420129]","[0.10012687785579545]","[0.0099981729369515]","[1.4390789526985988]","[2.979680825233294]","[0.36796633608362406]","[0.4857191309393102]","[CN]","[2936.253465665558]","[0.424083841478764]","[0.7090598353671065]","[1.0978123505778154E-6]","[0.008275207362338832]","[4574.20968645122]","[1.3161917414271578]","[14.097157032580277]","[0.0053701437865043885]","[0.3081529279169614]","[-1659886.0392561983]","[9829.198126827157]"
336,336,0.007664674079273301,9860.639537397987,6945.125917024279,0.4992803957281484,0.40896938203539424,0.5288796632101853,0.9781361048227774,log-normal,0.006964248040778508,0.021371301338076555,2.7996491151584704,0.37901238838667795,1922.524235989091,1.445447800078643,3.0,0.009999581964588488,0.10019616198396923,7902.568225355378,5.45414450945867E-6,1.3470498355926828,0.5314385492450209,14.097157032580277,14.109856585594246,14.119797668602807,0.7026340227420129,0.7017773015819273,0.7134149308924862,1,158,"[1.4038574236556578E-4]","[14.109856585594246]","[-1.158273332614362]","[0.40896938203539424]","[0.9685798443820288]","[log-normal]","[14.119797668602807]","[1101.3283809911457]","[0.9781361048227774]","[2.7996491151584704]","[-6693343939260153433]","[7902.568225355378]","[0.7017773015819273]","[0.021371301338076555]","[0.7026340227420129]","[0.10019616198396923]","[0.009999581964588488]","[1.445447800078643]","[3.0]","[0.37901238838667795]","[0.4992803957281484]","[CN]","[1922.524235989091]","[0.5314385492450209]","[0.7134149308924862]","[5.45414450945867E-6]","[0.006964248040778508]","[6945.125917024279]","[1.3470498355926828]","[14.097157032580277]","[0.007664674079273301]","[0.5288796632101853]","[-1659716.7830578513]","[9860.639537397987]"
336,336,0.005434898866589947,9792.466151676124,6702.887830813056,0.4696772487611819,0.165274074542477,0.109098587408994,1.0098646562619853,log-normal,0.00870714673148661,0.02218209169419658,2.807165309201465,0.36807554667002024,3196.3245189171403,1.4552673346816971,2.9637556172360617,0.00999965136367384,0.10007953919975114,7678.991566086434,8.77345307079644E-8,1.1842446980321857,0.35919368887839037,14.097157032580277,14.105576458836538,14.114697433532085,0.7026340227420129,0.695522850920204,0.7071590680407204,1,206,"[1.4282979846350915E-4]","[14.105576458836538]","[-2.524786322902447]","[0.165274074542477]","[0.967474799898755]","[log-normal]","[14.114697433532085]","[1101.200059989762]","[1.0098646562619853]","[2.807165309201465]","[764199331896892043]","[7678.991566086434]","[0.695522850920204]","[0.02218209169419658]","[0.7026340227420129]","[0.10007953919975114]","[0.00999965136367384]","[1.4552673346816971]","[2.9637556172360617]","[0.36807554667002024]","[0.4696772487611819]","[CN]","[3196.3245189171403]","[0.35919368887839037]","[0.7071590680407204]","[8.77345307079644E-8]","[0.00870714673148661]","[6702.887830813056]","[1.1842446980321857]","[14.097157032580277]","[0.005434898866589947]","[0.109098587408994]","[-1678978.1384297514]","[9792.466151676124]"
336,336,0.00550767216960486,9815.812591254251,4574.20968645122,0.4862890632163978,0.2356937321320149,0.8571128688015195,0.891213003339846,log-normal,0.007337275298922663,0.030772306064118387,2.758230786539348,0.42477472980225717,3966.0550263353307,1.4679013763502038,2.9484409116317356,0.009998965013457104,0.100000028598264,6734.204996799491,1.5070006220969955E-6,1.183278975323884,0.356349474101747,14.097157032580277,14.098825987334267,14.110352524554344,0.7026340227420129,0.6792864568333902,0.6937172740307704,1,231,"[1.4310132536250747E-4]","[14.098825987334267]","[-1.122347190980745]","[0.2356937321320149]","[0.9684228523146425]","[log-normal]","[14.110352524554344]","[1104.413576010396]","[0.891213003339846]","[2.758230786539348]","[-8707541132178224075]","[6734.204996799491]","[0.6792864568333902]","[0.030772306064118387]","[0.7026340227420129]","[0.100000028598264]","[0.009998965013457104]","[1.4679013763502038]","[2.9484409116317356]","[0.42477472980225717]","[0.4862890632163978]","[CN]","[3966.0550263353307]","[0.356349474101747]","[0.6937172740307704]","[1.5070006220969955E-6]","[0.007337275298922663]","[4574.20968645122]","[1.183278975323884]","[14.097157032580277]","[0.00550767216960486]","[0.8571128688015195]","[-1616979.5929752067]","[9815.812591254251]"
336,336,0.003876257759496547,9815.435040920638,4584.7162537256845,0.4984915051223593,0.6200493620061531,0.15746694292577826,0.9482203137623264,normal,0.00686694354887202,0.021785250405949797,2.758866786568436,0.3468868678054362,512.4335599393144,1.4170062872910845,3.0,0.009999061678268271,0.1001966818787542,7637.149294295095,1.5535839412525826E-6,1.3902943217459782,0.3618587213601112,14.097157032580277,14.108631535633128,14.113664819987942,0.7026340227420129,0.7034383740929474,0.7090183563897725,2,179,"[1.1184893387566E-4,1.141184575587253E-4]","[14.108631535633128,14.108631535633128]","[-1.518237102487338,-1.2476496246570585]","[0.6200493620061531,0.6200493620061531]","[0.9672399340568655,0.9672399340568655]","[normal,normal]","[14.113664821466122,14.113664818509765]","[1101.668334666588,1101.6676995840587]","[0.9482203137623264,0.9482203137623264]","[2.758866786568436,2.758866786568436]","[770171727588918248,1662063247645841118]","[7637.149294295095,7637.149294295095]","[0.7034383740929474,0.7034383740929474]","[0.021785250405949797,0.021785250405949797]","[0.7026340227420129,0.7026340227420129]","[0.1001966818787542,0.1001966818787542]","[0.009999061678268271,0.009999061678268271]","[1.4170062872910845,1.4170062872910845]","[3.0,3.0]","[0.3468868678054362,0.3468868678054362]","[0.4984915051223593,0.4984915051223593]","[CN,CN]","[512.4335599393144,512.4335599393144]","[0.3618587213601112,0.3618587213601112]","[0.7090181709809013,0.7090185417986437]","[1.5535839412525826E-6,1.5535839412525826E-6]","[0.00686694354887202,0.00686694354887202]","[4584.7162537256845,4584.7162537256845]","[1.3902943217459782,1.3902943217459782]","[14.097157032580277,14.097157032580277]","[0.003876257759496547,0.003876257759496547]","[0.15746694292577826,0.15746694292577826]","[-1708750.3037190083,-1708750.3037190083]","[9815.435040920638,9815.435040920638]"
336,336,0.0074315988902818545,9829.45523287692,6385.661493878338,0.4755035504315877,0.4083849021775987,0.1395208247242728,1.2284966117901945,normal,0.008489543911206404,0.00668997014545096,2.7501927446817,0.447163421511268,5139.97796489452,1.4903340082745125,2.962914258729125,0.009999292973868536,0.10025062082040764,6515.091789745302,5.45414450945867E-6,1.2779243658308692,0.5191038204042493,14.097157032580277,14.096444506806797,14.113021848867023,0.7026340227420129,0.6620874048763263,0.6914594245854901,1,83,"[1.505221015735081E-4]","[14.096444506806797]","[-1.6430825225684804]","[0.4083849021775987]","[0.9758146951771063]","[normal]","[14.113021848867023]","[1108.7432158115537]","[1.2284966117901945]","[2.7501927446817]","[-6096665107956693535]","[6515.091789745302]","[0.6620874048763263]","[0.00668997014545096]","[0.7026340227420129]","[0.10025062082040764]","[0.009999292973868536]","[1.4903340082745125]","[2.962914258729125]","[0.447163421511268]","[0.4755035504315877]","[CN]","[5139.97796489452]","[0.5191038204042493]","[0.6914594245854901]","[5.45414450945867E-6]","[0.008489543911206404]","[6385.661493878338]","[1.2779243658308692]","[14.097157032580277]","[0.0074315988902818545]","[0.1395208247242728]","[-1176930.4028925614]","[9829.45523287692]"
336,336,0.00875985830462999,9923.816082944491,6316.945399743561,0.48500350557003336,0.2756942925617445,0.4439358119450951,1.2389903554467883,normal,0.007348022546575518,0.03681819949515427,2.790574295032608,0.3830551454806694,479.260101476493,1.4445454535196034,2.8137313466210516,0.0099981729369515,0.10016856514628016,7928.858975261726,3.012910954240312E-6,1.3821238934219389,0.4311471809986564,14.097157032580277,14.108613275542343,14.120528745695378,0.7026340227420129,0.7019521155560732,0.7128004042126039,1,325,"[1.0428357430661744E-4]","[14.108613275542343]","[-1.6103873283875905]","[0.2756942925617445]","[0.9632143826719081]","[normal]","[14.120528745695378]","[1100.2638058725372]","[1.2389903554467883]","[2.790574295032608]","[-386181744910888191]","[7928.858975261726]","[0.7019521155560732]","[0.03681819949515427]","[0.7026340227420129]","[0.10016856514628016]","[0.0099981729369515]","[1.4445454535196034]","[2.8137313466210516]","[0.3830551454806694]","[0.48500350557003336]","[CN]","[479.260101476493]","[0.4311471809986564]","[0.7128004042126039]","[3.012910954240312E-6]","[0.007348022546575518]","[6316.945399743561]","[1.3821238934219389]","[14.097157032580277]","[0.00875985830462999]","[0.4439358119450951]","[-1689023.493801653]","[9923.816082944491]"
336,336,0.004874563707679455,9823.639473966286,7504.70308523071,0.48023084094915064,0.3857928608961355,0.109098587408994,1.2660686225884303,log-normal,0.008508748866174826,0.010516687909696633,2.7780277782627865,0.4262615244346818,3104.3804487992757,1.4894103993349885,2.9424347913796183,0.0099981729369515,0.10014253002747762,6988.201519148596,4.308393657720716E-6,1.352210488593907,0.48859605107523446,14.097157032580277,14.095392582387513,14.107158135515139,0.7026340227420129,0.6663063539362747,0.6850401797125715,1,304,"[1.47541111538344E-4]","[14.095392582387513]","[-1.8219470022689128]","[0.3857928608961355]","[0.9725375603300423]","[log-normal]","[14.107158135515139]","[1107.7250747130406]","[1.2660686225884303]","[2.7780277782627865]","[3913690343502743207]","[6988.201519148596]","[0.6663063539362747]","[0.010516687909696633]","[0.7026340227420129]","[0.10014253002747762]","[0.0099981729369515]","[1.4894103993349885]","[2.9424347913796183]","[0.4262615244346818]","[0.48023084094915064]","[CN]","[3104.3804487992757]","[0.48859605107523446]","[0.6850401797125715]","[4.308393657720716E-6]","[0.008508748866174826]","[7504.70308523071]","[1.352210488593907]","[14.097157032580277]","[0.004874563707679455]","[0.109098587408994]","[-1403056.683884298]","[9823.639473966286]"
336,336,0.008494686300149015,9849.419486724833,7218.062106483453,0.4748370160199257,0.4413156602656526,0.4958984187814589,1.43618506277867,normal,0.00686694354887202,0.03500044312547464,2.83151106308429,0.3611027533347003,2489.0440208645377,1.493303101674,2.947519744870875,0.0099981729369515,0.10032907772010628,7853.127188571872,3.643201356021259E-6,1.40185591671431,0.533378594376973,14.097157032580277,14.104807781340055,14.118296470147543,0.7026340227420129,0.6926944708763426,0.7083059415574698,1,203,"[1.3867188022226355E-4]","[14.104807781340055]","[-1.5425419624944865]","[0.4413156602656526]","[0.9654571415498208]","[normal]","[14.118296470147543]","[1100.2910997797114]","[1.43618506277867]","[2.83151106308429]","[-2375912814806524513]","[7853.127188571872]","[0.6926944708763426]","[0.03500044312547464]","[0.7026340227420129]","[0.10032907772010628]","[0.0099981729369515]","[1.493303101674]","[2.947519744870875]","[0.3611027533347003]","[0.4748370160199257]","[CN]","[2489.0440208645377]","[0.533378594376973]","[0.7083059415574698]","[3.643201356021259E-6]","[0.00686694354887202]","[7218.062106483453]","[1.40185591671431]","[14.097157032580277]","[0.008494686300149015]","[0.4958984187814589]","[-1724152.6177685948]","[9849.419486724833]"
336,336,0.006984287073930744,9828.508542608932,6334.989180571937,0.4928698622363795,0.34502510767343725,0.109098587408994,1.0056411674274226,normal,0.00870714673148661,0.00668997014545096,2.7199202264648585,0.447163421511268,2524.299163328813,1.493303101674,2.9508173655426715,0.009998576962726576,0.10027918598205653,7838.903312934934,3.565066166713241E-6,1.3111230863205183,0.47880835286682777,14.097157032580277,14.09386736700249,14.111172402642733,0.7026340227420129,0.6558123446338062,0.6876062432751527,2,299,"[1.386332958747367E-4,1.438694142825692E-4]","[14.09386736700249,14.09386736700249]","[-1.4032000829222595,-1.5270722513802206]","[0.34502510767343725,0.34502510767343725]","[0.9756373651956821,0.9756373651956821]","[normal,normal]","[14.111172486556395,14.11117231872907]","[1109.6840362998653,1109.6854354956035]","[1.0056411674274226,1.0056411674274226]","[2.7199202264648585,2.7199202264648585]","[-49119010044470698,4238824203993551134]","[7838.903312934934,7838.903312934934]","[0.6558123446338062,0.6558123446338062]","[0.00668997014545096,0.00668997014545096]","[0.7026340227420129,0.7026340227420129]","[0.10027918598205653,0.10027918598205653]","[0.009998576962726576,0.009998576962726576]","[1.493303101674,1.493303101674]","[2.9508173655426715,2.9508173655426715]","[0.447163421511268,0.447163421511268]","[0.4928698622363795,0.4928698622363795]","[CN,CN]","[2524.299163328813,2524.299163328813]","[0.47880835286682777,0.47880835286682777]","[0.6876068138107507,0.6876056727395548]","[3.565066166713241E-6,3.565066166713241E-6]","[0.00870714673148661,0.00870714673148661]","[6334.989180571937,6334.989180571937]","[1.3111230863205183,1.3111230863205183]","[14.097157032580277,14.097157032580277]","[0.006984287073930744,0.006984287073930744]","[0.109098587408994,0.109098587408994]","[-1171243.3946280996,-1171243.3946280996]","[9828.508542608932,9828.508542608932]"
336,336,0.004702436641893893,9829.452470188397,5781.397943409399,0.49368060309579104,0.4793577915955315,0.15541363328590257,0.9050986147500918,log-normal,0.008391289976276242,0.0320009732484581,2.7957293165537584,0.3815485682210005,5139.97796489452,1.461658355199807,2.996118109367741,0.009999510110060273,0.10000106884200925,6884.518510772949,2.7258335823844033E-7,1.1866939547172854,0.356349474101747,14.097157032580277,14.102195791302876,14.111056449841856,0.7026340227420129,0.6889793522399789,0.699057987186103,1,327,"[1.495462546224611E-4]","[14.102195791302876]","[-1.4546567983387753]","[0.4793577915955315]","[0.9674167636894946]","[log-normal]","[14.111056449841856]","[1103.3527377668386]","[0.9050986147500918]","[2.7957293165537584]","[4081527683441234817]","[6884.518510772949]","[0.6889793522399789]","[0.0320009732484581]","[0.7026340227420129]","[0.10000106884200925]","[0.009999510110060273]","[1.461658355199807]","[2.996118109367741]","[0.3815485682210005]","[0.49368060309579104]","[CN]","[5139.97796489452]","[0.356349474101747]","[0.699057987186103]","[2.7258335823844033E-7]","[0.008391289976276242]","[5781.397943409399]","[1.1866939547172854]","[14.097157032580277]","[0.004702436641893893]","[0.15541363328590257]","[-1691672.3533057845]","[9829.452470188397]"
336,336,0.004862980620917208,9927.98280683806,5091.861579327475,0.4811552686354066,0.35160279419256046,0.109098587408994,1.43618506277867,normal,0.007430488458659718,0.033611624217239136,2.8234000379051465,0.41859863338500847,5139.97796489452,1.472356148021667,2.714959829284156,0.00999871945629674,0.10020000102845605,5632.04500484269,2.2679268208870716E-6,1.3026875984583237,0.4642890337707264,14.097157032580277,14.094417210673736,14.108611906997584,0.7026340227420129,0.6762246164804533,0.6924670024865686,1,247,"[1.4505252181491342E-4]","[14.094417210673736]","[-1.857266089368067]","[0.35160279419256046]","[0.9628293106417192]","[normal]","[14.108611906997584]","[1103.055355047868]","[1.43618506277867]","[2.8234000379051465]","[-2566074394582710284]","[5632.04500484269]","[0.6762246164804533]","[0.033611624217239136]","[0.7026340227420129]","[0.10020000102845605]","[0.00999871945629674]","[1.472356148021667]","[2.714959829284156]","[0.41859863338500847]","[0.4811552686354066]","[CN]","[5139.97796489452]","[0.4642890337707264]","[0.6924670024865686]","[2.2679268208870716E-6]","[0.007430488458659718]","[5091.861579327475]","[1.3026875984583237]","[14.097157032580277]","[0.004862980620917208]","[0.109098587408994]","[-1607992.0888429752]","[9927.98280683806]"
336,336,0.004516990051328125,9792.474094726766,6692.038102478229,0.4974966808722424,0.620121742320782,0.22382319608246187,1.1604126005552293,log-normal,0.007053606461749346,0.01925106710732879,2.76850022230293,0.325242848903376,1050.3532560242159,1.4091196701932789,3.0,0.009998862362481537,0.10029495554205682,7892.900353376726,1.3034038479185265E-6,1.3641128951904453,0.36057337024078034,14.097157032580277,14.10980926521131,14.115153905080103,0.7026340227420129,0.7050586284983431,0.7109487463190336,1,182,"[1.255384115525277E-4]","[14.10980926521131]","[-4.2020623595679165]","[0.620121742320782]","[0.9667127125953726]","[log-normal]","[14.115153905080103]","[1101.5460606839933]","[1.1604126005552293]","[2.76850022230293]","[6348083085040160307]","[7892.900353376726]","[0.7050586284983431]","[0.01925106710732879]","[0.7026340227420129]","[0.10029495554205682]","[0.009998862362481537]","[1.4091196701932789]","[3.0]","[0.325242848903376]","[0.4974966808722424]","[CN]","[1050.3532560242159]","[0.36057337024078034]","[0.7109487463190336]","[1.3034038479185265E-6]","[0.007053606461749346]","[6692.038102478229]","[1.3641128951904453]","[14.097157032580277]","[0.004516990051328125]","[0.22382319608246187]","[-1715808.2871900827]","[9792.474094726766]"
336,336,0.005165904841391382,9907.633901396392,7456.346587324565,0.49548415885213426,0.23850445806896486,0.5001365291284006,1.29030410141823,normal,0.007336126462192848,0.02313618439528747,2.7785875398901663,0.35535721081959687,2141.229699602937,1.4442703903642466,2.8130778292072227,0.009999391917878143,0.10023422660063784,8094.01868830263,1.543951891655994E-6,1.3083623307726107,0.356349474101747,14.097157032580277,14.10697906417267,14.114649744110178,0.7026340227420129,0.6996673581462268,0.7077030287277347,1,114,"[1.3349406869848056E-4]","[14.10697906417267]","[-1.8066989470189545]","[0.23850445806896486]","[0.963338084379789]","[normal]","[14.114649744110178]","[1101.9105911801526]","[1.29030410141823]","[2.7785875398901663]","[4925134880127129567]","[8094.01868830263]","[0.6996673581462268]","[0.02313618439528747]","[0.7026340227420129]","[0.10023422660063784]","[0.009999391917878143]","[1.4442703903642466]","[2.8130778292072227]","[0.35535721081959687]","[0.49548415885213426]","[CN]","[2141.229699602937]","[0.356349474101747]","[0.7077030287277347]","[1.543951891655994E-6]","[0.007336126462192848]","[7456.346587324565]","[1.3083623307726107]","[14.097157032580277]","[0.005165904841391382]","[0.5001365291284006]","[-1671937.0805785125]","[9907.633901396392]"
336,336,0.004112803712015236,9801.1779206336,5844.430536280748,0.49779648104847424,0.620121742320782,0.24437688774538197,0.8857065870626298,log-normal,0.006953111409868856,0.023684592905278627,2.7754804404747815,0.3472702360763498,496.17983628616906,1.4169044540855038,2.9453196350500996,0.009998878489168328,0.1002654422673138,7738.08680341769,7.445560978111123E-7,1.3846458427056223,0.3587853439418249,14.097157032580277,14.108418800933103,14.113889334810782,0.7026340227420129,0.7027395952830497,0.7088615631992962,1,155,"[1.1569508787875096E-4]","[14.108418800933103]","[-1.8121908840125878]","[0.620121742320782]","[0.9658451362270495]","[log-normal]","[14.113889334810782]","[1101.7894021332697]","[0.8857065870626298]","[2.7754804404747815]","[-5827550794417858480]","[7738.08680341769]","[0.7027395952830497]","[0.023684592905278627]","[0.7026340227420129]","[0.1002654422673138]","[0.009998878489168328]","[1.4169044540855038]","[2.9453196350500996]","[0.3472702360763498]","[0.49779648104847424]","[CN]","[496.17983628616906]","[0.3587853439418249]","[0.7088615631992962]","[7.445560978111123E-7]","[0.006953111409868856]","[5844.430536280748]","[1.3846458427056223]","[14.097157032580277]","[0.004112803712015236]","[0.24437688774538197]","[-1701336.882231405]","[9801.1779206336]"
336,336,0.007523391145627777,9805.175398796797,6653.019112597792,0.48380107067107553,0.386381493037113,0.109098587408994,1.1295694151382731,log-normal,0.008404590247532234,0.009718143877745479,2.7451288536700025,0.447163421511268,2358.6386174369154,1.4822761932448476,2.880995410126653,0.009998288660776655,0.100401026074943,5632.04500484269,5.3966277379224446E-6,1.313977173761777,0.48818813612235257,14.097157032580277,14.096388435431537,14.113203848083343,0.7026340227420129,0.6639865830557564,0.6924620480308875,1,232,"[1.374366189758686E-4]","[14.096388435431537]","[-3.3435422400011023]","[0.386381493037113]","[0.9730987981376813]","[log-normal]","[14.113203848083343]","[1107.085073299685]","[1.1295694151382731]","[2.7451288536700025]","[-7834416324414566722]","[5632.04500484269]","[0.6639865830557564]","[0.009718143877745479]","[0.7026340227420129]","[0.100401026074943]","[0.009998288660776655]","[1.4822761932448476]","[2.880995410126653]","[0.447163421511268]","[0.48380107067107553]","[CN]","[2358.6386174369154]","[0.48818813612235257]","[0.6924620480308875]","[5.3966277379224446E-6]","[0.008404590247532234]","[6653.019112597792]","[1.313977173761777]","[14.097157032580277]","[0.007523391145627777]","[0.109098587408994]","[-1281733.840909091]","[9805.175398796797]"
336,336,0.005276454231586774,9816.419571195142,6965.527023643703,0.47886547462129414,0.31899398948910496,0.3383944919302455,0.8874189602882958,log-normal,0.00870714673148661,0.019263767787682583,2.83151106308429,0.3826194486442908,3236.1738418256427,1.447289246417286,2.9816777719634215,0.009998386176831036,0.10005656173041076,7313.3160176048805,8.77345307079644E-8,1.2691855587606615,0.4029715394189336,14.097157032580277,14.105914302943654,14.113945263341263,0.7026340227420129,0.6955489505837722,0.7043861423119538,1,334,"[1.4074474161657094E-4]","[14.105914302943654]","[-1.457836157627364]","[0.31899398948910496]","[0.9685901308238286]","[log-normal]","[14.113945263341263]","[1101.831515743028]","[0.8874189602882958]","[2.83151106308429]","[731812571113787068]","[7313.3160176048805]","[0.6955489505837722]","[0.019263767787682583]","[0.7026340227420129]","[0.10005656173041076]","[0.009998386176831036]","[1.447289246417286]","[2.9816777719634215]","[0.3826194486442908]","[0.47886547462129414]","[CN]","[3236.1738418256427]","[0.4029715394189336]","[0.7043861423119538]","[8.77345307079644E-8]","[0.00870714673148661]","[6965.527023643703]","[1.2691855587606615]","[14.097157032580277]","[0.005276454231586774]","[0.3383944919302455]","[-1645566.9648760334]","[9816.419571195142]"
336,336,0.005500201686592038,9861.02781249399,4574.20968645122,0.49166586168052234,0.165274074542477,0.8620685363510464,0.9631556502404331,log-normal,0.007084997183187196,0.029887962649768667,2.7653810039965534,0.39921462750133413,3180.184163577369,1.4204529767101757,2.914025666532639,0.009998576912039415,0.10005511090051956,6541.156862022888,2.4298946715495466E-6,1.184068985410686,0.3884216531997538,14.097157032580277,14.107609220528305,14.115518730704352,0.7026340227420129,0.7000110361376518,0.7086880610827097,1,17,"[1.384908139207105E-4]","[14.107609220528305]","[-1.5166659586250026]","[0.165274074542477]","[0.9668087708679287]","[log-normal]","[14.115518730704352]","[1101.5469214947389]","[0.9631556502404331]","[2.7653810039965534]","[-4805574095715165797]","[6541.156862022888]","[0.7000110361376518]","[0.029887962649768667]","[0.7026340227420129]","[0.10005511090051956]","[0.009998576912039415]","[1.4204529767101757]","[2.914025666532639]","[0.39921462750133413]","[0.49166586168052234]","[CN]","[3180.184163577369]","[0.3884216531997538]","[0.7086880610827097]","[2.4298946715495466E-6]","[0.007084997183187196]","[4574.20968645122]","[1.184068985410686]","[14.097157032580277]","[0.005500201686592038]","[0.8620685363510464]","[-1654046.7004132231]","[9861.02781249399]"
336,336,0.00875985830462999,9828.3981210375,6328.233773131402,0.473420941039257,0.34544513466898896,0.109098587408994,1.1337061005592923,log-normal,0.00870714673148661,0.012124966222829471,2.7804464447467043,0.4351420380860528,4603.550323211393,1.493303101674,2.952166686065514,0.009999391613559883,0.10028848342243213,6627.848344131174,5.45414450945867E-6,1.2859534353462427,0.5201684799222437,14.097157032580277,14.09482220144308,14.11247464760292,0.7026340227420129,0.6588323770129331,0.6866095772786658,1,233,"[1.5216349038034638E-4]","[14.09482220144308]","[-1.9419169736824724]","[0.34544513466898896]","[0.9725200837595558]","[log-normal]","[14.11247464760292]","[1107.7143447250442]","[1.1337061005592923]","[2.7804464447467043]","[873998133229655425]","[6627.848344131174]","[0.6588323770129331]","[0.012124966222829471]","[0.7026340227420129]","[0.10028848342243213]","[0.009999391613559883]","[1.493303101674]","[2.952166686065514]","[0.4351420380860528]","[0.473420941039257]","[CN]","[4603.550323211393]","[0.5201684799222437]","[0.6866095772786658]","[5.45414450945867E-6]","[0.00870714673148661]","[6328.233773131402]","[1.2859534353462427]","[14.097157032580277]","[0.00875985830462999]","[0.109098587408994]","[-1410368.5516528923]","[9828.3981210375]"
336,336,0.005078881302666375,9935.66169366317,7221.24770702471,0.49550991678602935,0.2657886136431703,0.6573009613659242,1.2547376610101115,normal,0.007277602941149132,0.01661130007793779,2.7792294105677677,0.36355086208629267,2151.691278374655,1.4490734586092313,2.8165581487009637,0.009999319059164995,0.10018961837607872,8026.6737658369475,1.2147004346640616E-6,1.2880059999040467,0.356349474101747,14.097157032580277,14.107114282963572,14.11502642954551,0.7026340227420129,0.699379819485665,0.7088884640938605,1,200,"[1.3291709961648214E-4]","[14.107114282963572]","[-1.7275812656598595]","[0.2657886136431703]","[0.9649445496778825]","[normal]","[14.11502642954551]","[1102.006737807288]","[1.2547376610101115]","[2.7792294105677677]","[2957778057899316826]","[8026.6737658369475]","[0.699379819485665]","[0.01661130007793779]","[0.7026340227420129]","[0.10018961837607872]","[0.009999319059164995]","[1.4490734586092313]","[2.8165581487009637]","[0.36355086208629267]","[0.49550991678602935]","[CN]","[2151.691278374655]","[0.356349474101747]","[0.7088884640938605]","[1.2147004346640616E-6]","[0.007277602941149132]","[7221.24770702471]","[1.2880059999040467]","[14.097157032580277]","[0.005078881302666375]","[0.6573009613659242]","[-1634192.948347107]","[9935.66169366317]"
336,336,0.008191563656743454,9828.040799835877,6396.28616851695,0.4848349812379451,0.3639971906292493,0.20289368695965793,1.0969125383522345,log-normal,0.00837786847639462,0.00668997014545096,2.7815663387624125,0.447163421511268,2019.3343632793403,1.473300668493342,2.947404623097814,0.009998458871135171,0.10021665533162168,5632.04500484269,4.330199422244139E-6,1.3327661862822044,0.4891526363393639,14.097157032580277,14.100958610494251,14.116966011014451,0.7026340227420129,0.6725438784945866,0.7005740976671296,1,333,"[1.3694085206363146E-4]","[14.100958610494251]","[-1.3905740976913707]","[0.3639971906292493]","[0.9755258530403792]","[log-normal]","[14.116966011014451]","[1107.1344829464256]","[1.0969125383522345]","[2.7815663387624125]","[7237824301348389820]","[5632.04500484269]","[0.6725438784945866]","[0.00668997014545096]","[0.7026340227420129]","[0.10021665533162168]","[0.009998458871135171]","[1.473300668493342]","[2.947404623097814]","[0.447163421511268]","[0.4848349812379451]","[CN]","[2019.3343632793403]","[0.4891526363393639]","[0.7005740976671296]","[4.330199422244139E-6]","[0.00837786847639462]","[6396.28616851695]","[1.3327661862822044]","[14.097157032580277]","[0.008191563656743454]","[0.20289368695965793]","[-1126559.7582644625]","[9828.040799835877]"
336,336,0.00522940762012227,9900.017923025422,7360.181536917777,0.49313371114509713,0.19967138324456235,0.5916753812945945,1.3063713366421035,normal,0.007234308802066705,0.023235535651464,2.7800705470978713,0.3493042940320163,2497.211523840464,1.4420361688371615,2.8069170230516987,0.00999946567352476,0.10023066756786031,7448.14081724265,1.4464974474211272E-6,1.3093925978057714,0.3686877615373404,14.097157032580277,14.107657908112484,14.11509452955824,0.7026340227420129,0.7013848730619834,0.7088459548635364,1,9,"[1.344218813629947E-4]","[14.107657908112484]","[-1.7441155770327914]","[0.19967138324456235]","[0.9629638621798815]","[normal]","[14.11509452955824]","[1101.573476350131]","[1.3063713366421035]","[2.7800705470978713]","[-6765069558652987366]","[7448.14081724265]","[0.7013848730619834]","[0.023235535651464]","[0.7026340227420129]","[0.10023066756786031]","[0.00999946567352476]","[1.4420361688371615]","[2.8069170230516987]","[0.3493042940320163]","[0.49313371114509713]","[CN]","[2497.211523840464]","[0.3686877615373404]","[0.7088459548635364]","[1.4464974474211272E-6]","[0.007234308802066705]","[7360.181536917777]","[1.3093925978057714]","[14.097157032580277]","[0.00522940762012227]","[0.5916753812945945]","[-1683243.3946280992]","[9900.017923025422]"
336,336,0.00382405286074533,9846.508583501178,4574.20968645122,0.4996439658799,0.28209662465435825,0.16053881867385367,1.084594951669962,normal,0.008590850454594427,0.011818594041001194,2.775215330582765,0.373703292437542,957.168255044405,1.431862882703563,3.0,0.009998307592477182,0.100000028598264,7362.444987624041,8.77345307079644E-8,1.3283853503674707,0.4151076580608683,14.097157032580277,14.107051523621564,14.112587777395253,0.7026340227420129,0.6988297362012139,0.7056113699351511,1,211,"[1.1817665928250741E-4]","[14.107051523621564]","[-1.4678685774544447]","[0.28209662465435825]","[0.9700773463221063]","[normal]","[14.112587777395253]","[1102.571196442907]","[1.084594951669962]","[2.775215330582765]","[-3807494281514808656]","[7362.444987624041]","[0.6988297362012139]","[0.011818594041001194]","[0.7026340227420129]","[0.100000028598264]","[0.009998307592477182]","[1.431862882703563]","[3.0]","[0.373703292437542]","[0.4996439658799]","[CN]","[957.168255044405]","[0.4151076580608683]","[0.7056113699351511]","[8.77345307079644E-8]","[0.008590850454594427]","[4574.20968645122]","[1.3283853503674707]","[14.097157032580277]","[0.00382405286074533]","[0.16053881867385367]","[-1585582.5681818181]","[9846.508583501178]"
336,336,0.00547197744944781,9832.504517658605,4633.9628636702855,0.490868431514645,0.2499561542768306,0.5845660413367205,0.9052394039347128,log-normal,0.00686694354887202,0.030714007514817405,2.7681872174818634,0.39580484789490583,3069.2676871491794,1.436760785366044,2.896655616086369,0.009999205517013459,0.10005704083070872,6896.704809101193,2.6972956786496215E-6,1.17551961756878,0.3818890653741548,14.097157032580277,14.106425053838164,14.114853055748565,0.7026340227420129,0.6978921708512973,0.7070585826717237,2,73,"[1.4322709375873814E-4,1.4067519398616336E-4]","[14.106425053838164,14.106425053838164]","[-1.8711783190762146,-1.8735611802253762]","[0.2499561542768306,0.2499561542768306]","[0.9662013417427795,0.9662013417427795]","[log-normal,log-normal]","[14.114853047099842,14.11485306439729]","[1101.7338113109722,1101.7343965716998]","[0.9052394039347128,0.9052394039347128]","[2.7681872174818634,2.7681872174818634]","[-8980822882030122637,4703056421349824659]","[6896.704809101193,6896.704809101193]","[0.6978921708512973,0.6978921708512973]","[0.030714007514817405,0.030714007514817405]","[0.7026340227420129,0.7026340227420129]","[0.10005704083070872,0.10005704083070872]","[0.009999205517013459,0.009999205517013459]","[1.436760785366044,1.436760785366044]","[2.896655616086369,2.896655616086369]","[0.39580484789490583,0.39580484789490583]","[0.490868431514645,0.490868431514645]","[CN,CN]","[3069.2676871491794,3069.2676871491794]","[0.3818890653741548,0.3818890653741548]","[0.7070588752237755,0.707058290119672]","[2.6972956786496215E-6,2.6972956786496215E-6]","[0.00686694354887202,0.00686694354887202]","[4633.9628636702855,4633.9628636702855]","[1.17551961756878,1.17551961756878]","[14.097157032580277,14.097157032580277]","[0.00547197744944781,0.00547197744944781]","[0.5845660413367205,0.5845660413367205]","[-1661544.7500000002,-1661544.7500000002]","[9832.504517658605,9832.504517658605]"
336,336,0.0055476567834246305,9836.616793042438,4836.30282813651,0.4835814409911437,0.2992707172334216,0.3515264131227401,1.1263628262382466,log-normal,0.008549382404090165,0.02342819507987884,2.7929295357253885,0.3927727203560803,2902.117758342725,1.4536791587981683,3.0,0.009998421415656428,0.100000028598264,7365.730818386448,1.9255587653051706E-7,1.2673233505864439,0.4361140119256328,14.097157032580277,14.10439202339602,14.11373351955573,0.7026340227420129,0.6918630845606447,0.7033268093438019,1,82,"[1.4220353933565812E-4]","[14.10439202339602]","[-1.6522699526625995]","[0.2992707172334216]","[0.9688623584263818]","[log-normal]","[14.11373351955573]","[1102.4021874652522]","[1.1263628262382466]","[2.7929295357253885]","[-1140949980007719724]","[7365.730818386448]","[0.6918630845606447]","[0.02342819507987884]","[0.7026340227420129]","[0.100000028598264]","[0.009998421415656428]","[1.4536791587981683]","[3.0]","[0.3927727203560803]","[0.4835814409911437]","[CN]","[2902.117758342725]","[0.4361140119256328]","[0.7033268093438019]","[1.9255587653051706E-7]","[0.008549382404090165]","[4836.30282813651]","[1.2673233505864439]","[14.097157032580277]","[0.0055476567834246305]","[0.3515264131227401]","[-1648207.361570248]","[9836.616793042438]"
336,336,0.004296519153441424,9808.073159820737,7209.360163105823,0.4947951852680369,0.620121742320782,0.109098587408994,0.8964331384554579,normal,0.007042517116953506,0.01856067002303129,2.7974650185140346,0.32576590934365046,1758.271523961349,1.40902786212214,2.932170978113007,0.009999304753119906,0.10021535679406064,8204.769906497679,2.215483803703404E-6,1.3322975953303802,0.36475505151980175,14.097157032580277,14.109353048139132,14.114931931944653,0.7026340227420129,0.7043074076810779,0.7113301830650454,1,219,"[1.356514231639864E-4]","[14.109353048139132]","[-1.3125475110160338]","[0.620121742320782]","[0.9656023602470998]","[normal]","[14.114931931944653]","[1101.3389771609004]","[0.8964331384554579]","[2.7974650185140346]","[-2314292828246600752]","[8204.769906497679]","[0.7043074076810779]","[0.01856067002303129]","[0.7026340227420129]","[0.10021535679406064]","[0.009999304753119906]","[1.40902786212214]","[2.932170978113007]","[0.32576590934365046]","[0.4947951852680369]","[CN]","[1758.271523961349]","[0.36475505151980175]","[0.7113301830650454]","[2.215483803703404E-6]","[0.007042517116953506]","[7209.360163105823]","[1.3322975953303802]","[14.097157032580277]","[0.004296519153441424]","[0.109098587408994]","[-1706600.7500000002]","[9808.073159820737]"
336,336,0.0048946037743303585,9821.989092217613,7504.70308523071,0.48622926563897867,0.37872405075815385,0.109098587408994,1.2634156918164423,normal,0.008350063875835305,0.008441237322026325,2.7803346289069495,0.426955061110876,3291.7428953030058,1.493303101674,2.9586901967338064,0.0099981729369515,0.1001707602344644,7009.628799692474,3.8947313691308724E-6,1.3493143937252416,0.47770204691538787,14.097157032580277,14.096068834350683,14.10786159421371,0.7026340227420129,0.6670932012974841,0.6864423252068986,1,19,"[1.4286969971247923E-4]","[14.096068834350683]","[-1.5757131462600118]","[0.37872405075815385]","[0.9736719759317644]","[normal]","[14.10786159421371]","[1106.6858702267625]","[1.2634156918164423]","[2.7803346289069495]","[-3627344974979136403]","[7009.628799692474]","[0.6670932012974841]","[0.008441237322026325]","[0.7026340227420129]","[0.1001707602344644]","[0.0099981729369515]","[1.493303101674]","[2.9586901967338064]","[0.426955061110876]","[0.48622926563897867]","[CN]","[3291.7428953030058]","[0.47770204691538787]","[0.6864423252068986]","[3.8947313691308724E-6]","[0.008350063875835305]","[7504.70308523071]","[1.3493143937252416]","[14.097157032580277]","[0.0048946037743303585]","[0.109098587408994]","[-1358373.0475206608]","[9821.989092217613]"
336,336,0.0051027641724249555,9827.093567625296,4603.968552485646,0.4985135487486028,0.620121742320782,0.109098587408994,0.9444354660647849,log-normal,0.00686694354887202,0.007396310379633671,2.771706448627386,0.3522288090188889,1083.035052201576,1.4107761421427614,3.0,0.00999879810600443,0.1001089781012733,8012.996100972301,1.528126556348243E-6,1.4009806177226949,0.356349474101747,14.097157032580277,14.11071802854644,14.11661040280597,0.7026340227420129,0.7056849982822017,0.7128014039400413,2,242,"[1.3019419570879008E-4,1.242802302933422E-4]","[14.11071802854644,14.11071802854644]","[-1.5244669228857124,-1.8744079780093243]","[0.620121742320782,0.620121742320782]","[0.9705528058744131,0.9705528058744131]","[log-normal,log-normal]","[14.116610403146934,14.116610402465005]","[1101.3477915263768,1101.344777881289]","[0.9444354660647849,0.9444354660647849]","[2.771706448627386,2.771706448627386]","[2325102213450045714,-4003455153904380288]","[8012.996100972301,8012.996100972301]","[0.7056849982822017,0.7056849982822017]","[0.007396310379633671,0.007396310379633671]","[0.7026340227420129,0.7026340227420129]","[0.1001089781012733,0.1001089781012733]","[0.00999879810600443,0.00999879810600443]","[1.4107761421427614,1.4107761421427614]","[3.0,3.0]","[0.3522288090188889,0.3522288090188889]","[0.4985135487486028,0.4985135487486028]","[CN,CN]","[1083.035052201576,1083.035052201576]","[0.356349474101747,0.356349474101747]","[0.7128023646047174,0.7128004432753653]","[1.528126556348243E-6,1.528126556348243E-6]","[0.00686694354887202,0.00686694354887202]","[4603.968552485646,4603.968552485646]","[1.4009806177226949,1.4009806177226949]","[14.097157032580277,14.097157032580277]","[0.0051027641724249555,0.0051027641724249555]","[0.109098587408994,0.109098587408994]","[-1576781.2458677685,-1576781.2458677685]","[9827.093567625296,9827.093567625296]"
336,336,0.006209189387197319,9880.838399970902,7084.421811931111,0.49857902476017596,0.5268595008881755,0.3971174920665461,1.1089303601886296,log-normal,0.007740930374562189,0.03490149099211246,2.792538688386522,0.3834929157567175,1431.9384117315608,1.4358832595807196,2.8358057519619644,0.009998731792796072,0.10023337820399807,7856.768064488989,4.221404129348134E-6,1.3603875767491302,0.5121144109385893,14.097157032580277,14.105945364288697,14.115721536329557,0.7026340227420129,0.6970086285152267,0.7074498751165754,1,106,"[1.2935534879364932E-4]","[14.105945364288697]","[-1.7024732112910042]","[0.5268595008881755]","[0.9638784365063201]","[log-normal]","[14.115721536329557]","[1101.7659230890026]","[1.1089303601886296]","[2.792538688386522]","[-4915357187443419638]","[7856.768064488989]","[0.6970086285152267]","[0.03490149099211246]","[0.7026340227420129]","[0.10023337820399807]","[0.009998731792796072]","[1.4358832595807196]","[2.8358057519619644]","[0.3834929157567175]","[0.49857902476017596]","[CN]","[1431.9384117315608]","[0.5121144109385893]","[0.7074498751165754]","[4.221404129348134E-6]","[0.007740930374562189]","[7084.421811931111]","[1.3603875767491302]","[14.097157032580277]","[0.006209189387197319]","[0.3971174920665461]","[-1674002.0061983466]","[9880.838399970902]"
336,336,0.006492805015082018,9821.989092217613,7504.70308523071,0.48622926563897867,0.37872405075815385,0.109098587408994,1.1215670062771468,normal,0.008182178266096855,0.008441237322026325,2.7803346289069495,0.4331862715193565,4944.1580751832635,1.493303101674,2.958690196733807,0.0099983197429951,0.10024914669619514,6254.151898334037,4.135806544204212E-6,1.3441093562866482,0.47770204691538787,14.097157032580277,14.09742669967801,14.111702246670367,0.7026340227420129,0.668283562745266,0.6917903290948094,1,10,"[1.4587580820959003E-4]","[14.09742669967801]","[-1.4176954951547704]","[0.37872405075815385]","[0.9739278222432137]","[normal]","[14.111702246670367]","[1107.0367841375012]","[1.1215670062771468]","[2.7803346289069495]","[-2569570798744135650]","[6254.151898334037]","[0.668283562745266]","[0.008441237322026325]","[0.7026340227420129]","[0.10024914669619514]","[0.0099983197429951]","[1.493303101674]","[2.958690196733807]","[0.4331862715193565]","[0.48622926563897867]","[CN]","[4944.1580751832635]","[0.47770204691538787]","[0.6917903290948094]","[4.135806544204212E-6]","[0.008182178266096855]","[7504.70308523071]","[1.3441093562866482]","[14.097157032580277]","[0.006492805015082018]","[0.109098587408994]","[-1338874.733471074]","[9821.989092217613]"
336,336,0.00463643364329201,9814.715203791664,5161.497083483786,0.48192244981035026,0.3388197797815396,0.109098587408994,1.3329521385858558,normal,0.008077534702028944,0.03386856532825207,2.83151106308429,0.3380795354104801,2736.4635496902365,1.4402901489569728,2.63618480014502,0.0099981729369515,0.10007843278930556,5632.04500484269,8.77345307079644E-8,1.3103681178270334,0.4275472732546193,14.097157032580277,14.105209866479138,14.113523218391878,0.7026340227420129,0.7006405842804336,0.708362124215643,1,57,"[1.3605887649115094E-4]","[14.105209866479138]","[-1.5651334886508834]","[0.3388197797815396]","[0.9556690562590959]","[normal]","[14.113523218391878]","[1100.70459245936]","[1.3329521385858558]","[2.83151106308429]","[-5900716075812351777]","[5632.04500484269]","[0.7006405842804336]","[0.03386856532825207]","[0.7026340227420129]","[0.10007843278930556]","[0.0099981729369515]","[1.4402901489569728]","[2.63618480014502]","[0.3380795354104801]","[0.48192244981035026]","[CN]","[2736.4635496902365]","[0.4275472732546193]","[0.708362124215643]","[8.77345307079644E-8]","[0.008077534702028944]","[5161.497083483786]","[1.3103681178270334]","[14.097157032580277]","[0.00463643364329201]","[0.109098587408994]","[-1713150.9648760334]","[9814.715203791664]"
336,336,0.005050592562131073,9891.628302587253,5146.632027679059,0.480374283313006,0.27726604103214625,0.109098587408994,1.3090457466940344,normal,0.007536918352297912,0.03157123020551103,2.83151106308429,0.36937305880141896,2270.6436152206707,1.4626026684865034,2.7421695800861126,0.009998766962253651,0.10019799785851527,5871.240722142384,1.438507051238341E-6,1.2948630136334423,0.43909524222146523,14.097157032580277,14.1033623809075,14.112734474695966,0.7026340227420129,0.6962335572213159,0.7041610257306241,1,180,"[1.337711962043394E-4]","[14.1033623809075]","[-2.0287918101484927]","[0.27726604103214625]","[0.961335676029442]","[normal]","[14.112734474695966]","[1101.0643481407599]","[1.3090457466940344]","[2.83151106308429]","[-2211607889487717630]","[5871.240722142384]","[0.6962335572213159]","[0.03157123020551103]","[0.7026340227420129]","[0.10019799785851527]","[0.009998766962253651]","[1.4626026684865034]","[2.7421695800861126]","[0.36937305880141896]","[0.480374283313006]","[CN]","[2270.6436152206707]","[0.43909524222146523]","[0.7041610257306241]","[1.438507051238341E-6]","[0.007536918352297912]","[5146.632027679059]","[1.2948630136334423]","[14.097157032580277]","[0.005050592562131073]","[0.109098587408994]","[-1686780.8491735538]","[9891.628302587253]"
336,336,0.003974811080807692,9811.441956164446,5016.101539862944,0.487516903734949,0.165274074542477,0.709694255778053,0.882364911959983,log-normal,0.008653707785641911,0.030766775680013847,2.7418662736846415,0.3796432141010083,3306.000664686251,1.4196528260225199,3.0,0.009998202546283601,0.10004448558175509,6012.76029719432,1.637823062916464E-6,1.387405645616164,0.400455594286212,14.097157032580277,14.10638236882825,14.112444014509116,0.7026340227420129,0.6990992945151443,0.7052923468782312,1,316,"[1.435024803846724E-4]","[14.10638236882825]","[-2.6287056274557856]","[0.165274074542477]","[0.967563960003055]","[log-normal]","[14.112444014509116]","[1102.0503057055269]","[0.882364911959983]","[2.7418662736846415]","[-1864711332547552441]","[6012.76029719432]","[0.6990992945151443]","[0.030766775680013847]","[0.7026340227420129]","[0.10004448558175509]","[0.009998202546283601]","[1.4196528260225199]","[3.0]","[0.3796432141010083]","[0.487516903734949]","[CN]","[3306.000664686251]","[0.400455594286212]","[0.7052923468782312]","[1.637823062916464E-6]","[0.008653707785641911]","[5016.101539862944]","[1.387405645616164]","[14.097157032580277]","[0.003974811080807692]","[0.709694255778053]","[-1695497.5433884298]","[9811.441956164446]"
336,336,0.005502927841463477,9833.846722185714,4828.229535721233,0.4854717027155086,0.3022686315228981,0.35107215263504066,1.1792604497674013,log-normal,0.00854862337313142,0.02315105889285443,2.7822817244731843,0.39847431049099047,2556.0873674433424,1.4541443789460096,2.997022515579979,0.009998432693274205,0.10000271819905733,7317.440177372475,2.154782876365882E-7,1.2671606293636732,0.43768484384170325,14.097157032580277,14.103999695617413,14.113418892635535,0.7026340227420129,0.6910291454424266,0.7025747651635391,1,115,"[1.3804593276457695E-4]","[14.103999695617413]","[-1.8108321844015942]","[0.3022686315228981]","[0.9690964220596059]","[log-normal]","[14.113418892635535]","[1102.4258135120372]","[1.1792604497674013]","[2.7822817244731843]","[-4885751296404484243]","[7317.440177372475]","[0.6910291454424266]","[0.02315105889285443]","[0.7026340227420129]","[0.10000271819905733]","[0.009998432693274205]","[1.4541443789460096]","[2.997022515579979]","[0.39847431049099047]","[0.4854717027155086]","[CN]","[2556.0873674433424]","[0.43768484384170325]","[0.7025747651635391]","[2.154782876365882E-7]","[0.00854862337313142]","[4828.229535721233]","[1.2671606293636732]","[14.097157032580277]","[0.005502927841463477]","[0.35107215263504066]","[-1638085.8409090913]","[9833.846722185714]"
336,336,0.008731023242807282,9819.509292148896,4673.103336039313,0.463857311880957,0.35807378499326226,0.1782467985384533,1.1025608143146968,log-normal,0.00870714673148661,0.02214211331541741,2.79240858692997,0.39038436789635306,2866.1976655650506,1.4441085391915718,2.951196407226063,0.00999825146299042,0.10001505833402259,5632.04500484269,8.77345307079644E-8,1.17551961756878,0.4135132475813303,14.097157032580277,14.10893476546751,14.12049523627649,0.7026340227420129,0.699158987766725,0.7115104936750649,2,16,"[1.4067902219403266E-4,1.445413437951584E-4]","[14.10893476546751,14.10893476546751]","[-1.5482737316553308,-1.522298256387597]","[0.35807378499326226,0.35807378499326226]","[0.968050877823077,0.968050877823077]","[log-normal,log-normal]","[14.120495237816248,14.120495234736731]","[1101.1615815936686,1101.163319275629]","[1.1025608143146968,1.1025608143146968]","[2.79240858692997,2.79240858692997]","[-967564820183809110,-4063871336684843146]","[5632.04500484269,5632.04500484269]","[0.699158987766725,0.699158987766725]","[0.02214211331541741,0.02214211331541741]","[0.7026340227420129,0.7026340227420129]","[0.10001505833402259,0.10001505833402259]","[0.00999825146299042,0.00999825146299042]","[1.4441085391915718,1.4441085391915718]","[2.951196407226063,2.951196407226063]","[0.39038436789635306,0.39038436789635306]","[0.463857311880957,0.463857311880957]","[CN,CN]","[2866.1976655650506,2866.1976655650506]","[0.4135132475813303,0.4135132475813303]","[0.7115108967810653,0.7115100905690646]","[8.77345307079644E-8,8.77345307079644E-8]","[0.00870714673148661,0.00870714673148661]","[4673.103336039313,4673.103336039313]","[1.17551961756878,1.17551961756878]","[14.097157032580277,14.097157032580277]","[0.008731023242807282,0.008731023242807282]","[0.1782467985384533,0.1782467985384533]","[-1637408.816115702,-1637408.816115702]","[9819.509292148896,9819.509292148896]"
336,336,0.0050461529440388835,9926.049386088043,7504.70308523071,0.495018716653862,0.2370342982097764,0.6705261506335545,1.43618506277867,log-normal,0.0072326167009476834,0.017180923628207275,2.7761993360774255,0.36263569217145486,2171.452673259115,1.4495082559890236,2.841417541541238,0.009999364744362929,0.10018473209415413,8472.26953595111,1.2035462029996728E-6,1.297294237308348,0.356349474101747,14.097157032580277,14.107065864327112,14.114675714144749,0.7026340227420129,0.6991380212467161,0.7078859923376841,1,308,"[1.3506042449391484E-4]","[14.107065864327112]","[-3.55668439536575]","[0.2370342982097764]","[0.96534600257651]","[log-normal]","[14.114675714144749]","[1101.7009322828162]","[1.43618506277867]","[2.7761993360774255]","[4558311827107093970]","[8472.26953595111]","[0.6991380212467161]","[0.017180923628207275]","[0.7026340227420129]","[0.10018473209415413]","[0.009999364744362929]","[1.4495082559890236]","[2.841417541541238]","[0.36263569217145486]","[0.495018716653862]","[CN]","[2171.452673259115]","[0.356349474101747]","[0.7078859923376841]","[1.2035462029996728E-6]","[0.0072326167009476834]","[7504.70308523071]","[1.297294237308348]","[14.097157032580277]","[0.0050461529440388835]","[0.6705261506335545]","[-1641369.4111570253]","[9926.049386088043]"
336,336,0.0055803434307461295,9810.905048295906,4574.20968645122,0.49774771050753347,0.2802259490868637,0.16662966929443673,1.0892650507255293,normal,0.008566164398068734,0.01474492556500652,2.7761176670063965,0.3735861191023374,3407.069357809254,1.4354285890066374,3.0,0.009998373519022363,0.10009961989039884,8472.26953595111,8.77345307079644E-8,1.3267666336149408,0.4162796821818717,14.097157032580277,14.108040231825653,14.115658627110689,0.7026340227420129,0.6991285299769177,0.7083079150975089,1,149,"[1.4423010312102484E-4]","[14.108040231825653]","[-1.550197532274164]","[0.2802259490868637]","[0.9692828252381813]","[normal]","[14.115658627110689]","[1102.3300238802653]","[1.0892650507255293]","[2.7761176670063965]","[7185938264305868189]","[8472.26953595111]","[0.6991285299769177]","[0.01474492556500652]","[0.7026340227420129]","[0.10009961989039884]","[0.009998373519022363]","[1.4354285890066374]","[3.0]","[0.3735861191023374]","[0.49774771050753347]","[CN]","[3407.069357809254]","[0.4162796821818717]","[0.7083079150975089]","[8.77345307079644E-8]","[0.008566164398068734]","[4574.20968645122]","[1.3267666336149408]","[14.097157032580277]","[0.0055803434307461295]","[0.16662966929443673]","[-1611241.8078512396]","[9810.905048295906]"
336,336,0.007023963693472806,9880.522338980429,7486.4468971266,0.499174051235725,0.542813558303314,0.19948512870285734,1.1644689908292813,normal,0.008017228189254598,0.033167452189648026,2.7921831755697815,0.3842789371153063,1392.7140925104652,1.4351466643616861,2.829022594598103,0.009998788403309929,0.10023609711705318,7535.375102407783,3.927888491422287E-6,1.3815495806023812,0.5125055812724794,14.097157032580277,14.106890602156323,14.117372947293637,0.7026340227420129,0.6984754224883161,0.7093633634309534,1,7,"[1.3546206432139216E-4]","[14.106890602156323]","[-1.3130256333576102]","[0.542813558303314]","[0.9639626893135665]","[normal]","[14.117372947293637]","[1101.321388407627]","[1.1644689908292813]","[2.7921831755697815]","[5611284690265052058]","[7535.375102407783]","[0.6984754224883161]","[0.033167452189648026]","[0.7026340227420129]","[0.10023609711705318]","[0.009998788403309929]","[1.4351466643616861]","[2.829022594598103]","[0.3842789371153063]","[0.499174051235725]","[CN]","[1392.7140925104652]","[0.5125055812724794]","[0.7093633634309534]","[3.927888491422287E-6]","[0.008017228189254598]","[7486.4468971266]","[1.3815495806023812]","[14.097157032580277]","[0.007023963693472806]","[0.19948512870285734]","[-1670126.0392561983]","[9880.522338980429]"
336,336,0.00590604895024021,9831.462926651442,5696.229422617433,0.4900973394926354,0.165274074542477,0.8527054690279986,0.882364911959983,normal,0.0071494432762400474,0.03197967647116394,2.759366622436755,0.3823431307661411,3520.645696198573,1.40902786212214,2.862823226184024,0.009999264737548284,0.10008926774048438,6900.997747188839,2.9726604980904788E-6,1.1761342677036188,0.3825225647892743,14.097157032580277,14.108976693941784,14.116878143680003,0.7026340227420129,0.702992938273969,0.7113748610276431,1,324,"[1.3944772704915169E-4]","[14.108976693941784]","[-1.3504365671529546]","[0.165274074542477]","[0.9647204504740331]","[normal]","[14.116878143680003]","[1101.1286465049172]","[0.882364911959983]","[2.759366622436755]","[5067801156667672942]","[6900.997747188839]","[0.702992938273969]","[0.03197967647116394]","[0.7026340227420129]","[0.10008926774048438]","[0.009999264737548284]","[1.40902786212214]","[2.862823226184024]","[0.3823431307661411]","[0.4900973394926354]","[CN]","[3520.645696198573]","[0.3825225647892743]","[0.7113748610276431]","[2.9726604980904788E-6]","[0.0071494432762400474]","[5696.229422617433]","[1.1761342677036188]","[14.097157032580277]","[0.00590604895024021]","[0.8527054690279986]","[-1676710.1053719006]","[9831.462926651442]"
336,336,0.00511719096788494,9890.949037279828,5256.777830360599,0.47459962375085624,0.4565787471095561,0.109098587408994,1.1898798403150153,normal,0.007649683614471122,0.03137186312367305,2.8203705425044236,0.38578777177913215,2222.6137322305385,1.4690943707827053,2.7886203946309864,0.009998682885094765,0.10016767380729184,6114.079473045664,1.915227853907143E-6,1.3158511556967585,0.41427902111370435,14.097157032580277,14.099686119845028,14.111222843196014,0.7026340227420129,0.6851906447536612,0.6988107330254197,1,94,"[1.3439431796638524E-4]","[14.099686119845028]","[-1.4972165006181328]","[0.4565787471095561]","[0.9632111063468619]","[normal]","[14.111222843196014]","[1101.9170346073943]","[1.1898798403150153]","[2.8203705425044236]","[-6040570636123370208]","[6114.079473045664]","[0.6851906447536612]","[0.03137186312367305]","[0.7026340227420129]","[0.10016767380729184]","[0.009998682885094765]","[1.4690943707827053]","[2.7886203946309864]","[0.38578777177913215]","[0.47459962375085624]","[CN]","[2222.6137322305385]","[0.41427902111370435]","[0.6988107330254197]","[1.915227853907143E-6]","[0.007649683614471122]","[5256.777830360599]","[1.3158511556967585]","[14.097157032580277]","[0.00511719096788494]","[0.109098587408994]","[-1659953.7417355378]","[9890.949037279828]"
336,336,0.006191847332365861,9881.898800387708,7039.640496238193,0.49851737239624877,0.5156833891469799,0.379960941011529,1.1073943911432704,log-normal,0.007710926380848241,0.03191361534835717,2.7967010532630656,0.38366782612127615,1594.0288383198379,1.4299401314097222,2.7657671262371597,0.009998718597540495,0.10023319717728787,7842.245565975054,4.144435120117186E-6,1.3605176201960114,0.511986874221439,14.097157032580277,14.106732635159322,14.116117314841244,0.7026340227420129,0.6995227844961649,0.7086515596420442,1,117,"[1.3478784700074781E-4]","[14.106732635159322]","[-1.6853743742873502]","[0.5156833891469799]","[0.9625382167300054]","[log-normal]","[14.116117314841244]","[1101.449789019588]","[1.1073943911432704]","[2.7967010532630656]","[-1409776414811620]","[7842.245565975054]","[0.6995227844961649]","[0.03191361534835717]","[0.7026340227420129]","[0.10023319717728787]","[0.009998718597540495]","[1.4299401314097222]","[2.7657671262371597]","[0.38366782612127615]","[0.49851737239624877]","[CN]","[1594.0288383198379]","[0.511986874221439]","[0.7086515596420442]","[4.144435120117186E-6]","[0.007710926380848241]","[7039.640496238193]","[1.3605176201960114]","[14.097157032580277]","[0.006191847332365861]","[0.379960941011529]","[-1660512.287190082]","[9881.898800387708]"
336,336,0.005481304059056003,9824.081693110153,4574.20968645122,0.48648396238354835,0.3307635629160084,0.3115161463818057,1.1075268736454036,normal,0.00870714673148661,0.023200309652382536,2.7994895356416936,0.381448680376747,2765.9060459083576,1.4438232100489286,3.0,0.009998458763705715,0.10000761187162815,7575.761105716047,8.77345307079644E-8,1.2656896742424095,0.42091888661666255,14.097157032580277,14.106171127472301,14.114682272910768,0.7026340227420129,0.6962974027512548,0.7063961588045319,1,29,"[1.3957732993200047E-4]","[14.106171127472301]","[-1.4933219285545296]","[0.3307635629160084]","[0.9684463008832424]","[normal]","[14.114682272910768]","[1102.446341908791]","[1.1075268736454036]","[2.7994895356416936]","[-8234995245289534467]","[7575.761105716047]","[0.6962974027512548]","[0.023200309652382536]","[0.7026340227420129]","[0.10000761187162815]","[0.009998458763705715]","[1.4438232100489286]","[3.0]","[0.381448680376747]","[0.48648396238354835]","[CN]","[2765.9060459083576]","[0.42091888661666255]","[0.7063961588045319]","[8.77345307079644E-8]","[0.00870714673148661]","[4574.20968645122]","[1.2656896742424095]","[14.097157032580277]","[0.005481304059056003]","[0.3115161463818057]","[-1663508.1219008265]","[9824.081693110153]"
336,336,0.005085006960385453,9822.042027621628,7504.70308523071,0.4871890628685737,0.37880674548311655,0.109098587408994,1.2636343281112907,log-normal,0.008350146646882729,0.008439031850158003,2.77880939447474,0.42753447175119946,2317.3027418296288,1.4931487392624012,2.9588068554489495,0.009998175818090737,0.1001706316611652,7021.761927451539,3.882253664048719E-6,1.3482004342734737,0.4775643225582644,14.097157032580277,14.096175560360802,14.108398030766065,0.7026340227420129,0.66710785189842,0.6872869924320802,1,248,"[1.447262187566113E-4]","[14.096175560360802]","[-1.2983970359235488]","[0.37880674548311655]","[0.9736851895071048]","[log-normal]","[14.108398030766065]","[1107.8447451392663]","[1.2636343281112907]","[2.77880939447474]","[-6734283141826377997]","[7021.761927451539]","[0.66710785189842]","[0.008439031850158003]","[0.7026340227420129]","[0.1001706316611652]","[0.009998175818090737]","[1.4931487392624012]","[2.9588068554489495]","[0.42753447175119946]","[0.4871890628685737]","[CN]","[2317.3027418296288]","[0.4775643225582644]","[0.6872869924320802]","[3.882253664048719E-6]","[0.008350146646882729]","[7504.70308523071]","[1.3482004342734737]","[14.097157032580277]","[0.005085006960385453]","[0.109098587408994]","[-1347540.6508264465]","[9822.042027621628]"
336,336,0.00420514246746031,9805.961162740161,5517.373462973405,0.49822982319932696,0.620121742320782,0.2156935446898502,0.9090604259288972,normal,0.00686694354887202,0.023076808777320948,2.775517009904665,0.3479905171793999,479.260101476493,1.40902786212214,3.0,0.009998923444132342,0.10017218424885774,7702.734386226305,1.088639836921496E-6,1.40185591671431,0.36812184794875485,14.097157032580277,14.10901836946076,14.11429590054617,0.7026340227420129,0.7037566355552,0.7095988968983018,1,69,"[1.114502660461812E-4]","[14.10901836946076]","[-1.5322432430811397]","[0.620121742320782]","[0.9671009986244025]","[normal]","[14.11429590054617]","[1101.6792037914056]","[0.9090604259288972]","[2.775517009904665]","[-8380251453690768876]","[7702.734386226305]","[0.7037566355552]","[0.023076808777320948]","[0.7026340227420129]","[0.10017218424885774]","[0.009998923444132342]","[1.40902786212214]","[3.0]","[0.3479905171793999]","[0.49822982319932696]","[CN]","[479.260101476493]","[0.36812184794875485]","[0.7095988968983018]","[1.088639836921496E-6]","[0.00686694354887202]","[5517.373462973405]","[1.40185591671431]","[14.097157032580277]","[0.00420514246746031]","[0.2156935446898502]","[-1704569.6756198348]","[9805.961162740161]"
336,336,0.005534188026600322,9814.931591036193,4574.20968645122,0.4904042650492167,0.2203821062225544,0.7724399942319562,0.882364911959983,log-normal,0.007290220001819397,0.030697083099667268,2.7588257757873254,0.4053003451424855,4575.588029912107,1.4653152639898548,2.9674410155378466,0.009998948455480796,0.100000028598264,6721.693644359168,1.6121556505225224E-6,1.17551961756878,0.356349474101747,14.097157032580277,14.101879103212418,14.112331416279579,0.7026340227420129,0.6868995930871952,0.6996245913156584,1,207,"[1.4329532822949013E-4]","[14.101879103212418]","[-1.8907505763252443]","[0.2203821062225544]","[0.9680143667188528]","[log-normal]","[14.112331416279579]","[1103.0986255849612]","[0.882364911959983]","[2.7588257757873254]","[8825085771111406809]","[6721.693644359168]","[0.6868995930871952]","[0.030697083099667268]","[0.7026340227420129]","[0.100000028598264]","[0.009998948455480796]","[1.4653152639898548]","[2.9674410155378466]","[0.4053003451424855]","[0.4904042650492167]","[CN]","[4575.588029912107]","[0.356349474101747]","[0.6996245913156584]","[1.6121556505225224E-6]","[0.007290220001819397]","[4574.20968645122]","[1.17551961756878]","[14.097157032580277]","[0.005534188026600322]","[0.7724399942319562]","[-1653606.6342975206]","[9814.931591036193]"
336,336,0.00875985830462999,9934.740345691605,7504.70308523071,0.48305549976000467,0.2627018140252172,0.45993959821324115,1.2719483961784055,normal,0.007344499403990263,0.03973838099753138,2.7884939396850164,0.3831446244886933,1700.9089129819488,1.437443153797287,2.750211403196075,0.0099981729369515,0.10016298158995773,8019.113739772225,3.204560905494097E-6,1.3281468189732775,0.4420867350940788,14.097157032580277,14.107924097617996,14.120903185583828,0.7026340227420129,0.7005771015519756,0.7143116706651549,1,255,"[1.2924813234980006E-4]","[14.107924097617996]","[-1.5053518377189137]","[0.2627018140252172]","[0.9613046848573217]","[normal]","[14.120903185583828]","[1100.1073406038022]","[1.2719483961784055]","[2.7884939396850164]","[7790129277743795427]","[8019.113739772225]","[0.7005771015519756]","[0.03973838099753138]","[0.7026340227420129]","[0.10016298158995773]","[0.0099981729369515]","[1.437443153797287]","[2.750211403196075]","[0.3831446244886933]","[0.48305549976000467]","[CN]","[1700.9089129819488]","[0.4420867350940788]","[0.7143116706651549]","[3.204560905494097E-6]","[0.007344499403990263]","[7504.70308523071]","[1.3281468189732775]","[14.097157032580277]","[0.00875985830462999]","[0.45993959821324115]","[-1681474.6673553716]","[9934.740345691605]"
336,336,0.0057384923896598525,9900.187065645874,7504.70308523071,0.4926961938892337,0.19976777976486076,0.6574732362397374,1.2996842245069238,normal,0.007226810306009284,0.023848646301169715,2.7804746646970564,0.352056377143496,2498.354931114407,1.4355769758174033,2.8647463522813945,0.009999483478987001,0.1002163657180118,7399.366305382082,1.550064261336003E-6,1.3274060413693851,0.3707237560951797,14.097157032580277,14.10866376508896,14.116366141700937,0.7026340227420129,0.7025122435473908,0.7105896329967746,1,210,"[1.341149016145499E-4]","[14.10866376508896]","[-1.4867289540309188]","[0.19976777976486076]","[0.9644284937460659]","[normal]","[14.116366141700937]","[1101.2895365656298]","[1.2996842245069238]","[2.7804746646970564]","[4136397841601594732]","[7399.366305382082]","[0.7025122435473908]","[0.023848646301169715]","[0.7026340227420129]","[0.1002163657180118]","[0.009999483478987001]","[1.4355769758174033]","[2.8647463522813945]","[0.352056377143496]","[0.4926961938892337]","[CN]","[2498.354931114407]","[0.3707237560951797]","[0.7105896329967746]","[1.550064261336003E-6]","[0.007226810306009284]","[7504.70308523071]","[1.3274060413693851]","[14.097157032580277]","[0.0057384923896598525]","[0.6574732362397374]","[-1688625.7417355378]","[9900.187065645874]"
336,336,0.005488970714070987,9882.827228930097,5444.49161049066,0.49162808391360097,0.17591058777965085,0.7432179443004464,0.882364911959983,normal,0.007671483625470583,0.03353187870834133,2.76273622897163,0.40626710834442953,3378.514578107789,1.4164453390803906,2.9165737457871534,0.009998509669290662,0.10009392044358505,6189.529878475254,1.5618245028164823E-6,1.1791175965155616,0.356349474101747,14.097157032580277,14.1068795169042,14.115254480925765,0.7026340227420129,0.6986209668733587,0.7080728504076068,1,100,"[1.379937018213013E-4]","[14.1068795169042]","[-1.500498260037097]","[0.17591058777965085]","[0.9668127091362488]","[normal]","[14.115254480925765]","[1101.6160456051853]","[0.882364911959983]","[2.76273622897163]","[7769481432277386879]","[6189.529878475254]","[0.6986209668733587]","[0.03353187870834133]","[0.7026340227420129]","[0.10009392044358505]","[0.009998509669290662]","[1.4164453390803906]","[2.9165737457871534]","[0.40626710834442953]","[0.49162808391360097]","[CN]","[3378.514578107789]","[0.356349474101747]","[0.7080728504076068]","[1.5618245028164823E-6]","[0.007671483625470583]","[5444.49161049066]","[1.1791175965155616]","[14.097157032580277]","[0.005488970714070987]","[0.7432179443004464]","[-1655570.0061983478]","[9882.827228930097]"
336,336,0.0076745878458823755,9822.40611475878,6136.992608002776,0.4837986679082488,0.3759164307123236,0.21351956232972014,1.1337436940065992,log-normal,0.008329891755137313,0.011304708661518545,2.778946296781028,0.43621120789231393,2287.2990289778963,1.4813438367806446,2.9427578055598604,0.009998236524327093,0.10022747647702149,6221.014835245945,5.45414450945867E-6,1.3055224954184423,0.48316288397172336,14.097157032580277,14.098076886822987,14.11274171692179,0.7026340227420129,0.6682214979394191,0.6908265154278743,1,142,"[1.3478460655027207E-4]","[14.098076886822987]","[-3.1923330992020786]","[0.3759164307123236]","[0.9726022074449234]","[log-normal]","[14.11274171692179]","[1107.7248101061236]","[1.1337436940065992]","[2.778946296781028]","[-6313406458766981216]","[6221.014835245945]","[0.6682214979394191]","[0.011304708661518545]","[0.7026340227420129]","[0.10022747647702149]","[0.009998236524327093]","[1.4813438367806446]","[2.9427578055598604]","[0.43621120789231393]","[0.4837986679082488]","[CN]","[2287.2990289778963]","[0.48316288397172336]","[0.6908265154278743]","[5.45414450945867E-6]","[0.008329891755137313]","[6136.992608002776]","[1.3055224954184423]","[14.097157032580277]","[0.0076745878458823755]","[0.21351956232972014]","[-1366768.1549586777]","[9822.40611475878]"
336,336,0.006453796991960492,9920.039347997094,6807.054204226972,0.47152558267110867,0.4280930730378527,0.6330695647371247,1.107267503712448,normal,0.007959158099720831,0.032876102646191084,2.7826994683200073,0.44296204786782917,3514.2200792603826,1.4861091079044222,2.670530723158644,0.009999479936429953,0.10007070642996141,7702.548892318691,7.49359708454399E-7,1.3592915291113419,0.4239234396474586,14.097157032580277,14.081858147871344,14.104416059476304,0.7026340227420129,0.6456917376527473,0.6747800625430831,3,4,"[1.4599519850811953E-4,1.4225737444560478E-4,1.4284083663048335E-4]","[14.081858147871344,14.081858147871344,14.081858147871344]","[-1.381636457956144,-1.6401595979730719,-1.6332075198278355]","[0.4280930730378527,0.4280930730378527,0.4280930730378527]","[0.9630070471178989,0.9630070471178989,0.9630070471178989]","[normal,normal,normal]","[14.104416035185194,14.104416059476304,14.104416229538122]","[1106.9259334410476,1106.9286506328785,1106.9259673902848]","[1.107267503712448,1.107267503712448,1.107267503712448]","[2.7826994683200073,2.7826994683200073,2.7826994683200073]","[-5206721030976301879,-3063037782742761232,4589178468507421869]","[7702.548892318691,7702.548892318691,7702.548892318691]","[0.6456917376527473,0.6456917376527473,0.6456917376527473]","[0.032876102646191084,0.032876102646191084,0.032876102646191084]","[0.7026340227420129,0.7026340227420129,0.7026340227420129]","[0.10007070642996141,0.10007070642996141,0.10007070642996141]","[0.009999479936429953,0.009999479936429953,0.009999479936429953]","[1.4861091079044222,1.4861091079044222,1.4861091079044222]","[2.670530723158644,2.670530723158644,2.670530723158644]","[0.44296204786782917,0.44296204786782917,0.44296204786782917]","[0.47152558267110867,0.47152558267110867,0.47152558267110867]","[CN,CN,CN]","[3514.2200792603826,3514.2200792603826,3514.2200792603826]","[0.4239234396474586,0.4239234396474586,0.4239234396474586]","[0.6747800625430831,0.6747799560576024,0.6747820022618052]","[7.49359708454399E-7,7.49359708454399E-7,7.49359708454399E-7]","[0.007959158099720831,0.007959158099720831,0.007959158099720831]","[6807.054204226972,6807.054204226972,6807.054204226972]","[1.3592915291113419,1.3592915291113419,1.3592915291113419]","[14.097157032580277,14.097157032580277,14.097157032580277]","[0.006453796991960492,0.006453796991960492,0.006453796991960492]","[0.6330695647371247,0.6330695647371247,0.6330695647371247]","[-1537886.171487603,-1537886.171487603,-1537886.171487603]","[9920.039347997094,9920.039347997094,9920.039347997094]"
336,336,0.006627767931294373,9840.383106309526,7373.160170622023,0.48602667963625273,0.4019472167036326,0.109098587408994,1.0720815928448315,log-normal,0.008096819157028685,0.011353446812654901,2.777149158432054,0.4423743370301053,4086.120100436274,1.480753978789461,2.9692905274759944,0.009998321375711968,0.10022614075495864,5967.601654500738,4.702589413840793E-6,1.2900696610827656,0.4852049135428246,14.097157032580277,14.097223066065654,14.110478589792617,0.7026340227420129,0.667536694000487,0.6878119072626931,1,162,"[1.4976480143117523E-4]","[14.097223066065654]","[-1.9875504232807717]","[0.4019472167036326]","[0.9735863062813532]","[log-normal]","[14.110478589792617]","[1107.8436164026336]","[1.0720815928448315]","[2.777149158432054]","[8526804382528508306]","[5967.601654500738]","[0.667536694000487]","[0.011353446812654901]","[0.7026340227420129]","[0.10022614075495864]","[0.009998321375711968]","[1.480753978789461]","[2.9692905274759944]","[0.4423743370301053]","[0.48602667963625273]","[CN]","[4086.120100436274]","[0.4852049135428246]","[0.6878119072626931]","[4.702589413840793E-6]","[0.008096819157028685]","[7373.160170622023]","[1.2900696610827656]","[14.097157032580277]","[0.006627767931294373]","[0.109098587408994]","[-1352144.4194214875]","[9840.383106309526]"
336,336,0.005399689198879122,9824.748075930385,5540.94735436325,0.4788242914572565,0.3088305919685646,0.33674519258575303,0.9062031801249666,normal,0.008620563536547485,0.020431108341909098,2.809784191800706,0.37991870765864777,3197.0957973666373,1.4473273148923487,2.9381070716257893,0.009998462224473556,0.10008866459220708,7741.605503573663,3.837451298887415E-7,1.2732941406770815,0.394162791663458,14.097157032580277,14.105689671990358,14.114132118782805,0.7026340227420129,0.6951221522431988,0.7047967981315509,1,39,"[1.469418341776047E-4]","[14.105689671990358]","[-1.283481886632352]","[0.3088305919685646]","[0.9674698902922073]","[normal]","[14.114132118782805]","[1103.0106212231678]","[0.9062031801249666]","[2.809784191800706]","[-5930388360120197412]","[7741.605503573663]","[0.6951221522431988]","[0.020431108341909098]","[0.7026340227420129]","[0.10008866459220708]","[0.009998462224473556]","[1.4473273148923487]","[2.9381070716257893]","[0.37991870765864777]","[0.4788242914572565]","[CN]","[3197.0957973666373]","[0.394162791663458]","[0.7047967981315509]","[3.837451298887415E-7]","[0.008620563536547485]","[5540.94735436325]","[1.2732941406770815]","[14.097157032580277]","[0.005399689198879122]","[0.33674519258575303]","[-1639676.8491735538]","[9824.748075930385]"
336,336,0.005301448342447835,9933.402367991572,4574.20968645122,0.4852564202224342,0.16890438929047502,0.5933325795909409,0.882364911959983,normal,0.007687724770373405,0.025621341579947686,2.75640558604695,0.3995882997328653,4239.430979034541,1.425740291134914,2.6453186685551846,0.00999842311827512,0.10035352903143843,6189.225338259432,8.949823114370605E-8,1.17551961756878,0.356349474101747,14.097157032580277,14.105033417223993,14.114419564015282,0.7026340227420129,0.6966152468066779,0.7065010731409442,1,193,"[1.4142310218534897E-4]","[14.105033417223993]","[-1.5784189874417016]","[0.16890438929047502]","[0.9608595216373619]","[normal]","[14.114419564015282]","[1101.9392889600992]","[0.882364911959983]","[2.75640558604695]","[7113005284659922724]","[6189.225338259432]","[0.6966152468066779]","[0.025621341579947686]","[0.7026340227420129]","[0.10035352903143843]","[0.00999842311827512]","[1.425740291134914]","[2.6453186685551846]","[0.3995882997328653]","[0.4852564202224342]","[CN]","[4239.430979034541]","[0.356349474101747]","[0.7065010731409442]","[8.949823114370605E-8]","[0.007687724770373405]","[4574.20968645122]","[1.17551961756878]","[14.097157032580277]","[0.005301448342447835]","[0.5933325795909409]","[-1585176.3533057852]","[9933.402367991572]"
336,336,0.004417669284909637,9789.04307830831,4949.669161019873,0.47996419583442196,0.5465796891968839,0.109098587408994,0.882364911959983,log-normal,0.008346608478382402,0.030631573133763922,2.83151106308429,0.35030763824364797,1677.6249069721248,1.40902786212214,2.7143365539620006,0.0099981729369515,0.10027670358198097,8472.26953595111,5.45414450945867E-6,1.17551961756878,0.48535309349184363,14.097157032580277,14.106957986865172,14.114033151434766,0.7026340227420129,0.7012998674386466,0.7090152504207453,1,202,"[1.3266074269288348E-4]","[14.106957986865172]","[-2.0689588196185653]","[0.5465796891968839]","[0.9593986506221219]","[log-normal]","[14.114033151434766]","[1101.440578884768]","[0.882364911959983]","[2.83151106308429]","[-5900873602889311229]","[8472.26953595111]","[0.7012998674386466]","[0.030631573133763922]","[0.7026340227420129]","[0.10027670358198097]","[0.0099981729369515]","[1.40902786212214]","[2.7143365539620006]","[0.35030763824364797]","[0.47996419583442196]","[CN]","[1677.6249069721248]","[0.48535309349184363]","[0.7090152504207453]","[5.45414450945867E-6]","[0.008346608478382402]","[4949.669161019873]","[1.17551961756878]","[14.097157032580277]","[0.004417669284909637]","[0.109098587408994]","[-1689522.7995867769]","[9789.04307830831]"
336,336,0.00875985830462999,9851.958309677637,7504.70308523071,0.49744005929951346,0.5588645288622989,0.16905435946799116,1.057075480681183,log-normal,0.008611701944363753,0.02382713786099071,2.787203289842791,0.4134301744483604,507.0825903553174,1.40902786212214,2.7082364318298553,0.00999886826216956,0.10026548911515311,7558.5961558883,3.705386820498548E-6,1.371314498570883,0.48812463709141896,14.097157032580277,14.109561125166783,14.121652913953403,0.7026340227420129,0.7016551544349686,0.7149241902757496,1,118,"[1.1875748085406916E-4]","[14.109561125166783]","[-1.1643076329511162]","[0.5588645288622989]","[0.9636861867009756]","[log-normal]","[14.121652913953403]","[1100.4462382558427]","[1.057075480681183]","[2.787203289842791]","[5101102177645759091]","[7558.5961558883]","[0.7016551544349686]","[0.02382713786099071]","[0.7026340227420129]","[0.10026548911515311]","[0.00999886826216956]","[1.40902786212214]","[2.7082364318298553]","[0.4134301744483604]","[0.49744005929951346]","[CN]","[507.0825903553174]","[0.48812463709141896]","[0.7149241902757496]","[3.705386820498548E-6]","[0.008611701944363753]","[7504.70308523071]","[1.371314498570883]","[14.097157032580277]","[0.00875985830462999]","[0.16905435946799116]","[-1563782.3698347108]","[9851.958309677637]"
336,336,0.005648494184336338,9835.039327784161,4625.273646096125,0.49911269849890333,0.26397417404200907,0.4381027356212215,1.0052386181518096,normal,0.00686694354887202,0.030919784791768195,2.7518445818168034,0.3958551249933799,2906.0207533395196,1.443675622764817,2.917187149674401,0.009999134332072663,0.10006508666035902,6896.565966010163,2.5353002085322124E-6,1.1855670238235723,0.389463144843956,14.097157032580277,14.105844601227032,14.114856237796015,0.7026340227420129,0.6961496639265826,0.7064573903835019,1,123,"[1.3860876576947523E-4]","[14.105844601227032]","[-1.528804020929776]","[0.26397417404200907]","[0.9665731828780401]","[normal]","[14.114856237796015]","[1101.9590083163073]","[1.0052386181518096]","[2.7518445818168034]","[6320254261243289089]","[6896.565966010163]","[0.6961496639265826]","[0.030919784791768195]","[0.7026340227420129]","[0.10006508666035902]","[0.009999134332072663]","[1.443675622764817]","[2.917187149674401]","[0.3958551249933799]","[0.49911269849890333]","[CN]","[2906.0207533395196]","[0.389463144843956]","[0.7064573903835019]","[2.5353002085322124E-6]","[0.00686694354887202]","[4625.273646096125]","[1.1855670238235723]","[14.097157032580277]","[0.005648494184336338]","[0.4381027356212215]","[-1662746.4690082641]","[9835.039327784161]"
336,336,0.005470611147542421,9935.66169366317,5445.3466229614905,0.48431922705927294,0.18488428158481843,0.877310320847101,0.8827861368906084,normal,0.007673600562781424,0.03349932979605173,2.762909936851806,0.39526447205302795,3452.7895755268337,1.416643994268339,2.63618480014502,0.009998484291103747,0.10032913760718314,6162.372066460414,1.572583475867845E-6,1.17551961756878,0.35682224415873504,14.097157032580277,14.10536885340148,14.114869025752913,0.7026340227420129,0.6981636154020405,0.7076972800688387,1,134,"[1.4051604130435532E-4]","[14.10536885340148]","[-1.2470511732945948]","[0.18488428158481843]","[0.9593165419377168]","[normal]","[14.114869025752913]","[1101.4093179981428]","[0.8827861368906084]","[2.762909936851806]","[3349763801843635548]","[6162.372066460414]","[0.6981636154020405]","[0.03349932979605173]","[0.7026340227420129]","[0.10032913760718314]","[0.009998484291103747]","[1.416643994268339]","[2.63618480014502]","[0.39526447205302795]","[0.48431922705927294]","[CN]","[3452.7895755268337]","[0.35682224415873504]","[0.7076972800688387]","[1.572583475867845E-6]","[0.007673600562781424]","[5445.3466229614905]","[1.17551961756878]","[14.097157032580277]","[0.005470611147542421]","[0.877310320847101]","[-1623267.460743802]","[9935.66169366317]"
336,336,0.005977369683012188,9822.74082888231,7481.887698320864,0.4820293839716622,0.4110596509578205,0.14457103545004163,1.0371547944555315,normal,0.007756561247825989,0.0068949159766132535,2.7822585080973687,0.447163421511268,5139.97796489452,1.493303101674,2.9587008628466096,0.009998353234856238,0.10024633765135632,5860.098623579501,4.083089346676385E-6,1.3455521493198306,0.4477955057285737,14.097157032580277,14.09456021588494,14.110893523039044,0.7026340227420129,0.6592299954241849,0.6907663883975108,1,213,"[1.4923045727137472E-4]","[14.09456021588494]","[-1.6371726182583446]","[0.4110596509578205]","[0.9759378252294162]","[normal]","[14.110893523039044]","[1108.562843347866]","[1.0371547944555315]","[2.7822585080973687]","[29664556433442917]","[5860.098623579501]","[0.6592299954241849]","[0.0068949159766132535]","[0.7026340227420129]","[0.10024633765135632]","[0.009998353234856238]","[1.493303101674]","[2.9587008628466096]","[0.447163421511268]","[0.4820293839716622]","[CN]","[5139.97796489452]","[0.4477955057285737]","[0.6907663883975108]","[4.083089346676385E-6]","[0.007756561247825989]","[7481.887698320864]","[1.3455521493198306]","[14.097157032580277]","[0.005977369683012188]","[0.14457103545004163]","[-1180721.7417355366]","[9822.74082888231]"
336,336,0.004748178174711397,9843.021746214175,5466.336412375479,0.4910389364410779,0.165274074542477,0.877310320847101,1.0605164606634292,normal,0.007139245378258319,0.0311672369768419,2.76290386296839,0.3923501954924529,2773.406806468178,1.4190785526406982,3.0,0.0099985514323794,0.10004013739800506,6974.511247244099,3.013603637463941E-6,1.2974932233686436,0.37621550415918015,14.097157032580277,14.107381637103689,14.114240476031867,0.7026340227420129,0.6998284931206527,0.7075932678043667,1,208,"[1.3708558960015207E-4]","[14.107381637103689]","[-1.3789289764855583]","[0.165274074542477]","[0.9680038447512217]","[normal]","[14.114240476031867]","[1101.8887223640145]","[1.0605164606634292]","[2.76290386296839]","[-6162594186532316544]","[6974.511247244099]","[0.6998284931206527]","[0.0311672369768419]","[0.7026340227420129]","[0.10004013739800506]","[0.0099985514323794]","[1.4190785526406982]","[3.0]","[0.3923501954924529]","[0.4910389364410779]","[CN]","[2773.406806468178]","[0.37621550415918015]","[0.7075932678043667]","[3.013603637463941E-6]","[0.007139245378258319]","[5466.336412375479]","[1.2974932233686436]","[14.097157032580277]","[0.004748178174711397]","[0.877310320847101]","[-1677234.7995867769]","[9843.021746214175]"
336,336,0.005469892279822193,9793.936905422765,4575.498621923982,0.4643334090797541,0.2511491853644003,0.5984147272703151,1.2057250847842211,normal,0.0068828540544996425,0.041757038115237,2.768817638288915,0.42002927041756477,2996.545742910248,1.4280705816561017,2.63618480014502,0.00999999578417238,0.10031352859138722,7837.925276928838,4.533889659842207E-6,1.212792161255076,0.533378594376973,14.097157032580277,14.102722918052242,14.113624392900029,0.7026340227420129,0.6939987347451094,0.7044093091074715,1,303,"[1.402140137705556E-4]","[14.102722918052242]","[-1.8846566701245162]","[0.2511491853644003]","[0.9598660078427418]","[normal]","[14.113624392900029]","[1101.4759518587327]","[1.2057250847842211]","[2.768817638288915]","[-3165730944191524842]","[7837.925276928838]","[0.6939987347451094]","[0.041757038115237]","[0.7026340227420129]","[0.10031352859138722]","[0.00999999578417238]","[1.4280705816561017]","[2.63618480014502]","[0.42002927041756477]","[0.4643334090797541]","[CN]","[2996.545742910248]","[0.533378594376973]","[0.7044093091074715]","[4.533889659842207E-6]","[0.0068828540544996425]","[4575.498621923982]","[1.212792161255076]","[14.097157032580277]","[0.005469892279822193]","[0.5984147272703151]","[-1615024.6838842977]","[9793.936905422765]"
336,336,0.00564794207006635,9834.884537161357,5319.509422383404,0.4897524942954439,0.1958503690910704,0.8542515367946426,0.882364911959983,log-normal,0.007149174412176658,0.031224647927642735,2.758876441973595,0.3971114127042478,3418.4491787760408,1.40902786212214,2.8449469901297526,0.009999215534805274,0.10006515287638373,6916.483900493449,2.6959855278894886E-6,1.17551961756878,0.39520015869564284,14.097157032580277,14.108291055156464,14.116198888100328,0.7026340227420129,0.7018808160169956,0.7102383946179347,1,167,"[1.4090375207481215E-4]","[14.108291055156464]","[-1.4119123162052216]","[0.1958503690910704]","[0.9651121520752182]","[log-normal]","[14.116198888100328]","[1101.2727751964953]","[0.882364911959983]","[2.758876441973595]","[951796768838882764]","[6916.483900493449]","[0.7018808160169956]","[0.031224647927642735]","[0.7026340227420129]","[0.10006515287638373]","[0.009999215534805274]","[1.40902786212214]","[2.8449469901297526]","[0.3971114127042478]","[0.4897524942954439]","[CN]","[3418.4491787760408]","[0.39520015869564284]","[0.7102383946179347]","[2.6959855278894886E-6]","[0.007149174412176658]","[5319.509422383404]","[1.17551961756878]","[14.097157032580277]","[0.00564794207006635]","[0.8542515367946426]","[-1654199.030991735]","[9834.884537161357]"
336,336,0.00875985830462999,9881.820085080903,7504.70308523071,0.4976717736187266,0.5045106880241306,0.19335703095882778,1.1204918808921294,log-normal,0.007927395626135874,0.02041378015847927,2.787460771445223,0.3988076319894337,876.2067818053395,1.4259816261943294,2.6439367094226798,0.009998816360477879,0.100401026074943,7525.951685717471,4.389033703921327E-6,1.3728337731541589,0.5104162764940298,14.097157032580277,14.10916902002878,14.121716884969594,0.7026340227420129,0.7012776536452714,0.7153071005200405,1,160,"[1.1947343809338407E-4]","[14.10916902002878]","[-1.6422238533202769]","[0.5045106880241306]","[0.9617836372537152]","[log-normal]","[14.121716884969594]","[1100.5836306526583]","[1.1204918808921294]","[2.787460771445223]","[-2477148630796170325]","[7525.951685717471]","[0.7012776536452714]","[0.02041378015847927]","[0.7026340227420129]","[0.100401026074943]","[0.009998816360477879]","[1.4259816261943294]","[2.6439367094226798]","[0.3988076319894337]","[0.4976717736187266]","[CN]","[876.2067818053395]","[0.5104162764940298]","[0.7153071005200405]","[4.389033703921327E-6]","[0.007927395626135874]","[7504.70308523071]","[1.3728337731541589]","[14.097157032580277]","[0.00875985830462999]","[0.19335703095882778]","[-1557722.9979338844]","[9881.820085080903]"
336,336,0.00382405286074533,9803.939841445088,5382.512120368141,0.49811842813494533,0.579804109500218,0.18509075749712062,0.8916668493045741,log-normal,0.00686694354887202,0.01771522524123906,2.772886476023753,0.34969090270591074,498.9474836604186,1.4198074832839336,2.9935610763639575,0.009998873148390468,0.10026119977278966,7700.05311740829,3.6069185198405633E-7,1.4009202188156977,0.36164475665934015,14.097157032580277,14.108503817325877,14.113461109648485,0.7026340227420129,0.7028944793080251,0.7084079816611483,1,85,"[1.1972715943817509E-4]","[14.108503817325877]","[-1.2438059776171175]","[0.579804109500218]","[0.9677879909480173]","[log-normal]","[14.113461109648485]","[1101.8176651108442]","[0.8916668493045741]","[2.772886476023753]","[-886633972065107487]","[7700.05311740829]","[0.7028944793080251]","[0.01771522524123906]","[0.7026340227420129]","[0.10026119977278966]","[0.009998873148390468]","[1.4198074832839336]","[2.9935610763639575]","[0.34969090270591074]","[0.49811842813494533]","[CN]","[498.9474836604186]","[0.36164475665934015]","[0.7084079816611483]","[3.6069185198405633E-7]","[0.00686694354887202]","[5382.512120368141]","[1.4009202188156977]","[14.097157032580277]","[0.00382405286074533]","[0.18509075749712062]","[-1680230.6342975209]","[9803.939841445088]"
336,336,0.004854356667777969,9822.511694491006,4673.118195649958,0.47894979142119165,0.357063428386063,0.19990523984702985,1.1063369979089963,log-normal,0.00845357741717519,0.020940573605719052,2.7976386056325118,0.38798930869364845,3176.6054319871764,1.4430129119564723,2.9552964608632792,0.009998329566574208,0.10007156496790415,7605.594919055312,9.583588991360179E-8,1.2608475119942641,0.41897302051699936,14.097157032580277,14.10585963384711,14.11353107509517,0.7026340227420129,0.6967005462895521,0.7052291421845182,1,31,"[1.4706330741002908E-4]","[14.10585963384711]","[-1.7214673407267942]","[0.357063428386063]","[0.9682554060881456]","[log-normal]","[14.11353107509517]","[1101.7161100784942]","[1.1063369979089963]","[2.7976386056325118]","[754655446842971460]","[7605.594919055312]","[0.6967005462895521]","[0.020940573605719052]","[0.7026340227420129]","[0.10007156496790415]","[0.009998329566574208]","[1.4430129119564723]","[2.9552964608632792]","[0.38798930869364845]","[0.47894979142119165]","[CN]","[3176.6054319871764]","[0.41897302051699936]","[0.7052291421845182]","[9.583588991360179E-8]","[0.00845357741717519]","[4673.118195649958]","[1.2608475119942641]","[14.097157032580277]","[0.004854356667777969]","[0.19990523984702985]","[-1645431.5599173554]","[9822.511694491006]"
336,336,0.00875985830462999,9935.66169366317,7470.824173838175,0.4818546647414774,0.3890332910198859,0.42335610301574433,1.3120815900713103,normal,0.007439223529563668,0.03584843191490255,2.794784013632446,0.39663786398932327,1828.5100384762725,1.4336775467871403,2.772947750077347,0.009998187296752316,0.1003414688414873,8188.562612589265,3.1921385757312225E-6,1.3889946698395357,0.4250450589893715,14.097157032580277,14.107995865979305,14.12062836434425,0.7026340227420129,0.6996351402340726,0.7128240537852917,1,307,"[1.3102760293135077E-4]","[14.107995865979305]","[-1.5992277034592481]","[0.3890332910198859]","[0.9628975680161156]","[normal]","[14.12062836434425]","[1100.5062448825029]","[1.3120815900713103]","[2.794784013632446]","[656434760322875570]","[8188.562612589265]","[0.6996351402340726]","[0.03584843191490255]","[0.7026340227420129]","[0.1003414688414873]","[0.009998187296752316]","[1.4336775467871403]","[2.772947750077347]","[0.39663786398932327]","[0.4818546647414774]","[CN]","[1828.5100384762725]","[0.4250450589893715]","[0.7128240537852917]","[3.1921385757312225E-6]","[0.007439223529563668]","[7470.824173838175]","[1.3889946698395357]","[14.097157032580277]","[0.00875985830462999]","[0.42335610301574433]","[-1653691.262396694]","[9935.66169366317]"
336,336,0.006706444736448235,9862.74894865043,6499.402366615683,0.4996439658799,0.47530425823568717,0.18780874962084135,1.1293934148168983,normal,0.008085398521993085,0.03255835397603954,2.7370479053081933,0.3866198128006344,1137.3786434756748,1.439812503606124,2.855180547143439,0.009998918289672365,0.10018091545209659,7949.4933462245135,4.151974528723127E-6,1.3646229430784678,0.533378594376973,14.097157032580277,14.106208096341533,14.11681289115845,0.7026340227420129,0.6971565598862395,0.7089950821686054,1,72,"[1.2574673312703324E-4]","[14.106208096341533]","[-1.4681117779464248]","[0.47530425823568717]","[0.964695332641643]","[normal]","[14.11681289115845]","[1101.3085833450775]","[1.1293934148168983]","[2.7370479053081933]","[-8446836598551640782]","[7949.4933462245135]","[0.6971565598862395]","[0.03255835397603954]","[0.7026340227420129]","[0.10018091545209659]","[0.009998918289672365]","[1.439812503606124]","[2.855180547143439]","[0.3866198128006344]","[0.4996439658799]","[CN]","[1137.3786434756748]","[0.533378594376973]","[0.7089950821686054]","[4.151974528723127E-6]","[0.008085398521993085]","[6499.402366615683]","[1.3646229430784678]","[14.097157032580277]","[0.006706444736448235]","[0.18780874962084135]","[-1674103.559917356]","[9862.74894865043]"
336,336,0.00875985830462999,9868.030218657146,6060.739356506575,0.47096401959492334,0.355211062929764,0.1760571449304129,1.1714360044531162,log-normal,0.008547488349372034,0.00668997014545096,2.7911550259121234,0.42683998107873256,4717.282980581888,1.479941494286193,2.9072854436612077,0.009999082385342802,0.10028379927088134,6632.482396423159,5.368863509085087E-6,1.2436310230962195,0.5027037670431921,14.097157032580277,14.103107280572695,14.118369140045756,0.7026340227420129,0.6789791485912194,0.7031053288714306,1,315,"[1.4638896296917587E-4]","[14.103107280572695]","[-1.7613381573401272]","[0.355211062929764]","[0.9737946618455424]","[log-normal]","[14.118369140045756]","[1105.2170808532248]","[1.1714360044531162]","[2.7911550259121234]","[-7491090145586834725]","[6632.482396423159]","[0.6789791485912194]","[0.00668997014545096]","[0.7026340227420129]","[0.10028379927088134]","[0.009999082385342802]","[1.479941494286193]","[2.9072854436612077]","[0.42683998107873256]","[0.47096401959492334]","[CN]","[4717.282980581888]","[0.5027037670431921]","[0.7031053288714306]","[5.368863509085087E-6]","[0.008547488349372034]","[6060.739356506575]","[1.2436310230962195]","[14.097157032580277]","[0.00875985830462999]","[0.1760571449304129]","[-1248424.2210743797]","[9868.030218657146]"
336,336,0.005310939537026657,9822.159647516066,7504.70308523071,0.49732559252380404,0.3054677445777729,0.10925659429291776,1.1798075173109561,log-normal,0.008660120486204738,0.009632934437919386,2.7803955741299338,0.4163672639107011,4369.092814918288,1.493303101674,2.9627288704881787,0.0099981729369515,0.10019732454803679,6752.345844924384,2.9540618261338863E-6,1.30810166026192,0.4662399006470866,14.097157032580277,14.097608909478765,14.108612581207327,0.7026340227420129,0.6720777785834415,0.6877947956738211,1,214,"[1.4986999637549137E-4]","[14.097608909478765]","[-1.783635078156842]","[0.3054677445777729]","[0.9727544015026569]","[log-normal]","[14.108612581207327]","[1106.2592575550184]","[1.1798075173109561]","[2.7803955741299338]","[-4622456319764067461]","[6752.345844924384]","[0.6720777785834415]","[0.009632934437919386]","[0.7026340227420129]","[0.10019732454803679]","[0.0099981729369515]","[1.493303101674]","[2.9627288704881787]","[0.4163672639107011]","[0.49732559252380404]","[CN]","[4369.092814918288]","[0.4662399006470866]","[0.6877947956738211]","[2.9540618261338863E-6]","[0.008660120486204738]","[7504.70308523071]","[1.30810166026192]","[14.097157032580277]","[0.005310939537026657]","[0.10925659429291776]","[-1430950.1053719006]","[9822.159647516066]"
336,336,0.00875985830462999,9935.66169366317,7504.70308523071,0.4814177695358016,0.2896852923864157,0.423458424891088,1.2627383057575163,normal,0.00745562413064055,0.033310772637006054,2.78854378012999,0.3865069585640967,2557.321228430029,1.4465517340747702,2.7560053472983976,0.0099981729369515,0.10015509722253887,8027.3816484906765,1.921962444950295E-6,1.3136542213603188,0.43851053639328086,14.097157032580277,14.106886372512397,14.120130780736721,0.7026340227420129,0.6973917074288905,0.7116098946311288,1,99,"[1.3891605411407327E-4]","[14.106886372512397]","[-1.7733082270002265]","[0.2896852923864157]","[0.9622331130217505]","[normal]","[14.120130780736721]","[1101.1430814148252]","[1.2627383057575163]","[2.78854378012999]","[-6262453396090353673]","[8027.3816484906765]","[0.6973917074288905]","[0.033310772637006054]","[0.7026340227420129]","[0.10015509722253887]","[0.0099981729369515]","[1.4465517340747702]","[2.7560053472983976]","[0.3865069585640967]","[0.4814177695358016]","[CN]","[2557.321228430029]","[0.43851053639328086]","[0.7116098946311288]","[1.921962444950295E-6]","[0.00745562413064055]","[7504.70308523071]","[1.3136542213603188]","[14.097157032580277]","[0.00875985830462999]","[0.423458424891088]","[-1655062.2376033063]","[9935.66169366317]"
336,336,0.008314649620121479,9826.836943059572,6367.22952027925,0.48332626543379564,0.3807051937341622,0.2059157881600821,1.134664516931005,log-normal,0.008270196570591406,0.00668997014545096,2.778266481781642,0.41820451810478027,2287.4095801857256,1.4793236381682273,2.947401623271784,0.00999825309325601,0.10023365809577768,6217.933549961423,5.45414450945867E-6,1.3071949984503466,0.47839873362870994,14.097157032580277,14.103880810617548,14.117890823862965,0.7026340227420129,0.6813470471905206,0.7035685942864971,1,238,"[1.3792285601994822E-4]","[14.103880810617548]","[-1.9880718501388503]","[0.3807051937341622]","[0.9739093885996365]","[log-normal]","[14.117890823862965]","[1105.102262628708]","[1.134664516931005]","[2.778266481781642]","[-3709408721990642673]","[6217.933549961423]","[0.6813470471905206]","[0.00668997014545096]","[0.7026340227420129]","[0.10023365809577768]","[0.00999825309325601]","[1.4793236381682273]","[2.947401623271784]","[0.41820451810478027]","[0.48332626543379564]","[CN]","[2287.4095801857256]","[0.47839873362870994]","[0.7035685942864971]","[5.45414450945867E-6]","[0.008270196570591406]","[6367.22952027925]","[1.3071949984503466]","[14.097157032580277]","[0.008314649620121479]","[0.2059157881600821]","[-1275505.2128099168]","[9826.836943059572]"
336,336,0.005884689462007611,9842.527859811411,4927.764685225155,0.48850457694596844,0.21665234666871572,0.8267662625996227,0.882364911959983,normal,0.0071182574086264315,0.030306220648750833,2.71311348958232,0.40314120281645105,3161.169630994362,1.4399187883812214,2.9260107762131957,0.009998681178197298,0.10012332906206474,6247.219529351912,8.966748189027278E-8,1.17551961756878,0.38851238996766274,14.097157032580277,14.105951213650167,14.115146768009911,0.7026340227420129,0.6959434909253485,0.7063004226260574,1,298,"[1.4087544340434468E-4]","[14.105951213650167]","[-1.3743958458647183]","[0.21665234666871572]","[0.9671416270025383]","[normal]","[14.115146768009911]","[1101.9958130632695]","[0.882364911959983]","[2.71311348958232]","[-9125803539598638082]","[6247.219529351912]","[0.6959434909253485]","[0.030306220648750833]","[0.7026340227420129]","[0.10012332906206474]","[0.009998681178197298]","[1.4399187883812214]","[2.9260107762131957]","[0.40314120281645105]","[0.48850457694596844]","[CN]","[3161.169630994362]","[0.38851238996766274]","[0.7063004226260574]","[8.966748189027278E-8]","[0.0071182574086264315]","[4927.764685225155]","[1.17551961756878]","[14.097157032580277]","[0.005884689462007611]","[0.8267662625996227]","[-1649688.3533057852]","[9842.527859811411]"
336,336,0.0052688920664837055,9828.264085986826,4653.967410829709,0.49044856764093137,0.320782199807508,0.7598957241043939,0.882364911959983,log-normal,0.0071500293289014005,0.027891131773043,2.7645362926990504,0.42950371049601754,2502.2593777621896,1.425742962601513,2.8746035320699264,0.0099981729369515,0.100000028598264,6755.296857637174,1.910681770624657E-6,1.1864621680356406,0.40028998135560406,14.097157032580277,14.105250607935888,14.113896606843731,0.7026340227420129,0.6944904217828345,0.7044787079536978,1,310,"[1.3645357378385488E-4]","[14.105250607935888]","[-1.3829081281056792]","[0.320782199807508]","[0.9675331896594747]","[log-normal]","[14.113896606843731]","[1102.6136200056928]","[0.882364911959983]","[2.7645362926990504]","[-6632044562866597556]","[6755.296857637174]","[0.6944904217828345]","[0.027891131773043]","[0.7026340227420129]","[0.100000028598264]","[0.0099981729369515]","[1.425742962601513]","[2.8746035320699264]","[0.42950371049601754]","[0.49044856764093137]","[CN]","[2502.2593777621896]","[0.40028998135560406]","[0.7044787079536978]","[1.910681770624657E-6]","[0.0071500293289014005]","[4653.967410829709]","[1.1864621680356406]","[14.097157032580277]","[0.0052688920664837055]","[0.7598957241043939]","[-1581791.229338843]","[9828.264085986826]"
336,336,0.005221133465386705,9887.67680809192,7002.24979208885,0.49380524176378077,0.2244551021920521,0.5698082589518589,1.43618506277867,normal,0.0072816693270930195,0.022354319564255806,2.745659723223895,0.3359663070047468,2446.889295638797,1.4432092602339923,2.816577710021973,0.00999999578417238,0.10023281015527581,7715.308111494312,1.0308973918035705E-6,1.2990416472166955,0.39016969509534544,14.097157032580277,14.108293115238897,14.11545482838114,0.7026340227420129,0.7029246172588067,0.7100340707312028,1,169,"[1.358661989202147E-4]","[14.108293115238897]","[-1.4938500525693565]","[0.2244551021920521]","[0.962741896968144]","[normal]","[14.11545482838114]","[1101.1023885851034]","[1.43618506277867]","[2.745659723223895]","[-9174543444637184651]","[7715.308111494312]","[0.7029246172588067]","[0.022354319564255806]","[0.7026340227420129]","[0.10023281015527581]","[0.00999999578417238]","[1.4432092602339923]","[2.816577710021973]","[0.3359663070047468]","[0.49380524176378077]","[CN]","[2446.889295638797]","[0.39016969509534544]","[0.7100340707312028]","[1.0308973918035705E-6]","[0.0072816693270930195]","[7002.24979208885]","[1.2990416472166955]","[14.097157032580277]","[0.005221133465386705]","[0.5698082589518589]","[-1702428.584710744]","[9887.67680809192]"
336,336,0.0049826666547063865,9828.293302219097,4695.679398662099,0.475415526268654,0.37552563761994306,0.19557531605599693,1.0910697327845054,log-normal,0.00870714673148661,0.019810351181963115,2.7980955383388237,0.3880333711492507,3193.412195803314,1.4842734974598917,2.93688969144946,0.009998337430861275,0.10006127763887622,7620.971771724109,8.77345307079644E-8,1.2620975547686946,0.39359004986847634,14.097157032580277,14.099840706271694,14.110285559574514,0.7026340227420129,0.6832860721069256,0.6958239661414475,1,296,"[1.4904148784707902E-4]","[14.099840706271694]","[-2.4306919198794157]","[0.37552563761994306]","[0.9680517823226633]","[log-normal]","[14.110285559574514]","[1103.741192453595]","[1.0910697327845054]","[2.7980955383388237]","[4241660579812640754]","[7620.971771724109]","[0.6832860721069256]","[0.019810351181963115]","[0.7026340227420129]","[0.10006127763887622]","[0.009998337430861275]","[1.4842734974598917]","[2.93688969144946]","[0.3880333711492507]","[0.475415526268654]","[CN]","[3193.412195803314]","[0.39359004986847634]","[0.6958239661414475]","[8.77345307079644E-8]","[0.00870714673148661]","[4695.679398662099]","[1.2620975547686946]","[14.097157032580277]","[0.0049826666547063865]","[0.19557531605599693]","[-1633177.4111570246]","[9828.293302219097]"
336,336,0.006505984989349745,9853.458609675441,7318.299235508339,0.4996439658799,0.5630516138948075,0.22827228885021145,1.1859262002537039,log-normal,0.007906340650691512,0.033759623993183246,2.7826947858793853,0.3851916856591989,974.4801986966768,1.4357145366882933,2.8323330322583278,0.009999056866102456,0.10021720356284601,7611.908213435222,5.047771486736787E-6,1.3601574148782705,0.533378594376973,14.097157032580277,14.106189917937911,14.116360948553154,0.7026340227420129,0.6973572359804667,0.7082260434823605,1,311,"[1.2399341061461073E-4]","[14.106189917937911]","[-2.145902997543481]","[0.5630516138948075]","[0.9639937102616506]","[log-normal]","[14.116360948553154]","[1101.548372349456]","[1.1859262002537039]","[2.7826947858793853]","[6876746456846507333]","[7611.908213435222]","[0.6973572359804667]","[0.033759623993183246]","[0.7026340227420129]","[0.10021720356284601]","[0.009999056866102456]","[1.4357145366882933]","[2.8323330322583278]","[0.3851916856591989]","[0.4996439658799]","[CN]","[974.4801986966768]","[0.533378594376973]","[0.7082260434823605]","[5.047771486736787E-6]","[0.007906340650691512]","[7318.299235508339]","[1.3601574148782705]","[14.097157032580277]","[0.006505984989349745]","[0.22827228885021145]","[-1670566.1053719006]","[9853.458609675441]"
336,336,0.004854963980299036,9822.190465862077,7504.70308523071,0.48786502577496976,0.3884102124993857,0.109098587408994,1.2839003115170893,normal,0.008350610398360913,0.00678522007386527,2.7761059791448877,0.4222692036892386,3287.223512002426,1.493303101674,2.9762418000718616,0.009998265053162833,0.10018485082353534,6979.767922250036,3.5870594338397883E-6,1.34735520257412,0.47447417175770024,14.097157032580277,14.097681733942693,14.10874323526963,0.7026340227420129,0.670737844613589,0.6887542829521851,1,241,"[1.403011652591684E-4]","[14.097681733942693]","[-1.7295577195201417]","[0.3884102124993857]","[0.974569931427657]","[normal]","[14.10874323526963]","[1107.6415251052056]","[1.2839003115170893]","[2.7761059791448877]","[7616099655633734633]","[6979.767922250036]","[0.670737844613589]","[0.00678522007386527]","[0.7026340227420129]","[0.10018485082353534]","[0.009998265053162833]","[1.493303101674]","[2.9762418000718616]","[0.4222692036892386]","[0.48786502577496976]","[CN]","[3287.223512002426]","[0.47447417175770024]","[0.6887542829521851]","[3.5870594338397883E-6]","[0.008350610398360913]","[7504.70308523071]","[1.34735520257412]","[14.097157032580277]","[0.004854963980299036]","[0.109098587408994]","[-1298794.8657024796]","[9822.190465862077]"
336,336,0.00527754714980985,9816.491837531785,6967.533389482736,0.4788125035587499,0.3175067558799123,0.32553386170069676,0.882364911959983,normal,0.008699014486181069,0.019193551450891744,2.83151106308429,0.38360184356934607,3223.475493775406,1.4473100737324007,2.982421785836491,0.00999842988776618,0.1000644134073789,7318.871253938828,8.77345307079644E-8,1.2688288276545034,0.40432070267345493,14.097157032580277,14.105755979197038,14.113737062296872,0.7026340227420129,0.6951068957214444,0.7038694912514938,1,44,"[1.414467252765798E-4]","[14.105755979197038]","[-1.4940120745492165]","[0.3175067558799123]","[0.9688349317361]","[normal]","[14.113737062296872]","[1101.9498265803763]","[0.882364911959983]","[2.83151106308429]","[-8019766119204285028]","[7318.871253938828]","[0.6951068957214444]","[0.019193551450891744]","[0.7026340227420129]","[0.1000644134073789]","[0.00999842988776618]","[1.4473100737324007]","[2.982421785836491]","[0.38360184356934607]","[0.4788125035587499]","[CN]","[3223.475493775406]","[0.40432070267345493]","[0.7038694912514938]","[8.77345307079644E-8]","[0.008699014486181069]","[6967.533389482736]","[1.2688288276545034]","[14.097157032580277]","[0.00527754714980985]","[0.32553386170069676]","[-1637984.287190083]","[9816.491837531785]"
336,336,0.007635228021223069,9822.295400279738,6136.908426117121,0.4836451069541222,0.3778709535738461,0.11677614786889394,1.1309713009941795,log-normal,0.008325200496369927,0.011355097274975034,2.779058979908717,0.43310937274451833,2290.0687409148777,1.4811269315397122,2.9506763102250075,0.009998243835946653,0.10022877544559815,6261.302818043207,5.45414450945867E-6,1.3044285240440523,0.4832594150006516,14.097157032580277,14.099451746704187,14.113717062111881,0.7026340227420129,0.6725615873549483,0.6943457025860242,1,95,"[1.369174281483565E-4]","[14.099451746704187]","[-1.752358473286522]","[0.3778709535738461]","[0.9727836055226138]","[log-normal]","[14.113717062111881]","[1105.8357218396095]","[1.1309713009941795]","[2.779058979908717]","[2162763111402114039]","[6261.302818043207]","[0.6725615873549483]","[0.011355097274975034]","[0.7026340227420129]","[0.10022877544559815]","[0.009998243835946653]","[1.4811269315397122]","[2.9506763102250075]","[0.43310937274451833]","[0.4836451069541222]","[CN]","[2290.0687409148777]","[0.4832594150006516]","[0.6943457025860242]","[5.45414450945867E-6]","[0.008325200496369927]","[6136.908426117121]","[1.3044285240440523]","[14.097157032580277]","[0.007635228021223069]","[0.11677614786889394]","[-1396286.4359504136]","[9822.295400279738]"
336,336,0.004733769835345427,9789.04307830831,6880.004545689629,0.4854296038709397,0.5007464708661652,0.109098587408994,1.306612117209398,normal,0.008289128737923358,0.019091156035586358,2.829897591241923,0.36872913216661035,2267.300672838942,1.40902786212214,2.760027506765231,0.009998767497472675,0.10019792189978603,6066.558839454721,1.4417910695534767E-6,1.2946603128320626,0.44044723740104963,14.097157032580277,14.107968795744865,14.114641099275346,0.7026340227420129,0.7015979378500341,0.7086258926358345,1,314,"[1.3685268429465276E-4]","[14.107968795744865]","[-1.4048369313459879]","[0.5007464708661652]","[0.9632250799911997]","[normal]","[14.114641099275346]","[1101.5453954688423]","[1.306612117209398]","[2.829897591241923]","[6519603320612063796]","[6066.558839454721]","[0.7015979378500341]","[0.019091156035586358]","[0.7026340227420129]","[0.10019792189978603]","[0.009998767497472675]","[1.40902786212214]","[2.760027506765231]","[0.36872913216661035]","[0.4854296038709397]","[CN]","[2267.300672838942]","[0.44044723740104963]","[0.7086258926358345]","[1.4417910695534767E-6]","[0.008289128737923358]","[6880.004545689629]","[1.2946603128320626]","[14.097157032580277]","[0.004733769835345427]","[0.109098587408994]","[-1624714.6012396691]","[9789.04307830831]"
336,336,0.005464717704138568,9861.044468961025,4580.042509265107,0.49173248569081374,0.165274074542477,0.8623431754250734,0.9638023374921326,normal,0.0070850924323585095,0.029886328094804748,2.7654839426790994,0.3991797799008165,3193.3117434723,1.4204437391348872,2.913493461139781,0.00999857649765057,0.1000542102370635,6541.542919846896,2.429631609927908E-6,1.18642683544227,0.3888195312087125,14.097157032580277,14.107577458378541,14.115447324453836,0.7026340227420129,0.6999920540687342,0.708602868059861,1,42,"[1.372760572117315E-4]","[14.107577458378541]","[-1.3691274672122755]","[0.165274074542477]","[0.9668005150784824]","[normal]","[14.115447324453836]","[1101.5555986756592]","[0.9638023374921326]","[2.7654839426790994]","[-261968811963607141]","[6541.542919846896]","[0.6999920540687342]","[0.029886328094804748]","[0.7026340227420129]","[0.1000542102370635]","[0.00999857649765057]","[1.4204437391348872]","[2.913493461139781]","[0.3991797799008165]","[0.49173248569081374]","[CN]","[3193.3117434723]","[0.3888195312087125]","[0.708602868059861]","[2.429631609927908E-6]","[0.0070850924323585095]","[4580.042509265107]","[1.18642683544227]","[14.097157032580277]","[0.005464717704138568]","[0.8623431754250734]","[-1654063.6260330582]","[9861.044468961025]"
336,336,0.00382405286074533,9809.724220615779,6266.890899664797,0.49533257616220955,0.5489501213127653,0.34318179086796663,0.9059591111034645,normal,0.00702673724091408,0.020234137475777063,2.792898593282364,0.325242848903376,1009.8924006981898,1.4092933289711267,2.9318476939465423,0.009999298235360067,0.10019074656679086,7781.723050186685,2.2028100836135087E-6,1.3663934158956308,0.356349474101747,14.097157032580277,14.108953849257343,14.113647416742332,0.7026340227420129,0.7042096783723178,0.7090648847978303,1,251,"[1.1919291585420227E-4]","[14.108953849257343]","[-1.4704703724912151]","[0.5489501213127653]","[0.9652025423437226]","[normal]","[14.113647416742332]","[1101.8678408214419]","[0.9059591111034645]","[2.792898593282364]","[187707781243834238]","[7781.723050186685]","[0.7042096783723178]","[0.020234137475777063]","[0.7026340227420129]","[0.10019074656679086]","[0.009999298235360067]","[1.4092933289711267]","[2.9318476939465423]","[0.325242848903376]","[0.49533257616220955]","[CN]","[1009.8924006981898]","[0.356349474101747]","[0.7090648847978303]","[2.2028100836135087E-6]","[0.00702673724091408]","[6266.890899664797]","[1.3663934158956308]","[14.097157032580277]","[0.00382405286074533]","[0.34318179086796663]","[-1709376.5516528927]","[9809.724220615779]"
336,336,0.008009100667900509,9879.100993886814,7504.70308523071,0.49772509672549564,0.5659123747317231,0.1806189519968526,1.1304530649413915,normal,0.007962771176358848,0.02413108552370884,2.7896110768939004,0.3978913589225481,479.260101476493,1.40902786212214,2.6633458741043436,0.009998849685340658,0.10023411658837382,7650.394174287254,4.55317448813534E-6,1.3644675581718797,0.5110763262409782,14.097157032580277,14.109680016426312,14.120726659102655,0.7026340227420129,0.70323248653564,0.7151301094003362,1,48,"[1.0927650111063831E-4]","[14.109680016426312]","[-1.63335251974797]","[0.5659123747317231]","[0.9615924114921452]","[normal]","[14.120726659102655]","[1100.345630258012]","[1.1304530649413915]","[2.7896110768939004]","[-2260684375749358879]","[7650.394174287254]","[0.70323248653564]","[0.02413108552370884]","[0.7026340227420129]","[0.10023411658837382]","[0.009998849685340658]","[1.40902786212214]","[2.6633458741043436]","[0.3978913589225481]","[0.49772509672549564]","[CN]","[479.260101476493]","[0.5110763262409782]","[0.7151301094003362]","[4.55317448813534E-6]","[0.007962771176358848]","[7504.70308523071]","[1.3644675581718797]","[14.097157032580277]","[0.008009100667900509]","[0.1806189519968526]","[-1590998.7665289252]","[9879.100993886814]"
336,336,0.0054761595540693386,9876.986040058813,5369.070646129861,0.4899882383162361,0.16738214461421097,0.7237057545483034,0.882364911959983,normal,0.007732671730294024,0.03333287631669052,2.763223363528938,0.40523611687242145,3336.0714327353744,1.4181888479717148,2.901672059990848,0.009998382134910295,0.1000935228889157,6153.521168754618,1.9356982932603953E-6,1.1789165477748613,0.356349474101747,14.097157032580277,14.106695163838923,14.115153810480225,0.7026340227420129,0.6984124481681868,0.7078577973390446,1,280,"[1.3769682608303808E-4]","[14.106695163838923]","[-1.3286303409191822]","[0.16738214461421097]","[0.9664531195331254]","[normal]","[14.115153810480225]","[1101.5949273492213]","[0.882364911959983]","[2.763223363528938]","[-8842450865730843458]","[6153.521168754618]","[0.6984124481681868]","[0.03333287631669052]","[0.7026340227420129]","[0.1000935228889157]","[0.009998382134910295]","[1.4181888479717148]","[2.901672059990848]","[0.40523611687242145]","[0.4899882383162361]","[CN]","[3336.0714327353744]","[0.356349474101747]","[0.7078577973390446]","[1.9356982932603953E-6]","[0.007732671730294024]","[5369.070646129861]","[1.1789165477748613]","[14.097157032580277]","[0.0054761595540693386]","[0.7237057545483034]","[-1655654.6342975206]","[9876.986040058813]"
336,336,0.005627133935579231,9824.318138767063,5206.135783146858,0.4765263134559382,0.33810469047055947,0.109098587408994,1.0976078832768001,log-normal,0.008657316912544462,0.0198761370255106,2.79289525493814,0.3859948545039105,3109.4679490209346,1.4444574294304493,2.9556286646607237,0.009998334242690195,0.10007204681987253,7663.759081000504,8.77345307079644E-8,1.2659578294865834,0.42069640515263496,14.097157032580277,14.106211075991595,14.115033549052825,0.7026340227420129,0.6961187083345001,0.7068577309787516,1,185,"[1.434464053974568E-4]","[14.106211075991595]","[-1.3450871942502065]","[0.33810469047055947]","[0.9683362733823448]","[log-normal]","[14.115033549052825]","[1101.7099233091246]","[1.0976078832768001]","[2.79289525493814]","[7853628578456181076]","[7663.759081000504]","[0.6961187083345001]","[0.0198761370255106]","[0.7026340227420129]","[0.10007204681987253]","[0.009998334242690195]","[1.4444574294304493]","[2.9556286646607237]","[0.3859948545039105]","[0.4765263134559382]","[CN]","[3109.4679490209346]","[0.42069640515263496]","[0.7068577309787516]","[8.77345307079644E-8]","[0.008657316912544462]","[5206.135783146858]","[1.2659578294865834]","[14.097157032580277]","[0.005627133935579231]","[0.109098587408994]","[-1636359.4276859504]","[9824.318138767063]"
336,336,0.0047075307796019,9789.04307830831,5408.812090673606,0.49900475671709654,0.2259010929819181,0.8420664628898428,0.9884708841868496,log-normal,0.007250663823862834,0.02887581010209807,2.7358680813446052,0.3917261084581424,2544.289644270153,1.4155129469887906,2.920017799957464,0.009998450897591235,0.10001403976748756,6583.88313412347,2.531533648058113E-6,1.2474427485051824,0.356349474101747,14.097157032580277,14.107439173026796,14.11439500609012,0.7026340227420129,0.7004233667201457,0.7082785354633715,1,129,"[1.3516840553412862E-4]","[14.107439173026796]","[-1.575889177696681]","[0.2259010929819181]","[0.9666922999152513]","[log-normal]","[14.11439500609012]","[1101.689476662121]","[0.9884708841868496]","[2.7358680813446052]","[2520484472254764305]","[6583.88313412347]","[0.7004233667201457]","[0.02887581010209807]","[0.7026340227420129]","[0.10001403976748756]","[0.009998450897591235]","[1.4155129469887906]","[2.920017799957464]","[0.3917261084581424]","[0.49900475671709654]","[CN]","[2544.289644270153]","[0.356349474101747]","[0.7082785354633715]","[2.531533648058113E-6]","[0.007250663823862834]","[5408.812090673606]","[1.2474427485051824]","[14.097157032580277]","[0.0047075307796019]","[0.8420664628898428]","[-1664134.3698347106]","[9789.04307830831]"
336,336,0.004140161766367267,9800.930308298382,5834.122538040194,0.4980509288069028,0.620121742320782,0.20439559716396538,0.9180842470638608,log-normal,0.00686694354887202,0.024638887344229664,2.773079878121925,0.34874447065263486,799.6786871242824,1.4135865509387038,2.988025037506721,0.009999042687543376,0.10017155582071181,7661.18336853011,1.3047521191790471E-6,1.3940929484172597,0.3607672102427381,14.097157032580277,14.108889755238955,14.114147138011209,0.7026340227420129,0.7039852358236725,0.7095354322558243,1,256,"[1.2625749106964877E-4]","[14.108889755238955]","[-1.9038722036870708]","[0.620121742320782]","[0.9667996545834993]","[log-normal]","[14.114147138011209]","[1101.466255437208]","[0.9180842470638608]","[2.773079878121925]","[-1203378585339918861]","[7661.18336853011]","[0.7039852358236725]","[0.024638887344229664]","[0.7026340227420129]","[0.10017155582071181]","[0.009999042687543376]","[1.4135865509387038]","[2.988025037506721]","[0.34874447065263486]","[0.4980509288069028]","[CN]","[799.6786871242824]","[0.3607672102427381]","[0.7095354322558243]","[1.3047521191790471E-6]","[0.00686694354887202]","[5834.122538040194]","[1.3940929484172597]","[14.097157032580277]","[0.004140161766367267]","[0.20439559716396538]","[-1715842.1384297516]","[9800.930308298382]"
336,336,0.004547813462995432,9806.38286552303,5316.166209014644,0.49847866844242805,0.5795883102266117,0.21361531019671948,0.922990653494131,log-normal,0.006954686457008729,0.023478265408454237,2.793837837266484,0.3405879813807625,479.260101476493,1.4233028585665575,2.9733892567032023,0.009998911160764021,0.10026970570143173,7765.109068872998,7.368425900347519E-7,1.3179742761867832,0.3763635809806185,14.097157032580277,14.10891305679525,14.114699556143249,0.7026340227420129,0.703434808761475,0.7096920466789931,1,173,"[1.1343750239626712E-4]","[14.10891305679525]","[-1.2966431970626724]","[0.5795883102266117]","[0.9662553303432838]","[log-normal]","[14.114699556143249]","[1101.8212327369745]","[0.922990653494131]","[2.793837837266484]","[-2183830640056433812]","[7765.109068872998]","[0.703434808761475]","[0.023478265408454237]","[0.7026340227420129]","[0.10026970570143173]","[0.009998911160764021]","[1.4233028585665575]","[2.9733892567032023]","[0.3405879813807625]","[0.49847866844242805]","[CN]","[479.260101476493]","[0.3763635809806185]","[0.7096920466789931]","[7.368425900347519E-7]","[0.006954686457008729]","[5316.166209014644]","[1.3179742761867832]","[14.097157032580277]","[0.004547813462995432]","[0.21361531019671948]","[-1711915.3946280992]","[9806.38286552303]"
336,336,0.0043948436883733295,9836.277239772688,6068.442359051194,0.4992056668893547,0.5166806941306002,0.44250523287655574,1.010705035977947,log-normal,0.007956973210456757,0.029403068495031725,2.7513466452880073,0.4162468224577869,5139.97796489452,1.4428977490543216,2.908320959344893,0.009998235249529473,0.100000028598264,6911.982362385786,2.56296972876644E-6,1.1866663797747625,0.4320925735762874,14.097157032580277,14.10211782048967,14.110808560930197,0.7026340227420129,0.6889227185963406,0.6989055618138087,1,225,"[1.4815750698050366E-4]","[14.10211782048967]","[-1.386898552384902]","[0.5166806941306002]","[0.9674732461026261]","[log-normal]","[14.110808560930197]","[1103.267015925809]","[1.010705035977947]","[2.7513466452880073]","[-7696590590258738779]","[6911.982362385786]","[0.6889227185963406]","[0.029403068495031725]","[0.7026340227420129]","[0.100000028598264]","[0.009998235249529473]","[1.4428977490543216]","[2.908320959344893]","[0.4162468224577869]","[0.4992056668893547]","[CN]","[5139.97796489452]","[0.4320925735762874]","[0.6989055618138087]","[2.56296972876644E-6]","[0.007956973210456757]","[6068.442359051194]","[1.1866663797747625]","[14.097157032580277]","[0.0043948436883733295]","[0.44250523287655574]","[-1619213.774793388]","[9836.277239772688]"
336,336,0.007967941849026744,9881.09231486239,7504.70308523071,0.4991861167872355,0.424911728097805,0.109098587408994,1.0837349275214656,log-normal,0.00686694354887202,0.041757038115237,2.83151106308429,0.3773812708596348,479.260101476493,1.4567194789133513,2.7581327152636734,0.009998826623463323,0.10014003955150332,8178.768762637742,5.005455209770217E-6,1.3734618539724435,0.533378594376973,14.097157032580277,14.105045505718932,14.119536039872031,0.7026340227420129,0.6953218526873177,0.7147340469005586,1,290,"[1.066059903895946E-4]","[14.105045505718932]","[-1.6708460726992882]","[0.424911728097805]","[0.9611059814718987]","[log-normal]","[14.119536039872031]","[1099.8462753588474]","[1.0837349275214656]","[2.83151106308429]","[5941738527994321668]","[8178.768762637742]","[0.6953218526873177]","[0.041757038115237]","[0.7026340227420129]","[0.10014003955150332]","[0.009998826623463323]","[1.4567194789133513]","[2.7581327152636734]","[0.3773812708596348]","[0.4991861167872355]","[CN]","[479.260101476493]","[0.533378594376973]","[0.7147340469005586]","[5.005455209770217E-6]","[0.00686694354887202]","[7504.70308523071]","[1.3734618539724435]","[14.097157032580277]","[0.007967941849026744]","[0.109098587408994]","[-1697985.6095041325]","[9881.09231486239]"
336,336,0.008592976039547008,9875.66429560171,7124.136745426746,0.49945573281456435,0.4485706804345093,0.5422130455436727,0.977292408975277,normal,0.006988069398089219,0.022444174321960043,2.793089393420146,0.3802741138654579,1891.3441265055753,1.4340645273806585,3.0,0.009999555747297134,0.10020236050957491,7844.780470537005,5.45414450945867E-6,1.347081572686598,0.5191490820571611,14.097157032580277,14.111339669662673,14.122091813467495,0.7026340227420129,0.7040074501447343,0.7167854158342819,2,135,"[1.350127032483708E-4,1.404106076514094E-4]","[14.111339669662673,14.111339669662673]","[-1.3684863680624504,-1.21265924301074]","[0.4485706804345093,0.4485706804345093]","[0.9684810838237458,0.9684810838237458]","[normal,normal]","[14.12209181314479,14.122091813790199]","[1100.7064800987232,1100.7065976140443]","[0.977292408975277,0.977292408975277]","[2.793089393420146,2.793089393420146]","[-7967684713302683243,-915161883623322317]","[7844.780470537005,7844.780470537005]","[0.7040074501447343,0.7040074501447343]","[0.022444174321960043,0.022444174321960043]","[0.7026340227420129,0.7026340227420129]","[0.10020236050957491,0.10020236050957491]","[0.009999555747297134,0.009999555747297134]","[1.4340645273806585,1.4340645273806585]","[3.0,3.0]","[0.3802741138654579,0.3802741138654579]","[0.49945573281456435,0.49945573281456435]","[CN,CN]","[1891.3441265055753,1891.3441265055753]","[0.5191490820571611,0.5191490820571611]","[0.7167853109120567,0.7167855207565071]","[5.45414450945867E-6,5.45414450945867E-6]","[0.006988069398089219,0.006988069398089219]","[7124.136745426746,7124.136745426746]","[1.347081572686598,1.347081572686598]","[14.097157032580277,14.097157032580277]","[0.008592976039547008,0.008592976039547008]","[0.5422130455436727,0.5422130455436727]","[-1662154.0723140496,-1662154.0723140496]","[9875.66429560171,9875.66429560171]"
336,336,0.006391128929828611,9789.345815776589,5017.5177869519275,0.4996439658799,0.32646044751254844,0.109098587408994,0.882364911959983,log-normal,0.00870714673148661,0.041757038115237,2.7613219444165518,0.325242848903376,1867.2176312581032,1.4863842079711296,2.63618480014502,0.009998247323820018,0.1001646662301231,6044.754698898306,5.45414450945867E-6,1.17551961756878,0.533378594376973,14.097157032580277,14.10038000413446,14.112438251303157,0.7026340227420129,0.6954053756374754,0.7023332637798896,1,244,"[1.3374056982534536E-4]","[14.10038000413446]","[-1.837882813779963]","[0.32646044751254844]","[0.9536428423023073]","[log-normal]","[14.112438251303157]","[1101.3003385184159]","[0.882364911959983]","[2.7613219444165518]","[-39861961289326716]","[6044.754698898306]","[0.6954053756374754]","[0.041757038115237]","[0.7026340227420129]","[0.1001646662301231]","[0.009998247323820018]","[1.4863842079711296]","[2.63618480014502]","[0.325242848903376]","[0.4996439658799]","[CN]","[1867.2176312581032]","[0.533378594376973]","[0.7023332637798896]","[5.45414450945867E-6]","[0.00870714673148661]","[5017.5177869519275]","[1.17551961756878]","[14.097157032580277]","[0.006391128929828611]","[0.109098587408994]","[-1737039.3615702481]","[9789.345815776589]"
336,336,0.007411896583140353,9846.730081569664,6526.53766528774,0.47184995175278266,0.42014564446103864,0.109098587408994,1.2886835737046978,normal,0.008470706522749219,0.008898496529449953,2.753338337001193,0.447163421511268,4775.085389414096,1.493303101674,2.9446567889714492,0.00999999578417238,0.10022445269815013,6332.811015007081,5.3230889675345585E-6,1.2741930110721198,0.533378594376973,14.097157032580277,14.091592203469702,14.110294440359102,0.7026340227420129,0.6499118586845907,0.6836935022366815,1,323,"[1.4416677199938563E-4]","[14.091592203469702]","[-1.7068213238155119]","[0.42014564446103864]","[0.9744025644776447]","[normal]","[14.110294440359102]","[1110.3930871626176]","[1.2886835737046978]","[2.753338337001193]","[6805480357406181536]","[6332.811015007081]","[0.6499118586845907]","[0.008898496529449953]","[0.7026340227420129]","[0.10022445269815013]","[0.00999999578417238]","[1.493303101674]","[2.9446567889714492]","[0.447163421511268]","[0.47184995175278266]","[CN]","[4775.085389414096]","[0.533378594376973]","[0.6836935022366815]","[5.3230889675345585E-6]","[0.008470706522749219]","[6526.53766528774]","[1.2741930110721198]","[14.097157032580277]","[0.007411896583140353]","[0.109098587408994]","[-1246799.3615702477]","[9846.730081569664]"
336,336,0.005472868320102366,9831.466727934863,4925.139829177522,0.4921079219789583,0.21662372057846163,0.8576023321323448,0.882364911959983,log-normal,0.007220228429292613,0.03015960881932923,2.758661994252095,0.3964754909134139,3068.734492175917,1.4216941521656943,2.8803039212886494,0.009998620199877836,0.1000562583118336,6846.187366889428,1.934483401686903E-6,1.17551961756878,0.39293702062733954,14.097157032580277,14.107377393888406,14.115417400441103,0.7026340227420129,0.6999303548545456,0.7085984264777315,2,33,"[1.40009440589261E-4,1.374578721211858E-4]","[14.107377393888406,14.107377393888406]","[-1.141004195200069,-1.6320040531795308]","[0.21662372057846163,0.21662372057846163]","[0.9659528546384881,0.9659528546384881]","[log-normal,log-normal]","[14.115417414546593,14.115417386335615]","[1101.5152520839838,1101.5099703662763]","[0.882364911959983,0.882364911959983]","[2.758661994252095,2.758661994252095]","[2590199478866743269,7170535251331908582]","[6846.187366889428,6846.187366889428]","[0.6999303548545456,0.6999303548545456]","[0.03015960881932923,0.03015960881932923]","[0.7026340227420129,0.7026340227420129]","[0.1000562583118336,0.1000562583118336]","[0.009998620199877836,0.009998620199877836]","[1.4216941521656943,1.4216941521656943]","[2.8803039212886494,2.8803039212886494]","[0.3964754909134139,0.3964754909134139]","[0.4921079219789583,0.4921079219789583]","[CN,CN]","[3068.734492175917,3068.734492175917]","[0.39293702062733954,0.39293702062733954]","[0.7085990687709046,0.7085977841845584]","[1.934483401686903E-6,1.934483401686903E-6]","[0.007220228429292613,0.007220228429292613]","[4925.139829177522,4925.139829177522]","[1.17551961756878,1.17551961756878]","[14.097157032580277,14.097157032580277]","[0.005472868320102366,0.005472868320102366]","[0.8576023321323448,0.8576023321323448]","[-1655857.7417355368,-1655857.7417355368]","[9831.466727934863,9831.466727934863]"
336,336,0.005662465593256338,9929.764237334311,5271.308908940484,0.4996439658799,0.5336806274265105,0.8278685523741107,0.882364911959983,normal,0.007226962353080786,0.03277013552355723,2.7517242302434575,0.43569848804531963,2229.1650329756512,1.4235393914521584,2.970556449158745,0.00999911931672799,0.10008069906682379,5632.04500484269,4.596374859435251E-6,1.17551961756878,0.3639539923110414,14.097157032580277,14.105576335614677,14.114540585045324,0.7026340227420129,0.6944770027121272,0.7050231709911343,1,127,"[1.3728107074760423E-4]","[14.105576335614677]","[-1.3734190806775857]","[0.5336806274265105]","[0.9691686916660456]","[normal]","[14.114540585045324]","[1102.2690010831575]","[0.882364911959983]","[2.7517242302434575]","[-1066776453468284152]","[5632.04500484269]","[0.6944770027121272]","[0.03277013552355723]","[0.7026340227420129]","[0.10008069906682379]","[0.00999911931672799]","[1.4235393914521584]","[2.970556449158745]","[0.43569848804531963]","[0.4996439658799]","[CN]","[2229.1650329756512]","[0.3639539923110414]","[0.7050231709911343]","[4.596374859435251E-6]","[0.007226962353080786]","[5271.308908940484]","[1.17551961756878]","[14.097157032580277]","[0.005662465593256338]","[0.8278685523741107]","[-1609210.7334710748]","[9929.764237334311]"
336,336,0.00875985830462999,9926.245926025602,7504.70308523071,0.4825324431899988,0.40331987478324627,0.4246427658442734,1.3742311034018968,log-normal,0.0074958053424255934,0.035601839485293385,2.7955932474157157,0.38541590953958516,1508.1400765922738,1.4342721435918835,2.7601643223824754,0.0099981729369515,0.10034023072439605,8224.956218330935,3.04759976231953E-6,1.385879341173118,0.4284571578997324,14.097157032580277,14.108089042569121,14.12078932446524,0.7026340227420129,0.6996444835368941,0.7133929484471407,1,294,"[1.3513516584209032E-4]","[14.108089042569121]","[-1.049479016353921]","[0.40331987478324627]","[0.9620183588022938]","[log-normal]","[14.12078932446524]","[1100.8555210837108]","[1.3742311034018968]","[2.7955932474157157]","[5489912386945451188]","[8224.956218330935]","[0.6996444835368941]","[0.035601839485293385]","[0.7026340227420129]","[0.10034023072439605]","[0.0099981729369515]","[1.4342721435918835]","[2.7601643223824754]","[0.38541590953958516]","[0.4825324431899988]","[CN]","[1508.1400765922738]","[0.4284571578997324]","[0.7133929484471407]","[3.04759976231953E-6]","[0.0074958053424255934]","[7504.70308523071]","[1.385879341173118]","[14.097157032580277]","[0.00875985830462999]","[0.4246427658442734]","[-1661527.8243801652]","[9926.245926025602]"
336,336,0.004243362515528709,9806.06476685186,5593.158495079279,0.4982163372744777,0.620121742320782,0.21337484440975024,0.9279741997062056,normal,0.00686694354887202,0.02302531719018991,2.774483858246118,0.3479093806812743,479.260101476493,1.40902786212214,3.0,0.009998923215416603,0.10017218043507779,7702.573740130187,9.715865582074285E-7,1.40185591671431,0.37934069125563075,14.097157032580277,14.109061568361527,14.114374587358071,0.7026340227420129,0.7038082911202398,0.7096906833356982,1,196,"[1.103238661039428E-4]","[14.109061568361527]","[-1.2071508711225567]","[0.620121742320782]","[0.9671009986244025]","[normal]","[14.114374587358071]","[1101.6654170990964]","[0.9279741997062056]","[2.774483858246118]","[2950968146134171685]","[7702.573740130187]","[0.7038082911202398]","[0.02302531719018991]","[0.7026340227420129]","[0.10017218043507779]","[0.009998923215416603]","[1.40902786212214]","[3.0]","[0.3479093806812743]","[0.4982163372744777]","[CN]","[479.260101476493]","[0.37934069125563075]","[0.7096906833356982]","[9.715865582074285E-7]","[0.00686694354887202]","[5593.158495079279]","[1.40185591671431]","[14.097157032580277]","[0.004243362515528709]","[0.21337484440975024]","[-1704569.6756198348]","[9806.06476685186]"
336,336,0.006443159573406207,9843.038502275042,7372.147070769068,0.4879859186615356,0.40571535515183593,0.11243157548970623,1.0693978654510463,log-normal,0.008058448059402808,0.011112155116330433,2.7783789845449873,0.4414418528275227,4026.2036454999434,1.4825173376193606,2.967267448806984,0.009998325505192042,0.10023029260586082,5973.202744514183,4.633340119477048E-6,1.28851233731085,0.476799683577787,14.097157032580277,14.096981913377215,14.110030515733808,0.7026340227420129,0.6671996318313372,0.6871567294873042,1,229,"[1.4693931549801534E-4]","[14.096981913377215]","[-2.0899996868105304]","[0.40571535515183593]","[0.9735621077527906]","[log-normal]","[14.110030515733808]","[1107.944185704524]","[1.0693978654510463]","[2.7783789845449873]","[6696150103521398332]","[5973.202744514183]","[0.6671996318313372]","[0.011112155116330433]","[0.7026340227420129]","[0.10023029260586082]","[0.009998325505192042]","[1.4825173376193606]","[2.967267448806984]","[0.4414418528275227]","[0.4879859186615356]","[CN]","[4026.2036454999434]","[0.476799683577787]","[0.6871567294873042]","[4.633340119477048E-6]","[0.008058448059402808]","[7372.147070769068]","[1.28851233731085]","[14.097157032580277]","[0.006443159573406207]","[0.11243157548970623]","[-1352144.4194214873]","[9843.038502275042]"
336,336,0.00382405286074533,9836.65141351279,5846.545601765177,0.48132454308638484,0.17038662931209517,0.8007199170628834,0.9134495761427166,normal,0.008632743459194948,0.03920948284175661,2.7336737135164957,0.40237798538028247,3560.7749339252305,1.4188301598405764,3.0,0.0099981729369515,0.10009232764760576,6368.241367960028,1.0878226696156891E-6,1.391010417491185,0.40717379295320794,14.097157032580277,14.10461078922438,14.111375226873545,0.7026340227420129,0.6955727345589632,0.7028361748640867,1,281,"[1.400086583833372E-4]","[14.10461078922438]","[-1.3030929731564813]","[0.17038662931209517]","[0.9677616990554483]","[normal]","[14.111375226873545]","[1102.510702951302]","[0.9134495761427166]","[2.7336737135164957]","[2759169215977261222]","[6368.241367960028]","[0.6955727345589632]","[0.03920948284175661]","[0.7026340227420129]","[0.10009232764760576]","[0.0099981729369515]","[1.4188301598405764]","[3.0]","[0.40237798538028247]","[0.48132454308638484]","[CN]","[3560.7749339252305]","[0.40717379295320794]","[0.7028361748640867]","[1.0878226696156891E-6]","[0.008632743459194948]","[5846.545601765177]","[1.391010417491185]","[14.097157032580277]","[0.00382405286074533]","[0.8007199170628834]","[-1687635.5929752067]","[9836.65141351279]"
336,336,0.00744491708535629,9825.816165667566,6385.326809721214,0.48693566047805126,0.38174855599471824,0.14873491172860487,1.1164596159144575,normal,0.00839865224972199,0.00668997014545096,2.7829115771455792,0.447163421511268,2716.519252324915,1.4711389006859383,2.9249070199003326,0.009998319663363706,0.10026691099539639,6235.291173214644,4.901473273184499E-6,1.17551961756878,0.48945657546514904,14.097157032580277,14.100875059778641,14.115684266043077,0.7026340227420129,0.673842091570043,0.6995526557793326,1,45,"[1.3872390987653224E-4]","[14.100875059778641]","[-1.460642501013506]","[0.38174855599471824]","[0.9752424313733807]","[normal]","[14.115684266043077]","[1107.0254062896445]","[1.1164596159144575]","[2.7829115771455792]","[-4707827316338422664]","[6235.291173214644]","[0.673842091570043]","[0.00668997014545096]","[0.7026340227420129]","[0.10026691099539639]","[0.009998319663363706]","[1.4711389006859383]","[2.9249070199003326]","[0.447163421511268]","[0.48693566047805126]","[CN]","[2716.519252324915]","[0.48945657546514904]","[0.6995526557793326]","[4.901473273184499E-6]","[0.00839865224972199]","[6385.326809721214]","[1.17551961756878]","[14.097157032580277]","[0.00744491708535629]","[0.14873491172860487]","[-1126559.7582644627]","[9825.816165667566]"
336,336,0.0056502272290557265,9835.158248201915,4624.910665098047,0.49916252035396164,0.26399743539229914,0.4375203221058862,1.0054659976806195,normal,0.00686694354887202,0.030919738250132462,2.751687111652003,0.4142918974567558,2904.5471501485354,1.4430151915273544,2.9172056090566927,0.009999134510960695,0.10006693930342961,6896.591823354827,2.5358581414982238E-6,1.1855480245460068,0.3895391065583377,14.097157032580277,14.104591247451886,14.114116552652204,0.7026340227420129,0.6927514528008537,0.7040356037164571,1,154,"[1.401497721683256E-4]","[14.104591247451886]","[-1.3632231902343952]","[0.26399743539229914]","[0.9673700531888808]","[normal]","[14.114116552652204]","[1102.607978246884]","[1.0054659976806195]","[2.751687111652003]","[-5750802655192506604]","[6896.591823354827]","[0.6927514528008537]","[0.030919738250132462]","[0.7026340227420129]","[0.10006693930342961]","[0.009999134510960695]","[1.4430151915273544]","[2.9172056090566927]","[0.4142918974567558]","[0.49916252035396164]","[CN]","[2904.5471501485354]","[0.3895391065583377]","[0.7040356037164571]","[2.5358581414982238E-6]","[0.00686694354887202]","[4624.910665098047]","[1.1855480245460068]","[14.097157032580277]","[0.0056502272290557265]","[0.4375203221058862]","[-1629267.592975207]","[9835.158248201915]"
336,336,0.0040293196632208705,9799.111352761889,6459.379032914483,0.4947273861918314,0.6148492873119877,0.22960468228935915,1.136302719761916,log-normal,0.00686694354887202,0.022483440879764758,2.7647541782036544,0.340040178935179,1018.8097996485261,1.4305704984458032,2.9701937563389342,0.009998728544441903,0.10027809890456608,7457.883762093593,8.77345307079644E-8,1.3622132800676943,0.356349474101747,14.097157032580277,14.10849406608232,14.113506969362533,0.7026340227420129,0.7035262782732344,0.7080697090969957,1,25,"[1.3082899582345998E-4]","[14.10849406608232]","[-1.6472673465573866]","[0.6148492873119877]","[0.9663295607796633]","[log-normal]","[14.113506969362533]","[1101.661763379412]","[1.136302719761916]","[2.7647541782036544]","[6033473789912122593]","[7457.883762093593]","[0.7035262782732344]","[0.022483440879764758]","[0.7026340227420129]","[0.10027809890456608]","[0.009998728544441903]","[1.4305704984458032]","[2.9701937563389342]","[0.340040178935179]","[0.4947273861918314]","[CN]","[1018.8097996485261]","[0.356349474101747]","[0.7080697090969957]","[8.77345307079644E-8]","[0.00686694354887202]","[6459.379032914483]","[1.3622132800676943]","[14.097157032580277]","[0.0040293196632208705]","[0.22960468228935915]","[-1716197.5764462808]","[9799.111352761889]"
336,336,0.00459780389123699,9812.797035725449,5955.278564020809,0.4915473628021258,0.4629161782195456,0.31470678313396255,0.882364911959983,normal,0.008580219809930808,0.03200290437364755,2.794338592585052,0.3741965732802992,5139.97796489452,1.4726198400463613,3.0,0.009999514203887883,0.100000028598264,6928.86430845165,2.3199033961000887E-7,1.1841559094129945,0.356349474101747,14.097157032580277,14.100815261506533,14.11014346152261,0.7026340227420129,0.6863009658257377,0.6972241875820299,1,236,"[1.496252733518021E-4]","[14.100815261506533]","[-1.298676682646989]","[0.4629161782195456]","[0.9672153247545032]","[normal]","[14.11014346152261]","[1103.55694013057]","[0.882364911959983]","[2.794338592585052]","[-3123394387688285171]","[6928.86430845165]","[0.6863009658257377]","[0.03200290437364755]","[0.7026340227420129]","[0.100000028598264]","[0.009999514203887883]","[1.4726198400463613]","[3.0]","[0.3741965732802992]","[0.4915473628021258]","[CN]","[5139.97796489452]","[0.356349474101747]","[0.6972241875820299]","[2.3199033961000887E-7]","[0.008580219809930808]","[5955.278564020809]","[1.1841559094129945]","[14.097157032580277]","[0.00459780389123699]","[0.31470678313396255]","[-1702470.8987603306]","[9812.797035725449]"
336,336,0.004596276576214123,9806.053611005467,5740.1894100193385,0.4975265788305411,0.590842880615744,0.109098587408994,0.9588695176126617,log-normal,0.00686694354887202,0.024088215016869745,2.772213940905038,0.3537208871412591,682.3750399494572,1.4182255660606873,2.986152980066918,0.00999860533792649,0.10016264034046653,7612.497381041878,8.77345307079644E-8,1.3957748463156847,0.356349474101747,14.097157032580277,14.109009148782313,14.11481177303766,0.7026340227420129,0.7036489711146495,0.7097781367464725,1,300,"[1.1844228011556626E-4]","[14.109009148782313]","[-2.006570314783129]","[0.590842880615744]","[0.9669579666314205]","[log-normal]","[14.11481177303766]","[1101.5308646224348]","[0.9588695176126617]","[2.772213940905038]","[-4935525812028828538]","[7612.497381041878]","[0.7036489711146495]","[0.024088215016869745]","[0.7026340227420129]","[0.10016264034046653]","[0.00999860533792649]","[1.4182255660606873]","[2.986152980066918]","[0.3537208871412591]","[0.4975265788305411]","[CN]","[682.3750399494572]","[0.356349474101747]","[0.7097781367464725]","[8.77345307079644E-8]","[0.00686694354887202]","[5740.1894100193385]","[1.3957748463156847]","[14.097157032580277]","[0.004596276576214123]","[0.109098587408994]","[-1704772.783057851]","[9806.053611005467]"
336,336,0.008577640784115685,9874.873051326926,7504.703085230709,0.49801450974383754,0.5199566188201596,0.18431501077276308,1.2319745920736458,normal,0.007891174314303443,0.014137530503921374,2.7878730937748117,0.37551303536402414,479.260101476493,1.421976685292041,2.63618480014502,0.009998920457653738,0.10022270406826904,8078.803536488096,4.697421292907529E-6,1.393805837251475,0.5127322704337268,14.097157032580277,14.110950698751713,14.12211442214321,0.7026340227420129,0.7040894467577389,0.7167994661062496,1,312,"[1.0780352333399873E-4]","[14.110950698751713]","[-1.7927151256556928]","[0.5199566188201596]","[0.9616045710783057]","[normal]","[14.12211442214321]","[1100.6365293811225]","[1.2319745920736458]","[2.7878730937748117]","[3033479415368614718]","[8078.803536488096]","[0.7040894467577389]","[0.014137530503921374]","[0.7026340227420129]","[0.10022270406826904]","[0.009998920457653738]","[1.421976685292041]","[2.63618480014502]","[0.37551303536402414]","[0.49801450974383754]","[CN]","[479.260101476493]","[0.5127322704337268]","[0.7167994661062496]","[4.697421292907529E-6]","[0.007891174314303443]","[7504.703085230709]","[1.393805837251475]","[14.097157032580277]","[0.008577640784115685]","[0.18431501077276308]","[-1536430.5681818184]","[9874.873051326926]"
336,336,0.007476337863175195,9825.908014951978,6434.082333630748,0.48700156144778445,0.38172227876252607,0.14926867896601936,1.1165648946075597,normal,0.008402086108788736,0.00668997014545096,2.7829921491477725,0.447163421511268,2747.541499333249,1.4720013178297977,2.9253299493595746,0.009998320293848359,0.10026571730138836,6223.268929669695,4.898725692744322E-6,1.17551961756878,0.48985752862500553,14.097157032580277,14.10066865029988,14.115635493983943,0.7026340227420129,0.6732122285827769,0.6992715316697,1,28,"[1.379048009831102E-4]","[14.10066865029988]","[-1.7154074851015553]","[0.38172227876252607]","[0.9752478550003418]","[normal]","[14.115635493983943]","[1107.1325771500924]","[1.1165648946075597]","[2.7829921491477725]","[-6620734838757651217]","[6223.268929669695]","[0.6732122285827769]","[0.00668997014545096]","[0.7026340227420129]","[0.10026571730138836]","[0.009998320293848359]","[1.4720013178297977]","[2.9253299493595746]","[0.447163421511268]","[0.48700156144778445]","[CN]","[2747.541499333249]","[0.48985752862500553]","[0.6992715316697]","[4.898725692744322E-6]","[0.008402086108788736]","[6434.082333630748]","[1.17551961756878]","[14.097157032580277]","[0.007476337863175195]","[0.14926867896601936]","[-1126559.7582644625]","[9825.908014951978]"
336,336,0.007525100934840512,9822.285606040881,6304.040312143624,0.4690935439943134,0.38384251488449084,0.11744105649340211,1.1115993480365705,log-normal,0.008547488720682561,0.008673840629804455,2.7823726507887305,0.43650163530283825,4595.147435913047,1.4907762047404223,2.9513355840627242,0.009999354517420535,0.10027448388776104,6435.601779110756,5.310819139392391E-6,1.2814130818798946,0.5162173429089754,14.097157032580277,14.096290260709914,14.112937461420898,0.7026340227420129,0.6628663819861377,0.691651984787089,1,68,"[1.5035438048445276E-4]","[14.096290260709914]","[-3.749791457024841]","[0.38384251488449084]","[0.9739821736962337]","[log-normal]","[14.112937461420898]","[1108.0291290669395]","[1.1115993480365705]","[2.7823726507887305]","[8653077962305017350]","[6435.601779110756]","[0.6628663819861377]","[0.008673840629804455]","[0.7026340227420129]","[0.10027448388776104]","[0.009999354517420535]","[1.4907762047404223]","[2.9513355840627242]","[0.43650163530283825]","[0.4690935439943134]","[CN]","[4595.147435913047]","[0.5162173429089754]","[0.691651984787089]","[5.310819139392391E-6]","[0.008547488720682561]","[6304.040312143624]","[1.2814130818798946]","[14.097157032580277]","[0.007525100934840512]","[0.11744105649340211]","[-1303669.4442148758]","[9822.285606040881]"
336,336,0.004924548294574801,9874.243624100023,5156.711607078242,0.4819603874605131,0.2723638168722813,0.109098587408994,1.3328992815420349,log-normal,0.007458580401897079,0.031048773988003202,2.83151106308429,0.325242848903376,2172.5028951972718,1.4704189007179593,2.7394360276921135,0.009998726913254595,0.10014413899572781,6050.551214719599,2.046879966525942E-6,1.3124749525222015,0.43649874634975694,14.097157032580277,14.106195299519742,14.113812760130035,0.7026340227420129,0.7032905476168531,0.7083909721595806,1,271,"[1.4248184416760818E-4]","[14.106195299519742]","[-1.5086341134283103]","[0.2723638168722813]","[0.9587422062762783]","[log-normal]","[14.113812760130035]","[1099.577239954313]","[1.3328992815420349]","[2.83151106308429]","[5872930046110401002]","[6050.551214719599]","[0.7032905476168531]","[0.031048773988003202]","[0.7026340227420129]","[0.10014413899572781]","[0.009998726913254595]","[1.4704189007179593]","[2.7394360276921135]","[0.325242848903376]","[0.4819603874605131]","[CN]","[2172.5028951972718]","[0.43649874634975694]","[0.7083909721595806]","[2.046879966525942E-6]","[0.007458580401897079]","[5156.711607078242]","[1.3124749525222015]","[14.097157032580277]","[0.004924548294574801]","[0.109098587408994]","[-1742889.2789256198]","[9874.243624100023]"
336,336,0.008057511585181618,9825.666480823931,6258.610115998914,0.48578910970785216,0.33449722411365324,0.109098587408994,1.0282948485136838,normal,0.008311251143864044,0.011952753108549716,2.7795663453274435,0.42072932808786156,2259.338056374787,1.4789179669879544,2.9279777705961303,0.009998233975119392,0.10025327211636585,6289.749450676104,4.791110123782925E-6,1.2801426676760252,0.48191378885389013,14.097157032580277,14.10144215901282,14.115244985656664,0.7026340227420129,0.6777703869037208,0.6974601150008471,1,284,"[1.382043272067973E-4]","[14.10144215901282]","[-1.2829514417070154]","[0.33449722411365324]","[0.9715756722498197]","[normal]","[14.115244985656664]","[1105.483601001806]","[1.0282948485136838]","[2.7795663453274435]","[8820490397501267285]","[6289.749450676104]","[0.6777703869037208]","[0.011952753108549716]","[0.7026340227420129]","[0.10025327211636585]","[0.009998233975119392]","[1.4789179669879544]","[2.9279777705961303]","[0.42072932808786156]","[0.48578910970785216]","[CN]","[2259.338056374787]","[0.48191378885389013]","[0.6974601150008471]","[4.791110123782925E-6]","[0.008311251143864044]","[6258.610115998914]","[1.2801426676760252]","[14.097157032580277]","[0.008057511585181618]","[0.109098587408994]","[-1432845.7747933883]","[9825.666480823931]"
336,336,0.005024010174906029,9880.547375474433,5252.5403826616875,0.4836363141665024,0.34018187100361363,0.2108431352059209,1.2567925029009668,normal,0.007231788130271575,0.03282906089145574,2.819503252875555,0.386126390898925,2562.07137239661,1.4714957441393595,2.799404343497195,0.00999864854087278,0.10015286178903965,5845.005149074249,1.7557625057928343E-6,1.307716842225512,0.4677177055688718,14.097157032580277,14.100096061285036,14.110662049741968,0.7026340227420129,0.6867916522926512,0.6976044673076556,2,89,"[1.402793446332211E-4,1.349462053549938E-4]","[14.100096061285036,14.100096061285036]","[-1.6556398215046695,-1.5231273633728366]","[0.34018187100361363,0.34018187100361363]","[0.9634125257235615,0.9634125257235615]","[normal,normal]","[14.110662058711734,14.110662040772205]","[1102.358781357529,1102.3605221027321]","[1.2567925029009668,1.2567925029009668]","[2.819503252875555,2.819503252875555]","[-6800442329893626801,-2221487284558263891]","[5845.005149074249,5845.005149074249]","[0.6867916522926512,0.6867916522926512]","[0.03282906089145574,0.03282906089145574]","[0.7026340227420129,0.7026340227420129]","[0.10015286178903965,0.10015286178903965]","[0.00999864854087278,0.00999864854087278]","[1.4714957441393595,1.4714957441393595]","[2.799404343497195,2.799404343497195]","[0.386126390898925,0.386126390898925]","[0.4836363141665024,0.4836363141665024]","[CN,CN]","[2562.07137239661,2562.07137239661]","[0.4677177055688718,0.4677177055688718]","[0.697604820252659,0.6976041143626521]","[1.7557625057928343E-6,1.7557625057928343E-6]","[0.007231788130271575,0.007231788130271575]","[5252.5403826616875,5252.5403826616875]","[1.307716842225512,1.307716842225512]","[14.097157032580277,14.097157032580277]","[0.005024010174906029,0.005024010174906029]","[0.2108431352059209,0.2108431352059209]","[-1663846.6342975202,-1663846.6342975202]","[9880.547375474433,9880.547375474433]"
336,336,0.005479181243363506,9809.470487004486,4640.950350956321,0.48505897586187524,0.30229079192237945,0.34769297986193815,1.3611383242756903,normal,0.008547196340079987,0.023181281892632088,2.772901032048128,0.402214468628772,2808.51952642392,1.4544502067259095,3.0,0.009998432426726638,0.10001433912721885,7339.530427711481,2.399508591792318E-7,1.268200733936646,0.4501803590262211,14.097157032580277,14.102977377843017,14.112618440303024,0.7026340227420129,0.687730732168303,0.6999227979084686,1,209,"[1.381445281166403E-4]","[14.102977377843017]","[-1.5593704902139685]","[0.30229079192237945]","[0.9691781324792925]","[normal]","[14.112618440303024]","[1103.9731255346142]","[1.3611383242756903]","[2.772901032048128]","[-5535199018979912376]","[7339.530427711481]","[0.687730732168303]","[0.023181281892632088]","[0.7026340227420129]","[0.10001433912721885]","[0.009998432426726638]","[1.4544502067259095]","[3.0]","[0.402214468628772]","[0.48505897586187524]","[CN]","[2808.51952642392]","[0.4501803590262211]","[0.6999227979084686]","[2.399508591792318E-7]","[0.008547196340079987]","[4640.950350956321]","[1.268200733936646]","[14.097157032580277]","[0.005479181243363506]","[0.34769297986193815]","[-1620043.1301652892]","[9809.470487004486]"
336,336,0.005273612527419718,9830.269665273061,4574.20968645122,0.49030152996104953,0.26243395620555066,0.7634504579810837,0.882364911959983,log-normal,0.007204455833868841,0.028942797444947526,2.76427130595854,0.4334405565405922,2387.7205192103897,1.4253386847318101,2.8738964919848446,0.0099981729369515,0.100000028598264,6788.644827674286,2.0051107358004366E-6,1.1861631557985577,0.386883613326905,14.097157032580277,14.104601157562621,14.113667336272082,0.7026340227420129,0.6927369649484044,0.7037678239970385,1,186,"[1.3609814589725673E-4]","[14.104601157562621]","[-1.3863685306237254]","[0.26243395620555066]","[0.9675860593737116]","[log-normal]","[14.113667336272082]","[1102.8543873471374]","[0.882364911959983]","[2.76427130595854]","[8465552887893565129]","[6788.644827674286]","[0.6927369649484044]","[0.028942797444947526]","[0.7026340227420129]","[0.100000028598264]","[0.0099981729369515]","[1.4253386847318101]","[2.8738964919848446]","[0.4334405565405922]","[0.49030152996104953]","[CN]","[2387.7205192103897]","[0.386883613326905]","[0.7037678239970385]","[2.0051107358004366E-6]","[0.007204455833868841]","[4574.20968645122]","[1.1861631557985577]","[14.097157032580277]","[0.005273612527419718]","[0.7634504579810837]","[-1573023.7582644634]","[9830.269665273061]"
336,336,0.005433656508675302,9815.003488923387,4684.455778983441,0.4977543757480855,0.3043350474392058,0.16551759861835844,1.0833565050721603,normal,0.008628010813600193,0.00668997014545096,2.7857869924708973,0.36771258191914036,3287.1306447072557,1.4354444076095592,3.0,0.009998418733149595,0.10009796263516815,8472.26953595111,3.4722760321730663E-7,1.316314662550894,0.42392025114517207,14.097157032580277,14.109599047610537,14.115999822638054,0.7026340227420129,0.7024715084969937,0.7095397663110955,1,104,"[1.409080044370998E-4]","[14.109599047610537]","[-1.6031023305272223]","[0.3043350474392058]","[0.9718058072690929]","[normal]","[14.115999822638054]","[1102.1304113633832]","[1.0833565050721603]","[2.7857869924708973]","[3885152156802783816]","[8472.26953595111]","[0.7024715084969937]","[0.00668997014545096]","[0.7026340227420129]","[0.10009796263516815]","[0.009998418733149595]","[1.4354444076095592]","[3.0]","[0.36771258191914036]","[0.4977543757480855]","[CN]","[3287.1306447072557]","[0.42392025114517207]","[0.7095397663110955]","[3.4722760321730663E-7]","[0.008628010813600193]","[4684.455778983441]","[1.316314662550894]","[14.097157032580277]","[0.005433656508675302]","[0.16551759861835844]","[-1499194.2045454546]","[9815.003488923387]"
336,336,0.005503214398429057,9830.84603534095,4641.809583165951,0.4869165560296501,0.24556846333674254,0.5485017862414472,0.8988076931110964,normal,0.00686694354887202,0.03187590421902846,2.7687667424517852,0.39541540017219945,2951.773112478373,1.434236128657885,2.8972365627157606,0.009999192120208798,0.10006142384380873,6902.655487572716,2.6745819227383955E-6,1.1814658781426273,0.3824381297605736,14.097157032580277,14.10655196774741,14.114932017971608,0.7026340227420129,0.6981324457925137,0.7072065537122355,1,301,"[1.4225147945890048E-4]","[14.10655196774741]","[-1.1914124548836944]","[0.24556846333674254]","[0.9660998757672751]","[normal]","[14.114932017971608]","[1101.6902559350813]","[0.8988076931110964]","[2.7687667424517852]","[245161195813935113]","[6902.655487572716]","[0.6981324457925137]","[0.03187590421902846]","[0.7026340227420129]","[0.10006142384380873]","[0.009999192120208798]","[1.434236128657885]","[2.8972365627157606]","[0.39541540017219945]","[0.4869165560296501]","[CN]","[2951.773112478373]","[0.3824381297605736]","[0.7072065537122355]","[2.6745819227383955E-6]","[0.00686694354887202]","[4641.809583165951]","[1.1814658781426273]","[14.097157032580277]","[0.005503214398429057]","[0.5485017862414472]","[-1663795.8574380165]","[9830.84603534095]"
336,336,0.006170811889999022,9871.525192741581,6707.43722364824,0.4973165565387889,0.5418215504543332,0.47890773525770025,1.0708586473020967,log-normal,0.00744583717654411,0.030641314206267742,2.805493021235894,0.3764966724749769,1330.9375457911383,1.4380037215658885,2.8489497533233,0.009998665880929312,0.10020036663250007,7646.750890476557,4.733021319246249E-6,1.3000901504040123,0.4969708548958938,14.097157032580277,14.106637061905,14.116175449515861,0.7026340227420129,0.6976885583368176,0.708679414377052,1,133,"[1.3764453161811365E-4]","[14.106637061905]","[-1.4061273042537499]","[0.5418215504543332]","[0.964197924122363]","[log-normal]","[14.116175449515861]","[1101.7253370380963]","[1.0708586473020967]","[2.805493021235894]","[3370976135992380135]","[7646.750890476557]","[0.6976885583368176]","[0.030641314206267742]","[0.7026340227420129]","[0.10020036663250007]","[0.009998665880929312]","[1.4380037215658885]","[2.8489497533233]","[0.3764966724749769]","[0.4973165565387889]","[CN]","[1330.9375457911383]","[0.4969708548958938]","[0.708679414377052]","[4.733021319246249E-6]","[0.00744583717654411]","[6707.43722364824]","[1.3000901504040123]","[14.097157032580277]","[0.006170811889999022]","[0.47890773525770025]","[-1673054.1714876033]","[9871.525192741581]"
336,336,0.007359522042746328,9884.38834504526,7488.846766938902,0.4996439658799,0.5787539767581087,0.11542066623103737,1.2046749195536415,normal,0.007752336983153943,0.038025121671115214,2.792228162492195,0.36522053407318916,1290.1868052412256,1.4343690732305814,2.8294310327851457,0.009998933473455053,0.10023380091366811,7533.553568313762,3.3550488451586807E-6,1.3693195680463424,0.46098429597978074,14.097157032580277,14.108459398850473,14.118783969085447,0.7026340227420129,0.7024183815799824,0.7127526733104899,1,32,"[1.262817838753366E-4]","[14.108459398850473]","[-1.670660476885007]","[0.5787539767581087]","[0.9626303431675477]","[normal]","[14.118783969085447]","[1100.5644615771714]","[1.2046749195536415]","[2.792228162492195]","[-8128889593645560007]","[7533.553568313762]","[0.7024183815799824]","[0.038025121671115214]","[0.7026340227420129]","[0.10023380091366811]","[0.009998933473455053]","[1.4343690732305814]","[2.8294310327851457]","[0.36522053407318916]","[0.4996439658799]","[CN]","[1290.1868052412256]","[0.46098429597978074]","[0.7127526733104899]","[3.3550488451586807E-6]","[0.007752336983153943]","[7488.846766938902]","[1.3693195680463424]","[14.097157032580277]","[0.007359522042746328]","[0.11542066623103737]","[-1711441.477272727]","[9884.38834504526]"
336,336,0.006797971131395196,9912.815782327783,6398.084086803718,0.46984935844949993,0.41727613011155595,0.877310320847101,1.1071938870833375,normal,0.00785943829034077,0.033041484399853285,2.7720294955658638,0.43697653373986134,3462.8668629885387,1.493303101674,2.6467679363580467,0.009999512284053574,0.10007061514120075,7701.531711708854,7.605425851289667E-7,1.3492914229807105,0.40465562105913305,14.097157032580277,14.079710359715524,14.102861252712303,0.7026340227420129,0.6427238660931085,0.6691383234342103,2,15,"[1.411176798981338E-4,1.4382791933606516E-4]","[14.079710359715524,14.079710359715524]","[-1.4700671418090598,-1.4850474257815374]","[0.41727613011155595,0.41727613011155595]","[0.9620811509423186,0.9620811509423186]","[normal,normal]","[14.102861066161575,14.102861439263032]","[1107.9454510336363,1107.9443186397584]","[1.1071938870833375,1.1071938870833375]","[2.7720294955658638,2.7720294955658638]","[-5110827083748111886,367840193656001478]","[7701.531711708854,7701.531711708854]","[0.6427238660931085,0.6427238660931085]","[0.033041484399853285,0.033041484399853285]","[0.7026340227420129,0.7026340227420129]","[0.10007061514120075,0.10007061514120075]","[0.009999512284053574,0.009999512284053574]","[1.493303101674,1.493303101674]","[2.6467679363580467,2.6467679363580467]","[0.43697653373986134,0.43697653373986134]","[0.46984935844949993,0.46984935844949993]","[CN,CN]","[3462.8668629885387,3462.8668629885387]","[0.40465562105913305,0.40465562105913305]","[0.6691363459461347,0.669140300922286]","[7.605425851289667E-7,7.605425851289667E-7]","[0.00785943829034077,0.00785943829034077]","[6398.084086803718,6398.084086803718]","[1.3492914229807105,1.3492914229807105]","[14.097157032580277,14.097157032580277]","[0.006797971131395196,0.006797971131395196]","[0.877310320847101,0.877310320847101]","[-1543268.5185950412,-1543268.5185950412]","[9912.815782327783,9912.815782327783]"
336,336,0.005458097564805453,9817.365965089946,4667.528485106096,0.4844365920226133,0.3191022408179454,0.13419825546165673,1.06761737227403,normal,0.008704599078837142,0.01980111444472812,2.7816167048155584,0.36877409377749887,3182.6838674597975,1.440769871101605,2.9852729237477558,0.009998350888935987,0.10007924094293773,8391.514387273977,4.41116684163854E-7,1.3164607110877315,0.41273800467376587,14.097157032580277,14.107668892782081,14.115275729895249,0.7026340227420129,0.6999463117809133,0.7081091767824799,1,88,"[1.4420545758115876E-4]","[14.107668892782081]","[-1.4395815610877292]","[0.3191022408179454]","[0.9681245164837492]","[normal]","[14.115275729895249]","[1101.7616478194]","[1.06761737227403]","[2.7816167048155584]","[6065830319316863921]","[8391.514387273977]","[0.6999463117809133]","[0.01980111444472812]","[0.7026340227420129]","[0.10007924094293773]","[0.009998350888935987]","[1.440769871101605]","[2.9852729237477558]","[0.36877409377749887]","[0.4844365920226133]","[CN]","[3182.6838674597975]","[0.41273800467376587]","[0.7081091767824799]","[4.41116684163854E-7]","[0.008704599078837142]","[4667.528485106096]","[1.3164607110877315]","[14.097157032580277]","[0.005458097564805453]","[0.13419825546165673]","[-1670650.733471074]","[9817.365965089946]"
336,336,0.004675630431135484,9805.513737126055,4603.412268380686,0.4985482121095022,0.620121742320782,0.19876600700666697,0.882364911959983,normal,0.00686694354887202,0.0227654833630063,2.770212552593929,0.3489490655017033,479.260101476493,1.40902786212214,3.0,0.009998923393072727,0.10016574234277698,7713.505395043747,1.7721415140734644E-6,1.40185591671431,0.356349474101747,14.097157032580277,14.109499428473695,14.115247894760975,0.7026340227420129,0.7043007218419148,0.7106879065345713,1,93,"[1.0681074274198309E-4]","[14.109499428473695]","[-1.442320487850105]","[0.620121742320782]","[0.9671676311306135]","[normal]","[14.115247894760975]","[1101.4997212158594]","[0.882364911959983]","[2.770212552593929]","[1789601544552844714]","[7713.505395043747]","[0.7043007218419148]","[0.0227654833630063]","[0.7026340227420129]","[0.10016574234277698]","[0.009998923393072727]","[1.40902786212214]","[3.0]","[0.3489490655017033]","[0.4985482121095022]","[CN]","[479.260101476493]","[0.356349474101747]","[0.7106879065345713]","[1.7721415140734644E-6]","[0.00686694354887202]","[4603.412268380686]","[1.40185591671431]","[14.097157032580277]","[0.004675630431135484]","[0.19876600700666697]","[-1703486.435950413]","[9805.513737126055]"
336,336,0.004572543404091349,9888.561825471188,4574.20968645122,0.4661729475064943,0.31245159668766387,0.10935609331867673,1.281308848070749,log-normal,0.007426554650900111,0.03716218018507263,2.808015017330896,0.3759079930832214,2320.3806498640442,1.4619095737931858,2.7006671992632683,0.009998664073963628,0.1002165660608674,5889.256244848824,2.357043137507558E-6,1.2602657162829083,0.4311924028866835,14.097157032580277,14.099699009087955,14.11042979806017,0.7026340227420129,0.6880009033117447,0.6992720641986688,2,20,"[1.3674607502004628E-4,1.40352783841151E-4]","[14.099699009087955,14.099699009087955]","[-2.090443169332155,-1.4126993910028798]","[0.31245159668766387,0.31245159668766387]","[0.9595842782989696,0.9595842782989696]","[log-normal,log-normal]","[14.110429786042976,14.110429810077365]","[1102.8947213173112,1102.8974176407187]","[1.281308848070749,1.281308848070749]","[2.808015017330896,2.808015017330896]","[5668661929321141584,153219400843301449]","[5889.256244848824,5889.256244848824]","[0.6880009033117447,0.6880009033117447]","[0.03716218018507263,0.03716218018507263]","[0.7026340227420129,0.7026340227420129]","[0.1002165660608674,0.1002165660608674]","[0.009998664073963628,0.009998664073963628]","[1.4619095737931858,1.4619095737931858]","[2.7006671992632683,2.7006671992632683]","[0.3759079930832214,0.3759079930832214]","[0.4661729475064943,0.4661729475064943]","[CN,CN]","[2320.3806498640442,2320.3806498640442]","[0.4311924028866835,0.4311924028866835]","[0.6992715215586706,0.6992726068386671]","[2.357043137507558E-6,2.357043137507558E-6]","[0.007426554650900111,0.007426554650900111]","[4574.20968645122,4574.20968645122]","[1.2602657162829083,1.2602657162829083]","[14.097157032580277,14.097157032580277]","[0.004572543404091349,0.004572543404091349]","[0.10935609331867673,0.10935609331867673]","[-1670946.931818182,-1670946.931818182]","[9888.561825471188,9888.561825471188]"
336,336,0.005623396008423974,9796.677302412714,4574.20968645122,0.49015015079446567,0.22336718524402047,0.877310320847101,0.882364911959983,normal,0.00741634826929667,0.03069535535803862,2.7610690279607746,0.406704187483359,4902.232299028201,1.4645188774550313,2.973099916420433,0.009998868622337205,0.100000028598264,6723.445174360628,1.8017304873950066E-6,1.1767418504321663,0.356349474101747,14.097157032580277,14.102129183533531,14.112417779647034,0.7026340227420129,0.6876541012186033,0.6995374122620611,1,157,"[1.446307519960356E-4]","[14.102129183533531]","[-1.35390482590187]","[0.22336718524402047]","[0.968182959735255]","[normal]","[14.112417779647034]","[1102.7756935788811]","[0.882364911959983]","[2.7610690279607746]","[-2679236958997511493]","[6723.445174360628]","[0.6876541012186033]","[0.03069535535803862]","[0.7026340227420129]","[0.100000028598264]","[0.009998868622337205]","[1.4645188774550313]","[2.973099916420433]","[0.406704187483359]","[0.49015015079446567]","[CN]","[4902.232299028201]","[0.356349474101747]","[0.6995374122620611]","[1.8017304873950066E-6]","[0.00741634826929667]","[4574.20968645122]","[1.1767418504321663]","[14.097157032580277]","[0.005623396008423974]","[0.877310320847101]","[-1654571.394628099]","[9796.677302412714]"
336,336,0.00382405286074533,9811.49370933287,5303.9842251875025,0.4988095817536144,0.620121742320782,0.257268599970344,0.940272155597782,normal,0.00686694354887202,0.02525386114505435,2.7410638551906166,0.34949240802334725,479.260101476493,1.4214533539087275,2.9573589271927005,0.00999915205505338,0.10024268755876614,7976.904299389729,5.886323647366335E-7,1.3421424232816161,0.3886456690439023,14.097157032580277,14.108127533959498,14.113246053249174,0.7026340227420129,0.7028538472520736,0.7081295818953252,1,105,"[1.1086719377202956E-4]","[14.108127533959498]","[-1.5380569220679663]","[0.620121742320782]","[0.9661222348964198]","[normal]","[14.113246053249174]","[1101.644142595296]","[0.940272155597782]","[2.7410638551906166]","[-4850576104418700015]","[7976.904299389729]","[0.7028538472520736]","[0.02525386114505435]","[0.7026340227420129]","[0.10024268755876614]","[0.00999915205505338]","[1.4214533539087275]","[2.9573589271927005]","[0.34949240802334725]","[0.4988095817536144]","[CN]","[479.260101476493]","[0.3886456690439023]","[0.7081295818953252]","[5.886323647366335E-7]","[0.00686694354887202]","[5303.9842251875025]","[1.3421424232816161]","[14.097157032580277]","[0.00382405286074533]","[0.257268599970344]","[-1712956.3202479344]","[9811.49370933287]"
336,336,0.006708950660291428,9901.427035057088,7009.438673014185,0.49779233421671787,0.620121742320782,0.20057570513580297,1.0980288216370846,log-normal,0.007966217182770935,0.03634270600119015,2.8005353903250447,0.3771593773645076,992.9350496845224,1.4326452793212392,2.82025016058738,0.009998946986625089,0.10023995443270338,8066.223958872222,2.041322831072907E-6,1.3649281174378993,0.533378594376973,14.097157032580277,14.106778010583719,14.117028396281189,0.7026340227420129,0.6986442225070474,0.7096864671066677,1,289,"[1.31141265775424E-4]","[14.106778010583719]","[-1.4734918122580882]","[0.620121742320782]","[0.963033350210332]","[log-normal]","[14.117028396281189]","[1101.3939445501799]","[1.0980288216370846]","[2.8005353903250447]","[-8734206729793528702]","[8066.223958872222]","[0.6986442225070474]","[0.03634270600119015]","[0.7026340227420129]","[0.10023995443270338]","[0.009998946986625089]","[1.4326452793212392]","[2.82025016058738]","[0.3771593773645076]","[0.49779233421671787]","[CN]","[992.9350496845224]","[0.533378594376973]","[0.7096864671066677]","[2.041322831072907E-6]","[0.007966217182770935]","[7009.438673014185]","[1.3649281174378993]","[14.097157032580277]","[0.006708950660291428]","[0.20057570513580297]","[-1686476.1880165285]","[9901.427035057088]"
336,336,0.00467448391404937,9858.476124498658,5450.806110700267,0.4910347400437508,0.22983947839231844,0.877310320847101,1.0187906530101913,normal,0.007102672152432688,0.029739161777535345,2.768926479876353,0.3977854317092636,2679.427675183437,1.417694408058067,2.9853980907155693,0.009998410329200949,0.100000028598264,6493.7932362973825,2.4390076546250297E-6,1.23831462153203,0.36558965486530454,14.097157032580277,14.107331618890523,14.114140860857422,0.7026340227420129,0.6998064862541032,0.7075420626078023,1,159,"[1.3446224935410997E-4]","[14.107331618890523]","[-1.4671980330537455]","[0.22983947839231844]","[0.9681086334055702]","[normal]","[14.114140860857422]","[1101.8825625851653]","[1.0187906530101913]","[2.768926479876353]","[4921608823224962291]","[6493.7932362973825]","[0.6998064862541032]","[0.029739161777535345]","[0.7026340227420129]","[0.100000028598264]","[0.009998410329200949]","[1.417694408058067]","[2.9853980907155693]","[0.3977854317092636]","[0.4910347400437508]","[CN]","[2679.427675183437]","[0.36558965486530454]","[0.7075420626078023]","[2.4390076546250297E-6]","[0.007102672152432688]","[5450.806110700267]","[1.23831462153203]","[14.097157032580277]","[0.00467448391404937]","[0.877310320847101]","[-1665894.6342975206]","[9858.476124498658]"
336,336,0.00627050526577645,9880.232517883054,4574.20968645122,0.48971862174918657,0.1830927313720335,0.7868381838260005,0.9994209744815166,log-normal,0.007432309638679386,0.029742563897253695,2.7625336224373003,0.39708654059856063,3346.015448145742,1.4162220042730251,2.9096530624444914,0.00999857145852095,0.1000590741583088,6776.94414407682,2.5144349703437137E-6,1.17551961756878,0.3779558232663833,14.097157032580277,14.108604533184185,14.117230136245166,0.7026340227420129,0.7014948452728396,0.7109713448812409,2,49,"[1.4219258421313457E-4,1.3929003289320734E-4]","[14.108604533184185,14.108604533184185]","[-2.265702635833018,-1.4739251241949105]","[0.1830927313720335,0.1830927313720335]","[0.9666215094299577,0.9666215094299577]","[log-normal,log-normal]","[14.117230130610293,14.117230141880038]","[1101.0995901801518,1101.0985229786804]","[0.9994209744815166,0.9994209744815166]","[2.7625336224373003,2.7625336224373003]","[7402797454048827421,-890731344935973079]","[6776.94414407682,6776.94414407682]","[0.7014948452728396,0.7014948452728396]","[0.029742563897253695,0.029742563897253695]","[0.7026340227420129,0.7026340227420129]","[0.1000590741583088,0.1000590741583088]","[0.00999857145852095,0.00999857145852095]","[1.4162220042730251,1.4162220042730251]","[2.9096530624444914,2.9096530624444914]","[0.39708654059856063,0.39708654059856063]","[0.48971862174918657,0.48971862174918657]","[CN,CN]","[3346.015448145742,3346.015448145742]","[0.3779558232663833,0.3779558232663833]","[0.7109714619167735,0.7109712278457084]","[2.5144349703437137E-6,2.5144349703437137E-6]","[0.007432309638679386,0.007432309638679386]","[4574.20968645122,4574.20968645122]","[1.17551961756878,1.17551961756878]","[14.097157032580277,14.097157032580277]","[0.00627050526577645,0.00627050526577645]","[0.7868381838260005,0.7868381838260005]","[-1659225.9400826448,-1659225.9400826448]","[9880.232517883054,9880.232517883054]"
336,336,0.005386570076305962,9815.001772774378,5577.128295850345,0.4788162968469338,0.3078861908739591,0.3268330504152781,0.9037218465612576,normal,0.00870714673148661,0.0193444318904994,2.8092517271116946,0.38048276146973325,3223.7823526142183,1.4473244640615248,2.983067543556146,0.009998430385808586,0.10006171431701197,7592.312001232529,8.77345307079644E-8,1.2703435280847537,0.4079753946171027,14.097157032580277,14.106090479905557,14.114163935460695,0.7026340227420129,0.6957651453696992,0.7048102330991707,2,26,"[1.4248892118762962E-4,1.3974705533748483E-4]","[14.106090479905557,14.106090479905557]","[-1.4104353106393852,-1.5863711847773976]","[0.3078861908739591,0.3078861908739591]","[0.9684859496280157,0.9684859496280157]","[normal,normal]","[14.114163934792355,14.114163936129033]","[1102.5871174982722,1102.5861381050818]","[0.9037218465612576,0.9037218465612576]","[2.8092517271116946,2.8092517271116946]","[5381662092279318881,3128026496347018757]","[7592.312001232529,7592.312001232529]","[0.6957651453696992,0.6957651453696992]","[0.0193444318904994,0.0193444318904994]","[0.7026340227420129,0.7026340227420129]","[0.10006171431701197,0.10006171431701197]","[0.009998430385808586,0.009998430385808586]","[1.4473244640615248,1.4473244640615248]","[2.983067543556146,2.983067543556146]","[0.38048276146973325,0.38048276146973325]","[0.4788162968469338,0.4788162968469338]","[CN,CN]","[3223.7823526142183,3223.7823526142183]","[0.4079753946171027,0.4079753946171027]","[0.704810059119259,0.7048104070790824]","[8.77345307079644E-8,8.77345307079644E-8]","[0.00870714673148661,0.00870714673148661]","[5577.128295850345,5577.128295850345]","[1.2703435280847537,1.2703435280847537]","[14.097157032580277,14.097157032580277]","[0.005386570076305962,0.005386570076305962]","[0.3268330504152781,0.3268330504152781]","[-1639812.2541322312,-1639812.2541322312]","[9815.001772774378,9815.001772774378]"
336,336,0.007693941670987673,9885.44147145077,6846.438469174264,0.4996439658799,0.33436745222537195,0.27661745032148366,1.341092481712092,normal,0.0077209594441293855,0.017481932158103557,2.757057503988844,0.325619540388501,479.260101476493,1.40902786212214,3.0,0.009998360827184253,0.100000028598264,8472.26953595111,2.6612064413729456E-6,1.303669984085434,0.533378594376973,14.097157032580277,14.112873215211161,14.121405842496321,0.7026340227420129,0.7083238358402704,0.7178929449587026,1,292,"[1.0658735642402625E-4]","[14.112873215211161]","[-1.487437999915517]","[0.33436745222537195]","[0.9669441852895153]","[normal]","[14.121405842496321]","[1100.293803614894]","[1.341092481712092]","[2.757057503988844]","[1946706694363419023]","[8472.26953595111]","[0.7083238358402704]","[0.017481932158103557]","[0.7026340227420129]","[0.100000028598264]","[0.009998360827184253]","[1.40902786212214]","[3.0]","[0.325619540388501]","[0.4996439658799]","[CN]","[479.260101476493]","[0.533378594376973]","[0.7178929449587026]","[2.6612064413729456E-6]","[0.0077209594441293855]","[6846.438469174264]","[1.303669984085434]","[14.097157032580277]","[0.007693941670987673]","[0.27661745032148366]","[-1709071.8904958677]","[9885.44147145077]"
336,336,0.005096182915735829,9789.04307830831,5112.988149916878,0.47546230714222393,0.16981005826299456,0.109098587408994,0.882364911959983,log-normal,0.0076881199761814735,0.03181050632506075,2.829923811959492,0.38477472983108146,2229.0419410301447,1.4686567225587612,2.748764263048547,0.009998703180472338,0.100170899671072,8204.40809623917,5.45414450945867E-6,1.2153835606013605,0.497989471572029,14.097157032580277,14.099790696907677,14.112508024359288,0.7026340227420129,0.6870480498871054,0.7043453523704911,1,221,"[1.3963967532319423E-4]","[14.099790696907677]","[-1.1300981052808732]","[0.16981005826299456]","[0.9622577153909223]","[log-normal]","[14.112508024359288]","[1100.3524322593603]","[0.882364911959983]","[2.829923811959492]","[8679615183469943044]","[8204.40809623917]","[0.6870480498871054]","[0.03181050632506075]","[0.7026340227420129]","[0.100170899671072]","[0.009998703180472338]","[1.4686567225587612]","[2.748764263048547]","[0.38477472983108146]","[0.47546230714222393]","[CN]","[2229.0419410301447]","[0.497989471572029]","[0.7043453523704911]","[5.45414450945867E-6]","[0.0076881199761814735]","[5112.988149916878]","[1.2153835606013605]","[14.097157032580277]","[0.005096182915735829]","[0.109098587408994]","[-1664963.7252066121]","[9789.04307830831]"
336,336,0.006731970316734946,9873.34721269023,7386.149240701545,0.4996439658799,0.5577623989081393,0.1994401344207391,1.1647658808572015,log-normal,0.007917868479988313,0.03434879987407653,2.7849406291802135,0.38357841692061695,660.3612688202272,1.4330766050775994,2.8228078412581805,0.009998797404671253,0.10022085985370226,7581.594880985368,5.45414450945867E-6,1.3725530010488407,0.533378594376973,14.097157032580277,14.106750795257955,14.117151681230956,0.7026340227420129,0.6984287577212047,0.7099491498601176,2,76,"[1.2597675800473187E-4,1.1396718271513876E-4]","[14.106750795257955,14.106750795257955]","[-1.2908131524201272,-1.5599897635733884]","[0.5577623989081393,0.5577623989081393]","[0.9636098048056286,0.9636098048056286]","[log-normal,log-normal]","[14.117151686640417,14.117151675821495]","[1101.349142053038,1101.3488856040208]","[1.1647658808572015,1.1647658808572015]","[2.7849406291802135,2.7849406291802135]","[3187085955472922377,-3173932790993251775]","[7581.594880985368,7581.594880985368]","[0.6984287577212047,0.6984287577212047]","[0.03434879987407653,0.03434879987407653]","[0.7026340227420129,0.7026340227420129]","[0.10022085985370226,0.10022085985370226]","[0.009998797404671253,0.009998797404671253]","[1.4330766050775994,1.4330766050775994]","[2.8228078412581805,2.8228078412581805]","[0.38357841692061695,0.38357841692061695]","[0.4996439658799,0.4996439658799]","[CN,CN]","[660.3612688202272,660.3612688202272]","[0.533378594376973,0.533378594376973]","[0.7099497206660076,0.7099485790542275]","[5.45414450945867E-6,5.45414450945867E-6]","[0.007917868479988313,0.007917868479988313]","[7386.149240701545,7386.149240701545]","[1.3725530010488407,1.3725530010488407]","[14.097157032580277,14.097157032580277]","[0.006731970316734946,0.006731970316734946]","[0.1994401344207391,0.1994401344207391]","[-1675677.6425619838,-1675677.6425619838]","[9873.34721269023,9873.34721269023]"
336,336,0.005144985128991705,9828.64837134415,4866.732073413151,0.48242878666879296,0.36268299139802895,0.19879727316743706,1.049343334232387,log-normal,0.008583691526944213,0.020426299848046933,2.800179637503346,0.3874862436239698,4050.503512283419,1.4407473876147212,3.0,0.009998316075669117,0.100000028598264,7606.464150038137,9.355274789952765E-7,1.2535721770065116,0.42117001833389933,14.097157032580277,14.106362268918538,14.11430066484058,0.7026340227420129,0.6968211758924063,0.706357459199326,1,166,"[1.487995811044469E-4]","[14.106362268918538]","[-1.8777961420454683]","[0.36268299139802895]","[0.9690786216792177]","[log-normal]","[14.11430066484058]","[1102.1617488976988]","[1.049343334232387]","[2.800179637503346]","[6163133025600211174]","[7606.464150038137]","[0.6968211758924063]","[0.020426299848046933]","[0.7026340227420129]","[0.100000028598264]","[0.009998316075669117]","[1.4407473876147212]","[3.0]","[0.3874862436239698]","[0.48242878666879296]","[CN]","[4050.503512283419]","[0.42117001833389933]","[0.706357459199326]","[9.355274789952765E-7]","[0.008583691526944213]","[4866.732073413151]","[1.2535721770065116]","[14.097157032580277]","[0.005144985128991705]","[0.19879727316743706]","[-1643332.7830578513]","[9828.64837134415]"
336,336,0.005612273703930577,9840.844481781503,4775.268806324083,0.495718472857649,0.16707548749850998,0.8576958437232619,0.9940116401999761,log-normal,0.007060335113590762,0.029489964021209614,2.76601371498356,0.38683514699989047,3217.8931280872084,1.4097888040381956,2.931829529797265,0.009998417333349547,0.10005523557005594,6716.618624857056,2.205128955443503E-6,1.1896431784882817,0.3740287576106262,14.097157032580277,14.10892540478136,14.116375433251182,0.7026340227420129,0.7025496381086469,0.7107519574479169,1,8,"[1.4223810242000302E-4]","[14.10892540478136]","[-1.5986860388492963]","[0.16707548749850998]","[0.9666414603502833]","[log-normal]","[14.116375433251182]","[1101.3155913065168]","[0.9940116401999761]","[2.76601371498356]","[6375829734684854432]","[6716.618624857056]","[0.7025496381086469]","[0.029489964021209614]","[0.7026340227420129]","[0.10005523557005594]","[0.009998417333349547]","[1.4097888040381956]","[2.931829529797265]","[0.38683514699989047]","[0.495718472857649]","[CN]","[3217.8931280872084]","[0.3740287576106262]","[0.7107519574479169]","[2.205128955443503E-6]","[0.007060335113590762]","[4775.268806324083]","[1.1896431784882817]","[14.097157032580277]","[0.005612273703930577]","[0.8576958437232619]","[-1670904.617768595]","[9840.844481781503]"
336,336,0.005714001163549028,9881.01674444829,5691.55620925084,0.4923919210119309,0.165274074542477,0.877310320847101,0.9532275573376634,log-normal,0.00726272284853758,0.029707857276861878,2.7650911498245594,0.403085684419099,3264.6375367360697,1.4099001932395274,2.916034956931113,0.00999854818424645,0.10005843097280549,6630.493200236654,1.6077327012606973E-6,1.183002241940042,0.37797369300465095,14.097157032580277,14.108305701074263,14.116261437591087,0.7026340227420129,0.7011046827531994,0.7100289998256962,1,92,"[1.3830229874982791E-4]","[14.108305701074263]","[-1.5486953446184384]","[0.165274074542477]","[0.9670446530799749]","[log-normal]","[14.116261437591087]","[1101.3430522872586]","[0.9532275573376634]","[2.7650911498245594]","[6104134082324824624]","[6630.493200236654]","[0.7011046827531994]","[0.029707857276861878]","[0.7026340227420129]","[0.10005843097280549]","[0.00999854818424645]","[1.4099001932395274]","[2.916034956931113]","[0.403085684419099]","[0.4923919210119309]","[CN]","[3264.6375367360697]","[0.37797369300465095]","[0.7100289998256962]","[1.6077327012606973E-6]","[0.00726272284853758]","[5691.55620925084]","[1.183002241940042]","[14.097157032580277]","[0.005714001163549028]","[0.877310320847101]","[-1647614.9648760324]","[9881.01674444829]"
336,336,0.004565770656703243,9813.582233008097,6570.000847838663,0.48670926888655613,0.558153953861754,0.29221262671289894,0.882364911959983,normal,0.008704113107447864,0.041757038115237,2.7956877896905237,0.3561407467171713,5074.028670847105,1.4672143800369963,3.0,0.009999410570860866,0.10002165794958937,6253.2862590080895,1.2777013697949655E-6,1.208227457975778,0.3711957773690856,14.097157032580277,14.102424637621112,14.110924837293954,0.7026340227420129,0.6915196915570878,0.7003235904853328,1,239,"[1.4900551518678978E-4]","[14.102424637621112]","[-1.4260033845202678]","[0.558153953861754]","[0.9658378116647499]","[normal]","[14.110924837293954]","[1102.0595347173216]","[0.882364911959983]","[2.7956877896905237]","[-6886744555742912816]","[6253.2862590080895]","[0.6915196915570878]","[0.041757038115237]","[0.7026340227420129]","[0.10002165794958937]","[0.009999410570860866]","[1.4672143800369963]","[3.0]","[0.3561407467171713]","[0.48670926888655613]","[CN]","[5074.028670847105]","[0.3711957773690856]","[0.7003235904853328]","[1.2777013697949655E-6]","[0.008704113107447864]","[6570.000847838663]","[1.208227457975778]","[14.097157032580277]","[0.004565770656703243]","[0.29221262671289894]","[-1743202.402892562]","[9813.582233008097]"
336,336,0.00522534624921705,9819.116205784254,5048.289754318732,0.4936610974738714,0.165274074542477,0.7852374691877726,0.8883764234911232,normal,0.00725160815679882,0.03224039992020159,2.7590501151193534,0.4149022597851866,2243.9656444596976,1.426967339378194,2.94593238696577,0.009998609844292228,0.10003358235383189,6342.019065837441,2.8710270589452547E-6,1.17551961756878,0.36382501585022486,14.097157032580277,14.105678549668944,14.114044912340137,0.7026340227420129,0.6956061304993013,0.7052707699433,1,260,"[1.3258143848899945E-4]","[14.105678549668944]","[-1.3830353881866164]","[0.165274074542477]","[0.9678340043900271]","[normal]","[14.114044912340137]","[1102.4617173840877]","[0.8883764234911232]","[2.7590501151193534]","[-274091593664618663]","[6342.019065837441]","[0.6956061304993013]","[0.03224039992020159]","[0.7026340227420129]","[0.10003358235383189]","[0.009998609844292228]","[1.426967339378194]","[2.94593238696577]","[0.4149022597851866]","[0.4936610974738714]","[CN]","[2243.9656444596976]","[0.36382501585022486]","[0.7052707699433]","[2.8710270589452547E-6]","[0.00725160815679882]","[5048.289754318732]","[1.17551961756878]","[14.097157032580277]","[0.00522534624921705]","[0.7852374691877726]","[-1637358.0392561986]","[9819.116205784254]"
336,336,0.00545940157967522,9823.35125406615,4661.606751636064,0.4815765533716247,0.3223533642696623,0.109098587408994,1.062039089416332,log-normal,0.008614423934753136,0.01986066210098767,2.787023209299247,0.36334412724296317,3180.056400732299,1.4407959192404796,3.0,0.009998343448224159,0.10007353849820484,8033.3298428547805,1.2285220736512036E-7,1.3203592881503146,0.41450691524304073,14.097157032580277,14.107608293795089,14.115386853999322,0.7026340227420129,0.6993346950267854,0.7083995953846969,2,53,"[1.445517246023866E-4,1.459294221751757E-4]","[14.107608293795089,14.107608293795089]","[-1.6353470297366104,-1.9069123216496922]","[0.3223533642696623,0.3223533642696623]","[0.9681274377193123,0.9681274377193123]","[log-normal,log-normal]","[14.115386839095567,14.115386868903078]","[1102.0977436071084,1102.0985562798069]","[1.062039089416332,1.062039089416332]","[2.787023209299247,2.787023209299247]","[7371485157194174731,1632950907375656476]","[8033.3298428547805,8033.3298428547805]","[0.6993346950267854,0.6993346950267854]","[0.01986066210098767,0.01986066210098767]","[0.7026340227420129,0.7026340227420129]","[0.10007353849820484,0.10007353849820484]","[0.009998343448224159,0.009998343448224159]","[1.4407959192404796,1.4407959192404796]","[3.0,3.0]","[0.36334412724296317,0.36334412724296317]","[0.4815765533716247,0.4815765533716247]","[CN,CN]","[3180.056400732299,3180.056400732299]","[0.41450691524304073,0.41450691524304073]","[0.708397223689425,0.7084019670799687]","[1.2285220736512036E-7,1.2285220736512036E-7]","[0.008614423934753136,0.008614423934753136]","[4661.606751636064,4661.606751636064]","[1.3203592881503146,1.3203592881503146]","[14.097157032580277,14.097157032580277]","[0.00545940157967522,0.00545940157967522]","[0.109098587408994,0.109098587408994]","[-1671023.097107438,-1671023.097107438]","[9823.35125406615,9823.35125406615]"
336,336,0.00657450943337525,9842.279519349051,4574.20968645122,0.48424777237440153,0.2387973765904267,0.8240899279984479,0.9819733207409372,log-normal,0.007487466714397338,0.030933724309075403,2.758229160068993,0.4006556863216729,3087.0995688840803,1.4170234570237288,2.8571471853477926,0.009998644738670768,0.10011216870215338,7058.316982277964,1.0514716109384512E-6,1.17551961756878,0.40856624335974395,14.097157032580277,14.108172381663033,14.117600986098882,0.7026340227420129,0.7005188104226159,0.7110885540389609,1,201,"[1.3924708321822404E-4]","[14.108172381663033]","[-1.70180951863963]","[0.2387973765904267]","[0.9655639947052105]","[log-normal]","[14.117600986098882]","[1101.1363066454285]","[0.9819733207409372]","[2.758229160068993]","[6423393396021664069]","[7058.316982277964]","[0.7005188104226159]","[0.030933724309075403]","[0.7026340227420129]","[0.10011216870215338]","[0.009998644738670768]","[1.4170234570237288]","[2.8571471853477926]","[0.4006556863216729]","[0.48424777237440153]","[CN]","[3087.0995688840803]","[0.40856624335974395]","[0.7110885540389609]","[1.0514716109384512E-6]","[0.007487466714397338]","[4574.20968645122]","[1.17551961756878]","[14.097157032580277]","[0.00657450943337525]","[0.8240899279984479]","[-1646684.0557851244]","[9842.279519349051]"
336,336,0.005146065505186311,9888.26249591949,4574.20968645122,0.463857311880957,0.3105254499559458,0.109098587408994,1.3482500619177316,normal,0.00746184388175758,0.040492854111802215,2.827833376852425,0.325242848903376,2204.285962646907,1.462421542956039,2.71563870852184,0.009998966202595152,0.10017534501253092,5947.219600633876,8.510725412994592E-7,1.2643946853393813,0.4205222420938629,14.097157032580277,14.105392400228487,14.113702493072056,0.7026340227420129,0.7014005769554175,0.7076210141525751,1,320,"[1.3467763812730795E-4]","[14.105392400228487]","[-1.9240719455993924]","[0.3105254499559458]","[0.9567902810862242]","[normal]","[14.113702493072056]","[1100.192103802084]","[1.3482500619177316]","[2.827833376852425]","[2462651905897699356]","[5947.219600633876]","[0.7014005769554175]","[0.040492854111802215]","[0.7026340227420129]","[0.10017534501253092]","[0.009998966202595152]","[1.462421542956039]","[2.71563870852184]","[0.325242848903376]","[0.463857311880957]","[CN]","[2204.285962646907]","[0.4205222420938629]","[0.7076210141525751]","[8.510725412994592E-7]","[0.00746184388175758]","[4574.20968645122]","[1.2643946853393813]","[14.097157032580277]","[0.005146065505186311]","[0.109098587408994]","[-1748872.4855371907]","[9888.26249591949]"
336,336,0.006501993307804475,9857.321657012766,7317.827282498016,0.4996416075102917,0.5504047834474506,0.20179259482634515,1.1748212488234804,log-normal,0.007893153116385894,0.03781965823322754,2.7826379930188283,0.39843358316427513,1519.0474768953247,1.4186336135197162,2.785384191406579,0.009999107112450575,0.10021727929333148,7503.352529686808,4.9412257307990834E-6,1.3334453967416446,0.5255169639032778,14.097157032580277,14.106676730754023,14.116711294824498,0.7026340227420129,0.6988597521924504,0.7092486707665393,1,322,"[1.3629195934316432E-4]","[14.106676730754023]","[-1.3945405367143384]","[0.5504047834474506]","[0.9631344983215897]","[log-normal]","[14.116711294824498]","[1101.080720541855]","[1.1748212488234804]","[2.7826379930188283]","[5036543685728927969]","[7503.352529686808]","[0.6988597521924504]","[0.03781965823322754]","[0.7026340227420129]","[0.10021727929333148]","[0.009999107112450575]","[1.4186336135197162]","[2.785384191406579]","[0.39843358316427513]","[0.4996416075102917]","[CN]","[1519.0474768953247]","[0.5255169639032778]","[0.7092486707665393]","[4.9412257307990834E-6]","[0.007893153116385894]","[7317.827282498016]","[1.3334453967416446]","[14.097157032580277]","[0.006501993307804475]","[0.20179259482634515]","[-1658447.3615702474]","[9857.321657012766]"
336,336,0.005702698327289578,9852.1728636337,4605.689909255732,0.483271843028777,0.22921049956735268,0.8612756778652139,0.9647082629090507,normal,0.00712704723866767,0.030385369763451207,2.7304326333451177,0.39687232881080753,3611.0234515640414,1.435605051646237,2.8527409184851495,0.009998673191164115,0.10012015294054215,7292.702909786113,1.6255902494768436E-6,1.17551961756878,0.3979524700638672,14.097157032580277,14.10609346172869,14.115299640838773,0.7026340227420129,0.6971616119001675,0.7076490875576191,1,254,"[1.418836330830241E-4]","[14.10609346172869]","[-1.5093017524533727]","[0.22921049956735268]","[0.9653337717985738]","[normal]","[14.115299640838773]","[1101.693644684678]","[0.9647082629090507]","[2.7304326333451177]","[5575175085377718694]","[7292.702909786113]","[0.6971616119001675]","[0.030385369763451207]","[0.7026340227420129]","[0.10012015294054215]","[0.009998673191164115]","[1.435605051646237]","[2.8527409184851495]","[0.39687232881080753]","[0.483271843028777]","[CN]","[3611.0234515640414]","[0.3979524700638672]","[0.7076490875576191]","[1.6255902494768436E-6]","[0.00712704723866767]","[4605.689909255732]","[1.17551961756878]","[14.097157032580277]","[0.005702698327289578]","[0.8612756778652139]","[-1651397.8409090913]","[9852.1728636337]"
336,336,0.0074880325537912285,9826.2852590876,6445.433442149519,0.4870878623228514,0.37873326670672974,0.1335685497304991,1.1170383745310903,normal,0.00842334189237432,0.008046294467670438,2.7827760505895562,0.44621525499286757,2768.5153473985756,1.473072575588604,2.925319269520304,0.009998322480718183,0.10026655194214026,6222.711420739042,4.9450077444806355E-6,1.17551961756878,0.4942185417459191,14.097157032580277,14.10037898775891,14.115465875646947,0.7026340227420129,0.673521289951751,0.6990488556241643,1,96,"[1.3786406611400402E-4]","[14.10037898775891]","[-1.5379628279185396]","[0.37873326670672974]","[0.9745854106644583]","[normal]","[14.115465875646947]","[1106.1502985833067]","[1.1170383745310903]","[2.7827760505895562]","[4100004952649009513]","[6222.711420739042]","[0.673521289951751]","[0.008046294467670438]","[0.7026340227420129]","[0.10026655194214026]","[0.009998322480718183]","[1.473072575588604]","[2.925319269520304]","[0.44621525499286757]","[0.4870878623228514]","[CN]","[2768.5153473985756]","[0.4942185417459191]","[0.6990488556241643]","[4.9450077444806355E-6]","[0.00842334189237432]","[6445.433442149519]","[1.17551961756878]","[14.097157032580277]","[0.0074880325537912285]","[0.1335685497304991]","[-1227842.6673553719]","[9826.2852590876]"
336,336,0.005459013150289704,9823.872022314952,4674.19916747798,0.47910397420286194,0.35330157996319983,0.1987133859111312,1.1069327292147195,log-normal,0.008577777225396354,0.021538219269261565,2.799037265167571,0.3879968436958565,3171.6800431904076,1.4434822472415505,2.954885190753621,0.009998335354087704,0.10007193264778429,7617.873374943294,8.79201933531255E-8,1.2620793122767378,0.4184098448315854,14.097157032580277,14.106260487617906,14.114178430912109,0.7026340227420129,0.6970230424853247,0.7046454360102702,1,58,"[1.4539786405384634E-4]","[14.106260487617906]","[-1.8561588489020537]","[0.35330157996319983]","[0.9680659150438323]","[log-normal]","[14.114178430912109]","[1102.199794135082]","[1.1069327292147195]","[2.799037265167571]","[-3210712011179554116]","[7617.873374943294]","[0.6970230424853247]","[0.021538219269261565]","[0.7026340227420129]","[0.10007193264778429]","[0.009998335354087704]","[1.4434822472415505]","[2.954885190753621]","[0.3879968436958565]","[0.47910397420286194]","[CN]","[3171.6800431904076]","[0.4184098448315854]","[0.7046454360102702]","[8.79201933531255E-8]","[0.008577777225396354]","[4674.19916747798]","[1.2620793122767378]","[14.097157032580277]","[0.005459013150289704]","[0.1987133859111312]","[-1642215.6921487604]","[9823.872022314952]"
336,336,0.005716845635079248,9873.425419770316,5711.50152504451,0.4916486562602034,0.17718616170742282,0.8100384660765657,0.9568244142919109,log-normal,0.007269462324555441,0.03112469828168992,2.7636525498455753,0.41286984214044875,3812.8368541468553,1.410011613771722,2.913443245020799,0.00999839287086907,0.10006853505738052,6516.751748723755,1.6443717561427415E-6,1.17551961756878,0.37878085193969097,14.097157032580277,14.107729740443252,14.115951242579138,0.7026340227420129,0.6997164756577517,0.7090378743179481,1,116,"[1.4106824959755424E-4]","[14.107729740443252]","[-1.3630317927429074]","[0.17718616170742282]","[0.9672432922635645]","[log-normal]","[14.115951242579138]","[1101.7468850150744]","[0.9568244142919109]","[2.7636525498455753]","[7717322196219038127]","[6516.751748723755]","[0.6997164756577517]","[0.03112469828168992]","[0.7026340227420129]","[0.10006853505738052]","[0.00999839287086907]","[1.410011613771722]","[2.913443245020799]","[0.41286984214044875]","[0.4916486562602034]","[CN]","[3812.8368541468553]","[0.37878085193969097]","[0.7090378743179481]","[1.6443717561427415E-6]","[0.007269462324555441]","[5711.50152504451]","[1.17551961756878]","[14.097157032580277]","[0.005716845635079248]","[0.8100384660765657]","[-1631924.9152892565]","[9873.425419770316]"
336,336,0.0055406884791893655,9817.540767925786,4574.20968645122,0.49004837928960593,0.2238354700158942,0.877310320847101,0.882364911959983,normal,0.007403351212627166,0.030707783339862852,2.7597220552898647,0.40551749866174264,4892.990297472838,1.4658032754376866,2.9583336576841326,0.009998972395059098,0.100000028598264,6723.099564282652,1.7444292212424191E-6,1.1766456189553687,0.356349474101747,14.097157032580277,14.10186719071355,14.112080670312839,0.7026340227420129,0.6874367419380516,0.6989091965672581,1,122,"[1.4415759682613735E-4]","[14.10186719071355]","[-1.4460204434777706]","[0.2238354700158942]","[0.9678812538444028]","[normal]","[14.112080670312839]","[1102.8596047670708]","[0.882364911959983]","[2.7597220552898647]","[-7952312661515693167]","[6723.099564282652]","[0.6874367419380516]","[0.030707783339862852]","[0.7026340227420129]","[0.100000028598264]","[0.009998972395059098]","[1.4658032754376866]","[2.9583336576841326]","[0.40551749866174264]","[0.49004837928960593]","[CN]","[4892.990297472838]","[0.356349474101747]","[0.6989091965672581]","[1.7444292212424191E-6]","[0.007403351212627166]","[4574.20968645122]","[1.1766456189553687]","[14.097157032580277]","[0.0055406884791893655]","[0.877310320847101]","[-1654012.8491735542]","[9817.540767925786]"
336,336,0.0051896445472750415,9840.45179845553,6767.250370294334,0.48965836576764454,0.31059395311684795,0.109098587408994,1.224648945107438,log-normal,0.008207543530493744,0.00749738000295703,2.77998298690001,0.3290004250178936,4002.5742656623324,1.4871897192778272,2.961519490251503,0.009999169204389749,0.10017826246600381,7147.825085555869,3.826038697208364E-6,1.3143171825076267,0.533378594376973,14.097157032580277,14.106955650027947,14.114921647095917,0.7026340227420129,0.6969042087933357,0.7079377045908843,1,146,"[1.5201267104339423E-4]","[14.106955650027947]","[-1.7437612581318103]","[0.31059395311684795]","[0.9689146999954024]","[log-normal]","[14.114921647095917]","[1101.4545568165395]","[1.224648945107438]","[2.77998298690001]","[-5453586604643672929]","[7147.825085555869]","[0.6969042087933357]","[0.00749738000295703]","[0.7026340227420129]","[0.10017826246600381]","[0.009999169204389749]","[1.4871897192778272]","[2.961519490251503]","[0.3290004250178936]","[0.48965836576764454]","[CN]","[4002.5742656623324]","[0.533378594376973]","[0.7079377045908843]","[3.826038697208364E-6]","[0.008207543530493744]","[6767.250370294334]","[1.3143171825076267]","[14.097157032580277]","[0.0051896445472750415]","[0.109098587408994]","[-1614965.4442148763]","[9840.45179845553]"
336,336,0.005660977583771924,9835.42250294635,5630.476335198546,0.4898162036695257,0.165274074542477,0.8526827892240849,0.882364911959983,normal,0.007155721290412361,0.032160439509704555,2.7588853286942303,0.3971958371275082,3288.516932516666,1.40902786212214,2.8491088278255727,0.00999914648868361,0.10006276206515675,6897.232220903942,2.4128654536600082E-6,1.17551961756878,0.39467799851172486,14.097157032580277,14.108194482073552,14.116194504073793,0.7026340227420129,0.7016194688680758,0.7101906165021113,1,125,"[1.380607336020978E-4]","[14.108194482073552]","[-1.3484119008652218]","[0.165274074542477]","[0.9650872440339288]","[normal]","[14.116194504073793]","[1101.2960082986122]","[0.882364911959983]","[2.7588853286942303]","[-3002035736545651621]","[6897.232220903942]","[0.7016194688680758]","[0.032160439509704555]","[0.7026340227420129]","[0.10006276206515675]","[0.00999914648868361]","[1.40902786212214]","[2.8491088278255727]","[0.3971958371275082]","[0.4898162036695257]","[CN]","[3288.516932516666]","[0.39467799851172486]","[0.7101906165021113]","[2.4128654536600082E-6]","[0.007155721290412361]","[5630.476335198546]","[1.17551961756878]","[14.097157032580277]","[0.005660977583771924]","[0.8526827892240849]","[-1656348.5847107435]","[9835.42250294635]"
336,336,0.004701296610017725,9805.137954730208,5855.662376278291,0.49723610335981955,0.6164851092915871,0.21249585885346264,0.9154349270845457,normal,0.00686694354887202,0.02273059920582907,2.775822466788407,0.35496018380857336,911.6073655594421,1.40902786212214,2.9950365949434565,0.009998808400952222,0.10017949199692044,7478.10127067332,6.639611523537716E-7,1.3958059587736718,0.3571500474408722,14.097157032580277,14.109385700802118,14.115200938177844,0.7026340227420129,0.7039950898145931,0.7104122863320834,1,139,"[1.2118066717696653E-4]","[14.109385700802118]","[-1.4460660715539526]","[0.6164851092915871]","[0.9672886181521075]","[normal]","[14.115200938177844]","[1101.5561118981814]","[0.9154349270845457]","[2.775822466788407]","[-6901495957718950651]","[7478.10127067332]","[0.7039950898145931]","[0.02273059920582907]","[0.7026340227420129]","[0.10017949199692044]","[0.009998808400952222]","[1.40902786212214]","[2.9950365949434565]","[0.35496018380857336]","[0.49723610335981955]","[CN]","[911.6073655594421]","[0.3571500474408722]","[0.7104122863320834]","[6.639611523537716E-7]","[0.00686694354887202]","[5855.662376278291]","[1.3958059587736718]","[14.097157032580277]","[0.004701296610017725]","[0.21249585885346264]","[-1693771.1301652887]","[9805.137954730208]"
336,336,0.00382405286074533,9804.442211914049,5382.218869240183,0.49811149565250185,0.558696603325461,0.202627007060152,0.8916599259689965,normal,0.00686694354887202,0.01832351378161466,2.772922533074967,0.34958968284156944,496.2046541004432,1.4199981040533236,2.9955448964541693,0.009998877628201876,0.10026115865329331,7704.6209863354725,4.408008623751176E-7,1.40185591671431,0.360720263447366,14.097157032580277,14.108441706713759,14.113414929397267,0.7026340227420129,0.702745835676922,0.7082896312690931,1,63,"[1.0873335054087307E-4]","[14.108441706713759]","[-1.344186415900081]","[0.558696603325461]","[0.9677228710113598]","[normal]","[14.113414929397267]","[1101.8469901116991]","[0.8916599259689965]","[2.772922533074967]","[-621206464252700652]","[7704.6209863354725]","[0.702745835676922]","[0.01832351378161466]","[0.7026340227420129]","[0.10026115865329331]","[0.009998877628201876]","[1.4199981040533236]","[2.9955448964541693]","[0.34958968284156944]","[0.49811149565250185]","[CN]","[496.2046541004432]","[0.360720263447366]","[0.7082896312690931]","[4.408008623751176E-7]","[0.00686694354887202]","[5382.218869240183]","[1.40185591671431]","[14.097157032580277]","[0.00382405286074533]","[0.202627007060152]","[-1681855.4938016527]","[9804.442211914049]"
336,336,0.005710264126655048,9873.425317000418,5685.8818254850385,0.49478714155548226,0.17787479459731362,0.7731575454793836,0.9587884928615358,log-normal,0.007255068318044917,0.031131766655308566,2.7854031692998342,0.41291282386479455,3786.3819105401944,1.4100322881113045,2.91354094813017,0.009998384037939954,0.10006877844779169,6498.231406538286,1.5860776510749477E-6,1.17551961756878,0.36576681744284534,14.097157032580277,14.10777247446159,14.116048748879779,0.7026340227420129,0.6998354481330598,0.7094011258233124,1,212,"[1.4156181916915656E-4]","[14.10777247446159]","[-1.3255483858094812]","[0.17787479459731362]","[0.9672364725797258]","[log-normal]","[14.116048748879779]","[1101.5377617208032]","[0.9587884928615358]","[2.7854031692998342]","[-6815596698772009236]","[6498.231406538286]","[0.6998354481330598]","[0.031131766655308566]","[0.7026340227420129]","[0.10006877844779169]","[0.009998384037939954]","[1.4100322881113045]","[2.91354094813017]","[0.41291282386479455]","[0.49478714155548226]","[CN]","[3786.3819105401944]","[0.36576681744284534]","[0.7094011258233124]","[1.5860776510749477E-6]","[0.007255068318044917]","[5685.8818254850385]","[1.17551961756878]","[14.097157032580277]","[0.005710264126655048]","[0.7731575454793836]","[-1635445.4442148763]","[9873.425317000418]"
336,336,0.0045140737371689044,9789.04307830831,5327.230833072954,0.4971126992136193,0.1684973518773546,0.5823180512968156,0.9825378365061391,normal,0.00718148751143331,0.02907778467513711,2.744738099850276,0.39061620901253385,1948.2807402604365,1.40902786212214,2.8807719846340025,0.009998395870264439,0.10001175274713599,6287.867091560288,2.7662296294894958E-6,1.2536218689386447,0.3564286264041906,14.097157032580277,14.107588737071909,14.114145626166616,0.7026340227420129,0.7011400936362097,0.7081941524478358,1,282,"[1.2950765606827442E-4]","[14.107588737071909]","[-1.5856762863907363]","[0.1684973518773546]","[0.9657817488996943]","[normal]","[14.114145626166616]","[1101.6883743891992]","[0.9825378365061391]","[2.744738099850276]","[-6690708162348149303]","[6287.867091560288]","[0.7011400936362097]","[0.02907778467513711]","[0.7026340227420129]","[0.10001175274713599]","[0.009998395870264439]","[1.40902786212214]","[2.8807719846340025]","[0.39061620901253385]","[0.4971126992136193]","[CN]","[1948.2807402604365]","[0.3564286264041906]","[0.7081941524478358]","[2.7662296294894958E-6]","[0.00718148751143331]","[5327.230833072954]","[1.2536218689386447]","[14.097157032580277]","[0.0045140737371689044]","[0.5823180512968156]","[-1660588.4524793387]","[9789.04307830831]"
336,336,0.007531509539782679,9789.04307830831,6694.781614532351,0.48389018158814323,0.3836211122130373,0.109098587408994,1.1285355055469033,log-normal,0.008387009318404838,0.00834898912900659,2.7461707522461865,0.447163421511268,2388.426572961159,1.4905401672189373,2.9525379429203573,0.009998233136105723,0.100401026074943,5632.04500484269,5.282805715422507E-6,1.3055895966386455,0.4884972490705709,14.097157032580277,14.094922101551264,14.112741174352179,0.7026340227420129,0.6587046213351967,0.6906363196200273,1,65,"[1.3952732872884164E-4]","[14.094922101551264]","[-1.2165619044026852]","[0.3836211122130373]","[0.9748403642432715]","[log-normal]","[14.112741174352179]","[1108.5196385208344]","[1.1285355055469033]","[2.7461707522461865]","[-94852553369056980]","[5632.04500484269]","[0.6587046213351967]","[0.00834898912900659]","[0.7026340227420129]","[0.100401026074943]","[0.009998233136105723]","[1.4905401672189373]","[2.9525379429203573]","[0.447163421511268]","[0.48389018158814323]","[CN]","[2388.426572961159]","[0.4884972490705709]","[0.6906363196200273]","[5.282805715422507E-6]","[0.008387009318404838]","[6694.781614532351]","[1.3055895966386455]","[14.097157032580277]","[0.007531509539782679]","[0.109098587408994]","[-1248965.8409090913]","[9789.04307830831]"
336,336,0.004713593961898757,9840.423290784971,5481.139013908093,0.49331985788378396,0.23244765070413098,0.877310320847101,1.056670119203202,normal,0.00711962258796173,0.029631686275537302,2.7616457229480873,0.39244879860943704,2558.7001538522563,1.4348676202408086,2.9320210090798975,0.00999848180491022,0.100000028598264,6525.8732183844895,2.466340087968855E-6,1.2347743292787454,0.356349474101747,14.097157032580277,14.105991043538578,14.113515213034567,0.7026340227420129,0.6973671884826427,0.7057679104228628,1,60,"[1.3603520346415853E-4]","[14.105991043538578]","[-1.6125760700612581]","[0.23244765070413098]","[0.9668626254268036]","[normal]","[14.113515213034567]","[1102.0771750322317]","[1.056670119203202]","[2.7616457229480873]","[3529381871991916196]","[6525.8732183844895]","[0.6973671884826427]","[0.029631686275537302]","[0.7026340227420129]","[0.100000028598264]","[0.00999848180491022]","[1.4348676202408086]","[2.9320210090798975]","[0.39244879860943704]","[0.49331985788378396]","[CN]","[2558.7001538522563]","[0.356349474101747]","[0.7057679104228628]","[2.466340087968855E-6]","[0.00711962258796173]","[5481.139013908093]","[1.2347743292787454]","[14.097157032580277]","[0.004713593961898757]","[0.877310320847101]","[-1666131.5929752064]","[9840.423290784971]"
336,336,0.006239316303556832,9880.956236786311,7191.7111656320085,0.498084969065883,0.4974577638399421,0.39324034784420847,1.1126670782989254,log-normal,0.007730110801103462,0.03513229262334598,2.790827461376087,0.3844106450296809,1414.9793726165317,1.4367179693648493,2.837556034372967,0.009998730230780335,0.10023556234261859,7764.233250334417,4.162703163859118E-6,1.3585066589879227,0.5100980945849971,14.097157032580277,14.105811155195955,14.115711685399662,0.7026340227420129,0.6966449838602721,0.7073286854177734,1,78,"[1.341076923049589E-4]","[14.105811155195955]","[-1.3732918421220635]","[0.4974577638399421]","[0.9639294090810155]","[log-normal]","[14.115711685399662]","[1101.8057957218325]","[1.1126670782989254]","[2.790827461376087]","[-8051099945122196789]","[7764.233250334417]","[0.6966449838602721]","[0.03513229262334598]","[0.7026340227420129]","[0.10023556234261859]","[0.009998730230780335]","[1.4367179693648493]","[2.837556034372967]","[0.3844106450296809]","[0.498084969065883]","[CN]","[1414.9793726165317]","[0.5100980945849971]","[0.7073286854177734]","[4.162703163859118E-6]","[0.007730110801103462]","[7191.7111656320085]","[1.3585066589879227]","[14.097157032580277]","[0.006239316303556832]","[0.39324034784420847]","[-1673595.7913223137]","[9880.956236786311]"
336,336,0.00382405286074533,9898.05580138563,5448.6071463045655,0.4996439658799,0.17958385401965204,0.877310320847101,1.0849574687048162,normal,0.007830670844535795,0.011509412225024572,2.754888443857245,0.4128576053200932,3500.1663632024365,1.40902786212214,2.868484899031267,0.009998176798618544,0.10016238441240742,5641.249994157732,1.2267346015974073E-6,1.2274669315291105,0.3931259483404328,14.097157032580277,14.107199146197507,14.112746768316152,0.7026340227420129,0.6989939737199197,0.7058858329489905,1,192,"[1.3839769939045122E-4]","[14.107199146197507]","[-1.4029958586302478]","[0.17958385401965204]","[0.9700533050316054]","[normal]","[14.112746768316152]","[1102.7329708693906]","[1.0849574687048162]","[2.754888443857245]","[1002918752940362680]","[5641.249994157732]","[0.6989939737199197]","[0.011509412225024572]","[0.7026340227420129]","[0.10016238441240742]","[0.009998176798618544]","[1.40902786212214]","[2.868484899031267]","[0.4128576053200932]","[0.4996439658799]","[CN]","[3500.1663632024365]","[0.3931259483404328]","[0.7058858329489905]","[1.2267346015974073E-6]","[0.007830670844535795]","[5448.6071463045655]","[1.2274669315291105]","[14.097157032580277]","[0.00382405286074533]","[0.877310320847101]","[-1443407.361570248]","[9898.05580138563]"
336,336,0.005197153596451081,9822.100444596903,7504.70308523071,0.4896621717321178,0.30964489263083383,0.109098587408994,1.22409394789615,normal,0.00870714673148661,0.00668997014545096,2.779641114725414,0.4090166462653221,3998.951180813441,1.493100201998065,2.961417568257074,0.0099981729369515,0.10017493340574916,7160.825349386393,3.705562961208778E-6,1.314506010715963,0.47349694059478675,14.097157032580277,14.09895344213365,14.110577961280947,0.7026340227420129,0.6737872320006595,0.6938416870160704,2,67,"[1.45438169078779E-4,1.4859674365521724E-4]","[14.09895344213365,14.09895344213365]","[-1.6085703667249702,-1.6331202509969698]","[0.30964489263083383,0.30964489263083383]","[0.9738586512051545,0.9738586512051545]","[normal,normal]","[14.110577992699161,14.110577929862734]","[1105.7204984300809,1105.7213759657257]","[1.22409394789615,1.22409394789615]","[2.779641114725414,2.779641114725414]","[7412168629001881395,5261497466422462326]","[7160.825349386393,7160.825349386393]","[0.6737872320006595,0.6737872320006595]","[0.00668997014545096,0.00668997014545096]","[0.7026340227420129,0.7026340227420129]","[0.10017493340574916,0.10017493340574916]","[0.0099981729369515,0.0099981729369515]","[1.493100201998065,1.493100201998065]","[2.961417568257074,2.961417568257074]","[0.4090166462653221,0.4090166462653221]","[0.4896621717321178,0.4896621717321178]","[CN,CN]","[3998.951180813441,3998.951180813441]","[0.47349694059478675,0.47349694059478675]","[0.6938420229151255,0.6938413511170152]","[3.705562961208778E-6,3.705562961208778E-6]","[0.00870714673148661,0.00870714673148661]","[7504.70308523071,7504.70308523071]","[1.314506010715963,1.314506010715963]","[14.097157032580277,14.097157032580277]","[0.005197153596451081,0.005197153596451081]","[0.109098587408994,0.109098587408994]","[-1348623.8904958675,-1348623.8904958675]","[9822.100444596903,9822.100444596903]"
336,336,0.0042632704892059115,9815.249524746916,5876.7736917283955,0.4863199555374771,0.44196430198251996,0.3082357894040525,0.8863162308015083,log-normal,0.008618064035124927,0.036829038369777814,2.797286717569752,0.3655879663309312,5139.97796489452,1.4684837563818367,3.0,0.009999481962640364,0.10002166301724717,6936.667928021177,1.6145063093121652E-6,1.2093032024093038,0.356349474101747,14.097157032580277,14.10196987444228,14.110473637362896,0.7026340227420129,0.6905350425160006,0.6999573809461342,1,293,"[1.5151241909962859E-4]","[14.10196987444228]","[-2.0730929976422257]","[0.44196430198251996]","[0.9665342699107847]","[log-normal]","[14.110473637362896]","[1102.9236284704775]","[0.8863162308015083]","[2.797286717569752]","[-468899782294267955]","[6936.667928021177]","[0.6905350425160006]","[0.036829038369777814]","[0.7026340227420129]","[0.10002166301724717]","[0.009999481962640364]","[1.4684837563818367]","[3.0]","[0.3655879663309312]","[0.4863199555374771]","[CN]","[5139.97796489452]","[0.356349474101747]","[0.6999573809461342]","[1.6145063093121652E-6]","[0.008618064035124927]","[5876.7736917283955]","[1.2093032024093038]","[14.097157032580277]","[0.0042632704892059115]","[0.3082357894040525]","[-1727199.229338843]","[9815.249524746916]"
336,336,0.00875985830462999,9894.375125567123,5010.662059708868,0.49090529405464656,0.4792452413040671,0.109098587408994,1.43618506277867,normal,0.00686694354887202,0.00668997014545096,2.7503272389142333,0.325242848903376,5139.97796489452,1.4885925428323905,2.7462339482837055,0.00999999578417238,0.10001064292473577,7634.005749308163,8.77345307079644E-8,1.17551961756878,0.356349474101747,14.097157032580277,14.111062827308833,14.1219795928615,0.7026340227420129,0.7030684294206752,0.7155827110684904,1,259,"[1.5427212915406917E-4]","[14.111062827308833]","[-1.8204060444143706]","[0.4792452413040671]","[0.9646718534099341]","[normal]","[14.1219795928615]","[1100.1596254436822]","[1.43618506277867]","[2.7503272389142333]","[7510245185136264376]","[7634.005749308163]","[0.7030684294206752]","[0.00668997014545096]","[0.7026340227420129]","[0.10001064292473577]","[0.00999999578417238]","[1.4885925428323905]","[2.7462339482837055]","[0.325242848903376]","[0.49090529405464656]","[CN]","[5139.97796489452]","[0.356349474101747]","[0.7155827110684904]","[8.77345307079644E-8]","[0.00686694354887202]","[5010.662059708868]","[1.17551961756878]","[14.097157032580277]","[0.00875985830462999]","[0.109098587408994]","[-1573666.9318181823]","[9894.375125567123]"
336,336,0.005463315744202134,9856.547413289647,4615.068652842931,0.49488739097063095,0.165274074542477,0.877310320847101,0.9646154092161998,normal,0.007223479113720897,0.03059775252790136,2.759655975812213,0.40091277696091576,3192.0860181416065,1.4210988520953813,2.9054778476633234,0.009998587035233675,0.10005668891231817,6502.599725526904,3.4675733566291316E-6,1.1798815422863658,0.3891251111619082,14.097157032580277,14.107193287798749,14.11530793475123,0.7026340227420129,0.6991782750956664,0.7082347211968244,1,74,"[1.3768322459577477E-4]","[14.107193287798749]","[-1.571438119065343]","[0.165274074542477]","[0.9666120246319708]","[normal]","[14.11530793475123]","[1101.6682043449605]","[0.9646154092161998]","[2.759655975812213]","[1491920644053699104]","[6502.599725526904]","[0.6991782750956664]","[0.03059775252790136]","[0.7026340227420129]","[0.10005668891231817]","[0.009998587035233675]","[1.4210988520953813]","[2.9054778476633234]","[0.40091277696091576]","[0.49488739097063095]","[CN]","[3192.0860181416065]","[0.3891251111619082]","[0.7082347211968244]","[3.4675733566291316E-6]","[0.007223479113720897]","[4615.068652842931]","[1.1798815422863658]","[14.097157032580277]","[0.005463315744202134]","[0.877310320847101]","[-1651253.9731404956]","[9856.547413289647]"
336,336,0.004649174501855492,9884.996328775254,5075.54068114596,0.4819614990066639,0.2564626131467636,0.11942276687504359,1.2793337914153344,normal,0.007463766282887205,0.034058618058415355,2.8230232002018045,0.4001197698627614,2475.5134494418517,1.4726267423051922,2.6576330413323754,0.009998665971898886,0.10021449988718961,6162.117992249236,2.338310753768297E-6,1.3094304350979384,0.4392713850882831,14.097157032580277,14.095085272284285,14.108759701877194,0.7026340227420129,0.6795508926584111,0.6945339129618986,2,2,"[1.3464683304263827E-4,1.3821355677200322E-4]","[14.095085272284285,14.095085272284285]","[-1.6952446036572981,-1.634105013300009]","[0.2564626131467636,0.2564626131467636]","[0.9602071659862712,0.9602071659862712]","[normal,normal]","[14.108759687366543,14.108759716387846]","[1103.0076379085504,1103.00703806852]","[1.2793337914153344,1.2793337914153344]","[2.8230232002018045,2.8230232002018045]","[-5564200765211536178,2409841245353939784]","[6162.117992249236,6162.117992249236]","[0.6795508926584111,0.6795508926584111]","[0.034058618058415355,0.034058618058415355]","[0.7026340227420129,0.7026340227420129]","[0.10021449988718961,0.10021449988718961]","[0.009998665971898886,0.009998665971898886]","[1.4726267423051922,1.4726267423051922]","[2.6576330413323754,2.6576330413323754]","[0.4001197698627614,0.4001197698627614]","[0.4819614990066639,0.4819614990066639]","[CN,CN]","[2475.5134494418517,2475.5134494418517]","[0.4392713850882831,0.4392713850882831]","[0.6945333451637506,0.6945344807600466]","[2.338310753768297E-6,2.338310753768297E-6]","[0.007463766282887205,0.007463766282887205]","[5075.54068114596,5075.54068114596]","[1.3094304350979384,1.3094304350979384]","[14.097157032580277,14.097157032580277]","[0.004649174501855492,0.004649174501855492]","[0.11942276687504359,0.11942276687504359]","[-1625120.8161157027,-1625120.8161157027]","[9884.996328775254,9884.996328775254]"
336,336,0.005620174456318257,9789.04307830831,4574.20968645122,0.4996439658799,0.31002547718648665,0.8409207709148362,1.1259883875098187,normal,0.007199517712456625,0.022353350756091857,2.7538952285014235,0.44129085823320957,2225.2265907294363,1.4445824879679543,3.0,0.009999029105732814,0.100000028598264,7104.120202891128,2.7234490691866406E-7,1.1878443686201763,0.3965898340531272,14.097157032580277,14.103427262247294,14.112938013158569,0.7026340227420129,0.6874831673450097,0.6998476628970154,1,276,"[1.323718910885408E-4]","[14.103427262247294]","[-1.415290560239718]","[0.31002547718648665]","[0.9712119110163518]","[normal]","[14.112938013158569]","[1104.102363692095]","[1.1259883875098187]","[2.7538952285014235]","[6379085974172570899]","[7104.120202891128]","[0.6874831673450097]","[0.022353350756091857]","[0.7026340227420129]","[0.100000028598264]","[0.009999029105732814]","[1.4445824879679543]","[3.0]","[0.44129085823320957]","[0.4996439658799]","[CN]","[2225.2265907294363]","[0.3965898340531272]","[0.6998476628970154]","[2.7234490691866406E-7]","[0.007199517712456625]","[4574.20968645122]","[1.1878443686201763]","[14.097157032580277]","[0.005620174456318257]","[0.8409207709148362]","[-1530066.5351239669]","[9789.04307830831]"
336,336,0.0039009150368762248,9798.378070589126,6509.65911234214,0.4962074188692139,0.5581948609141789,0.23515818933097418,1.1358756609262572,log-normal,0.007066651173830321,0.022376223190695554,2.767364132177196,0.33529265487798576,563.7587703111739,1.4098313804940745,2.9738922113944484,0.009998865791900194,0.10027807866026936,7832.184801317346,1.0779569425259534E-6,1.3795503993252112,0.36285490595275893,14.097157032580277,14.109080915407056,14.113753748550973,0.7026340227420129,0.7046531001925177,0.7091391368190869,1,0,"[1.1618932830089092E-4]","[14.109080915407056]","[-1.921140863311504]","[0.5581948609141789]","[0.9662297970297921]","[log-normal]","[14.113753748550973]","[1101.7077359233392]","[1.1358756609262572]","[2.767364132177196]","[-7567195685490225928]","[7832.184801317346]","[0.7046531001925177]","[0.022376223190695554]","[0.7026340227420129]","[0.10027807866026936]","[0.009998865791900194]","[1.4098313804940745]","[2.9738922113944484]","[0.33529265487798576]","[0.4962074188692139]","[CN]","[563.7587703111739]","[0.36285490595275893]","[0.7091391368190869]","[1.0779569425259534E-6]","[0.007066651173830321]","[6509.65911234214]","[1.3795503993252112]","[14.097157032580277]","[0.0039009150368762248]","[0.23515818933097418]","[-1721529.1466942148]","[9798.378070589126]"
336,336,0.0062187831344328055,9872.60205940532,7052.912003169584,0.49806006046548074,0.5579538144230998,0.47190767924793486,1.1111744469437295,normal,0.007678235054298759,0.038310433592204866,2.789560516618848,0.38364210590848713,964.932910556415,1.436674811722294,2.831604409044025,0.009998715715569184,0.100401026074943,7940.692468439842,4.1258647050855045E-6,1.3554153780002551,0.533378594376973,14.097157032580277,14.106124945370983,14.11624071719154,0.7026340227420129,0.6985283183722097,0.7094937075270235,1,266,"[1.1803110185026067E-4]","[14.106124945370983]","[-1.7166775358032131]","[0.5579538144230998]","[0.9635704035521191]","[normal]","[14.11624071719154]","[1101.033839186797]","[1.1111744469437295]","[2.789560516618848]","[6744021676198494374]","[7940.692468439842]","[0.6985283183722097]","[0.038310433592204866]","[0.7026340227420129]","[0.100401026074943]","[0.009998715715569184]","[1.436674811722294]","[2.831604409044025]","[0.38364210590848713]","[0.49806006046548074]","[CN]","[964.932910556415]","[0.533378594376973]","[0.7094937075270235]","[4.1258647050855045E-6]","[0.007678235054298759]","[7052.912003169584]","[1.3554153780002551]","[14.097157032580277]","[0.0062187831344328055]","[0.47190767924793486]","[-1692865.6095041323]","[9872.60205940532]"
336,336,0.004772577427629567,9789.04307830831,5615.314386526716,0.4870474271975526,0.471066213469751,0.3342116511509963,0.882364911959983,normal,0.00870714673148661,0.0382613638939671,2.7971645847672537,0.3612729674429659,5139.97796489452,1.4657044264145236,2.9712389709422675,0.009999448465666246,0.10001023537261526,6968.5697224684645,1.0965534990988549E-6,1.2015096168314952,0.3576785113107404,14.097157032580277,14.103483693074065,14.110811469487894,0.7026340227420129,0.6948921034938832,0.6987950930554695,1,217,"[1.53657690351858E-4]","[14.103483693074065]","[-1.1515083939858881]","[0.471066213469751]","[0.9656808685074477]","[normal]","[14.110811469487894]","[1102.8688955148875]","[0.882364911959983]","[2.7971645847672537]","[-2073054342148288127]","[6968.5697224684645]","[0.6948921034938832]","[0.0382613638939671]","[0.7026340227420129]","[0.10001023537261526]","[0.009999448465666246]","[1.4657044264145236]","[2.9712389709422675]","[0.3612729674429659]","[0.4870474271975526]","[CN]","[5139.97796489452]","[0.3576785113107404]","[0.6987950930554695]","[1.0965534990988549E-6]","[0.00870714673148661]","[5615.314386526716]","[1.2015096168314952]","[14.097157032580277]","[0.004772577427629567]","[0.3342116511509963]","[-1731447.5599173564]","[9789.04307830831]"
336,336,0.005719537042128011,9851.369358642658,4574.20968645122,0.4843663558789527,0.21752153498056326,0.8283863318404818,0.9699253845646331,log-normal,0.007108201801176594,0.030524843461679885,2.761947459187981,0.3992756650612278,3060.7431933244607,1.4254654062861005,2.8767393968944877,0.009998676718091857,0.10009756781856945,7064.753116937492,9.307889139525402E-7,1.17551961756878,0.40719940335858695,14.097157032580277,14.107306644727654,14.115733550735639,0.7026340227420129,0.6996511206067657,0.7086726537630912,1,183,"[1.421595031913673E-4]","[14.107306644727654]","[-1.6870720203248184]","[0.21752153498056326]","[0.9659572207635458]","[log-normal]","[14.115733550735639]","[1101.4253184254444]","[0.9699253845646331]","[2.761947459187981]","[2174892903150059944]","[7064.753116937492]","[0.6996511206067657]","[0.030524843461679885]","[0.7026340227420129]","[0.10009756781856945]","[0.009998676718091857]","[1.4254654062861005]","[2.8767393968944877]","[0.3992756650612278]","[0.4843663558789527]","[CN]","[3060.7431933244607]","[0.40719940335858695]","[0.7086726537630912]","[9.307889139525402E-7]","[0.007108201801176594]","[4574.20968645122]","[1.17551961756878]","[14.097157032580277]","[0.005719537042128011]","[0.8283863318404818]","[-1654385.2128099168]","[9851.369358642658]"
336,336,0.005459245661498055,9822.473602776432,4673.118080495369,0.47897997339010184,0.35712349940914545,0.20040322493706347,1.1062452825842957,normal,0.008572314899341018,0.021605758953633453,2.7977653163372938,0.3881156225167498,3171.6743147619864,1.4429896345815962,2.9550358877823077,0.009998329286956015,0.10007195432827264,7612.287348427848,9.572206823235178E-8,1.260822796801553,0.41905953218356096,14.097157032580277,14.106048530004129,14.114666071855225,0.7026340227420129,0.6962003253400505,0.7063812549156248,1,3,"[1.4355806160759222E-4]","[14.106048530004129]","[-1.5581442582031528]","[0.35712349940914545]","[0.9681001677856788]","[normal]","[14.114666071855225]","[1101.7833583150036]","[1.1062452825842957]","[2.7977653163372938]","[6055918732682921131]","[7612.287348427848]","[0.6962003253400505]","[0.021605758953633453]","[0.7026340227420129]","[0.10007195432827264]","[0.009998329286956015]","[1.4429896345815962]","[2.9550358877823077]","[0.3881156225167498]","[0.47897997339010184]","[CN]","[3171.6743147619864]","[0.41905953218356096]","[0.7063812549156248]","[9.572206823235178E-8]","[0.008572314899341018]","[4673.118080495369]","[1.260822796801553]","[14.097157032580277]","[0.005459245661498055]","[0.20040322493706347]","[-1645465.4111570248]","[9822.473602776432]"
336,336,0.00382405286074533,9840.3409110379,4970.347843707032,0.4996439658799,0.620121742320782,0.15234163457677366,0.882364911959983,log-normal,0.006928093636626442,0.00668997014545096,2.7615738796919,0.4157514223671161,510.0162025838703,1.416990484851658,2.8208852841165237,0.009998348237539806,0.10019740833001821,7143.080485087692,1.1515004004821992E-6,1.40185591671431,0.356349474101747,14.097157032580277,14.107792635317121,14.113206505924376,0.7026340227420129,0.6998588664471673,0.7071004399493417,1,191,"[1.1123983969656815E-4]","[14.107792635317121]","[-1.5037698485039]","[0.620121742320782]","[0.9717315529293603]","[log-normal]","[14.113206505924376]","[1102.5022264175516]","[0.882364911959983]","[2.7615738796919]","[8040444050620285882]","[7143.080485087692]","[0.6998588664471673]","[0.00668997014545096]","[0.7026340227420129]","[0.10019740833001821]","[0.009998348237539806]","[1.416990484851658]","[2.8208852841165237]","[0.4157514223671161]","[0.4996439658799]","[CN]","[510.0162025838703]","[0.356349474101747]","[0.7071004399493417]","[1.1515004004821992E-6]","[0.006928093636626442]","[4970.347843707032]","[1.40185591671431]","[14.097157032580277]","[0.00382405286074533]","[0.15234163457677366]","[-1290128.9483471073]","[9840.3409110379]"
336,336,0.005591031885011533,9853.916200147833,4767.389228120382,0.49633506689824725,0.19552213872445112,0.877310320847101,0.882364911959983,log-normal,0.007009593491629729,0.030702024744681956,2.7638766302514286,0.3924108485880409,3204.266062527342,1.40902786212214,2.935983773347525,0.009998460036842753,0.10006408960835722,6461.358421991921,2.129264801139608E-6,1.17551961756878,0.37626729605810744,14.097157032580277,14.108716557939006,14.116272309068345,0.7026340227420129,0.7020738144194408,0.7105233880643365,1,40,"[1.4173913667864328E-4]","[14.108716557939006]","[-2.125713200365674]","[0.19552213872445112]","[0.9668584580159991]","[log-normal]","[14.116272309068345]","[1101.385972305917]","[0.882364911959983]","[2.7638766302514286]","[2492882150571803242]","[6461.358421991921]","[0.7020738144194408]","[0.030702024744681956]","[0.7026340227420129]","[0.10006408960835722]","[0.009998460036842753]","[1.40902786212214]","[2.935983773347525]","[0.3924108485880409]","[0.49633506689824725]","[CN]","[3204.266062527342]","[0.37626729605810744]","[0.7105233880643365]","[2.129264801139608E-6]","[0.007009593491629729]","[4767.389228120382]","[1.17551961756878]","[14.097157032580277]","[0.005591031885011533]","[0.877310320847101]","[-1667045.5764462808]","[9853.916200147833]"
336,336,0.0041108444273584965,9803.457766792606,5687.368424547922,0.4945042622726044,0.6102491431490011,0.2826035148931371,0.882364911959983,log-normal,0.00699868345983227,0.026732864327306923,2.790253382072756,0.325242848903376,479.260101476493,1.4340544614316102,3.0,0.009998893620990513,0.10027671883024673,7589.739913515714,1.1243763602355059E-6,1.40185591671431,0.356349474101747,14.097157032580277,14.10849895525137,14.113919861370706,0.7026340227420129,0.7035220946759704,0.7093329493464356,1,55,"[1.1144214742329129E-4]","[14.10849895525137]","[-1.3002045434365976]","[0.6102491431490011]","[0.9659084453001868]","[log-normal]","[14.113919861370706]","[1101.1823426944318]","[0.882364911959983]","[2.790253382072756]","[-4968791157226694762]","[7589.739913515714]","[0.7035220946759704]","[0.026732864327306923]","[0.7026340227420129]","[0.10027671883024673]","[0.009998893620990513]","[1.4340544614316102]","[3.0]","[0.325242848903376]","[0.4945042622726044]","[CN]","[479.260101476493]","[0.356349474101747]","[0.7093329493464356]","[1.1243763602355059E-6]","[0.00699868345983227]","[5687.368424547922]","[1.40185591671431]","[14.097157032580277]","[0.0041108444273584965]","[0.2826035148931371]","[-1747713.0805785125]","[9803.457766792606]"
336,336,0.00596366269391932,9866.918841753706,7078.65350420116,0.4979995472374026,0.5061598829907784,0.4621080590332244,1.0689349038423148,log-normal,0.007642867510851116,0.030795408394165422,2.8057819584562647,0.3832358670015794,1342.7540409270669,1.436526221188992,2.8372322737742843,0.009998726677213476,0.10023680285223806,7755.96852203337,4.524035549751269E-6,1.3608595019502943,0.533378594376973,14.097157032580277,14.106227584895258,14.115575501037146,0.7026340227420129,0.69752115721838,0.707727192046017,2,110,"[1.3513413962383216E-4,1.2605654683637833E-4]","[14.106227584895258,14.106227584895258]","[-1.2467007671347958,-1.6474673490731933]","[0.5061598829907784,0.5061598829907784]","[0.9643069587038074,0.9643069587038074]","[log-normal,log-normal]","[14.115575500790277,14.115575501284015]","[1101.697107812151,1101.6948622430334]","[1.0689349038423148,1.0689349038423148]","[2.8057819584562647,2.8057819584562647]","[2106515285808419788,9054851538973233804]","[7755.96852203337,7755.96852203337]","[0.69752115721838,0.69752115721838]","[0.030795408394165422,0.030795408394165422]","[0.7026340227420129,0.7026340227420129]","[0.10023680285223806,0.10023680285223806]","[0.009998726677213476,0.009998726677213476]","[1.436526221188992,1.436526221188992]","[2.8372322737742843,2.8372322737742843]","[0.3832358670015794,0.3832358670015794]","[0.4979995472374026,0.4979995472374026]","[CN,CN]","[1342.7540409270669,1342.7540409270669]","[0.533378594376973,0.533378594376973]","[0.7077266836187007,0.7077277004733332]","[4.524035549751269E-6,4.524035549751269E-6]","[0.007642867510851116,0.007642867510851116]","[7078.65350420116,7078.65350420116]","[1.3608595019502943,1.3608595019502943]","[14.097157032580277,14.097157032580277]","[0.00596366269391932,0.00596366269391932]","[0.4621080590332244,0.4621080590332244]","[-1666148.5185950405,-1666148.5185950405]","[9866.918841753706,9866.918841753706]"
336,336,0.005683948305161367,9912.288667076189,7504.70308523071,0.49265902193308453,0.20748121758833665,0.727489499863116,1.381380257062069,normal,0.006972067112442803,0.027733839091943192,2.7806993425477526,0.3575029746074341,2633.3085413632307,1.436831936804602,2.8641830790101714,0.009999051995978399,0.1001848151715412,7326.873705277084,1.805640496334762E-6,1.3251809143653925,0.36114820055270597,14.097157032580277,14.10821792433776,14.116024744863672,0.7026340227420129,0.7018692502326411,0.7098895203040115,1,237,"[1.353694735738583E-4]","[14.10821792433776]","[-1.8931862850466212]","[0.20748121758833665]","[0.964139334745819]","[normal]","[14.116024744863672]","[1101.3010800317252]","[1.381380257062069]","[2.7806993425477526]","[-8827433482302552460]","[7326.873705277084]","[0.7018692502326411]","[0.027733839091943192]","[0.7026340227420129]","[0.1001848151715412]","[0.009999051995978399]","[1.436831936804602]","[2.8641830790101714]","[0.3575029746074341]","[0.49265902193308453]","[CN]","[2633.3085413632307]","[0.36114820055270597]","[0.7098895203040115]","[1.805640496334762E-6]","[0.006972067112442803]","[7504.70308523071]","[1.3251809143653925]","[14.097157032580277]","[0.005683948305161367]","[0.727489499863116]","[-1695108.2541322315]","[9912.288667076189]"
336,336,0.006527952268591717,9821.196323631224,7385.327470474462,0.4860681361335091,0.38352642197213005,0.109098587408994,1.141765179243365,log-normal,0.008246427549932819,0.012286775735665318,2.781921045516915,0.43184319103582725,5082.178008665212,1.493303101674,2.9925119944325917,0.009998460033004279,0.10024617243543028,6088.311516482794,4.023104264835231E-6,1.3514503340562065,0.47733654871553766,14.097157032580277,14.094925743988098,14.109113395600005,0.7026340227420129,0.6625854832439826,0.6848086784607398,1,291,"[1.48133410416511E-4]","[14.094925743988098]","[-2.367205456512311]","[0.38352642197213005]","[0.9730511090890401]","[log-normal]","[14.109113395600005]","[1107.7133493621081]","[1.141765179243365]","[2.781921045516915]","[-8046644476512596894]","[6088.311516482794]","[0.6625854832439826]","[0.012286775735665318]","[0.7026340227420129]","[0.10024617243543028]","[0.009998460033004279]","[1.493303101674]","[2.9925119944325917]","[0.43184319103582725]","[0.4860681361335091]","[CN]","[5082.178008665212]","[0.47733654871553766]","[0.6848086784607398]","[4.023104264835231E-6]","[0.008246427549932819]","[7385.327470474462]","[1.3514503340562065]","[14.097157032580277]","[0.006527952268591717]","[0.109098587408994]","[-1430679.2954545452]","[9821.196323631224]"
336,336,0.005003390040755625,9822.80040379176,4574.20968645122,0.49855523646664895,0.620121742320782,0.16039881381396406,0.9458824021842507,log-normal,0.00686694354887202,0.023399808003589744,2.7714642538458993,0.3593407369004564,479.260101476493,1.4114467834644786,2.992273666468856,0.009998954219304936,0.10016824381024733,7657.507025565934,1.5231635925087063E-6,1.3917780860013695,0.356349474101747,14.097157032580277,14.10949949090852,14.115704203671296,0.7026340227420129,0.7040001767628941,0.7108202972644161,1,165,"[1.2756231527562853E-4]","[14.10949949090852]","[-1.0020909798557924]","[0.620121742320782]","[0.9673576683824061]","[log-normal]","[14.115704203671296]","[1101.4566066079176]","[0.9458824021842507]","[2.7714642538458993]","[-4010795035964075450]","[7657.507025565934]","[0.7040001767628941]","[0.023399808003589744]","[0.7026340227420129]","[0.10016824381024733]","[0.009998954219304936]","[1.4114467834644786]","[2.992273666468856]","[0.3593407369004564]","[0.49855523646664895]","[CN]","[479.260101476493]","[0.356349474101747]","[0.7108202972644161]","[1.5231635925087063E-6]","[0.00686694354887202]","[4574.20968645122]","[1.3917780860013695]","[14.097157032580277]","[0.005003390040755625]","[0.16039881381396406]","[-1691926.237603306]","[9822.80040379176]"
336,336,0.005016867195951365,9898.116700897597,5222.44499560111,0.48087747572347045,0.2911870425919738,0.1955578088946775,1.2626200794147275,normal,0.007466961951613601,0.03118459806828971,2.8238896290372457,0.38435705788889074,2220.22400545064,1.4717186351763116,2.752908842235371,0.009998733749382822,0.10015271434948576,6080.392257362324,1.9534803018592192E-6,1.3081783345936877,0.43780332699674657,14.097157032580277,14.099625166701612,14.112290440924431,0.7026340227420129,0.6863430192927192,0.7039657765202502,1,62,"[1.3365419851995322E-4]","[14.099625166701612]","[-1.5082078532371306]","[0.2911870425919738]","[0.9623547303944839]","[normal]","[14.112290440924431]","[1100.4731826920097]","[1.2626200794147275]","[2.8238896290372457]","[6728670182931927197]","[6080.392257362324]","[0.6863430192927192]","[0.03118459806828971]","[0.7026340227420129]","[0.10015271434948576]","[0.009998733749382822]","[1.4717186351763116]","[2.752908842235371]","[0.38435705788889074]","[0.48087747572347045]","[CN]","[2220.22400545064]","[0.43780332699674657]","[0.7039657765202502]","[1.9534803018592192E-6]","[0.007466961951613601]","[5222.44499560111]","[1.3081783345936877]","[14.097157032580277]","[0.005016867195951365]","[0.1955578088946775]","[-1664489.8078512396]","[9898.116700897597]"
336,336,0.007531509539782679,9789.04307830831,6694.781614532351,0.48389018158814323,0.3836211122130373,0.109098587408994,1.1285355055469033,log-normal,0.008366828065583939,0.00834898912900659,2.7461707522461865,0.4349020095312566,2388.4265729611598,1.4905401672189373,2.9525379429203573,0.009998233136105723,0.100401026074943,5632.04500484269,5.282805715422508E-6,1.3055895966386455,0.48849724907057096,14.097157032580277,14.097419716759502,14.11343182647685,0.7026340227420129,0.6658149550974418,0.693005512567807,1,199,"[1.3925589793058142E-4]","[14.097419716759502]","[-1.939063160209307]","[0.3836211122130373]","[0.9740548428204099]","[log-normal]","[14.11343182647685]","[1107.3076330389636]","[1.1285355055469033]","[2.7461707522461865]","[-891471299064882212]","[5632.04500484269]","[0.6658149550974418]","[0.00834898912900659]","[0.7026340227420129]","[0.100401026074943]","[0.009998233136105723]","[1.4905401672189373]","[2.9525379429203573]","[0.4349020095312566]","[0.48389018158814323]","[CN]","[2388.4265729611598]","[0.48849724907057096]","[0.693005512567807]","[5.282805715422508E-6]","[0.008366828065583939]","[6694.781614532351]","[1.3055895966386455]","[14.097157032580277]","[0.007531509539782679]","[0.109098587408994]","[-1303398.634297521]","[9789.04307830831]"
336,336,0.00382405286074533,9801.573490413766,5846.444804293097,0.49789124915936334,0.6200344263953149,0.2306371110752693,0.8907213123928802,log-normal,0.0069150909949844755,0.02342337234030622,2.775590154486463,0.34302110693101706,479.260101476493,1.4159601386668188,2.9198546581805487,0.009998865942477694,0.10026428226235923,7764.770820864893,7.497997139948306E-7,1.3858300483220984,0.3585699712182337,14.097157032580277,14.10840519931147,14.113348350352913,0.7026340227420129,0.703410360692297,0.7083277478741545,1,257,"[1.1118548806235468E-4]","[14.10840519931147]","[-1.208988125703467]","[0.6200344263953149]","[0.9652663271681977]","[log-normal]","[14.113348350352913]","[1101.7262351883453]","[0.8907213123928802]","[2.775590154486463]","[9183140055978319772]","[7764.770820864893]","[0.703410360692297]","[0.02342337234030622]","[0.7026340227420129]","[0.10026428226235923]","[0.009998865942477694]","[1.4159601386668188]","[2.9198546581805487]","[0.34302110693101706]","[0.49789124915936334]","[CN]","[479.260101476493]","[0.3585699712182337]","[0.7083277478741545]","[7.497997139948306E-7]","[0.0069150909949844755]","[5846.444804293097]","[1.3858300483220984]","[14.097157032580277]","[0.00382405286074533]","[0.2306371110752693]","[-1706228.3863636365]","[9801.573490413766]"
336,336,0.0052233570533823485,9907.673961779908,7504.70308523071,0.49054923437759984,0.2000325158423584,0.623371530583444,1.2896861561309594,normal,0.007065694881046665,0.022646134520316552,2.7770511139788767,0.325242848903376,3281.931272737166,1.4487967876705432,2.8204072195587457,0.009999500546958803,0.10019074352121964,7451.795411732195,2.0963176468093374E-6,1.3066592207436871,0.3812213853366271,14.097157032580277,14.107983404599384,14.115259484640715,0.7026340227420129,0.7015908319119128,0.7093703285605698,1,177,"[1.3890721319451225E-4]","[14.107983404599384]","[-1.3900042735884823]","[0.2000325158423584]","[0.9620534317501455]","[normal]","[14.115259484640715]","[1101.8765827115426]","[1.2896861561309594]","[2.7770511139788767]","[-3373260237097656699]","[7451.795411732195]","[0.7015908319119128]","[0.022646134520316552]","[0.7026340227420129]","[0.10019074352121964]","[0.009999500546958803]","[1.4487967876705432]","[2.8204072195587457]","[0.325242848903376]","[0.49054923437759984]","[CN]","[3281.931272737166]","[0.3812213853366271]","[0.7093703285605698]","[2.0963176468093374E-6]","[0.007065694881046665]","[7504.70308523071]","[1.3066592207436871]","[14.097157032580277]","[0.0052233570533823485]","[0.623371530583444]","[-1705847.5599173557]","[9907.673961779908]"
336,336,0.006116091247219749,9821.927516645579,4574.20968645122,0.4899476912904578,0.165274074542477,0.877310320847101,0.882364911959983,log-normal,0.007073549858836934,0.029658863471017972,2.763245111280886,0.447163421511268,4151.596179443653,1.40902786212214,2.893272328308341,0.009998675766014695,0.10007606043583389,6900.441706469997,1.7633911103295512E-6,1.2634137672655608,0.3929351866766725,14.097157032580277,14.10679063993825,14.115979658749279,0.7026340227420129,0.6963970707197183,0.7073298708075086,2,109,"[1.4508998558056038E-4,1.459193803087622E-4]","[14.10679063993825,14.10679063993825]","[-1.5116125779338876,-1.3356956857642144]","[0.165274074542477,0.165274074542477]","[0.9685464266282015,0.9685464266282015]","[log-normal,log-normal]","[14.11597958709596,14.115979730402596]","[1102.3202040775564,1102.3221013938128]","[0.882364911959983,0.882364911959983]","[2.763245111280886,2.763245111280886]","[8740139291500614226,6666841638196024002]","[6900.441706469997,6900.441706469997]","[0.6963970707197183,0.6963970707197183]","[0.029658863471017972,0.029658863471017972]","[0.7026340227420129,0.7026340227420129]","[0.10007606043583389,0.10007606043583389]","[0.009998675766014695,0.009998675766014695]","[1.40902786212214,1.40902786212214]","[2.893272328308341,2.893272328308341]","[0.447163421511268,0.447163421511268]","[0.4899476912904578,0.4899476912904578]","[CN,CN]","[4151.596179443653,4151.596179443653]","[0.3929351866766725,0.3929351866766725]","[0.7073260604539724,0.707333681161045]","[1.7633911103295512E-6,1.7633911103295512E-6]","[0.007073549858836934,0.007073549858836934]","[4574.20968645122,4574.20968645122]","[1.2634137672655608,1.2634137672655608]","[14.097157032580277,14.097157032580277]","[0.006116091247219749,0.006116091247219749]","[0.877310320847101,0.877310320847101]","[-1550038.766528926,-1550038.766528926]","[9821.927516645579,9821.927516645579]"
336,336,0.006207216358212613,9821.897439060172,4574.20968645122,0.4899754883519908,0.165274074542477,0.8708251648042625,0.8863978609756924,normal,0.007084559907188529,0.0295950529760157,2.763157853050357,0.44616639229238314,4069.5929775870263,1.40902786212214,2.893409622676209,0.00999867610757142,0.10008158257567373,6875.259580139762,1.7442703759579476E-6,1.2636317082551178,0.3925342456158366,14.097157032580277,14.107058713906731,14.116316080044664,0.7026340227420129,0.6970926068578265,0.708071301421759,1,275,"[1.4205434782753635E-4]","[14.107058713906731]","[-1.5698023142978272]","[0.165274074542477]","[0.9685583580223158]","[normal]","[14.116316080044664]","[1101.9199706203322]","[0.8863978609756924]","[2.763157853050357]","[6849712947259446551]","[6875.259580139762]","[0.6970926068578265]","[0.0295950529760157]","[0.7026340227420129]","[0.10008158257567373]","[0.00999867610757142]","[1.40902786212214]","[2.893409622676209]","[0.44616639229238314]","[0.4899754883519908]","[CN]","[4069.5929775870263]","[0.3925342456158366]","[0.708071301421759]","[1.7442703759579476E-6]","[0.007084559907188529]","[4574.20968645122]","[1.2636317082551178]","[14.097157032580277]","[0.006207216358212613]","[0.8708251648042625]","[-1559280.1549586777]","[9821.897439060172]"
336,336,0.004173965121983425,9810.424715377092,5383.634343918935,0.4974961649588937,0.5588884922669808,0.23280094939708887,0.9227965384896394,log-normal,0.006871038018054491,0.02350489356515165,2.774179529343837,0.348633800184516,479.260101476493,1.4186029846346695,2.9492562576658283,0.00999891451837398,0.1003110258847784,7765.774150928897,6.837492215844538E-7,1.3537218773944235,0.37433031295376773,14.097157032580277,14.108653683056724,14.114004037099757,0.7026340227420129,0.7034788502387946,0.7089654517287135,2,47,"[1.118100779034225E-4,1.1327891517370254E-4]","[14.108653683056724,14.108653683056724]","[-1.4299863524281216,-1.2743808617293195]","[0.5588884922669808,0.5588884922669808]","[0.9660706029457656,0.9660706029457656]","[log-normal,log-normal]","[14.114004037947716,14.1140040362518]","[1101.6328320244309,1101.6338111361094]","[0.9227965384896394,0.9227965384896394]","[2.774179529343837,2.774179529343837]","[8892817163285370949,-2750434477658175765]","[7765.774150928897,7765.774150928897]","[0.7034788502387946,0.7034788502387946]","[0.02350489356515165,0.02350489356515165]","[0.7026340227420129,0.7026340227420129]","[0.1003110258847784,0.1003110258847784]","[0.00999891451837398,0.00999891451837398]","[1.4186029846346695,1.4186029846346695]","[2.9492562576658283,2.9492562576658283]","[0.348633800184516,0.348633800184516]","[0.4974961649588937,0.4974961649588937]","[CN,CN]","[479.260101476493,479.260101476493]","[0.37433031295376773,0.37433031295376773]","[0.7089649659132659,0.7089659375441612]","[6.837492215844538E-7,6.837492215844538E-7]","[0.006871038018054491,0.006871038018054491]","[5383.634343918935,5383.634343918935]","[1.3537218773944235,1.3537218773944235]","[14.097157032580277,14.097157032580277]","[0.004173965121983425,0.004173965121983425]","[0.23280094939708887,0.23280094939708887]","[-1705534.435950413,-1705534.435950413]","[9810.424715377092,9810.424715377092]"
336,336,0.0049913199932854315,9849.408417282377,5605.788242298215,0.4923908522765428,0.26914800689479224,0.7833347496206222,1.0252227607426347,normal,0.007084705264080472,0.03099024230546423,2.765196695943146,0.38964880646625405,4570.494139479539,1.4184637795546962,2.9841323375216016,0.009998594598000869,0.100000028598264,6679.316022305786,2.2212317840254335E-6,1.1993783826659181,0.3572800502088634,14.097157032580277,14.107770044458228,14.114785049966098,0.7026340227420129,0.7005363479665979,0.708327968556803,2,194,"[1.4745090340821201E-4,1.436129683918172E-4]","[14.107770044458228,14.107770044458228]","[-1.2488217709377587,-1.327334519086397]","[0.26914800689479224,0.26914800689479224]","[0.9676228647802665,0.9676228647802665]","[normal,normal]","[14.114785052892383,14.114785047039812]","[1101.7655767256338,1101.7626749663448]","[1.0252227607426347,1.0252227607426347]","[2.765196695943146,2.765196695943146]","[-244128496319131065,-2142084164468107638]","[6679.316022305786,6679.316022305786]","[0.7005363479665979,0.7005363479665979]","[0.03099024230546423,0.03099024230546423]","[0.7026340227420129,0.7026340227420129]","[0.100000028598264,0.100000028598264]","[0.009998594598000869,0.009998594598000869]","[1.4184637795546962,1.4184637795546962]","[2.9841323375216016,2.9841323375216016]","[0.38964880646625405,0.38964880646625405]","[0.4923908522765428,0.4923908522765428]","[CN,CN]","[4570.494139479539,4570.494139479539]","[0.3572800502088634,0.3572800502088634]","[0.7083276004613868,0.7083283366522193]","[2.2212317840254335E-6,2.2212317840254335E-6]","[0.007084705264080472,0.007084705264080472]","[5605.788242298215,5605.788242298215]","[1.1993783826659181,1.1993783826659181]","[14.097157032580277,14.097157032580277]","[0.0049913199932854315,0.0049913199932854315]","[0.7833347496206222,0.7833347496206222]","[-1678250.3367768596,-1678250.3367768596]","[9849.408417282377,9849.408417282377]"
336,336,0.006385667974391111,9840.881605652452,7504.70308523071,0.4858778831148149,0.4010156983223818,0.109098587408994,1.074359790168048,normal,0.008105528450259938,0.011353094572410384,2.777031359164313,0.4411004207496829,5056.792346880693,1.48073134772514,2.9681057948754406,0.009998361275771146,0.10022508373101727,6004.787363616027,4.560454300778789E-6,1.288363080697723,0.4852888308979477,14.097157032580277,14.0977098639152,14.110328421321524,0.7026340227420129,0.6694465822683247,0.6883611241556717,1,87,"[1.4787641542043402E-4]","[14.0977098639152]","[-1.6090967815854793]","[0.4010156983223818]","[0.9733701235581202]","[normal]","[14.110328421321524]","[1107.4644633605296]","[1.074359790168048]","[2.777031359164313]","[8250170222330518100]","[6004.787363616027]","[0.6694465822683247]","[0.011353094572410384]","[0.7026340227420129]","[0.10022508373101727]","[0.009998361275771146]","[1.48073134772514]","[2.9681057948754406]","[0.4411004207496829]","[0.4858778831148149]","[CN]","[5056.792346880693]","[0.4852888308979477]","[0.6883611241556717]","[4.560454300778789E-6]","[0.008105528450259938]","[7504.70308523071]","[1.288363080697723]","[14.097157032580277]","[0.006385667974391111]","[0.109098587408994]","[-1368122.2045454544]","[9840.881605652452]"
336,336,0.00591248415763421,9830.21914471871,5721.635150206387,0.48695941389203584,0.1894830256994277,0.579515792770372,0.9077858079218607,log-normal,0.00686694354887202,0.03313168323408811,2.7682826114684786,0.39132214126217413,3054.358834266979,1.40902786212214,2.909203212047687,0.009999099018420674,0.10029003795949248,7093.392829097356,4.547556808893288E-6,1.17551961756878,0.3839715343606197,14.097157032580277,14.109009256683139,14.116859301823414,0.7026340227420129,0.7027427250438343,0.7111750524061625,1,178,"[1.4050862053659898E-4]","[14.109009256683139]","[-1.5640244842110325]","[0.1894830256994277]","[0.9660062211408891]","[log-normal]","[14.116859301823414]","[1101.1895646952757]","[0.9077858079218607]","[2.7682826114684786]","[-3656005028963215346]","[7093.392829097356]","[0.7027427250438343]","[0.03313168323408811]","[0.7026340227420129]","[0.10029003795949248]","[0.009999099018420674]","[1.40902786212214]","[2.909203212047687]","[0.39132214126217413]","[0.48695941389203584]","[CN]","[3054.358834266979]","[0.3839715343606197]","[0.7111750524061625]","[4.547556808893288E-6]","[0.00686694354887202]","[5721.635150206387]","[1.17551961756878]","[14.097157032580277]","[0.00591248415763421]","[0.579515792770372]","[-1675051.3946280992]","[9830.21914471871]"
336,336,0.005475838352339199,9879.962013386139,5364.356390780263,0.49033104482943846,0.1814090739384766,0.7046699117648353,0.882364911959983,normal,0.007661749421811526,0.03352945393020948,2.7632120363284685,0.4045288528325071,3401.8214083285056,1.4176852204820805,2.902027426374173,0.00999849726604699,0.10009478686644689,6207.489875722196,2.1395086974492084E-6,1.1789008710719293,0.356349474101747,14.097157032580277,14.106776631736668,14.115193538078668,0.7026340227420129,0.6985591288518165,0.707967744024095,1,205,"[1.3828840731410475E-4]","[14.106776631736668]","[-1.4490154027959992]","[0.1814090739384766]","[0.966412959218911]","[normal]","[14.115193538078668]","[1101.5945698272951]","[0.882364911959983]","[2.7632120363284685]","[2384448791379281663]","[6207.489875722196]","[0.6985591288518165]","[0.03352945393020948]","[0.7026340227420129]","[0.10009478686644689]","[0.00999849726604699]","[1.4176852204820805]","[2.902027426374173]","[0.4045288528325071]","[0.49033104482943846]","[CN]","[3401.8214083285056]","[0.356349474101747]","[0.707967744024095]","[2.1395086974492084E-6]","[0.007661749421811526]","[5364.356390780263]","[1.1789008710719293]","[14.097157032580277]","[0.005475838352339199]","[0.7046699117648353]","[-1656500.9152892563]","[9879.962013386139]"
336,336,0.007513367390857728,9849.139377507323,6034.946606294501,0.484576456758501,0.3628185830766294,0.12979390179056538,1.1043808731108293,log-normal,0.00846261364121425,0.009000953694275837,2.780205470390658,0.4457482345402804,2727.845298999846,1.4638468102418944,2.8545117594676856,0.00999833607763965,0.10021155250173364,5961.637908785812,5.290179320542048E-6,1.17551961756878,0.4808450438615204,14.097157032580277,14.101925177942771,14.11595933965965,0.7026340227420129,0.6785952777718943,0.7006525348115272,1,188,"[1.4811983268703095E-4]","[14.101925177942771]","[-1.150079081500337]","[0.3628185830766294]","[0.9726870741979076]","[log-normal]","[14.11595933965965]","[1105.254769649111]","[1.1043808731108293]","[2.780205470390658]","[8029395603845057721]","[5961.637908785812]","[0.6785952777718943]","[0.009000953694275837]","[0.7026340227420129]","[0.10021155250173364]","[0.00999833607763965]","[1.4638468102418944]","[2.8545117594676856]","[0.4457482345402804]","[0.484576456758501]","[CN]","[2727.845298999846]","[0.4808450438615204]","[0.7006525348115272]","[5.290179320542048E-6]","[0.00846261364121425]","[6034.946606294501]","[1.17551961756878]","[14.097157032580277]","[0.007513367390857728]","[0.12979390179056538]","[-1254923.6590909092]","[9849.139377507323]"
336,336,0.0061520947428888246,9926.035800830807,7283.282520633638,0.49170605186724303,0.2509677921563652,0.3955840280086086,1.3368690390428342,log-normal,0.00722314690755387,0.026854568427277927,2.779850133930346,0.3544327973917878,2758.22128886857,1.4379621672824687,2.8257013815395498,0.009999472132678048,0.10026204990415648,7448.905906084487,1.394366481876442E-6,1.3238856805716062,0.356349474101747,14.097157032580277,14.10845707243574,14.116855946232155,0.7026340227420129,0.7022869869644052,0.7107551568291454,1,18,"[1.434337129771324E-4]","[14.10845707243574]","[-1.6518947851838648]","[0.2509677921563652]","[0.9631850306473516]","[log-normal]","[14.116855946232155]","[1101.0844964156065]","[1.3368690390428342]","[2.779850133930346]","[8024416602932055339]","[7448.905906084487]","[0.7022869869644052]","[0.026854568427277927]","[0.7026340227420129]","[0.10026204990415648]","[0.009999472132678048]","[1.4379621672824687]","[2.8257013815395498]","[0.3544327973917878]","[0.49170605186724303]","[CN]","[2758.22128886857]","[0.356349474101747]","[0.7107551568291454]","[1.394366481876442E-6]","[0.00722314690755387]","[7283.282520633638]","[1.3238856805716062]","[14.097157032580277]","[0.0061520947428888246]","[0.3955840280086086]","[-1691503.097107438]","[9926.035800830807]"
336,336,0.00751933912145352,9827.610871131454,6319.8319436958045,0.4870818732083899,0.3798241617803456,0.13381005063652515,1.1169029536026753,log-normal,0.008414780764611697,0.008040417345113383,2.780817164898832,0.4452810731744203,2770.3242857516516,1.473072391101173,2.9249347802212613,0.009998330093631836,0.10026216027115356,6231.781636000605,4.944395354903292E-6,1.17551961756878,0.49425128308202304,14.097157032580277,14.100479544772382,14.115513174767704,0.7026340227420129,0.6737388026107376,0.6990868473789739,2,107,"[1.4857367225058556E-4,1.4651915671061742E-4]","[14.100479544772382,14.100479544772382]","[-1.1191813980503176,-1.2139287919314117]","[0.3798241617803456,0.3798241617803456]","[0.9745569832677181,0.9745569832677181]","[log-normal,log-normal]","[14.115513174579963,14.115513174955446]","[1106.1253819458193,1106.1253643085065]","[1.1169029536026753,1.1169029536026753]","[2.780817164898832,2.780817164898832]","[-7078801182477970726,-6171799053629514482]","[6231.781636000605,6231.781636000605]","[0.6737388026107376,0.6737388026107376]","[0.008040417345113383,0.008040417345113383]","[0.7026340227420129,0.7026340227420129]","[0.10026216027115356,0.10026216027115356]","[0.009998330093631836,0.009998330093631836]","[1.473072391101173,1.473072391101173]","[2.9249347802212613,2.9249347802212613]","[0.4452810731744203,0.4452810731744203]","[0.4870818732083899,0.4870818732083899]","[CN,CN]","[2770.3242857516516,2770.3242857516516]","[0.49425128308202304,0.49425128308202304]","[0.6990869144430295,0.6990867803149182]","[4.944395354903292E-6,4.944395354903292E-6]","[0.008414780764611697,0.008414780764611697]","[6319.8319436958045,6319.8319436958045]","[1.17551961756878,1.17551961756878]","[14.097157032580277,14.097157032580277]","[0.00751933912145352,0.00751933912145352]","[0.13381005063652515,0.13381005063652515]","[-1228384.2871900827,-1228384.2871900827]","[9827.610871131454,9827.610871131454]"
336,336,0.0050310354109304465,9789.04307830831,5417.32236226936,0.463857311880957,0.165274074542477,0.11955221068494136,0.9308100500163041,normal,0.007910814373663406,0.032904188712926795,2.8280140366830744,0.38485781704938066,2532.673826319903,1.46187805380815,2.711957451808015,0.00999868496289189,0.10015072131374832,8472.26953595111,5.390411368600066E-6,1.2430969563972711,0.533378594376973,14.097157032580277,14.099533699111841,14.111579238524845,0.7026340227420129,0.6869210837487755,0.701249873305765,1,197,"[1.401135263680432E-4]","[14.099533699111841]","[-1.4341382691100921]","[0.165274074542477]","[0.9611136016542736]","[normal]","[14.111579238524845]","[1101.2078410238535]","[0.9308100500163041]","[2.8280140366830744]","[-3091607340038253542]","[8472.26953595111]","[0.6869210837487755]","[0.032904188712926795]","[0.7026340227420129]","[0.10015072131374832]","[0.00999868496289189]","[1.46187805380815]","[2.711957451808015]","[0.38485781704938066]","[0.463857311880957]","[CN]","[2532.673826319903]","[0.533378594376973]","[0.701249873305765]","[5.390411368600066E-6]","[0.007910814373663406]","[5417.32236226936]","[1.2430969563972711]","[14.097157032580277]","[0.0050310354109304465]","[0.11955221068494136]","[-1653572.7830578515]","[9789.04307830831]"
336,336,0.006190803416550634,9869.032787294163,6719.369153833087,0.4982618830231185,0.5505723215990281,0.4791882835944862,1.070858250353629,log-normal,0.007419989352900663,0.03129948202001133,2.805104504847919,0.3764034666541451,1257.611921260335,1.438028697287868,2.851666560826273,0.009998685108968432,0.1001978675473238,7665.209491046062,4.543387674770021E-6,1.3003461756747468,0.49625791494776,14.097157032580277,14.10702222883704,14.116131557192363,0.7026340227420129,0.6991634412945934,0.7085111572379258,1,223,"[1.2621496271566867E-4]","[14.10702222883704]","[-2.2281821183417994]","[0.5505723215990281]","[0.9643043513356786]","[log-normal]","[14.116131557192363]","[1101.4242949581833]","[1.070858250353629]","[2.805104504847919]","[-8119396528277223366]","[7665.209491046062]","[0.6991634412945934]","[0.03129948202001133]","[0.7026340227420129]","[0.1001978675473238]","[0.009998685108968432]","[1.438028697287868]","[2.851666560826273]","[0.3764034666541451]","[0.4982618830231185]","[CN]","[1257.611921260335]","[0.49625791494776]","[0.7085111572379258]","[4.543387674770021E-6]","[0.007419989352900663]","[6719.369153833087]","[1.3003461756747468]","[14.097157032580277]","[0.006190803416550634]","[0.4791882835944862]","[-1679181.245867769]","[9869.032787294163]"
336,336,0.004983098924051586,9822.701241773235,4695.690541395336,0.47541458376424073,0.3541074788611741,0.19491202791442636,1.1058058774871589,normal,0.00840521590439191,0.01972901415687869,2.7978841468080815,0.38817099686519535,3185.643622905709,1.4340622488593646,2.9381138477416857,0.00999833568811261,0.1000755775522936,7599.999563108189,9.847150532846941E-8,1.2617292220025147,0.41934371710597385,14.097157032580277,14.106764360201977,14.114384633608292,0.7026340227420129,0.6982911747720962,0.707162214096694,1,38,"[1.4342953638014325E-4]","[14.106764360201977]","[-1.2756360622764658]","[0.3541074788611741]","[0.9680795601518679]","[normal]","[14.114384633608292]","[1101.9750639292124]","[1.1058058774871589]","[2.7978841468080815]","[-5845805730074026470]","[7599.999563108189]","[0.6982911747720962]","[0.01972901415687869]","[0.7026340227420129]","[0.1000755775522936]","[0.00999833568811261]","[1.4340622488593646]","[2.9381138477416857]","[0.38817099686519535]","[0.47541458376424073]","[CN]","[3185.643622905709]","[0.41934371710597385]","[0.707162214096694]","[9.847150532846941E-8]","[0.00840521590439191]","[4695.690541395336]","[1.2617292220025147]","[14.097157032580277]","[0.004983098924051586]","[0.19491202791442636]","[-1632838.89876033]","[9822.701241773235]"
336,336,0.004956175240907539,9789.04307830831,5214.160774926135,0.47860379590348956,0.165274074542477,0.109098587408994,0.882364911959983,normal,0.00760793322405999,0.03139317200634649,2.83151106308429,0.3709765441631392,1785.4358456272912,1.4922344859460883,2.780612282933342,0.009998768590453852,0.10015090171029473,7945.06893278483,5.45414450945867E-6,1.215255635842414,0.525688382303262,14.097157032580277,14.099118496785822,14.109720662183774,0.7026340227420129,0.6899501801081429,0.6969820175795325,1,295,"[1.3141022172941333E-4]","[14.099118496785822]","[-1.454406560268471]","[0.165274074542477]","[0.9625298741122391]","[normal]","[14.109720662183774]","[1100.6176763019564]","[0.882364911959983]","[2.83151106308429]","[-3184960375402461070]","[7945.06893278483]","[0.6899501801081429]","[0.03139317200634649]","[0.7026340227420129]","[0.10015090171029473]","[0.009998768590453852]","[1.4922344859460883]","[2.780612282933342]","[0.3709765441631392]","[0.47860379590348956]","[CN]","[1785.4358456272912]","[0.525688382303262]","[0.6969820175795325]","[5.45414450945867E-6]","[0.00760793322405999]","[5214.160774926135]","[1.215255635842414]","[14.097157032580277]","[0.004956175240907539]","[0.109098587408994]","[-1692146.270661157]","[9789.04307830831]"
336,336,0.005469604799835348,9832.844346594757,4574.20968645122,0.4867441058190758,0.24867875100274484,0.6025613085094935,0.9003190043337468,normal,0.00686694354887202,0.03108420413048067,2.7688174829132794,0.39577887969397435,2995.5726365067494,1.40902786212214,2.895205772704322,0.009999236576098844,0.10030993009021363,6899.919197724108,4.529796391826771E-6,1.1767857812510294,0.38621746381922484,14.097157032580277,14.108528697741747,14.11601540526766,0.7026340227420129,0.70215455867981,0.7102383142497867,1,138,"[1.381705571909967E-4]","[14.108528697741747]","[-1.4611016630417197]","[0.24867875100274484]","[0.966119467268081]","[normal]","[14.11601540526766]","[1101.3038204145587]","[0.9003190043337468]","[2.7688174829132794]","[-809451716045962322]","[6899.919197724108]","[0.70215455867981]","[0.03108420413048067]","[0.7026340227420129]","[0.10030993009021363]","[0.009999236576098844]","[1.40902786212214]","[2.895205772704322]","[0.39577887969397435]","[0.4867441058190758]","[CN]","[2995.5726365067494]","[0.38621746381922484]","[0.7102383142497867]","[4.529796391826771E-6]","[0.00686694354887202]","[4574.20968645122]","[1.1767857812510294]","[14.097157032580277]","[0.005469604799835348]","[0.6025613085094935]","[-1663068.0557851244]","[9832.844346594757]"
336,336,0.00392179509476923,9833.343678984531,4803.185978779432,0.48175585578735103,0.4026950890851473,0.8362093944924306,1.2273988132848088,log-normal,0.006992320560930698,0.01734823020084815,2.7657668454820445,0.3974078673913777,644.2692336576222,1.4539324323952307,2.8602571077820937,0.009999693020442308,0.10037646217818738,6908.8966125836205,1.519581067879758E-6,1.2577208102818098,0.5200613841992774,14.097157032580277,14.104059461906523,14.111107180002154,0.7026340227420129,0.6928553394617084,0.7010729759256199,3,5,"[1.1904380209481712E-4,1.1192921623963753E-4,1.12233052944286E-4]","[14.104059461906523,14.104059461906523,14.104059461906523]","[-1.7457720896627273,-2.8030976191799026,-3.310565945279902]","[0.4026950890851473,0.4026950890851473,0.4026950890851473]","[0.9673472996456591,0.9673472996456591,0.9673472996456591]","[log-normal,log-normal,log-normal]","[14.111107180002154,14.111107174252213,14.111107247684599]","[1103.2693019232643,1103.2690585655155,1103.2674833521137]","[1.2273988132848088,1.2273988132848088,1.2273988132848088]","[2.7657668454820445,2.7657668454820445,2.7657668454820445]","[-3060476907006689173,8825395310457690113,-7143871329264070866]","[6908.8966125836205,6908.8966125836205,6908.8966125836205]","[0.6928553394617084,0.6928553394617084,0.6928553394617084]","[0.01734823020084815,0.01734823020084815,0.01734823020084815]","[0.7026340227420129,0.7026340227420129,0.7026340227420129]","[0.10037646217818738,0.10037646217818738,0.10037646217818738]","[0.009999693020442308,0.009999693020442308,0.009999693020442308]","[1.4539324323952307,1.4539324323952307,1.4539324323952307]","[2.8602571077820937,2.8602571077820937,2.8602571077820937]","[0.3974078673913777,0.3974078673913777,0.3974078673913777]","[0.48175585578735103,0.48175585578735103,0.48175585578735103]","[CN,CN,CN]","[644.2692336576222,644.2692336576222,644.2692336576222]","[0.5200613841992774,0.5200613841992774,0.5200613841992774]","[0.7010729759256199,0.701072903195546,0.7010751738003407]","[1.519581067879758E-6,1.519581067879758E-6,1.519581067879758E-6]","[0.006992320560930698,0.006992320560930698,0.006992320560930698]","[4803.185978779432,4803.185978779432,4803.185978779432]","[1.2577208102818098,1.2577208102818098,1.2577208102818098]","[14.097157032580277,14.097157032580277,14.097157032580277]","[0.00392179509476923,0.00392179509476923,0.00392179509476923]","[0.8362093944924306,0.8362093944924306,0.8362093944924306]","[-1574073.1466942148,-1574073.1466942148,-1574073.1466942148]","[9833.343678984531,9833.343678984531,9833.343678984531]"
336,336,0.00409537878799406,9805.93827498694,5849.586933993287,0.4977141183050073,0.620121742320782,0.2397790865359039,0.882364911959983,log-normal,0.006951674264462803,0.023841069147558618,2.776431895102797,0.3460505673037593,505.98179662442146,1.4162442177947459,2.947815925839546,0.009998876536281549,0.10026653251398598,7715.610918796199,8.685676116060578E-7,1.3836423945500236,0.35883186617077806,14.097157032580277,14.108680823676707,14.113866559670917,0.7026340227420129,0.7036445062826451,0.7088555594092638,1,22,"[1.0743272031105882E-4]","[14.108680823676707]","[-1.6891159285165656]","[0.620121742320782]","[0.9659044827923349]","[log-normal]","[14.113866559670917]","[1101.638254725232]","[0.882364911959983]","[2.776431895102797]","[6731340954570623073]","[7715.610918796199]","[0.7036445062826451]","[0.023841069147558618]","[0.7026340227420129]","[0.10026653251398598]","[0.009998876536281549]","[1.4162442177947459]","[2.947815925839546]","[0.3460505673037593]","[0.4977141183050073]","[CN]","[505.98179662442146]","[0.35883186617077806]","[0.7088555594092638]","[8.685676116060578E-7]","[0.006951674264462803]","[5849.586933993287]","[1.3836423945500236]","[14.097157032580277]","[0.00409537878799406]","[0.2397790865359039]","[-1708885.7086776863]","[9805.93827498694]"
