evolution$generation,evolution$evaluated,innovationWeight,innovationGravityDecay,innovationInnovationDecay,innovationMutationRate,innovationNewInnovationHierarchy,innovationEarlyAdoptersRate,innovationUtilityStd,innovationUtilityDistrib,ecoWeight,ecoMultiplier,ecoSizeEffectOnDemand,ecoSizeEffectOnSupply,ecoGravityDecay,ecoWealthToPopulationExponent,ecoPopulationToWealthExponent,coevolWeight,coevolGamma,coevolGravityDecay,coevolNetworkGmax,coevolNetworkExponent,coevolNetworkThresholdQuantile,objective$logmse,objective$mselog,evolution$samples,evolution$generated,innovationNewInnovationHierarchy,coevolNetworkThresholdQuantile,innovationUtilityDistrib,logmse,innovationUtilityStd,replication,coevolGravityDecay,ecoMultiplier,coevolGamma,coevolNetworkExponent,coevolWeight,ecoWealthToPopulationExponent,innovationGravityDecay,ecoPopulationToWealthExponent,ecoSizeEffectOnSupply,innovationMutationRate,urbanSystem,ecoGravityDecay,mselog,ecoSizeEffectOnDemand,coevolNetworkGmax,ecoWeight,innovationInnovationDecay,innovationWeight,innovationEarlyAdoptersRate
100000,100000,4.8458110804535336E-5,9339.067445244178,1495.3877123904388,0.5,0.3615463122597202,0.06584423417927612,1.014341914578938,log-normal,0.0014367733101699326,0.047075405542578316,0.619030862267853,2.930061866883248,5656.295086129377,1.2769136659202627,2.990921311387333,0.009520695318989681,0.1000062329479262,9999.983064320704,2.4287734491258294E-5,1.1011891895998152,0.8292947195167851,31.768362583717266,0.06112338808568187,10,96818,"[0.3615463122597202,0.3615463122597202,0.3615463122597202,0.3615463122597202,0.3615463122597202,0.3615463122597202,0.3615463122597202,0.3615463122597202,0.3615463122597202,0.3615463122597202]","[0.8292947195167851,0.8292947195167851,0.8292947195167851,0.8292947195167851,0.8292947195167851,0.8292947195167851,0.8292947195167851,0.8292947195167851,0.8292947195167851,0.8292947195167851]","[log-normal,log-normal,log-normal,log-normal,log-normal,log-normal,log-normal,log-normal,log-normal,log-normal]","[31.76836907048857,31.768404677318372,31.768354024090176,31.7683615066773,31.768357328226493,31.768340265963456,31.76836366075723,31.76829693117851,31.76837969518427,31.768372093922896]","[1.014341914578938,1.014341914578938,1.014341914578938,1.014341914578938,1.014341914578938,1.014341914578938,1.014341914578938,1.014341914578938,1.014341914578938,1.014341914578938]","[6022795296551759256,1184325117807195707,-5577865661646675183,-1150002507583066792,-36771233315004341,4965890181626094231,-4587801205686175883,5395074433326440512,6852885922821733492,7006640328177874871]","[9999.983064320704,9999.983064320704,9999.983064320704,9999.983064320704,9999.983064320704,9999.983064320704,9999.983064320704,9999.983064320704,9999.983064320704,9999.983064320704]","[0.047075405542578316,0.047075405542578316,0.047075405542578316,0.047075405542578316,0.047075405542578316,0.047075405542578316,0.047075405542578316,0.047075405542578316,0.047075405542578316,0.047075405542578316]","[0.1000062329479262,0.1000062329479262,0.1000062329479262,0.1000062329479262,0.1000062329479262,0.1000062329479262,0.1000062329479262,0.1000062329479262,0.1000062329479262,0.1000062329479262]","[1.1011891895998152,1.1011891895998152,1.1011891895998152,1.1011891895998152,1.1011891895998152,1.1011891895998152,1.1011891895998152,1.1011891895998152,1.1011891895998152,1.1011891895998152]","[0.009520695318989681,0.009520695318989681,0.009520695318989681,0.009520695318989681,0.009520695318989681,0.009520695318989681,0.009520695318989681,0.009520695318989681,0.009520695318989681,0.009520695318989681]","[1.2769136659202627,1.2769136659202627,1.2769136659202627,1.2769136659202627,1.2769136659202627,1.2769136659202627,1.2769136659202627,1.2769136659202627,1.2769136659202627,1.2769136659202627]","[9339.067445244178,9339.067445244178,9339.067445244178,9339.067445244178,9339.067445244178,9339.067445244178,9339.067445244178,9339.067445244178,9339.067445244178,9339.067445244178]","[2.990921311387333,2.990921311387333,2.990921311387333,2.990921311387333,2.990921311387333,2.990921311387333,2.990921311387333,2.990921311387333,2.990921311387333,2.990921311387333]","[2.930061866883248,2.930061866883248,2.930061866883248,2.930061866883248,2.930061866883248,2.930061866883248,2.930061866883248,2.930061866883248,2.930061866883248,2.930061866883248]","[0.5,0.5,0.5,0.5,0.5,0.5,0.5,0.5,0.5,0.5]","[EU,EU,EU,EU,EU,EU,EU,EU,EU,EU]","[5656.295086129377,5656.295086129377,5656.295086129377,5656.295086129377,5656.295086129377,5656.295086129377,5656.295086129377,5656.295086129377,5656.295086129377,5656.295086129377]","[0.06112345703481855,0.06112414578382411,0.061123239086206885,0.06112330010316986,0.06112325461579325,0.06112351605385929,0.06112341587272606,0.061123360298637686,0.06112334988906675,0.061123431588903036]","[0.619030862267853,0.619030862267853,0.619030862267853,0.619030862267853,0.619030862267853,0.619030862267853,0.619030862267853,0.619030862267853,0.619030862267853,0.619030862267853]","[2.4287734491258294E-5,2.4287734491258294E-5,2.4287734491258294E-5,2.4287734491258294E-5,2.4287734491258294E-5,2.4287734491258294E-5,2.4287734491258294E-5,2.4287734491258294E-5,2.4287734491258294E-5,2.4287734491258294E-5]","[0.0014367733101699326,0.0014367733101699326,0.0014367733101699326,0.0014367733101699326,0.0014367733101699326,0.0014367733101699326,0.0014367733101699326,0.0014367733101699326,0.0014367733101699326,0.0014367733101699326]","[1495.3877123904388,1495.3877123904388,1495.3877123904388,1495.3877123904388,1495.3877123904388,1495.3877123904388,1495.3877123904388,1495.3877123904388,1495.3877123904388,1495.3877123904388]","[4.8458110804535336E-5,4.8458110804535336E-5,4.8458110804535336E-5,4.8458110804535336E-5,4.8458110804535336E-5,4.8458110804535336E-5,4.8458110804535336E-5,4.8458110804535336E-5,4.8458110804535336E-5,4.8458110804535336E-5]","[0.06584423417927612,0.06584423417927612,0.06584423417927612,0.06584423417927612,0.06584423417927612,0.06584423417927612,0.06584423417927612,0.06584423417927612,0.06584423417927612,0.06584423417927612]"
100000,100000,3.6745377032108346E-4,9999.999999999998,1450.3370376528087,0.01789285062665271,1.4338635867455563,0.11649683453097597,0.8009424885788949,normal,2.4017052108239398E-4,0.03611445149463612,2.601184079538293,2.9901057703874137,8458.61583763164,1.344107387437396,2.4960126321793985,0.009999999999999998,0.10000000013681974,10000.0,2.5739462406942782E-5,2.9582351056136122,0.6457353784978805,32.19186499463871,0.06020331096591582,4,97257,"[1.4338635867455563,1.4338635867455563,1.4338635867455563,1.4338635867455563]","[0.6457353784978805,0.6457353784978805,0.6457353784978805,0.6457353784978805]","[normal,normal,normal,normal]","[32.19186499463871,32.19186499463871,32.19186499463871,32.19186499463871]","[0.8009424885788949,0.8009424885788949,0.8009424885788949,0.8009424885788949]","[-5994795355525913272,8760696529205198640,265111028664100502,-297804502108444155]","[10000.0,10000.0,10000.0,10000.0]","[0.03611445149463612,0.03611445149463612,0.03611445149463612,0.03611445149463612]","[0.10000000013681974,0.10000000013681974,0.10000000013681974,0.10000000013681974]","[2.9582351056136122,2.9582351056136122,2.9582351056136122,2.9582351056136122]","[0.009999999999999998,0.009999999999999998,0.009999999999999998,0.009999999999999998]","[1.344107387437396,1.344107387437396,1.344107387437396,1.344107387437396]","[9999.999999999998,9999.999999999998,9999.999999999998,9999.999999999998]","[2.4960126321793985,2.4960126321793985,2.4960126321793985,2.4960126321793985]","[2.9901057703874137,2.9901057703874137,2.9901057703874137,2.9901057703874137]","[0.01789285062665271,0.01789285062665271,0.01789285062665271,0.01789285062665271]","[EU,EU,EU,EU]","[8458.61583763164,8458.61583763164,8458.61583763164,8458.61583763164]","[0.06020331096591582,0.06020331096591582,0.06020331096591582,0.06020331096591582]","[2.601184079538293,2.601184079538293,2.601184079538293,2.601184079538293]","[2.5739462406942782E-5,2.5739462406942782E-5,2.5739462406942782E-5,2.5739462406942782E-5]","[2.4017052108239398E-4,2.4017052108239398E-4,2.4017052108239398E-4,2.4017052108239398E-4]","[1450.3370376528087,1450.3370376528087,1450.3370376528087,1450.3370376528087]","[3.6745377032108346E-4,3.6745377032108346E-4,3.6745377032108346E-4,3.6745377032108346E-4]","[0.11649683453097597,0.11649683453097597,0.11649683453097597,0.11649683453097597]"
100000,100000,3.6762196590296156E-4,9999.999999999998,1454.438569497655,0.013949637983732336,1.4298118653176817,0.1168011418616193,0.8009401096277351,normal,2.399164877386884E-4,0.036117212103320924,2.602323899865598,2.9960309642051377,8429.852985847854,1.3441164560068237,2.4972636741698206,0.009999999999999998,0.10000000015475075,10000.0,2.5751472676237792E-5,2.9589213559880188,0.6453732935387934,32.192059300926424,0.06020331153160598,9,95188,"[1.4298118653176817,1.4298118653176817,1.4298118653176817,1.4298118653176817,1.4298118653176817,1.4298118653176817,1.4298118653176817,1.4298118653176817,1.4298118653176817]","[0.6453732935387934,0.6453732935387934,0.6453732935387934,0.6453732935387934,0.6453732935387934,0.6453732935387934,0.6453732935387934,0.6453732935387934,0.6453732935387934]","[normal,normal,normal,normal,normal,normal,normal,normal,normal]","[32.192059300926424,32.192059300926424,32.192059300926424,32.192059300926424,32.19205958620672,32.192059300926424,32.192059300926424,32.192059300926424,32.192059300926424]","[0.8009401096277351,0.8009401096277351,0.8009401096277351,0.8009401096277351,0.8009401096277351,0.8009401096277351,0.8009401096277351,0.8009401096277351,0.8009401096277351]","[6979886016490435497,1719054581829199825,-3508412066122698380,4619945414458177724,7759801538253352710,210362429638143902,-6985779999266146208,5842090629418280072,2762497324401288704]","[10000.0,10000.0,10000.0,10000.0,10000.0,10000.0,10000.0,10000.0,10000.0]","[0.036117212103320924,0.036117212103320924,0.036117212103320924,0.036117212103320924,0.036117212103320924,0.036117212103320924,0.036117212103320924,0.036117212103320924,0.036117212103320924]","[0.10000000015475075,0.10000000015475075,0.10000000015475075,0.10000000015475075,0.10000000015475075,0.10000000015475075,0.10000000015475075,0.10000000015475075,0.10000000015475075]","[2.9589213559880188,2.9589213559880188,2.9589213559880188,2.9589213559880188,2.9589213559880188,2.9589213559880188,2.9589213559880188,2.9589213559880188,2.9589213559880188]","[0.009999999999999998,0.009999999999999998,0.009999999999999998,0.009999999999999998,0.009999999999999998,0.009999999999999998,0.009999999999999998,0.009999999999999998,0.009999999999999998]","[1.3441164560068237,1.3441164560068237,1.3441164560068237,1.3441164560068237,1.3441164560068237,1.3441164560068237,1.3441164560068237,1.3441164560068237,1.3441164560068237]","[9999.999999999998,9999.999999999998,9999.999999999998,9999.999999999998,9999.999999999998,9999.999999999998,9999.999999999998,9999.999999999998,9999.999999999998]","[2.4972636741698206,2.4972636741698206,2.4972636741698206,2.4972636741698206,2.4972636741698206,2.4972636741698206,2.4972636741698206,2.4972636741698206,2.4972636741698206]","[2.9960309642051377,2.9960309642051377,2.9960309642051377,2.9960309642051377,2.9960309642051377,2.9960309642051377,2.9960309642051377,2.9960309642051377,2.9960309642051377]","[0.013949637983732336,0.013949637983732336,0.013949637983732336,0.013949637983732336,0.013949637983732336,0.013949637983732336,0.013949637983732336,0.013949637983732336,0.013949637983732336]","[EU,EU,EU,EU,EU,EU,EU,EU,EU]","[8429.852985847854,8429.852985847854,8429.852985847854,8429.852985847854,8429.852985847854,8429.852985847854,8429.852985847854,8429.852985847854,8429.852985847854]","[0.06020331153160598,0.06020331153160598,0.06020331153160598,0.06020331153160598,0.06020333177565454,0.06020331153160598,0.06020331153160598,0.06020331153160598,0.06020331153160598]","[2.602323899865598,2.602323899865598,2.602323899865598,2.602323899865598,2.602323899865598,2.602323899865598,2.602323899865598,2.602323899865598,2.602323899865598]","[2.5751472676237792E-5,2.5751472676237792E-5,2.5751472676237792E-5,2.5751472676237792E-5,2.5751472676237792E-5,2.5751472676237792E-5,2.5751472676237792E-5,2.5751472676237792E-5,2.5751472676237792E-5]","[2.399164877386884E-4,2.399164877386884E-4,2.399164877386884E-4,2.399164877386884E-4,2.399164877386884E-4,2.399164877386884E-4,2.399164877386884E-4,2.399164877386884E-4,2.399164877386884E-4]","[1454.438569497655,1454.438569497655,1454.438569497655,1454.438569497655,1454.438569497655,1454.438569497655,1454.438569497655,1454.438569497655,1454.438569497655]","[3.6762196590296156E-4,3.6762196590296156E-4,3.6762196590296156E-4,3.6762196590296156E-4,3.6762196590296156E-4,3.6762196590296156E-4,3.6762196590296156E-4,3.6762196590296156E-4,3.6762196590296156E-4]","[0.1168011418616193,0.1168011418616193,0.1168011418616193,0.1168011418616193,0.1168011418616193,0.1168011418616193,0.1168011418616193,0.1168011418616193,0.1168011418616193]"
100000,100000,1.6049329502554967E-4,10000.0,5003.741712533601,0.5,1.231089214713272,0.06125408705650601,0.8908204908317335,normal,3.3663308724296765E-4,0.04486781109399957,2.7689513883745014,2.519904667228151,7511.970721039618,1.2912767965239411,2.9999938563818636,0.01,0.10000224374346273,9996.024120485768,2.959238617850988E-5,2.164363495382999,0.3473860907939075,31.992395629250932,0.060319664669355115,1,99990,"[1.231089214713272]","[0.3473860907939075]","[normal]","[31.992395629250932]","[0.8908204908317335]","[2021248381028333028]","[9996.024120485768]","[0.04486781109399957]","[0.10000224374346273]","[2.164363495382999]","[0.01]","[1.2912767965239411]","[10000.0]","[2.9999938563818636]","[2.519904667228151]","[0.5]","[EU]","[7511.970721039618]","[0.060319664669355115]","[2.7689513883745014]","[2.959238617850988E-5]","[3.3663308724296765E-4]","[5003.741712533601]","[1.6049329502554967E-4]","[0.06125408705650601]"
100000,100000,0.0,9280.406442225883,3564.1747264206324,0.5,2.047118636706753,0.07081620194468982,0.9775436958822227,log-normal,2.969259939765592E-4,0.04190803496150757,2.9147836290322573,2.598820049817033,7485.084805847708,1.2894750710432543,2.9907515423665263,0.009761413399589485,0.1000042512878665,9998.879123850891,2.5714430729318117E-5,2.2844637725368986,0.668944837891263,31.89937830948196,0.060968788784518904,8,92091,"[2.047118636706753,2.047118636706753,2.047118636706753,2.047118636706753,2.047118636706753,2.047118636706753,2.047118636706753,2.047118636706753]","[0.668944837891263,0.668944837891263,0.668944837891263,0.668944837891263,0.668944837891263,0.668944837891263,0.668944837891263,0.668944837891263]","[log-normal,log-normal,log-normal,log-normal,log-normal,log-normal,log-normal,log-normal]","[31.89937830948196,31.89937830948196,31.89937830948196,31.89937830948196,31.89937830948196,31.89937830948196,31.89937830948196,31.89937830948196]","[0.9775436958822227,0.9775436958822227,0.9775436958822227,0.9775436958822227,0.9775436958822227,0.9775436958822227,0.9775436958822227,0.9775436958822227]","[9177464339374466001,6188712025995469079,-3279942898371920129,-7231881642241426826,-4901148219034639230,-2398278432911268926,3751280562331544153,2880652860973906534]","[9998.879123850891,9998.879123850891,9998.879123850891,9998.879123850891,9998.879123850891,9998.879123850891,9998.879123850891,9998.879123850891]","[0.04190803496150757,0.04190803496150757,0.04190803496150757,0.04190803496150757,0.04190803496150757,0.04190803496150757,0.04190803496150757,0.04190803496150757]","[0.1000042512878665,0.1000042512878665,0.1000042512878665,0.1000042512878665,0.1000042512878665,0.1000042512878665,0.1000042512878665,0.1000042512878665]","[2.2844637725368986,2.2844637725368986,2.2844637725368986,2.2844637725368986,2.2844637725368986,2.2844637725368986,2.2844637725368986,2.2844637725368986]","[0.009761413399589485,0.009761413399589485,0.009761413399589485,0.009761413399589485,0.009761413399589485,0.009761413399589485,0.009761413399589485,0.009761413399589485]","[1.2894750710432543,1.2894750710432543,1.2894750710432543,1.2894750710432543,1.2894750710432543,1.2894750710432543,1.2894750710432543,1.2894750710432543]","[9280.406442225883,9280.406442225883,9280.406442225883,9280.406442225883,9280.406442225883,9280.406442225883,9280.406442225883,9280.406442225883]","[2.9907515423665263,2.9907515423665263,2.9907515423665263,2.9907515423665263,2.9907515423665263,2.9907515423665263,2.9907515423665263,2.9907515423665263]","[2.598820049817033,2.598820049817033,2.598820049817033,2.598820049817033,2.598820049817033,2.598820049817033,2.598820049817033,2.598820049817033]","[0.5,0.5,0.5,0.5,0.5,0.5,0.5,0.5]","[EU,EU,EU,EU,EU,EU,EU,EU]","[7485.084805847708,7485.084805847708,7485.084805847708,7485.084805847708,7485.084805847708,7485.084805847708,7485.084805847708,7485.084805847708]","[0.060968788784518904,0.060968788784518904,0.060968788784518904,0.060968788784518904,0.060968788784518904,0.060968788784518904,0.060968788784518904,0.060968788784518904]","[2.9147836290322573,2.9147836290322573,2.9147836290322573,2.9147836290322573,2.9147836290322573,2.9147836290322573,2.9147836290322573,2.9147836290322573]","[2.5714430729318117E-5,2.5714430729318117E-5,2.5714430729318117E-5,2.5714430729318117E-5,2.5714430729318117E-5,2.5714430729318117E-5,2.5714430729318117E-5,2.5714430729318117E-5]","[2.969259939765592E-4,2.969259939765592E-4,2.969259939765592E-4,2.969259939765592E-4,2.969259939765592E-4,2.969259939765592E-4,2.969259939765592E-4,2.969259939765592E-4]","[3564.1747264206324,3564.1747264206324,3564.1747264206324,3564.1747264206324,3564.1747264206324,3564.1747264206324,3564.1747264206324,3564.1747264206324]","[0.0,0.0,0.0,0.0,0.0,0.0,0.0,0.0]","[0.07081620194468982,0.07081620194468982,0.07081620194468982,0.07081620194468982,0.07081620194468982,0.07081620194468982,0.07081620194468982,0.07081620194468982]"
100000,100000,2.8602380354377316E-5,8360.433313416748,2258.5062635727472,0.4855131478637526,0.13806119449145982,0.07000132439969928,1.1062614905930084,log-normal,0.0011456222965076648,0.04972655724550445,0.6472372913118009,2.991383680308285,5067.736334858103,1.276850926161301,2.989186363825611,0.009787180774472942,0.10000348154959998,9999.878669498372,2.5265085940865037E-5,1.6941590049859119,0.751754416391206,31.780185265430028,0.06072427734809113,4,99337,"[0.13806119449145982,0.13806119449145982,0.13806119449145982,0.13806119449145982]","[0.751754416391206,0.751754416391206,0.751754416391206,0.751754416391206]","[log-normal,log-normal,log-normal,log-normal]","[31.78017896471065,31.780185195479152,31.78018555056565,31.780185335380907]","[1.1062614905930084,1.1062614905930084,1.1062614905930084,1.1062614905930084]","[4234399880978427672,6792975783686107576,6719999526484442924,808235778120740927]","[9999.878669498372,9999.878669498372,9999.878669498372,9999.878669498372]","[0.04972655724550445,0.04972655724550445,0.04972655724550445,0.04972655724550445]","[0.10000348154959998,0.10000348154959998,0.10000348154959998,0.10000348154959998]","[1.6941590049859119,1.6941590049859119,1.6941590049859119,1.6941590049859119]","[0.009787180774472942,0.009787180774472942,0.009787180774472942,0.009787180774472942]","[1.276850926161301,1.276850926161301,1.276850926161301,1.276850926161301]","[8360.433313416748,8360.433313416748,8360.433313416748,8360.433313416748]","[2.989186363825611,2.989186363825611,2.989186363825611,2.989186363825611]","[2.991383680308285,2.991383680308285,2.991383680308285,2.991383680308285]","[0.4855131478637526,0.4855131478637526,0.4855131478637526,0.4855131478637526]","[EU,EU,EU,EU]","[5067.736334858103,5067.736334858103,5067.736334858103,5067.736334858103]","[0.06072424338216627,0.060724227509511466,0.060724311314016,0.06072431887716995]","[0.6472372913118009,0.6472372913118009,0.6472372913118009,0.6472372913118009]","[2.5265085940865037E-5,2.5265085940865037E-5,2.5265085940865037E-5,2.5265085940865037E-5]","[0.0011456222965076648,0.0011456222965076648,0.0011456222965076648,0.0011456222965076648]","[2258.5062635727472,2258.5062635727472,2258.5062635727472,2258.5062635727472]","[2.8602380354377316E-5,2.8602380354377316E-5,2.8602380354377316E-5,2.8602380354377316E-5]","[0.07000132439969928,0.07000132439969928,0.07000132439969928,0.07000132439969928]"
100000,100000,4.139322172411348E-5,9315.466571796107,1580.5866389664218,0.49267771071150285,0.2894241717126467,0.0637107821796698,1.0452768270016448,normal,0.001453349464040532,0.05,0.6252155970498249,2.8902769504662507,5306.95127046371,1.2772560045222079,2.9992237210903867,0.009575833537184544,0.10000647397534684,9999.99560367813,2.4445498926668142E-5,1.4769872454483428,0.7923670760935108,31.770376586195688,0.06104981212458004,10,94458,"[0.2894241717126467,0.2894241717126467,0.2894241717126467,0.2894241717126467,0.2894241717126467,0.2894241717126467,0.2894241717126467,0.2894241717126467,0.2894241717126467,0.2894241717126467]","[0.7923670760935108,0.7923670760935108,0.7923670760935108,0.7923670760935108,0.7923670760935108,0.7923670760935108,0.7923670760935108,0.7923670760935108,0.7923670760935108,0.7923670760935108]","[normal,normal,normal,normal,normal,normal,normal,normal,normal,normal]","[31.77037595224708,31.77036667001829,31.77034750297095,31.770375748528668,31.770392338219526,31.770379420859108,31.770377220144297,31.77038756962941,31.770392668654086,31.770371399567566]","[1.0452768270016448,1.0452768270016448,1.0452768270016448,1.0452768270016448,1.0452768270016448,1.0452768270016448,1.0452768270016448,1.0452768270016448,1.0452768270016448,1.0452768270016448]","[7936253795729407547,-849690630959339133,-3215167762054550462,2586720003773621778,-5213618785827885310,-6377671296851118289,-5313821733611376696,2874322088615901482,-1847399410253234252,-6010501062338314267]","[9999.99560367813,9999.99560367813,9999.99560367813,9999.99560367813,9999.99560367813,9999.99560367813,9999.99560367813,9999.99560367813,9999.99560367813,9999.99560367813]","[0.05,0.05,0.05,0.05,0.05,0.05,0.05,0.05,0.05,0.05]","[0.10000647397534684,0.10000647397534684,0.10000647397534684,0.10000647397534684,0.10000647397534684,0.10000647397534684,0.10000647397534684,0.10000647397534684,0.10000647397534684,0.10000647397534684]","[1.4769872454483428,1.4769872454483428,1.4769872454483428,1.4769872454483428,1.4769872454483428,1.4769872454483428,1.4769872454483428,1.4769872454483428,1.4769872454483428,1.4769872454483428]","[0.009575833537184544,0.009575833537184544,0.009575833537184544,0.009575833537184544,0.009575833537184544,0.009575833537184544,0.009575833537184544,0.009575833537184544,0.009575833537184544,0.009575833537184544]","[1.2772560045222079,1.2772560045222079,1.2772560045222079,1.2772560045222079,1.2772560045222079,1.2772560045222079,1.2772560045222079,1.2772560045222079,1.2772560045222079,1.2772560045222079]","[9315.466571796107,9315.466571796107,9315.466571796107,9315.466571796107,9315.466571796107,9315.466571796107,9315.466571796107,9315.466571796107,9315.466571796107,9315.466571796107]","[2.9992237210903867,2.9992237210903867,2.9992237210903867,2.9992237210903867,2.9992237210903867,2.9992237210903867,2.9992237210903867,2.9992237210903867,2.9992237210903867,2.9992237210903867]","[2.8902769504662507,2.8902769504662507,2.8902769504662507,2.8902769504662507,2.8902769504662507,2.8902769504662507,2.8902769504662507,2.8902769504662507,2.8902769504662507,2.8902769504662507]","[0.49267771071150285,0.49267771071150285,0.49267771071150285,0.49267771071150285,0.49267771071150285,0.49267771071150285,0.49267771071150285,0.49267771071150285,0.49267771071150285,0.49267771071150285]","[EU,EU,EU,EU,EU,EU,EU,EU,EU,EU]","[5306.95127046371,5306.95127046371,5306.95127046371,5306.95127046371,5306.95127046371,5306.95127046371,5306.95127046371,5306.95127046371,5306.95127046371,5306.95127046371]","[0.06104961406777381,0.061049779453827724,0.06104972398946969,0.06104984479533236,0.06104991123191364,0.06105005426654538,0.0610498742089888,0.06104974987596783,0.06105003945222957,0.0610497314374421]","[0.6252155970498249,0.6252155970498249,0.6252155970498249,0.6252155970498249,0.6252155970498249,0.6252155970498249,0.6252155970498249,0.6252155970498249,0.6252155970498249,0.6252155970498249]","[2.4445498926668142E-5,2.4445498926668142E-5,2.4445498926668142E-5,2.4445498926668142E-5,2.4445498926668142E-5,2.4445498926668142E-5,2.4445498926668142E-5,2.4445498926668142E-5,2.4445498926668142E-5,2.4445498926668142E-5]","[0.001453349464040532,0.001453349464040532,0.001453349464040532,0.001453349464040532,0.001453349464040532,0.001453349464040532,0.001453349464040532,0.001453349464040532,0.001453349464040532,0.001453349464040532]","[1580.5866389664218,1580.5866389664218,1580.5866389664218,1580.5866389664218,1580.5866389664218,1580.5866389664218,1580.5866389664218,1580.5866389664218,1580.5866389664218,1580.5866389664218]","[4.139322172411348E-5,4.139322172411348E-5,4.139322172411348E-5,4.139322172411348E-5,4.139322172411348E-5,4.139322172411348E-5,4.139322172411348E-5,4.139322172411348E-5,4.139322172411348E-5,4.139322172411348E-5]","[0.0637107821796698,0.0637107821796698,0.0637107821796698,0.0637107821796698,0.0637107821796698,0.0637107821796698,0.0637107821796698,0.0637107821796698,0.0637107821796698,0.0637107821796698]"
100000,100000,4.157732368752219E-5,9321.630231471236,1784.3254649881053,0.4918597046015659,0.2919010387699813,0.06536020307365784,1.0935389381268625,normal,0.0012156977881121601,0.049942850386563126,0.6239244849216469,2.8875173302091315,4992.098391857735,1.2758992214613452,3.0,0.009633630808728174,0.1000060388842329,9999.999609522467,2.5230805923253887E-5,1.496975804348625,0.801151219821051,31.778666413704446,0.060953084934970446,7,94972,"[0.2919010387699813,0.2919010387699813,0.2919010387699813,0.2919010387699813,0.2919010387699813,0.2919010387699813,0.2919010387699813]","[0.801151219821051,0.801151219821051,0.801151219821051,0.801151219821051,0.801151219821051,0.801151219821051,0.801151219821051]","[normal,normal,normal,normal,normal,normal,normal]","[31.778672369109746,31.778666413704446,31.778646861974398,31.77866103715751,31.778674052354802,31.778635830021038,31.77867145910754]","[1.0935389381268625,1.0935389381268625,1.0935389381268625,1.0935389381268625,1.0935389381268625,1.0935389381268625,1.0935389381268625]","[4472304370976910156,3342429749302617106,-8387959862184118215,2898679507324133587,-121768800567401900,-5895920424704450145,1283070492045304593]","[9999.999609522467,9999.999609522467,9999.999609522467,9999.999609522467,9999.999609522467,9999.999609522467,9999.999609522467]","[0.049942850386563126,0.049942850386563126,0.049942850386563126,0.049942850386563126,0.049942850386563126,0.049942850386563126,0.049942850386563126]","[0.1000060388842329,0.1000060388842329,0.1000060388842329,0.1000060388842329,0.1000060388842329,0.1000060388842329,0.1000060388842329]","[1.496975804348625,1.496975804348625,1.496975804348625,1.496975804348625,1.496975804348625,1.496975804348625,1.496975804348625]","[0.009633630808728174,0.009633630808728174,0.009633630808728174,0.009633630808728174,0.009633630808728174,0.009633630808728174,0.009633630808728174]","[1.2758992214613452,1.2758992214613452,1.2758992214613452,1.2758992214613452,1.2758992214613452,1.2758992214613452,1.2758992214613452]","[9321.630231471236,9321.630231471236,9321.630231471236,9321.630231471236,9321.630231471236,9321.630231471236,9321.630231471236]","[3.0,3.0,3.0,3.0,3.0,3.0,3.0]","[2.8875173302091315,2.8875173302091315,2.8875173302091315,2.8875173302091315,2.8875173302091315,2.8875173302091315,2.8875173302091315]","[0.4918597046015659,0.4918597046015659,0.4918597046015659,0.4918597046015659,0.4918597046015659,0.4918597046015659,0.4918597046015659]","[EU,EU,EU,EU,EU,EU,EU]","[4992.098391857735,4992.098391857735,4992.098391857735,4992.098391857735,4992.098391857735,4992.098391857735,4992.098391857735]","[0.060953084934970446,0.06095306134220198,0.06095298209358807,0.06095309268520971,0.06095316335620735,0.06095279955485575,0.06095323823433254]","[0.6239244849216469,0.6239244849216469,0.6239244849216469,0.6239244849216469,0.6239244849216469,0.6239244849216469,0.6239244849216469]","[2.5230805923253887E-5,2.5230805923253887E-5,2.5230805923253887E-5,2.5230805923253887E-5,2.5230805923253887E-5,2.5230805923253887E-5,2.5230805923253887E-5]","[0.0012156977881121601,0.0012156977881121601,0.0012156977881121601,0.0012156977881121601,0.0012156977881121601,0.0012156977881121601,0.0012156977881121601]","[1784.3254649881053,1784.3254649881053,1784.3254649881053,1784.3254649881053,1784.3254649881053,1784.3254649881053,1784.3254649881053]","[4.157732368752219E-5,4.157732368752219E-5,4.157732368752219E-5,4.157732368752219E-5,4.157732368752219E-5,4.157732368752219E-5,4.157732368752219E-5]","[0.06536020307365784,0.06536020307365784,0.06536020307365784,0.06536020307365784,0.06536020307365784,0.06536020307365784,0.06536020307365784]"
100000,100000,0.0,9363.130995461104,5259.016002824614,0.494559882130375,1.2746879555032278,0.06181118708148865,0.808249280891113,log-normal,3.115906810987998E-4,0.040663380925039634,2.567274259949144,2.535128820234506,7614.201984917906,1.292368044807128,2.9999991229511296,0.009921459507450728,0.10000015198194512,9999.821441850916,2.4760406400065012E-5,2.073115601565594,0.709760536194548,31.90107142856508,0.06069755759313004,2,98691,"[1.2746879555032278,1.2746879555032278]","[0.709760536194548,0.709760536194548]","[log-normal,log-normal]","[31.90107142856508,31.90107142856508]","[0.808249280891113,0.808249280891113]","[2454296147494760569,-6639034105589992587]","[9999.821441850916,9999.821441850916]","[0.040663380925039634,0.040663380925039634]","[0.10000015198194512,0.10000015198194512]","[2.073115601565594,2.073115601565594]","[0.009921459507450728,0.009921459507450728]","[1.292368044807128,1.292368044807128]","[9363.130995461104,9363.130995461104]","[2.9999991229511296,2.9999991229511296]","[2.535128820234506,2.535128820234506]","[0.494559882130375,0.494559882130375]","[EU,EU]","[7614.201984917906,7614.201984917906]","[0.06069755759313004,0.06069755759313004]","[2.567274259949144,2.567274259949144]","[2.4760406400065012E-5,2.4760406400065012E-5]","[3.115906810987998E-4,3.115906810987998E-4]","[5259.016002824614,5259.016002824614]","[0.0,0.0]","[0.06181118708148865,0.06181118708148865]"
100000,100000,0.0,9237.897235719964,5038.502776008121,0.47277421244272616,1.3004385453122067,0.07644220296465089,0.814587743862929,log-normal,3.251906516295214E-4,0.040509522673283865,2.641672085208323,2.4939819774481538,7252.8057578244,1.2901460368861493,2.9826106867248416,0.009975409803327456,0.1,9999.940788668815,2.5255183795416432E-5,2.1512037069534893,0.731294382970074,31.901682185546406,0.06060708801482872,6,95168,"[1.3004385453122067,1.3004385453122067,1.3004385453122067,1.3004385453122067,1.3004385453122067,1.3004385453122067]","[0.731294382970074,0.731294382970074,0.731294382970074,0.731294382970074,0.731294382970074,0.731294382970074]","[log-normal,log-normal,log-normal,log-normal,log-normal,log-normal]","[31.901682185546406,31.901682185546406,31.901682185546406,31.901682185546406,31.901682185546406,31.901682185546406]","[0.814587743862929,0.814587743862929,0.814587743862929,0.814587743862929,0.814587743862929,0.814587743862929]","[-6241064490392066297,5477637916099474912,-7801087287493629801,-5161641721237838435,8073172461717515097,2579715016654351256]","[9999.940788668815,9999.940788668815,9999.940788668815,9999.940788668815,9999.940788668815,9999.940788668815]","[0.040509522673283865,0.040509522673283865,0.040509522673283865,0.040509522673283865,0.040509522673283865,0.040509522673283865]","[0.1,0.1,0.1,0.1,0.1,0.1]","[2.1512037069534893,2.1512037069534893,2.1512037069534893,2.1512037069534893,2.1512037069534893,2.1512037069534893]","[0.009975409803327456,0.009975409803327456,0.009975409803327456,0.009975409803327456,0.009975409803327456,0.009975409803327456]","[1.2901460368861493,1.2901460368861493,1.2901460368861493,1.2901460368861493,1.2901460368861493,1.2901460368861493]","[9237.897235719964,9237.897235719964,9237.897235719964,9237.897235719964,9237.897235719964,9237.897235719964]","[2.9826106867248416,2.9826106867248416,2.9826106867248416,2.9826106867248416,2.9826106867248416,2.9826106867248416]","[2.4939819774481538,2.4939819774481538,2.4939819774481538,2.4939819774481538,2.4939819774481538,2.4939819774481538]","[0.47277421244272616,0.47277421244272616,0.47277421244272616,0.47277421244272616,0.47277421244272616,0.47277421244272616]","[EU,EU,EU,EU,EU,EU]","[7252.8057578244,7252.8057578244,7252.8057578244,7252.8057578244,7252.8057578244,7252.8057578244]","[0.06060708801482872,0.06060708801482872,0.06060708801482872,0.06060708801482872,0.06060708801482872,0.06060708801482872]","[2.641672085208323,2.641672085208323,2.641672085208323,2.641672085208323,2.641672085208323,2.641672085208323]","[2.5255183795416432E-5,2.5255183795416432E-5,2.5255183795416432E-5,2.5255183795416432E-5,2.5255183795416432E-5,2.5255183795416432E-5]","[3.251906516295214E-4,3.251906516295214E-4,3.251906516295214E-4,3.251906516295214E-4,3.251906516295214E-4,3.251906516295214E-4]","[5038.502776008121,5038.502776008121,5038.502776008121,5038.502776008121,5038.502776008121,5038.502776008121]","[0.0,0.0,0.0,0.0,0.0,0.0]","[0.07644220296465089,0.07644220296465089,0.07644220296465089,0.07644220296465089,0.07644220296465089,0.07644220296465089]"
100000,100000,2.7460677074472726E-4,9965.589372667431,1447.8811636425612,0.05483452851203857,1.4480096081445055,0.10678356837788225,0.8169707269263122,normal,2.578845664746976E-4,0.037605521426297264,2.5972818754152867,2.713185879321022,9147.553951494367,1.3299183668075025,2.5417115454750414,0.01,0.1000000191171818,9999.952048692003,2.5769048108536757E-5,2.879980617516688,0.6379047637054616,32.09189826375523,0.060226969751902254,10,93796,"[1.4480096081445055,1.4480096081445055,1.4480096081445055,1.4480096081445055,1.4480096081445055,1.4480096081445055,1.4480096081445055,1.4480096081445055,1.4480096081445055,1.4480096081445055]","[0.6379047637054616,0.6379047637054616,0.6379047637054616,0.6379047637054616,0.6379047637054616,0.6379047637054616,0.6379047637054616,0.6379047637054616,0.6379047637054616,0.6379047637054616]","[normal,normal,normal,normal,normal,normal,normal,normal,normal,normal]","[32.09192510226055,32.091755305611,32.09189826375522,32.09189765341053,32.09189971724422,32.09189826375523,32.09189826375523,32.09191385912268,32.09146777080931,32.09189826375523]","[0.8169707269263122,0.8169707269263122,0.8169707269263122,0.8169707269263122,0.8169707269263122,0.8169707269263122,0.8169707269263122,0.8169707269263122,0.8169707269263122,0.8169707269263122]","[-2034593495695954724,3615268619725925451,-5975675185796778316,2454498693435523060,1579447594923357555,-1828813474819673412,-6206408235261926196,-8350840009900431779,-6906871805226452113,2320579454502204982]","[9999.952048692003,9999.952048692003,9999.952048692003,9999.952048692003,9999.952048692003,9999.952048692003,9999.952048692003,9999.952048692003,9999.952048692003,9999.952048692003]","[0.037605521426297264,0.037605521426297264,0.037605521426297264,0.037605521426297264,0.037605521426297264,0.037605521426297264,0.037605521426297264,0.037605521426297264,0.037605521426297264,0.037605521426297264]","[0.1000000191171818,0.1000000191171818,0.1000000191171818,0.1000000191171818,0.1000000191171818,0.1000000191171818,0.1000000191171818,0.1000000191171818,0.1000000191171818,0.1000000191171818]","[2.879980617516688,2.879980617516688,2.879980617516688,2.879980617516688,2.879980617516688,2.879980617516688,2.879980617516688,2.879980617516688,2.879980617516688,2.879980617516688]","[0.01,0.01,0.01,0.01,0.01,0.01,0.01,0.01,0.01,0.01]","[1.3299183668075025,1.3299183668075025,1.3299183668075025,1.3299183668075025,1.3299183668075025,1.3299183668075025,1.3299183668075025,1.3299183668075025,1.3299183668075025,1.3299183668075025]","[9965.589372667431,9965.589372667431,9965.589372667431,9965.589372667431,9965.589372667431,9965.589372667431,9965.589372667431,9965.589372667431,9965.589372667431,9965.589372667431]","[2.5417115454750414,2.5417115454750414,2.5417115454750414,2.5417115454750414,2.5417115454750414,2.5417115454750414,2.5417115454750414,2.5417115454750414,2.5417115454750414,2.5417115454750414]","[2.713185879321022,2.713185879321022,2.713185879321022,2.713185879321022,2.713185879321022,2.713185879321022,2.713185879321022,2.713185879321022,2.713185879321022,2.713185879321022]","[0.05483452851203857,0.05483452851203857,0.05483452851203857,0.05483452851203857,0.05483452851203857,0.05483452851203857,0.05483452851203857,0.05483452851203857,0.05483452851203857,0.05483452851203857]","[EU,EU,EU,EU,EU,EU,EU,EU,EU,EU]","[9147.553951494367,9147.553951494367,9147.553951494367,9147.553951494367,9147.553951494367,9147.553951494367,9147.553951494367,9147.553951494367,9147.553951494367,9147.553951494367]","[0.060226887363246766,0.06022695030184142,0.06022696975190237,0.060227034864226495,0.0602269815731957,0.060226969751902254,0.060226969751902254,0.06022704982706635,0.06022687466139576,0.060226969751902254]","[2.5972818754152867,2.5972818754152867,2.5972818754152867,2.5972818754152867,2.5972818754152867,2.5972818754152867,2.5972818754152867,2.5972818754152867,2.5972818754152867,2.5972818754152867]","[2.5769048108536757E-5,2.5769048108536757E-5,2.5769048108536757E-5,2.5769048108536757E-5,2.5769048108536757E-5,2.5769048108536757E-5,2.5769048108536757E-5,2.5769048108536757E-5,2.5769048108536757E-5,2.5769048108536757E-5]","[2.578845664746976E-4,2.578845664746976E-4,2.578845664746976E-4,2.578845664746976E-4,2.578845664746976E-4,2.578845664746976E-4,2.578845664746976E-4,2.578845664746976E-4,2.578845664746976E-4,2.578845664746976E-4]","[1447.8811636425612,1447.8811636425612,1447.8811636425612,1447.8811636425612,1447.8811636425612,1447.8811636425612,1447.8811636425612,1447.8811636425612,1447.8811636425612,1447.8811636425612]","[2.7460677074472726E-4,2.7460677074472726E-4,2.7460677074472726E-4,2.7460677074472726E-4,2.7460677074472726E-4,2.7460677074472726E-4,2.7460677074472726E-4,2.7460677074472726E-4,2.7460677074472726E-4,2.7460677074472726E-4]","[0.10678356837788225,0.10678356837788225,0.10678356837788225,0.10678356837788225,0.10678356837788225,0.10678356837788225,0.10678356837788225,0.10678356837788225,0.10678356837788225,0.10678356837788225]"
100000,100000,1.2123104122606772E-4,9940.099367802764,3611.5926425929683,0.4896834835255276,1.051939576838703,0.01752654356051859,0.8520834744387762,normal,3.554256667171501E-4,0.04362914213292689,2.7439750237979883,2.6347806884132434,6785.7562028261955,1.2855668254387898,2.9783931185801653,0.01,0.10001660694710823,9999.84394598615,2.9096318393064637E-5,2.0637731098443144,0.5481237712983126,31.96465682825479,0.06036748864483528,9,94671,"[1.051939576838703,1.051939576838703,1.051939576838703,1.051939576838703,1.051939576838703,1.051939576838703,1.051939576838703,1.051939576838703,1.051939576838703]","[0.5481237712983126,0.5481237712983126,0.5481237712983126,0.5481237712983126,0.5481237712983126,0.5481237712983126,0.5481237712983126,0.5481237712983126,0.5481237712983126]","[normal,normal,normal,normal,normal,normal,normal,normal,normal]","[31.964656614402767,31.964666836607893,31.96465682825479,31.964653783263817,31.964657759716374,31.964655056453893,31.964649244456943,31.964663855317685,31.964660389977986]","[0.8520834744387762,0.8520834744387762,0.8520834744387762,0.8520834744387762,0.8520834744387762,0.8520834744387762,0.8520834744387762,0.8520834744387762,0.8520834744387762]","[427148141995979503,3566526959993348419,7315768397660845424,996523341185806696,-3894158977342739446,-5760541917708949800,-437915350219398185,-4780266096681091406,5326262347617002134]","[9999.84394598615,9999.84394598615,9999.84394598615,9999.84394598615,9999.84394598615,9999.84394598615,9999.84394598615,9999.84394598615,9999.84394598615]","[0.04362914213292689,0.04362914213292689,0.04362914213292689,0.04362914213292689,0.04362914213292689,0.04362914213292689,0.04362914213292689,0.04362914213292689,0.04362914213292689]","[0.10001660694710823,0.10001660694710823,0.10001660694710823,0.10001660694710823,0.10001660694710823,0.10001660694710823,0.10001660694710823,0.10001660694710823,0.10001660694710823]","[2.0637731098443144,2.0637731098443144,2.0637731098443144,2.0637731098443144,2.0637731098443144,2.0637731098443144,2.0637731098443144,2.0637731098443144,2.0637731098443144]","[0.01,0.01,0.01,0.01,0.01,0.01,0.01,0.01,0.01]","[1.2855668254387898,1.2855668254387898,1.2855668254387898,1.2855668254387898,1.2855668254387898,1.2855668254387898,1.2855668254387898,1.2855668254387898,1.2855668254387898]","[9940.099367802764,9940.099367802764,9940.099367802764,9940.099367802764,9940.099367802764,9940.099367802764,9940.099367802764,9940.099367802764,9940.099367802764]","[2.9783931185801653,2.9783931185801653,2.9783931185801653,2.9783931185801653,2.9783931185801653,2.9783931185801653,2.9783931185801653,2.9783931185801653,2.9783931185801653]","[2.6347806884132434,2.6347806884132434,2.6347806884132434,2.6347806884132434,2.6347806884132434,2.6347806884132434,2.6347806884132434,2.6347806884132434,2.6347806884132434]","[0.4896834835255276,0.4896834835255276,0.4896834835255276,0.4896834835255276,0.4896834835255276,0.4896834835255276,0.4896834835255276,0.4896834835255276,0.4896834835255276]","[EU,EU,EU,EU,EU,EU,EU,EU,EU]","[6785.7562028261955,6785.7562028261955,6785.7562028261955,6785.7562028261955,6785.7562028261955,6785.7562028261955,6785.7562028261955,6785.7562028261955,6785.7562028261955]","[0.06036751779155367,0.06036757356082411,0.060367459462663635,0.06036744986341987,0.060367578275813766,0.06036748864483528,0.06036745231987046,0.06036752221108006,0.06036748592055518]","[2.7439750237979883,2.7439750237979883,2.7439750237979883,2.7439750237979883,2.7439750237979883,2.7439750237979883,2.7439750237979883,2.7439750237979883,2.7439750237979883]","[2.9096318393064637E-5,2.9096318393064637E-5,2.9096318393064637E-5,2.9096318393064637E-5,2.9096318393064637E-5,2.9096318393064637E-5,2.9096318393064637E-5,2.9096318393064637E-5,2.9096318393064637E-5]","[3.554256667171501E-4,3.554256667171501E-4,3.554256667171501E-4,3.554256667171501E-4,3.554256667171501E-4,3.554256667171501E-4,3.554256667171501E-4,3.554256667171501E-4,3.554256667171501E-4]","[3611.5926425929683,3611.5926425929683,3611.5926425929683,3611.5926425929683,3611.5926425929683,3611.5926425929683,3611.5926425929683,3611.5926425929683,3611.5926425929683]","[1.2123104122606772E-4,1.2123104122606772E-4,1.2123104122606772E-4,1.2123104122606772E-4,1.2123104122606772E-4,1.2123104122606772E-4,1.2123104122606772E-4,1.2123104122606772E-4,1.2123104122606772E-4]","[0.01752654356051859,0.01752654356051859,0.01752654356051859,0.01752654356051859,0.01752654356051859,0.01752654356051859,0.01752654356051859,0.01752654356051859,0.01752654356051859]"
100000,100000,2.3058326650929415E-4,9988.411364452644,1489.8899060982378,0.12446875288693,1.465390733350663,0.15388716509493142,0.8230751881725422,log-normal,2.3346614528505272E-4,0.039398062860164264,2.6270304599295633,2.642968127575335,9100.83366676088,1.333481852059172,2.5074055634894297,0.009999995573591667,0.10000007375141534,9999.720974527978,2.464104953183079E-5,2.74041985665927,0.6368185170713057,32.05026502831298,0.06025411374314001,7,96308,"[1.465390733350663,1.465390733350663,1.465390733350663,1.465390733350663,1.465390733350663,1.465390733350663,1.465390733350663]","[0.6368185170713057,0.6368185170713057,0.6368185170713057,0.6368185170713057,0.6368185170713057,0.6368185170713057,0.6368185170713057]","[log-normal,log-normal,log-normal,log-normal,log-normal,log-normal,log-normal]","[32.050294439896895,32.050265074393366,32.05010815757832,32.05026502831298,32.05026517160221,32.05002113783191,32.050264631520456]","[0.8230751881725422,0.8230751881725422,0.8230751881725422,0.8230751881725422,0.8230751881725422,0.8230751881725422,0.8230751881725422]","[-5700405486987022289,8756039953968948504,-6306481331279300881,5795537342897352459,3530426677974462235,3097972211532423938,5278121732720884922]","[9999.720974527978,9999.720974527978,9999.720974527978,9999.720974527978,9999.720974527978,9999.720974527978,9999.720974527978]","[0.039398062860164264,0.039398062860164264,0.039398062860164264,0.039398062860164264,0.039398062860164264,0.039398062860164264,0.039398062860164264]","[0.10000007375141534,0.10000007375141534,0.10000007375141534,0.10000007375141534,0.10000007375141534,0.10000007375141534,0.10000007375141534]","[2.74041985665927,2.74041985665927,2.74041985665927,2.74041985665927,2.74041985665927,2.74041985665927,2.74041985665927]","[0.009999995573591667,0.009999995573591667,0.009999995573591667,0.009999995573591667,0.009999995573591667,0.009999995573591667,0.009999995573591667]","[1.333481852059172,1.333481852059172,1.333481852059172,1.333481852059172,1.333481852059172,1.333481852059172,1.333481852059172]","[9988.411364452644,9988.411364452644,9988.411364452644,9988.411364452644,9988.411364452644,9988.411364452644,9988.411364452644]","[2.5074055634894297,2.5074055634894297,2.5074055634894297,2.5074055634894297,2.5074055634894297,2.5074055634894297,2.5074055634894297]","[2.642968127575335,2.642968127575335,2.642968127575335,2.642968127575335,2.642968127575335,2.642968127575335,2.642968127575335]","[0.12446875288693,0.12446875288693,0.12446875288693,0.12446875288693,0.12446875288693,0.12446875288693,0.12446875288693]","[EU,EU,EU,EU,EU,EU,EU]","[9100.83366676088,9100.83366676088,9100.83366676088,9100.83366676088,9100.83366676088,9100.83366676088,9100.83366676088]","[0.06025391526252903,0.060254123736715404,0.06025410236203241,0.060254193447685525,0.060254118576332116,0.060254070023487226,0.06025411374314001]","[2.6270304599295633,2.6270304599295633,2.6270304599295633,2.6270304599295633,2.6270304599295633,2.6270304599295633,2.6270304599295633]","[2.464104953183079E-5,2.464104953183079E-5,2.464104953183079E-5,2.464104953183079E-5,2.464104953183079E-5,2.464104953183079E-5,2.464104953183079E-5]","[2.3346614528505272E-4,2.3346614528505272E-4,2.3346614528505272E-4,2.3346614528505272E-4,2.3346614528505272E-4,2.3346614528505272E-4,2.3346614528505272E-4]","[1489.8899060982378,1489.8899060982378,1489.8899060982378,1489.8899060982378,1489.8899060982378,1489.8899060982378,1489.8899060982378]","[2.3058326650929415E-4,2.3058326650929415E-4,2.3058326650929415E-4,2.3058326650929415E-4,2.3058326650929415E-4,2.3058326650929415E-4,2.3058326650929415E-4]","[0.15388716509493142,0.15388716509493142,0.15388716509493142,0.15388716509493142,0.15388716509493142,0.15388716509493142,0.15388716509493142]"
100000,100000,3.5956967935794865E-4,10000.0,1360.508347291126,0.01,1.4119063321032597,0.11658533708384362,0.8004010295891091,log-normal,2.3842757775446112E-4,0.03634075665670109,2.604407151195384,3.0,8453.94961732012,1.3442297150761064,2.5134187785936772,0.01,0.10000001980305452,10000.0,2.580269851103087E-5,2.9788551432752675,0.6396695620320172,32.18285810571013,0.060203499742135756,3,96841,"[1.4119063321032597,1.4119063321032597,1.4119063321032597]","[0.6396695620320172,0.6396695620320172,0.6396695620320172]","[log-normal,log-normal,log-normal]","[32.18285810571013,32.18285810571013,32.18285810571013]","[0.8004010295891091,0.8004010295891091,0.8004010295891091]","[8679232384298247631,-2250053598574282400,3513921557418207257]","[10000.0,10000.0,10000.0]","[0.03634075665670109,0.03634075665670109,0.03634075665670109]","[0.10000001980305452,0.10000001980305452,0.10000001980305452]","[2.9788551432752675,2.9788551432752675,2.9788551432752675]","[0.01,0.01,0.01]","[1.3442297150761064,1.3442297150761064,1.3442297150761064]","[10000.0,10000.0,10000.0]","[2.5134187785936772,2.5134187785936772,2.5134187785936772]","[3.0,3.0,3.0]","[0.01,0.01,0.01]","[EU,EU,EU]","[8453.94961732012,8453.94961732012,8453.94961732012]","[0.060203499742135756,0.060203499742135756,0.060203499742135756]","[2.604407151195384,2.604407151195384,2.604407151195384]","[2.580269851103087E-5,2.580269851103087E-5,2.580269851103087E-5]","[2.3842757775446112E-4,2.3842757775446112E-4,2.3842757775446112E-4]","[1360.508347291126,1360.508347291126,1360.508347291126]","[3.5956967935794865E-4,3.5956967935794865E-4,3.5956967935794865E-4]","[0.11658533708384362,0.11658533708384362,0.11658533708384362]"
100000,100000,1.0688029608015893E-4,9976.08027419254,1290.447461808346,0.1453536229028257,1.4812720893291533,0.1432052879071056,0.8231804966585148,log-normal,2.3293094110126176E-4,0.038470163190735866,2.657248371306786,2.586949531217411,9426.026194982562,1.3248562804422837,2.5426114936694466,0.009999999999085527,0.10000000586137106,9999.86417489772,2.3799769184016163E-5,2.8485783228043067,0.6380605915963715,31.95568618603499,0.060386887546931084,6,97014,"[1.4812720893291533,1.4812720893291533,1.4812720893291533,1.4812720893291533,1.4812720893291533,1.4812720893291533]","[0.6380605915963715,0.6380605915963715,0.6380605915963715,0.6380605915963715,0.6380605915963715,0.6380605915963715]","[log-normal,log-normal,log-normal,log-normal,log-normal,log-normal]","[31.95558087629273,31.95569393376067,31.95568700398783,31.955685368082143,31.95568717239248,31.955624789053033]","[0.8231804966585148,0.8231804966585148,0.8231804966585148,0.8231804966585148,0.8231804966585148,0.8231804966585148]","[2586951847667165506,4463930701674408787,-6856212084456688024,4109275093602233821,2816202752855830777,434996155168777300]","[9999.86417489772,9999.86417489772,9999.86417489772,9999.86417489772,9999.86417489772,9999.86417489772]","[0.038470163190735866,0.038470163190735866,0.038470163190735866,0.038470163190735866,0.038470163190735866,0.038470163190735866]","[0.10000000586137106,0.10000000586137106,0.10000000586137106,0.10000000586137106,0.10000000586137106,0.10000000586137106]","[2.8485783228043067,2.8485783228043067,2.8485783228043067,2.8485783228043067,2.8485783228043067,2.8485783228043067]","[0.009999999999085527,0.009999999999085527,0.009999999999085527,0.009999999999085527,0.009999999999085527,0.009999999999085527]","[1.3248562804422837,1.3248562804422837,1.3248562804422837,1.3248562804422837,1.3248562804422837,1.3248562804422837]","[9976.08027419254,9976.08027419254,9976.08027419254,9976.08027419254,9976.08027419254,9976.08027419254]","[2.5426114936694466,2.5426114936694466,2.5426114936694466,2.5426114936694466,2.5426114936694466,2.5426114936694466]","[2.586949531217411,2.586949531217411,2.586949531217411,2.586949531217411,2.586949531217411,2.586949531217411]","[0.1453536229028257,0.1453536229028257,0.1453536229028257,0.1453536229028257,0.1453536229028257,0.1453536229028257]","[EU,EU,EU,EU,EU,EU]","[9426.026194982562,9426.026194982562,9426.026194982562,9426.026194982562,9426.026194982562,9426.026194982562]","[0.06038689137556665,0.06038695456699203,0.06038696212416337,0.06038687283096249,0.060386883718295516,0.06038680756745621]","[2.657248371306786,2.657248371306786,2.657248371306786,2.657248371306786,2.657248371306786,2.657248371306786]","[2.3799769184016163E-5,2.3799769184016163E-5,2.3799769184016163E-5,2.3799769184016163E-5,2.3799769184016163E-5,2.3799769184016163E-5]","[2.3293094110126176E-4,2.3293094110126176E-4,2.3293094110126176E-4,2.3293094110126176E-4,2.3293094110126176E-4,2.3293094110126176E-4]","[1290.447461808346,1290.447461808346,1290.447461808346,1290.447461808346,1290.447461808346,1290.447461808346]","[1.0688029608015893E-4,1.0688029608015893E-4,1.0688029608015893E-4,1.0688029608015893E-4,1.0688029608015893E-4,1.0688029608015893E-4]","[0.1432052879071056,0.1432052879071056,0.1432052879071056,0.1432052879071056,0.1432052879071056,0.1432052879071056]"
100000,100000,2.5518925954215167E-4,9998.518987304113,2114.1676294449985,0.06803218989775756,1.6647591482151831,0.12786060392772378,0.8098995438621667,log-normal,2.3565448814580851E-4,0.0381702961249741,2.6690422116451935,2.6717364910394203,9452.98583573637,1.336972239416637,2.538335193877134,0.01,0.10000000333167579,9999.672903464347,2.324351345824233E-5,2.840720945124231,0.6401235442211408,32.073124644584276,0.060237404311896225,2,98527,"[1.6647591482151831,1.6647591482151831]","[0.6401235442211408,0.6401235442211408]","[log-normal,log-normal]","[32.0731341343488,32.07311515481975]","[0.8098995438621667,0.8098995438621667]","[-8684429078493372222,-6095548645005236906]","[9999.672903464347,9999.672903464347]","[0.0381702961249741,0.0381702961249741]","[0.10000000333167579,0.10000000333167579]","[2.840720945124231,2.840720945124231]","[0.01,0.01]","[1.336972239416637,1.336972239416637]","[9998.518987304113,9998.518987304113]","[2.538335193877134,2.538335193877134]","[2.6717364910394203,2.6717364910394203]","[0.06803218989775756,0.06803218989775756]","[EU,EU]","[9452.98583573637,9452.98583573637]","[0.06023740538250341,0.06023740324128903]","[2.6690422116451935,2.6690422116451935]","[2.324351345824233E-5,2.324351345824233E-5]","[2.3565448814580851E-4,2.3565448814580851E-4]","[2114.1676294449985,2114.1676294449985]","[2.5518925954215167E-4,2.5518925954215167E-4]","[0.12786060392772378,0.12786060392772378]"
100000,100000,3.3278009557265983E-4,9999.999999999996,1251.290994067594,0.03259235539265605,1.4001097371259814,0.11578970648253067,0.7953535951166714,log-normal,2.4277667580264152E-4,0.03503431860576501,2.600249584089144,2.999957197122106,8385.073952585082,1.3445640644595536,2.5318923869486776,0.009999999999999998,0.1000000000063627,9998.763659313974,2.53450434658401E-5,2.962751911954548,0.6563069660849531,32.152892385340756,0.0602067121427906,5,98033,"[1.4001097371259814,1.4001097371259814,1.4001097371259814,1.4001097371259814,1.4001097371259814]","[0.6563069660849531,0.6563069660849531,0.6563069660849531,0.6563069660849531,0.6563069660849531]","[log-normal,log-normal,log-normal,log-normal,log-normal]","[32.152892385340756,32.15213246732571,32.152892385340756,32.15289239068619,32.15285905007635]","[0.7953535951166714,0.7953535951166714,0.7953535951166714,0.7953535951166714,0.7953535951166714]","[-9037163734027307156,7500437817997981417,5996779731817558242,-2351479159059974664,5161491639453313934]","[9998.763659313974,9998.763659313974,9998.763659313974,9998.763659313974,9998.763659313974]","[0.03503431860576501,0.03503431860576501,0.03503431860576501,0.03503431860576501,0.03503431860576501]","[0.1000000000063627,0.1000000000063627,0.1000000000063627,0.1000000000063627,0.1000000000063627]","[2.962751911954548,2.962751911954548,2.962751911954548,2.962751911954548,2.962751911954548]","[0.009999999999999998,0.009999999999999998,0.009999999999999998,0.009999999999999998,0.009999999999999998]","[1.3445640644595536,1.3445640644595536,1.3445640644595536,1.3445640644595536,1.3445640644595536]","[9999.999999999996,9999.999999999996,9999.999999999996,9999.999999999996,9999.999999999996]","[2.5318923869486776,2.5318923869486776,2.5318923869486776,2.5318923869486776,2.5318923869486776]","[2.999957197122106,2.999957197122106,2.999957197122106,2.999957197122106,2.999957197122106]","[0.03259235539265605,0.03259235539265605,0.03259235539265605,0.03259235539265605,0.03259235539265605]","[EU,EU,EU,EU,EU]","[8385.073952585082,8385.073952585082,8385.073952585082,8385.073952585082,8385.073952585082]","[0.0602067121427906,0.060206576944807765,0.0602067121427906,0.060206712164544096,0.06020630618826819]","[2.600249584089144,2.600249584089144,2.600249584089144,2.600249584089144,2.600249584089144]","[2.53450434658401E-5,2.53450434658401E-5,2.53450434658401E-5,2.53450434658401E-5,2.53450434658401E-5]","[2.4277667580264152E-4,2.4277667580264152E-4,2.4277667580264152E-4,2.4277667580264152E-4,2.4277667580264152E-4]","[1251.290994067594,1251.290994067594,1251.290994067594,1251.290994067594,1251.290994067594]","[3.3278009557265983E-4,3.3278009557265983E-4,3.3278009557265983E-4,3.3278009557265983E-4,3.3278009557265983E-4]","[0.11578970648253067,0.11578970648253067,0.11578970648253067,0.11578970648253067,0.11578970648253067]"
100000,100000,1.6245537485915965E-4,9940.911604320227,5014.837640237693,0.5,1.2334824650090024,0.06012899961785665,0.8908904779071292,log-normal,3.3655636961799046E-4,0.044664431875099865,2.768874724386628,2.520001778047266,7510.729779925162,1.2912768985560406,3.0,0.009999904194168978,0.10000186117799148,9996.223134810303,2.9511851600306128E-5,2.160993392206776,0.36859296919972917,31.993861446157794,0.06031781649208251,3,98104,"[1.2334824650090024,1.2334824650090024,1.2334824650090024]","[0.36859296919972917,0.36859296919972917,0.36859296919972917]","[log-normal,log-normal,log-normal]","[31.993861446157794,31.993859258430433,31.993865218521954]","[0.8908904779071292,0.8908904779071292,0.8908904779071292]","[-6195230327863350440,-6835615279518321922,4479355075428445959]","[9996.223134810303,9996.223134810303,9996.223134810303]","[0.044664431875099865,0.044664431875099865,0.044664431875099865]","[0.10000186117799148,0.10000186117799148,0.10000186117799148]","[2.160993392206776,2.160993392206776,2.160993392206776]","[0.009999904194168978,0.009999904194168978,0.009999904194168978]","[1.2912768985560406,1.2912768985560406,1.2912768985560406]","[9940.911604320227,9940.911604320227,9940.911604320227]","[3.0,3.0,3.0]","[2.520001778047266,2.520001778047266,2.520001778047266]","[0.5,0.5,0.5]","[EU,EU,EU]","[7510.729779925162,7510.729779925162,7510.729779925162]","[0.06031778824880957,0.06031781649208251,0.06031782538909658]","[2.768874724386628,2.768874724386628,2.768874724386628]","[2.9511851600306128E-5,2.9511851600306128E-5,2.9511851600306128E-5]","[3.3655636961799046E-4,3.3655636961799046E-4,3.3655636961799046E-4]","[5014.837640237693,5014.837640237693,5014.837640237693]","[1.6245537485915965E-4,1.6245537485915965E-4,1.6245537485915965E-4]","[0.06012899961785665,0.06012899961785665,0.06012899961785665]"
100000,100000,1.1083310875417518E-5,9060.129335887474,3454.508583302818,0.34948071033215017,0.3151918541348908,0.15859688907230501,0.8724443927304402,log-normal,3.663886357076086E-4,0.03889329182298283,2.654519977006918,2.98308855162389,7258.169935555881,1.2891373355226108,2.9435182839427663,0.01,0.10000578298277371,10000.0,6.161356843678491E-5,2.654121261075918,0.5805781077435058,31.906361909724538,0.060544837036466986,8,94470,"[0.3151918541348908,0.3151918541348908,0.3151918541348908,0.3151918541348908,0.3151918541348908,0.3151918541348908,0.3151918541348908,0.3151918541348908]","[0.5805781077435058,0.5805781077435058,0.5805781077435058,0.5805781077435058,0.5805781077435058,0.5805781077435058,0.5805781077435058,0.5805781077435058]","[log-normal,log-normal,log-normal,log-normal,log-normal,log-normal,log-normal,log-normal]","[31.90636179067033,31.90635956720721,31.906360832950945,31.906363104428348,31.906363066586255,31.90636121351933,31.906368196888767,31.906362028778748]","[0.8724443927304402,0.8724443927304402,0.8724443927304402,0.8724443927304402,0.8724443927304402,0.8724443927304402,0.8724443927304402,0.8724443927304402]","[-3968958297649057302,-2086255060163337703,-6999525932845274231,-9010049689508812021,-5639341727204515053,-502930293386674387,2079670619575580913,-6310994044611988314]","[10000.0,10000.0,10000.0,10000.0,10000.0,10000.0,10000.0,10000.0]","[0.03889329182298283,0.03889329182298283,0.03889329182298283,0.03889329182298283,0.03889329182298283,0.03889329182298283,0.03889329182298283,0.03889329182298283]","[0.10000578298277371,0.10000578298277371,0.10000578298277371,0.10000578298277371,0.10000578298277371,0.10000578298277371,0.10000578298277371,0.10000578298277371]","[2.654121261075918,2.654121261075918,2.654121261075918,2.654121261075918,2.654121261075918,2.654121261075918,2.654121261075918,2.654121261075918]","[0.01,0.01,0.01,0.01,0.01,0.01,0.01,0.01]","[1.2891373355226108,1.2891373355226108,1.2891373355226108,1.2891373355226108,1.2891373355226108,1.2891373355226108,1.2891373355226108,1.2891373355226108]","[9060.129335887474,9060.129335887474,9060.129335887474,9060.129335887474,9060.129335887474,9060.129335887474,9060.129335887474,9060.129335887474]","[2.9435182839427663,2.9435182839427663,2.9435182839427663,2.9435182839427663,2.9435182839427663,2.9435182839427663,2.9435182839427663,2.9435182839427663]","[2.98308855162389,2.98308855162389,2.98308855162389,2.98308855162389,2.98308855162389,2.98308855162389,2.98308855162389,2.98308855162389]","[0.34948071033215017,0.34948071033215017,0.34948071033215017,0.34948071033215017,0.34948071033215017,0.34948071033215017,0.34948071033215017,0.34948071033215017]","[EU,EU,EU,EU,EU,EU,EU,EU]","[7258.169935555881,7258.169935555881,7258.169935555881,7258.169935555881,7258.169935555881,7258.169935555881,7258.169935555881,7258.169935555881]","[0.06054483266927132,0.06054482991988629,0.06054483383034833,0.0605448753440492,0.06054484739522205,0.060544840242585635,0.06054491009975994,0.06054483318883663]","[2.654519977006918,2.654519977006918,2.654519977006918,2.654519977006918,2.654519977006918,2.654519977006918,2.654519977006918,2.654519977006918]","[6.161356843678491E-5,6.161356843678491E-5,6.161356843678491E-5,6.161356843678491E-5,6.161356843678491E-5,6.161356843678491E-5,6.161356843678491E-5,6.161356843678491E-5]","[3.663886357076086E-4,3.663886357076086E-4,3.663886357076086E-4,3.663886357076086E-4,3.663886357076086E-4,3.663886357076086E-4,3.663886357076086E-4,3.663886357076086E-4]","[3454.508583302818,3454.508583302818,3454.508583302818,3454.508583302818,3454.508583302818,3454.508583302818,3454.508583302818,3454.508583302818]","[1.1083310875417518E-5,1.1083310875417518E-5,1.1083310875417518E-5,1.1083310875417518E-5,1.1083310875417518E-5,1.1083310875417518E-5,1.1083310875417518E-5,1.1083310875417518E-5]","[0.15859688907230501,0.15859688907230501,0.15859688907230501,0.15859688907230501,0.15859688907230501,0.15859688907230501,0.15859688907230501,0.15859688907230501]"
100000,100000,8.594623408981148E-5,9938.159154534022,3272.0562358417988,0.48124224736213356,0.8808261857586339,0.028653678804824972,0.8942274297202989,log-normal,4.5082737044366934E-4,0.04295955319094683,2.613642386101475,2.5367773653804435,6766.460639304606,1.2718831711722378,2.9848690118158423,0.009999514449244322,0.10000181177802543,9999.93633500396,2.9532418947951263E-5,2.8723003995540863,0.5059049298221829,31.942827090357113,0.06041782699742149,5,97676,"[0.8808261857586339,0.8808261857586339,0.8808261857586339,0.8808261857586339,0.8808261857586339]","[0.5059049298221829,0.5059049298221829,0.5059049298221829,0.5059049298221829,0.5059049298221829]","[log-normal,log-normal,log-normal,log-normal,log-normal]","[31.942827090357113,31.94283862738073,31.942821806731782,31.942824109606818,31.94283709468943]","[0.8942274297202989,0.8942274297202989,0.8942274297202989,0.8942274297202989,0.8942274297202989]","[1540638586237679102,-8470653531016596509,-6789538989164303487,-8453561850184700385,500490689511750646]","[9999.93633500396,9999.93633500396,9999.93633500396,9999.93633500396,9999.93633500396]","[0.04295955319094683,0.04295955319094683,0.04295955319094683,0.04295955319094683,0.04295955319094683]","[0.10000181177802543,0.10000181177802543,0.10000181177802543,0.10000181177802543,0.10000181177802543]","[2.8723003995540863,2.8723003995540863,2.8723003995540863,2.8723003995540863,2.8723003995540863]","[0.009999514449244322,0.009999514449244322,0.009999514449244322,0.009999514449244322,0.009999514449244322]","[1.2718831711722378,1.2718831711722378,1.2718831711722378,1.2718831711722378,1.2718831711722378]","[9938.159154534022,9938.159154534022,9938.159154534022,9938.159154534022,9938.159154534022]","[2.9848690118158423,2.9848690118158423,2.9848690118158423,2.9848690118158423,2.9848690118158423]","[2.5367773653804435,2.5367773653804435,2.5367773653804435,2.5367773653804435,2.5367773653804435]","[0.48124224736213356,0.48124224736213356,0.48124224736213356,0.48124224736213356,0.48124224736213356]","[EU,EU,EU,EU,EU]","[6766.460639304606,6766.460639304606,6766.460639304606,6766.460639304606,6766.460639304606]","[0.06041782699742149,0.060417854931659846,0.06041779738677607,0.06041779056576211,0.06041788236174024]","[2.613642386101475,2.613642386101475,2.613642386101475,2.613642386101475,2.613642386101475]","[2.9532418947951263E-5,2.9532418947951263E-5,2.9532418947951263E-5,2.9532418947951263E-5,2.9532418947951263E-5]","[4.5082737044366934E-4,4.5082737044366934E-4,4.5082737044366934E-4,4.5082737044366934E-4,4.5082737044366934E-4]","[3272.0562358417988,3272.0562358417988,3272.0562358417988,3272.0562358417988,3272.0562358417988]","[8.594623408981148E-5,8.594623408981148E-5,8.594623408981148E-5,8.594623408981148E-5,8.594623408981148E-5]","[0.028653678804824972,0.028653678804824972,0.028653678804824972,0.028653678804824972,0.028653678804824972]"
100000,100000,1.1790089023974228E-4,10000.0,5022.367618675405,0.4638517404104932,1.232083842558316,0.0634516379891819,0.8723650715796577,log-normal,3.359644944228088E-4,0.04555102395677615,2.8457640895721705,2.5172258154283966,7841.663599991292,1.2921838010966868,2.9386602575910024,0.01,0.10000000111906583,9999.999637370747,2.901848310340962E-5,2.182102585291981,0.33834196079757894,31.96277673549333,0.06037148500583818,4,95571,"[1.232083842558316,1.232083842558316,1.232083842558316,1.232083842558316]","[0.33834196079757894,0.33834196079757894,0.33834196079757894,0.33834196079757894]","[log-normal,log-normal,log-normal,log-normal]","[31.962775852709285,31.962777618277368,31.962778802879402,31.962772361137553]","[0.8723650715796577,0.8723650715796577,0.8723650715796577,0.8723650715796577]","[3235414927507810311,6110755570968160852,3832722727404072663,1957469477132724182]","[9999.999637370747,9999.999637370747,9999.999637370747,9999.999637370747]","[0.04555102395677615,0.04555102395677615,0.04555102395677615,0.04555102395677615]","[0.10000000111906583,0.10000000111906583,0.10000000111906583,0.10000000111906583]","[2.182102585291981,2.182102585291981,2.182102585291981,2.182102585291981]","[0.01,0.01,0.01,0.01]","[1.2921838010966868,1.2921838010966868,1.2921838010966868,1.2921838010966868]","[10000.0,10000.0,10000.0,10000.0]","[2.9386602575910024,2.9386602575910024,2.9386602575910024,2.9386602575910024]","[2.5172258154283966,2.5172258154283966,2.5172258154283966,2.5172258154283966]","[0.4638517404104932,0.4638517404104932,0.4638517404104932,0.4638517404104932]","[EU,EU,EU,EU]","[7841.663599991292,7841.663599991292,7841.663599991292,7841.663599991292]","[0.060371473674041824,0.06037148262486294,0.06037148738681341,0.06037152106106017]","[2.8457640895721705,2.8457640895721705,2.8457640895721705,2.8457640895721705]","[2.901848310340962E-5,2.901848310340962E-5,2.901848310340962E-5,2.901848310340962E-5]","[3.359644944228088E-4,3.359644944228088E-4,3.359644944228088E-4,3.359644944228088E-4]","[5022.367618675405,5022.367618675405,5022.367618675405,5022.367618675405]","[1.1790089023974228E-4,1.1790089023974228E-4,1.1790089023974228E-4,1.1790089023974228E-4]","[0.0634516379891819,0.0634516379891819,0.0634516379891819,0.0634516379891819]"
100000,100000,1.1831910600105597E-4,10000.0,4984.990440823254,0.4660168643484504,1.2308629058607952,0.05897800499433149,0.8789781620200644,normal,3.351108782995194E-4,0.045443324990647675,2.8445866769864443,2.514730098237694,7854.577949251396,1.2926869108595862,2.964898563829569,0.01,0.1,10000.0,2.9208337874869673E-5,2.122341851868889,0.3375758034274069,31.963152964524387,0.06037108779590585,1,99914,"[1.2308629058607952]","[0.3375758034274069]","[normal]","[31.963152964524387]","[0.8789781620200644]","[-6859866650674561347]","[10000.0]","[0.045443324990647675]","[0.1]","[2.122341851868889]","[0.01]","[1.2926869108595862]","[10000.0]","[2.964898563829569]","[2.514730098237694]","[0.4660168643484504]","[EU]","[7854.577949251396]","[0.06037108779590585]","[2.8445866769864443]","[2.9208337874869673E-5]","[3.351108782995194E-4]","[4984.990440823254]","[1.1831910600105597E-4]","[0.05897800499433149]"
100000,100000,0.0,9396.330974981554,4712.811520009946,0.5,1.2685874608430907,0.06687950248995536,0.770943456044401,normal,3.2178307050939424E-4,0.03990976804490623,2.6434149227313597,2.5428533362336307,7496.0668007627955,1.290545690249962,3.0,0.009831928350050987,0.10000033237684887,9999.868857264344,2.5120246375856748E-5,1.987363765355523,0.7146841102099756,31.90008183223397,0.06084865496440402,9,95170,"[1.2685874608430907,1.2685874608430907,1.2685874608430907,1.2685874608430907,1.2685874608430907,1.2685874608430907,1.2685874608430907,1.2685874608430907,1.2685874608430907]","[0.7146841102099756,0.7146841102099756,0.7146841102099756,0.7146841102099756,0.7146841102099756,0.7146841102099756,0.7146841102099756,0.7146841102099756,0.7146841102099756]","[normal,normal,normal,normal,normal,normal,normal,normal,normal]","[31.90008183223397,31.90008183223397,31.90008183223397,31.90008183223397,31.90008183223397,31.90008183223397,31.90008183223397,31.90008183223397,31.90008183223397]","[0.770943456044401,0.770943456044401,0.770943456044401,0.770943456044401,0.770943456044401,0.770943456044401,0.770943456044401,0.770943456044401,0.770943456044401]","[-282144176646034803,-7051430118650350473,2590958203824071686,-2319007426423099168,-1564425107519936291,5445745573912180321,-1127542263569716588,3030891969898801792,4088652136034985938]","[9999.868857264344,9999.868857264344,9999.868857264344,9999.868857264344,9999.868857264344,9999.868857264344,9999.868857264344,9999.868857264344,9999.868857264344]","[0.03990976804490623,0.03990976804490623,0.03990976804490623,0.03990976804490623,0.03990976804490623,0.03990976804490623,0.03990976804490623,0.03990976804490623,0.03990976804490623]","[0.10000033237684887,0.10000033237684887,0.10000033237684887,0.10000033237684887,0.10000033237684887,0.10000033237684887,0.10000033237684887,0.10000033237684887,0.10000033237684887]","[1.987363765355523,1.987363765355523,1.987363765355523,1.987363765355523,1.987363765355523,1.987363765355523,1.987363765355523,1.987363765355523,1.987363765355523]","[0.009831928350050987,0.009831928350050987,0.009831928350050987,0.009831928350050987,0.009831928350050987,0.009831928350050987,0.009831928350050987,0.009831928350050987,0.009831928350050987]","[1.290545690249962,1.290545690249962,1.290545690249962,1.290545690249962,1.290545690249962,1.290545690249962,1.290545690249962,1.290545690249962,1.290545690249962]","[9396.330974981554,9396.330974981554,9396.330974981554,9396.330974981554,9396.330974981554,9396.330974981554,9396.330974981554,9396.330974981554,9396.330974981554]","[3.0,3.0,3.0,3.0,3.0,3.0,3.0,3.0,3.0]","[2.5428533362336307,2.5428533362336307,2.5428533362336307,2.5428533362336307,2.5428533362336307,2.5428533362336307,2.5428533362336307,2.5428533362336307,2.5428533362336307]","[0.5,0.5,0.5,0.5,0.5,0.5,0.5,0.5,0.5]","[EU,EU,EU,EU,EU,EU,EU,EU,EU]","[7496.0668007627955,7496.0668007627955,7496.0668007627955,7496.0668007627955,7496.0668007627955,7496.0668007627955,7496.0668007627955,7496.0668007627955,7496.0668007627955]","[0.06084865496440402,0.06084865496440402,0.06084865496440402,0.06084865496440402,0.06084865496440402,0.06084865496440402,0.06084865496440402,0.06084865496440402,0.06084865496440402]","[2.6434149227313597,2.6434149227313597,2.6434149227313597,2.6434149227313597,2.6434149227313597,2.6434149227313597,2.6434149227313597,2.6434149227313597,2.6434149227313597]","[2.5120246375856748E-5,2.5120246375856748E-5,2.5120246375856748E-5,2.5120246375856748E-5,2.5120246375856748E-5,2.5120246375856748E-5,2.5120246375856748E-5,2.5120246375856748E-5,2.5120246375856748E-5]","[3.2178307050939424E-4,3.2178307050939424E-4,3.2178307050939424E-4,3.2178307050939424E-4,3.2178307050939424E-4,3.2178307050939424E-4,3.2178307050939424E-4,3.2178307050939424E-4,3.2178307050939424E-4]","[4712.811520009946,4712.811520009946,4712.811520009946,4712.811520009946,4712.811520009946,4712.811520009946,4712.811520009946,4712.811520009946,4712.811520009946]","[0.0,0.0,0.0,0.0,0.0,0.0,0.0,0.0,0.0]","[0.06687950248995536,0.06687950248995536,0.06687950248995536,0.06687950248995536,0.06687950248995536,0.06687950248995536,0.06687950248995536,0.06687950248995536,0.06687950248995536]"
100000,100000,4.057762888624485E-5,9319.777027938022,1590.6019798090917,0.4919133467085829,0.24931172890014752,0.06601897793791663,1.0900368665270657,log-normal,0.001421677926765706,0.0495514746617409,0.6241254271292629,2.8903970980744607,5263.188714772935,1.277165868072208,3.0,0.00961118811475028,0.1000061312435533,9999.999216586431,2.5233828803359355E-5,1.478181254669189,0.7938545618942084,31.771992953913514,0.06099166395921164,10,94792,"[0.24931172890014752,0.24931172890014752,0.24931172890014752,0.24931172890014752,0.24931172890014752,0.24931172890014752,0.24931172890014752,0.24931172890014752,0.24931172890014752,0.24931172890014752]","[0.7938545618942084,0.7938545618942084,0.7938545618942084,0.7938545618942084,0.7938545618942084,0.7938545618942084,0.7938545618942084,0.7938545618942084,0.7938545618942084,0.7938545618942084]","[log-normal,log-normal,log-normal,log-normal,log-normal,log-normal,log-normal,log-normal,log-normal,log-normal]","[31.771994403332094,31.772011980611033,31.77201364848081,31.771983897561753,31.77196006006799,31.771995773198118,31.771985087975775,31.772001014693412,31.771991504494935,31.771980438036657]","[1.0900368665270657,1.0900368665270657,1.0900368665270657,1.0900368665270657,1.0900368665270657,1.0900368665270657,1.0900368665270657,1.0900368665270657,1.0900368665270657,1.0900368665270657]","[-7589279235257075650,2638282199301353660,806017049055883891,6198143041799776449,7091026260393583891,-7811234699168776963,5956286961684079942,7985421138695155337,-1289069382863358112,-7500675615328506485]","[9999.999216586431,9999.999216586431,9999.999216586431,9999.999216586431,9999.999216586431,9999.999216586431,9999.999216586431,9999.999216586431,9999.999216586431,9999.999216586431]","[0.0495514746617409,0.0495514746617409,0.0495514746617409,0.0495514746617409,0.0495514746617409,0.0495514746617409,0.0495514746617409,0.0495514746617409,0.0495514746617409,0.0495514746617409]","[0.1000061312435533,0.1000061312435533,0.1000061312435533,0.1000061312435533,0.1000061312435533,0.1000061312435533,0.1000061312435533,0.1000061312435533,0.1000061312435533,0.1000061312435533]","[1.478181254669189,1.478181254669189,1.478181254669189,1.478181254669189,1.478181254669189,1.478181254669189,1.478181254669189,1.478181254669189,1.478181254669189,1.478181254669189]","[0.00961118811475028,0.00961118811475028,0.00961118811475028,0.00961118811475028,0.00961118811475028,0.00961118811475028,0.00961118811475028,0.00961118811475028,0.00961118811475028,0.00961118811475028]","[1.277165868072208,1.277165868072208,1.277165868072208,1.277165868072208,1.277165868072208,1.277165868072208,1.277165868072208,1.277165868072208,1.277165868072208,1.277165868072208]","[9319.777027938022,9319.777027938022,9319.777027938022,9319.777027938022,9319.777027938022,9319.777027938022,9319.777027938022,9319.777027938022,9319.777027938022,9319.777027938022]","[3.0,3.0,3.0,3.0,3.0,3.0,3.0,3.0,3.0,3.0]","[2.8903970980744607,2.8903970980744607,2.8903970980744607,2.8903970980744607,2.8903970980744607,2.8903970980744607,2.8903970980744607,2.8903970980744607,2.8903970980744607,2.8903970980744607]","[0.4919133467085829,0.4919133467085829,0.4919133467085829,0.4919133467085829,0.4919133467085829,0.4919133467085829,0.4919133467085829,0.4919133467085829,0.4919133467085829,0.4919133467085829]","[EU,EU,EU,EU,EU,EU,EU,EU,EU,EU]","[5263.188714772935,5263.188714772935,5263.188714772935,5263.188714772935,5263.188714772935,5263.188714772935,5263.188714772935,5263.188714772935,5263.188714772935,5263.188714772935]","[0.06099150209950966,0.06099208677287404,0.06099219919362228,0.06099159648187607,0.0609918854261524,0.060991722770397355,0.06099212180383873,0.060991562083726705,0.06099160514802592,0.060991571335511585]","[0.6241254271292629,0.6241254271292629,0.6241254271292629,0.6241254271292629,0.6241254271292629,0.6241254271292629,0.6241254271292629,0.6241254271292629,0.6241254271292629,0.6241254271292629]","[2.5233828803359355E-5,2.5233828803359355E-5,2.5233828803359355E-5,2.5233828803359355E-5,2.5233828803359355E-5,2.5233828803359355E-5,2.5233828803359355E-5,2.5233828803359355E-5,2.5233828803359355E-5,2.5233828803359355E-5]","[0.001421677926765706,0.001421677926765706,0.001421677926765706,0.001421677926765706,0.001421677926765706,0.001421677926765706,0.001421677926765706,0.001421677926765706,0.001421677926765706,0.001421677926765706]","[1590.6019798090917,1590.6019798090917,1590.6019798090917,1590.6019798090917,1590.6019798090917,1590.6019798090917,1590.6019798090917,1590.6019798090917,1590.6019798090917,1590.6019798090917]","[4.057762888624485E-5,4.057762888624485E-5,4.057762888624485E-5,4.057762888624485E-5,4.057762888624485E-5,4.057762888624485E-5,4.057762888624485E-5,4.057762888624485E-5,4.057762888624485E-5,4.057762888624485E-5]","[0.06601897793791663,0.06601897793791663,0.06601897793791663,0.06601897793791663,0.06601897793791663,0.06601897793791663,0.06601897793791663,0.06601897793791663,0.06601897793791663,0.06601897793791663]"
100000,100000,2.3447481052943876E-11,9315.210812810097,4627.043939913742,0.4896404027363151,1.356010376800169,0.06762117308165039,0.763067675073325,log-normal,3.1435975444733236E-4,0.03987653515092917,2.6515988171972182,2.5355194016756837,7510.745842878554,1.2906264549593585,2.9995941933558874,0.009853474216945476,0.1,9999.858551992214,2.4446536119092604E-5,2.026678707250899,0.7094349576429863,31.900310814532574,0.06081225587780345,10,93169,"[1.356010376800169,1.356010376800169,1.356010376800169,1.356010376800169,1.356010376800169,1.356010376800169,1.356010376800169,1.356010376800169,1.356010376800169,1.356010376800169]","[0.7094349576429863,0.7094349576429863,0.7094349576429863,0.7094349576429863,0.7094349576429863,0.7094349576429863,0.7094349576429863,0.7094349576429863,0.7094349576429863,0.7094349576429863]","[log-normal,log-normal,log-normal,log-normal,log-normal,log-normal,log-normal,log-normal,log-normal,log-normal]","[31.900310814532663,31.90031081453228,31.900310814532652,31.900310814532087,31.900310814532737,31.900310814532812,31.90031081453228,31.9003108145325,31.90031081453187,31.900310814532684]","[0.763067675073325,0.763067675073325,0.763067675073325,0.763067675073325,0.763067675073325,0.763067675073325,0.763067675073325,0.763067675073325,0.763067675073325,0.763067675073325]","[202411624394194024,-1153024281980147042,6892638143377401222,-5879282025337425621,846964791562138493,-9030776305003464585,3202720436528768267,-8107347649191416186,-5037761481582642055,-7309883488919425531]","[9999.858551992214,9999.858551992214,9999.858551992214,9999.858551992214,9999.858551992214,9999.858551992214,9999.858551992214,9999.858551992214,9999.858551992214,9999.858551992214]","[0.03987653515092917,0.03987653515092917,0.03987653515092917,0.03987653515092917,0.03987653515092917,0.03987653515092917,0.03987653515092917,0.03987653515092917,0.03987653515092917,0.03987653515092917]","[0.1,0.1,0.1,0.1,0.1,0.1,0.1,0.1,0.1,0.1]","[2.026678707250899,2.026678707250899,2.026678707250899,2.026678707250899,2.026678707250899,2.026678707250899,2.026678707250899,2.026678707250899,2.026678707250899,2.026678707250899]","[0.009853474216945476,0.009853474216945476,0.009853474216945476,0.009853474216945476,0.009853474216945476,0.009853474216945476,0.009853474216945476,0.009853474216945476,0.009853474216945476,0.009853474216945476]","[1.2906264549593585,1.2906264549593585,1.2906264549593585,1.2906264549593585,1.2906264549593585,1.2906264549593585,1.2906264549593585,1.2906264549593585,1.2906264549593585,1.2906264549593585]","[9315.210812810097,9315.210812810097,9315.210812810097,9315.210812810097,9315.210812810097,9315.210812810097,9315.210812810097,9315.210812810097,9315.210812810097,9315.210812810097]","[2.9995941933558874,2.9995941933558874,2.9995941933558874,2.9995941933558874,2.9995941933558874,2.9995941933558874,2.9995941933558874,2.9995941933558874,2.9995941933558874,2.9995941933558874]","[2.5355194016756837,2.5355194016756837,2.5355194016756837,2.5355194016756837,2.5355194016756837,2.5355194016756837,2.5355194016756837,2.5355194016756837,2.5355194016756837,2.5355194016756837]","[0.4896404027363151,0.4896404027363151,0.4896404027363151,0.4896404027363151,0.4896404027363151,0.4896404027363151,0.4896404027363151,0.4896404027363151,0.4896404027363151,0.4896404027363151]","[EU,EU,EU,EU,EU,EU,EU,EU,EU,EU]","[7510.745842878554,7510.745842878554,7510.745842878554,7510.745842878554,7510.745842878554,7510.745842878554,7510.745842878554,7510.745842878554,7510.745842878554,7510.745842878554]","[0.060812255877803825,0.06081225587780308,0.06081225587780212,0.060812255877812506,0.06081225587780735,0.060812255877802625,0.06081225587780531,0.060812255877802375,0.060812255877804616,0.060812255877802354]","[2.6515988171972182,2.6515988171972182,2.6515988171972182,2.6515988171972182,2.6515988171972182,2.6515988171972182,2.6515988171972182,2.6515988171972182,2.6515988171972182,2.6515988171972182]","[2.4446536119092604E-5,2.4446536119092604E-5,2.4446536119092604E-5,2.4446536119092604E-5,2.4446536119092604E-5,2.4446536119092604E-5,2.4446536119092604E-5,2.4446536119092604E-5,2.4446536119092604E-5,2.4446536119092604E-5]","[3.1435975444733236E-4,3.1435975444733236E-4,3.1435975444733236E-4,3.1435975444733236E-4,3.1435975444733236E-4,3.1435975444733236E-4,3.1435975444733236E-4,3.1435975444733236E-4,3.1435975444733236E-4,3.1435975444733236E-4]","[4627.043939913742,4627.043939913742,4627.043939913742,4627.043939913742,4627.043939913742,4627.043939913742,4627.043939913742,4627.043939913742,4627.043939913742,4627.043939913742]","[2.3447481052943876E-11,2.3447481052943876E-11,2.3447481052943876E-11,2.3447481052943876E-11,2.3447481052943876E-11,2.3447481052943876E-11,2.3447481052943876E-11,2.3447481052943876E-11,2.3447481052943876E-11,2.3447481052943876E-11]","[0.06762117308165039,0.06762117308165039,0.06762117308165039,0.06762117308165039,0.06762117308165039,0.06762117308165039,0.06762117308165039,0.06762117308165039,0.06762117308165039,0.06762117308165039]"
100000,100000,0.0,9264.462969779775,3538.995095197391,0.4923424985242486,2.2169567288225873,0.08032124201357964,0.9762185693571478,normal,2.9391110173790857E-4,0.041933571743072676,2.8336335221419953,2.5835260915063794,7499.868406323358,1.2906787099594383,3.0,0.009805277948372208,0.10000023060991366,9998.907649856777,2.4581399266022974E-5,2.2813655568282907,0.6580611824659625,31.89980796100577,0.06089404168090888,10,92672,"[2.2169567288225873,2.2169567288225873,2.2169567288225873,2.2169567288225873,2.2169567288225873,2.2169567288225873,2.2169567288225873,2.2169567288225873,2.2169567288225873,2.2169567288225873]","[0.6580611824659625,0.6580611824659625,0.6580611824659625,0.6580611824659625,0.6580611824659625,0.6580611824659625,0.6580611824659625,0.6580611824659625,0.6580611824659625,0.6580611824659625]","[normal,normal,normal,normal,normal,normal,normal,normal,normal,normal]","[31.89980796100577,31.89980796100577,31.89980796100577,31.89980796100577,31.89980796100577,31.89980796100577,31.89980796100577,31.89980796100577,31.89980796100577,31.89980796100577]","[0.9762185693571478,0.9762185693571478,0.9762185693571478,0.9762185693571478,0.9762185693571478,0.9762185693571478,0.9762185693571478,0.9762185693571478,0.9762185693571478,0.9762185693571478]","[-4682303292393724915,-4053221721864050220,-3791710040483695517,1278280940961758566,-1909603758066409205,-4066901990870847192,5150450326366154067,-4068085295135326731,3830330733803464390,7762973239245143919]","[9998.907649856777,9998.907649856777,9998.907649856777,9998.907649856777,9998.907649856777,9998.907649856777,9998.907649856777,9998.907649856777,9998.907649856777,9998.907649856777]","[0.041933571743072676,0.041933571743072676,0.041933571743072676,0.041933571743072676,0.041933571743072676,0.041933571743072676,0.041933571743072676,0.041933571743072676,0.041933571743072676,0.041933571743072676]","[0.10000023060991366,0.10000023060991366,0.10000023060991366,0.10000023060991366,0.10000023060991366,0.10000023060991366,0.10000023060991366,0.10000023060991366,0.10000023060991366,0.10000023060991366]","[2.2813655568282907,2.2813655568282907,2.2813655568282907,2.2813655568282907,2.2813655568282907,2.2813655568282907,2.2813655568282907,2.2813655568282907,2.2813655568282907,2.2813655568282907]","[0.009805277948372208,0.009805277948372208,0.009805277948372208,0.009805277948372208,0.009805277948372208,0.009805277948372208,0.009805277948372208,0.009805277948372208,0.009805277948372208,0.009805277948372208]","[1.2906787099594383,1.2906787099594383,1.2906787099594383,1.2906787099594383,1.2906787099594383,1.2906787099594383,1.2906787099594383,1.2906787099594383,1.2906787099594383,1.2906787099594383]","[9264.462969779775,9264.462969779775,9264.462969779775,9264.462969779775,9264.462969779775,9264.462969779775,9264.462969779775,9264.462969779775,9264.462969779775,9264.462969779775]","[3.0,3.0,3.0,3.0,3.0,3.0,3.0,3.0,3.0,3.0]","[2.5835260915063794,2.5835260915063794,2.5835260915063794,2.5835260915063794,2.5835260915063794,2.5835260915063794,2.5835260915063794,2.5835260915063794,2.5835260915063794,2.5835260915063794]","[0.4923424985242486,0.4923424985242486,0.4923424985242486,0.4923424985242486,0.4923424985242486,0.4923424985242486,0.4923424985242486,0.4923424985242486,0.4923424985242486,0.4923424985242486]","[EU,EU,EU,EU,EU,EU,EU,EU,EU,EU]","[7499.868406323358,7499.868406323358,7499.868406323358,7499.868406323358,7499.868406323358,7499.868406323358,7499.868406323358,7499.868406323358,7499.868406323358,7499.868406323358]","[0.06089404168090888,0.06089404168090888,0.06089404168090888,0.06089404168090888,0.06089404168090888,0.06089404168090888,0.06089404168090888,0.06089404168090888,0.06089404168090888,0.06089404168090888]","[2.8336335221419953,2.8336335221419953,2.8336335221419953,2.8336335221419953,2.8336335221419953,2.8336335221419953,2.8336335221419953,2.8336335221419953,2.8336335221419953,2.8336335221419953]","[2.4581399266022974E-5,2.4581399266022974E-5,2.4581399266022974E-5,2.4581399266022974E-5,2.4581399266022974E-5,2.4581399266022974E-5,2.4581399266022974E-5,2.4581399266022974E-5,2.4581399266022974E-5,2.4581399266022974E-5]","[2.9391110173790857E-4,2.9391110173790857E-4,2.9391110173790857E-4,2.9391110173790857E-4,2.9391110173790857E-4,2.9391110173790857E-4,2.9391110173790857E-4,2.9391110173790857E-4,2.9391110173790857E-4,2.9391110173790857E-4]","[3538.995095197391,3538.995095197391,3538.995095197391,3538.995095197391,3538.995095197391,3538.995095197391,3538.995095197391,3538.995095197391,3538.995095197391,3538.995095197391]","[0.0,0.0,0.0,0.0,0.0,0.0,0.0,0.0,0.0,0.0]","[0.08032124201357964,0.08032124201357964,0.08032124201357964,0.08032124201357964,0.08032124201357964,0.08032124201357964,0.08032124201357964,0.08032124201357964,0.08032124201357964,0.08032124201357964]"
100000,100000,0.0,9275.271105335265,3586.3011463615976,0.49189924551176384,2.087332805547569,0.07320363631071146,0.9811521040630138,log-normal,2.967166737016843E-4,0.04155738618436471,2.919837455188402,2.5588118138208054,7642.454740964322,1.2918263407799677,2.9950127517373066,0.009797713135927213,0.10000406639524707,9998.847794278485,2.4335531181882117E-5,2.301605328016125,0.6678705048950173,31.899717118217566,0.06090686950000174,10,94409,"[2.087332805547569,2.087332805547569,2.087332805547569,2.087332805547569,2.087332805547569,2.087332805547569,2.087332805547569,2.087332805547569,2.087332805547569,2.087332805547569]","[0.6678705048950173,0.6678705048950173,0.6678705048950173,0.6678705048950173,0.6678705048950173,0.6678705048950173,0.6678705048950173,0.6678705048950173,0.6678705048950173,0.6678705048950173]","[log-normal,log-normal,log-normal,log-normal,log-normal,log-normal,log-normal,log-normal,log-normal,log-normal]","[31.899717118217566,31.899717118217566,31.899717118217566,31.899717118217566,31.899717118217566,31.899717118217566,31.899717118217566,31.899717118217566,31.899717118217566,31.899717118217566]","[0.9811521040630138,0.9811521040630138,0.9811521040630138,0.9811521040630138,0.9811521040630138,0.9811521040630138,0.9811521040630138,0.9811521040630138,0.9811521040630138,0.9811521040630138]","[-4706033637932795481,-6474240155040680322,-5461752261062336042,3084687729770330357,-474929206124908166,1237333661053019538,-7794063612478525139,5691403833967502555,651217559179852469,-5478972573884127350]","[9998.847794278485,9998.847794278485,9998.847794278485,9998.847794278485,9998.847794278485,9998.847794278485,9998.847794278485,9998.847794278485,9998.847794278485,9998.847794278485]","[0.04155738618436471,0.04155738618436471,0.04155738618436471,0.04155738618436471,0.04155738618436471,0.04155738618436471,0.04155738618436471,0.04155738618436471,0.04155738618436471,0.04155738618436471]","[0.10000406639524707,0.10000406639524707,0.10000406639524707,0.10000406639524707,0.10000406639524707,0.10000406639524707,0.10000406639524707,0.10000406639524707,0.10000406639524707,0.10000406639524707]","[2.301605328016125,2.301605328016125,2.301605328016125,2.301605328016125,2.301605328016125,2.301605328016125,2.301605328016125,2.301605328016125,2.301605328016125,2.301605328016125]","[0.009797713135927213,0.009797713135927213,0.009797713135927213,0.009797713135927213,0.009797713135927213,0.009797713135927213,0.009797713135927213,0.009797713135927213,0.009797713135927213,0.009797713135927213]","[1.2918263407799677,1.2918263407799677,1.2918263407799677,1.2918263407799677,1.2918263407799677,1.2918263407799677,1.2918263407799677,1.2918263407799677,1.2918263407799677,1.2918263407799677]","[9275.271105335265,9275.271105335265,9275.271105335265,9275.271105335265,9275.271105335265,9275.271105335265,9275.271105335265,9275.271105335265,9275.271105335265,9275.271105335265]","[2.9950127517373066,2.9950127517373066,2.9950127517373066,2.9950127517373066,2.9950127517373066,2.9950127517373066,2.9950127517373066,2.9950127517373066,2.9950127517373066,2.9950127517373066]","[2.5588118138208054,2.5588118138208054,2.5588118138208054,2.5588118138208054,2.5588118138208054,2.5588118138208054,2.5588118138208054,2.5588118138208054,2.5588118138208054,2.5588118138208054]","[0.49189924551176384,0.49189924551176384,0.49189924551176384,0.49189924551176384,0.49189924551176384,0.49189924551176384,0.49189924551176384,0.49189924551176384,0.49189924551176384,0.49189924551176384]","[EU,EU,EU,EU,EU,EU,EU,EU,EU,EU]","[7642.454740964322,7642.454740964322,7642.454740964322,7642.454740964322,7642.454740964322,7642.454740964322,7642.454740964322,7642.454740964322,7642.454740964322,7642.454740964322]","[0.06090686950000174,0.06090686950000174,0.06090686950000174,0.06090686950000174,0.06090686950000174,0.06090686950000174,0.06090686950000174,0.06090686950000174,0.06090686950000174,0.06090686950000174]","[2.919837455188402,2.919837455188402,2.919837455188402,2.919837455188402,2.919837455188402,2.919837455188402,2.919837455188402,2.919837455188402,2.919837455188402,2.919837455188402]","[2.4335531181882117E-5,2.4335531181882117E-5,2.4335531181882117E-5,2.4335531181882117E-5,2.4335531181882117E-5,2.4335531181882117E-5,2.4335531181882117E-5,2.4335531181882117E-5,2.4335531181882117E-5,2.4335531181882117E-5]","[2.967166737016843E-4,2.967166737016843E-4,2.967166737016843E-4,2.967166737016843E-4,2.967166737016843E-4,2.967166737016843E-4,2.967166737016843E-4,2.967166737016843E-4,2.967166737016843E-4,2.967166737016843E-4]","[3586.3011463615976,3586.3011463615976,3586.3011463615976,3586.3011463615976,3586.3011463615976,3586.3011463615976,3586.3011463615976,3586.3011463615976,3586.3011463615976,3586.3011463615976]","[0.0,0.0,0.0,0.0,0.0,0.0,0.0,0.0,0.0,0.0]","[0.07320363631071146,0.07320363631071146,0.07320363631071146,0.07320363631071146,0.07320363631071146,0.07320363631071146,0.07320363631071146,0.07320363631071146,0.07320363631071146,0.07320363631071146]"
100000,100000,0.0,9402.374875937696,5170.432706263569,0.4987306877225728,1.2963511781691153,0.07238160664038683,0.7992761615157018,log-normal,3.185176875926455E-4,0.040398472365439926,2.6078990696740543,2.5430584918437575,7416.727764423189,1.2910642155306067,2.999911543398504,0.009868112485141845,0.10000019512426665,9999.861441392986,2.4735132389919302E-5,2.085193249115142,0.6730848759529685,31.900480494989505,0.06078743422592587,10,94823,"[1.2963511781691153,1.2963511781691153,1.2963511781691153,1.2963511781691153,1.2963511781691153,1.2963511781691153,1.2963511781691153,1.2963511781691153,1.2963511781691153,1.2963511781691153]","[0.6730848759529685,0.6730848759529685,0.6730848759529685,0.6730848759529685,0.6730848759529685,0.6730848759529685,0.6730848759529685,0.6730848759529685,0.6730848759529685,0.6730848759529685]","[log-normal,log-normal,log-normal,log-normal,log-normal,log-normal,log-normal,log-normal,log-normal,log-normal]","[31.900480494989505,31.900480494989505,31.900480494989505,31.900480494989505,31.900480494989505,31.900480494989505,31.900480494989505,31.900480494989505,31.900480494989505,31.900480494989505]","[0.7992761615157018,0.7992761615157018,0.7992761615157018,0.7992761615157018,0.7992761615157018,0.7992761615157018,0.7992761615157018,0.7992761615157018,0.7992761615157018,0.7992761615157018]","[-8000591432338019825,9039058776562137698,-8530547366528126344,-1749067032641507561,-7871533376193959655,3219370680550553318,-7691304390682905484,8199659715064980996,8821748091132280314,-7587784049136996393]","[9999.861441392986,9999.861441392986,9999.861441392986,9999.861441392986,9999.861441392986,9999.861441392986,9999.861441392986,9999.861441392986,9999.861441392986,9999.861441392986]","[0.040398472365439926,0.040398472365439926,0.040398472365439926,0.040398472365439926,0.040398472365439926,0.040398472365439926,0.040398472365439926,0.040398472365439926,0.040398472365439926,0.040398472365439926]","[0.10000019512426665,0.10000019512426665,0.10000019512426665,0.10000019512426665,0.10000019512426665,0.10000019512426665,0.10000019512426665,0.10000019512426665,0.10000019512426665,0.10000019512426665]","[2.085193249115142,2.085193249115142,2.085193249115142,2.085193249115142,2.085193249115142,2.085193249115142,2.085193249115142,2.085193249115142,2.085193249115142,2.085193249115142]","[0.009868112485141845,0.009868112485141845,0.009868112485141845,0.009868112485141845,0.009868112485141845,0.009868112485141845,0.009868112485141845,0.009868112485141845,0.009868112485141845,0.009868112485141845]","[1.2910642155306067,1.2910642155306067,1.2910642155306067,1.2910642155306067,1.2910642155306067,1.2910642155306067,1.2910642155306067,1.2910642155306067,1.2910642155306067,1.2910642155306067]","[9402.374875937696,9402.374875937696,9402.374875937696,9402.374875937696,9402.374875937696,9402.374875937696,9402.374875937696,9402.374875937696,9402.374875937696,9402.374875937696]","[2.999911543398504,2.999911543398504,2.999911543398504,2.999911543398504,2.999911543398504,2.999911543398504,2.999911543398504,2.999911543398504,2.999911543398504,2.999911543398504]","[2.5430584918437575,2.5430584918437575,2.5430584918437575,2.5430584918437575,2.5430584918437575,2.5430584918437575,2.5430584918437575,2.5430584918437575,2.5430584918437575,2.5430584918437575]","[0.4987306877225728,0.4987306877225728,0.4987306877225728,0.4987306877225728,0.4987306877225728,0.4987306877225728,0.4987306877225728,0.4987306877225728,0.4987306877225728,0.4987306877225728]","[EU,EU,EU,EU,EU,EU,EU,EU,EU,EU]","[7416.727764423189,7416.727764423189,7416.727764423189,7416.727764423189,7416.727764423189,7416.727764423189,7416.727764423189,7416.727764423189,7416.727764423189,7416.727764423189]","[0.06078743422592587,0.06078743422592587,0.06078743422592587,0.06078743422592587,0.06078743422592587,0.06078743422592587,0.06078743422592587,0.06078743422592587,0.06078743422592587,0.06078743422592587]","[2.6078990696740543,2.6078990696740543,2.6078990696740543,2.6078990696740543,2.6078990696740543,2.6078990696740543,2.6078990696740543,2.6078990696740543,2.6078990696740543,2.6078990696740543]","[2.4735132389919302E-5,2.4735132389919302E-5,2.4735132389919302E-5,2.4735132389919302E-5,2.4735132389919302E-5,2.4735132389919302E-5,2.4735132389919302E-5,2.4735132389919302E-5,2.4735132389919302E-5,2.4735132389919302E-5]","[3.185176875926455E-4,3.185176875926455E-4,3.185176875926455E-4,3.185176875926455E-4,3.185176875926455E-4,3.185176875926455E-4,3.185176875926455E-4,3.185176875926455E-4,3.185176875926455E-4,3.185176875926455E-4]","[5170.432706263569,5170.432706263569,5170.432706263569,5170.432706263569,5170.432706263569,5170.432706263569,5170.432706263569,5170.432706263569,5170.432706263569,5170.432706263569]","[0.0,0.0,0.0,0.0,0.0,0.0,0.0,0.0,0.0,0.0]","[0.07238160664038683,0.07238160664038683,0.07238160664038683,0.07238160664038683,0.07238160664038683,0.07238160664038683,0.07238160664038683,0.07238160664038683,0.07238160664038683,0.07238160664038683]"
100000,100000,0.0,9258.353580061259,3771.3826654625996,0.49582360776067813,2.1301899648238667,0.07955466776010019,0.9758539020755447,normal,2.956907267913164E-4,0.041700682280427344,2.889344002551555,2.5327722288179433,7911.053202344494,1.2902656220712028,2.990286376490826,0.009778838889093828,0.10000035330445245,9998.743381082897,2.2342363581441918E-5,2.2842995209129593,0.665928650204653,31.899550801159663,0.06093904174528245,10,91356,"[2.1301899648238667,2.1301899648238667,2.1301899648238667,2.1301899648238667,2.1301899648238667,2.1301899648238667,2.1301899648238667,2.1301899648238667,2.1301899648238667,2.1301899648238667]","[0.665928650204653,0.665928650204653,0.665928650204653,0.665928650204653,0.665928650204653,0.665928650204653,0.665928650204653,0.665928650204653,0.665928650204653,0.665928650204653]","[normal,normal,normal,normal,normal,normal,normal,normal,normal,normal]","[31.899550801159663,31.899550801159663,31.899550801159663,31.899550801159663,31.899550801159663,31.899550801159663,31.899550801159663,31.899550801159663,31.899550801159663,31.899550801159663]","[0.9758539020755447,0.9758539020755447,0.9758539020755447,0.9758539020755447,0.9758539020755447,0.9758539020755447,0.9758539020755447,0.9758539020755447,0.9758539020755447,0.9758539020755447]","[6697316701400824126,-229159605996948055,-4304380399836042492,9007994095807064845,-8981675619238875940,2452300334956341761,-3278204279922332791,4180252155152430328,-7686134901294465091,6238790159460528632]","[9998.743381082897,9998.743381082897,9998.743381082897,9998.743381082897,9998.743381082897,9998.743381082897,9998.743381082897,9998.743381082897,9998.743381082897,9998.743381082897]","[0.041700682280427344,0.041700682280427344,0.041700682280427344,0.041700682280427344,0.041700682280427344,0.041700682280427344,0.041700682280427344,0.041700682280427344,0.041700682280427344,0.041700682280427344]","[0.10000035330445245,0.10000035330445245,0.10000035330445245,0.10000035330445245,0.10000035330445245,0.10000035330445245,0.10000035330445245,0.10000035330445245,0.10000035330445245,0.10000035330445245]","[2.2842995209129593,2.2842995209129593,2.2842995209129593,2.2842995209129593,2.2842995209129593,2.2842995209129593,2.2842995209129593,2.2842995209129593,2.2842995209129593,2.2842995209129593]","[0.009778838889093828,0.009778838889093828,0.009778838889093828,0.009778838889093828,0.009778838889093828,0.009778838889093828,0.009778838889093828,0.009778838889093828,0.009778838889093828,0.009778838889093828]","[1.2902656220712028,1.2902656220712028,1.2902656220712028,1.2902656220712028,1.2902656220712028,1.2902656220712028,1.2902656220712028,1.2902656220712028,1.2902656220712028,1.2902656220712028]","[9258.353580061259,9258.353580061259,9258.353580061259,9258.353580061259,9258.353580061259,9258.353580061259,9258.353580061259,9258.353580061259,9258.353580061259,9258.353580061259]","[2.990286376490826,2.990286376490826,2.990286376490826,2.990286376490826,2.990286376490826,2.990286376490826,2.990286376490826,2.990286376490826,2.990286376490826,2.990286376490826]","[2.5327722288179433,2.5327722288179433,2.5327722288179433,2.5327722288179433,2.5327722288179433,2.5327722288179433,2.5327722288179433,2.5327722288179433,2.5327722288179433,2.5327722288179433]","[0.49582360776067813,0.49582360776067813,0.49582360776067813,0.49582360776067813,0.49582360776067813,0.49582360776067813,0.49582360776067813,0.49582360776067813,0.49582360776067813,0.49582360776067813]","[EU,EU,EU,EU,EU,EU,EU,EU,EU,EU]","[7911.053202344494,7911.053202344494,7911.053202344494,7911.053202344494,7911.053202344494,7911.053202344494,7911.053202344494,7911.053202344494,7911.053202344494,7911.053202344494]","[0.06093904174528245,0.06093904174528245,0.06093904174528245,0.06093904174528245,0.06093904174528245,0.06093904174528245,0.06093904174528245,0.06093904174528245,0.06093904174528245,0.06093904174528245]","[2.889344002551555,2.889344002551555,2.889344002551555,2.889344002551555,2.889344002551555,2.889344002551555,2.889344002551555,2.889344002551555,2.889344002551555,2.889344002551555]","[2.2342363581441918E-5,2.2342363581441918E-5,2.2342363581441918E-5,2.2342363581441918E-5,2.2342363581441918E-5,2.2342363581441918E-5,2.2342363581441918E-5,2.2342363581441918E-5,2.2342363581441918E-5,2.2342363581441918E-5]","[2.956907267913164E-4,2.956907267913164E-4,2.956907267913164E-4,2.956907267913164E-4,2.956907267913164E-4,2.956907267913164E-4,2.956907267913164E-4,2.956907267913164E-4,2.956907267913164E-4,2.956907267913164E-4]","[3771.3826654625996,3771.3826654625996,3771.3826654625996,3771.3826654625996,3771.3826654625996,3771.3826654625996,3771.3826654625996,3771.3826654625996,3771.3826654625996,3771.3826654625996]","[0.0,0.0,0.0,0.0,0.0,0.0,0.0,0.0,0.0,0.0]","[0.07955466776010019,0.07955466776010019,0.07955466776010019,0.07955466776010019,0.07955466776010019,0.07955466776010019,0.07955466776010019,0.07955466776010019,0.07955466776010019,0.07955466776010019]"
100000,100000,1.4535414448076198E-8,9326.9919675603,4958.300308488944,0.499962276747518,1.3909913835050638,0.061107920189739276,0.8063767792661902,log-normal,3.051285296604128E-4,0.0396116985943689,2.6672695563971365,2.5176603646928584,7663.169843696912,1.291501474581855,2.989411907030788,0.009879758456000582,0.10000014779291792,9999.991875620495,2.507749057739458E-5,2.1603924690876406,0.7442448610911704,31.900647724457777,0.06076796266669864,10,94393,"[1.3909913835050638,1.3909913835050638,1.3909913835050638,1.3909913835050638,1.3909913835050638,1.3909913835050638,1.3909913835050638,1.3909913835050638,1.3909913835050638,1.3909913835050638]","[0.7442448610911704,0.7442448610911704,0.7442448610911704,0.7442448610911704,0.7442448610911704,0.7442448610911704,0.7442448610911704,0.7442448610911704,0.7442448610911704,0.7442448610911704]","[log-normal,log-normal,log-normal,log-normal,log-normal,log-normal,log-normal,log-normal,log-normal,log-normal]","[31.90064772449871,31.900647724354226,31.900647724609392,31.900647724416846,31.90064772453011,31.90064772453526,31.900647724101717,31.900647724302996,31.900647724170547,31.900647724564532]","[0.8063767792661902,0.8063767792661902,0.8063767792661902,0.8063767792661902,0.8063767792661902,0.8063767792661902,0.8063767792661902,0.8063767792661902,0.8063767792661902,0.8063767792661902]","[1398023293996269162,-3813689121117306968,-5590923002665930629,-3882014142737224609,8347146449474248856,-7808955422609741177,1225721287021394033,7564054943963996875,4931644774437616738,-4627104293409196804]","[9999.991875620495,9999.991875620495,9999.991875620495,9999.991875620495,9999.991875620495,9999.991875620495,9999.991875620495,9999.991875620495,9999.991875620495,9999.991875620495]","[0.0396116985943689,0.0396116985943689,0.0396116985943689,0.0396116985943689,0.0396116985943689,0.0396116985943689,0.0396116985943689,0.0396116985943689,0.0396116985943689,0.0396116985943689]","[0.10000014779291792,0.10000014779291792,0.10000014779291792,0.10000014779291792,0.10000014779291792,0.10000014779291792,0.10000014779291792,0.10000014779291792,0.10000014779291792,0.10000014779291792]","[2.1603924690876406,2.1603924690876406,2.1603924690876406,2.1603924690876406,2.1603924690876406,2.1603924690876406,2.1603924690876406,2.1603924690876406,2.1603924690876406,2.1603924690876406]","[0.009879758456000582,0.009879758456000582,0.009879758456000582,0.009879758456000582,0.009879758456000582,0.009879758456000582,0.009879758456000582,0.009879758456000582,0.009879758456000582,0.009879758456000582]","[1.291501474581855,1.291501474581855,1.291501474581855,1.291501474581855,1.291501474581855,1.291501474581855,1.291501474581855,1.291501474581855,1.291501474581855,1.291501474581855]","[9326.9919675603,9326.9919675603,9326.9919675603,9326.9919675603,9326.9919675603,9326.9919675603,9326.9919675603,9326.9919675603,9326.9919675603,9326.9919675603]","[2.989411907030788,2.989411907030788,2.989411907030788,2.989411907030788,2.989411907030788,2.989411907030788,2.989411907030788,2.989411907030788,2.989411907030788,2.989411907030788]","[2.5176603646928584,2.5176603646928584,2.5176603646928584,2.5176603646928584,2.5176603646928584,2.5176603646928584,2.5176603646928584,2.5176603646928584,2.5176603646928584,2.5176603646928584]","[0.499962276747518,0.499962276747518,0.499962276747518,0.499962276747518,0.499962276747518,0.499962276747518,0.499962276747518,0.499962276747518,0.499962276747518,0.499962276747518]","[EU,EU,EU,EU,EU,EU,EU,EU,EU,EU]","[7663.169843696912,7663.169843696912,7663.169843696912,7663.169843696912,7663.169843696912,7663.169843696912,7663.169843696912,7663.169843696912,7663.169843696912,7663.169843696912]","[0.060767962666679394,0.06076796266609234,0.06076796266671789,0.06076796266603355,0.06076796266678491,0.06076796266690886,0.060767962665989717,0.06076796266785723,0.060767962666008084,0.060767962667238544]","[2.6672695563971365,2.6672695563971365,2.6672695563971365,2.6672695563971365,2.6672695563971365,2.6672695563971365,2.6672695563971365,2.6672695563971365,2.6672695563971365,2.6672695563971365]","[2.507749057739458E-5,2.507749057739458E-5,2.507749057739458E-5,2.507749057739458E-5,2.507749057739458E-5,2.507749057739458E-5,2.507749057739458E-5,2.507749057739458E-5,2.507749057739458E-5,2.507749057739458E-5]","[3.051285296604128E-4,3.051285296604128E-4,3.051285296604128E-4,3.051285296604128E-4,3.051285296604128E-4,3.051285296604128E-4,3.051285296604128E-4,3.051285296604128E-4,3.051285296604128E-4,3.051285296604128E-4]","[4958.300308488944,4958.300308488944,4958.300308488944,4958.300308488944,4958.300308488944,4958.300308488944,4958.300308488944,4958.300308488944,4958.300308488944,4958.300308488944]","[1.4535414448076198E-8,1.4535414448076198E-8,1.4535414448076198E-8,1.4535414448076198E-8,1.4535414448076198E-8,1.4535414448076198E-8,1.4535414448076198E-8,1.4535414448076198E-8,1.4535414448076198E-8,1.4535414448076198E-8]","[0.061107920189739276,0.061107920189739276,0.061107920189739276,0.061107920189739276,0.061107920189739276,0.061107920189739276,0.061107920189739276,0.061107920189739276,0.061107920189739276,0.061107920189739276]"
100000,100000,2.7299034170457397E-6,8759.86547821222,346.7121356164891,0.36357368203065066,1.2263538493614987,0.12588450691849815,1.0004803911654414,log-normal,4.774697792457836E-4,0.02118321563706591,2.2653666627123217,2.9620236768321906,7316.258635212948,1.3430733545030962,1.6463471430651984,0.01,0.1,9972.69185949671,2.237080987819315E-5,2.1335255532580697,0.8260997721317681,31.907343445672005,0.06059904997115151,10,13199,"[1.2263538493614987,1.2263538493614987,1.2263538493614987,1.2263538493614987,1.2263538493614987,1.2263538493614987,1.2263538493614987,1.2263538493614987,1.2263538493614987,1.2263538493614987]","[0.8260997721317681,0.8260997721317681,0.8260997721317681,0.8260997721317681,0.8260997721317681,0.8260997721317681,0.8260997721317681,0.8260997721317681,0.8260997721317681,0.8260997721317681]","[log-normal,log-normal,log-normal,log-normal,log-normal,log-normal,log-normal,log-normal,log-normal,log-normal]","[31.907322013040936,31.90734640716581,31.90734678805068,31.907373457156954,31.907326566122105,31.90735187563654,31.907347236190674,31.907340484178196,31.90733256778356,31.907307315612723]","[1.0004803911654414,1.0004803911654414,1.0004803911654414,1.0004803911654414,1.0004803911654414,1.0004803911654414,1.0004803911654414,1.0004803911654414,1.0004803911654414,1.0004803911654414]","[-4148574479023703897,5035738743883391491,3685503298515756439,-7337079195834258793,8450264554894817460,-5561416243040720291,-2118813109085962499,6648024516340382968,-5151203905425609895,-206989136944963518]","[9972.69185949671,9972.69185949671,9972.69185949671,9972.69185949671,9972.69185949671,9972.69185949671,9972.69185949671,9972.69185949671,9972.69185949671,9972.69185949671]","[0.02118321563706591,0.02118321563706591,0.02118321563706591,0.02118321563706591,0.02118321563706591,0.02118321563706591,0.02118321563706591,0.02118321563706591,0.02118321563706591,0.02118321563706591]","[0.1,0.1,0.1,0.1,0.1,0.1,0.1,0.1,0.1,0.1]","[2.1335255532580697,2.1335255532580697,2.1335255532580697,2.1335255532580697,2.1335255532580697,2.1335255532580697,2.1335255532580697,2.1335255532580697,2.1335255532580697,2.1335255532580697]","[0.01,0.01,0.01,0.01,0.01,0.01,0.01,0.01,0.01,0.01]","[1.3430733545030962,1.3430733545030962,1.3430733545030962,1.3430733545030962,1.3430733545030962,1.3430733545030962,1.3430733545030962,1.3430733545030962,1.3430733545030962,1.3430733545030962]","[8759.86547821222,8759.86547821222,8759.86547821222,8759.86547821222,8759.86547821222,8759.86547821222,8759.86547821222,8759.86547821222,8759.86547821222,8759.86547821222]","[1.6463471430651984,1.6463471430651984,1.6463471430651984,1.6463471430651984,1.6463471430651984,1.6463471430651984,1.6463471430651984,1.6463471430651984,1.6463471430651984,1.6463471430651984]","[2.9620236768321906,2.9620236768321906,2.9620236768321906,2.9620236768321906,2.9620236768321906,2.9620236768321906,2.9620236768321906,2.9620236768321906,2.9620236768321906,2.9620236768321906]","[0.36357368203065066,0.36357368203065066,0.36357368203065066,0.36357368203065066,0.36357368203065066,0.36357368203065066,0.36357368203065066,0.36357368203065066,0.36357368203065066,0.36357368203065066]","[EU,EU,EU,EU,EU,EU,EU,EU,EU,EU]","[7316.258635212948,7316.258635212948,7316.258635212948,7316.258635212948,7316.258635212948,7316.258635212948,7316.258635212948,7316.258635212948,7316.258635212948,7316.258635212948]","[0.0605990808270555,0.06059895802947061,0.06059898013400209,0.06059950687808733,0.06059905710398362,0.06059909703819512,0.060598956757126454,0.06059892235446034,0.0605990428383194,0.0605990679968947]","[2.2653666627123217,2.2653666627123217,2.2653666627123217,2.2653666627123217,2.2653666627123217,2.2653666627123217,2.2653666627123217,2.2653666627123217,2.2653666627123217,2.2653666627123217]","[2.237080987819315E-5,2.237080987819315E-5,2.237080987819315E-5,2.237080987819315E-5,2.237080987819315E-5,2.237080987819315E-5,2.237080987819315E-5,2.237080987819315E-5,2.237080987819315E-5,2.237080987819315E-5]","[4.774697792457836E-4,4.774697792457836E-4,4.774697792457836E-4,4.774697792457836E-4,4.774697792457836E-4,4.774697792457836E-4,4.774697792457836E-4,4.774697792457836E-4,4.774697792457836E-4,4.774697792457836E-4]","[346.7121356164891,346.7121356164891,346.7121356164891,346.7121356164891,346.7121356164891,346.7121356164891,346.7121356164891,346.7121356164891,346.7121356164891,346.7121356164891]","[2.7299034170457397E-6,2.7299034170457397E-6,2.7299034170457397E-6,2.7299034170457397E-6,2.7299034170457397E-6,2.7299034170457397E-6,2.7299034170457397E-6,2.7299034170457397E-6,2.7299034170457397E-6,2.7299034170457397E-6]","[0.12588450691849815,0.12588450691849815,0.12588450691849815,0.12588450691849815,0.12588450691849815,0.12588450691849815,0.12588450691849815,0.12588450691849815,0.12588450691849815,0.12588450691849815]"
100000,100000,0.0,9361.398365029427,5272.715470707266,0.49442314077048916,1.2909518911247666,0.06189309040816151,0.8108285423590018,normal,3.11551087429225E-4,0.040691620993360864,2.568956986716621,2.535456724471155,7607.27928088243,1.2921789590422468,3.0,0.00991746953810421,0.10000014592121319,9999.852085875369,2.4707252540272927E-5,2.0816087303888646,0.7104151743614457,31.90102344851548,0.06070426553806207,2,98153,"[1.2909518911247666,1.2909518911247666]","[0.7104151743614457,0.7104151743614457]","[normal,normal]","[31.90102344851548,31.90102344851548]","[0.8108285423590018,0.8108285423590018]","[7614303551585353726,1884248066424792838]","[9999.852085875369,9999.852085875369]","[0.040691620993360864,0.040691620993360864]","[0.10000014592121319,0.10000014592121319]","[2.0816087303888646,2.0816087303888646]","[0.00991746953810421,0.00991746953810421]","[1.2921789590422468,1.2921789590422468]","[9361.398365029427,9361.398365029427]","[3.0,3.0]","[2.535456724471155,2.535456724471155]","[0.49442314077048916,0.49442314077048916]","[EU,EU]","[7607.27928088243,7607.27928088243]","[0.06070426553806207,0.06070426553806207]","[2.568956986716621,2.568956986716621]","[2.4707252540272927E-5,2.4707252540272927E-5]","[3.11551087429225E-4,3.11551087429225E-4]","[5272.715470707266,5272.715470707266]","[0.0,0.0]","[0.06189309040816151,0.06189309040816151]"
100000,100000,2.4647723181915563E-5,8370.222158584282,2292.847917270029,0.5,0.12424523923905942,0.06953928546079646,1.1082808987164015,normal,0.0011495542338225177,0.05,0.6383583646375618,2.9991316442166203,4984.306335942641,1.2744469182789646,2.9922807845594503,0.009773495446959133,0.10000358889664258,9999.963640892387,2.5405601333953445E-5,1.7177818786279164,0.7459004152440254,31.77436051948016,0.06074854094869306,4,97675,"[0.12424523923905942,0.12424523923905942,0.12424523923905942,0.12424523923905942]","[0.7459004152440254,0.7459004152440254,0.7459004152440254,0.7459004152440254]","[normal,normal,normal,normal]","[31.77436331772711,31.77435976162127,31.774356067222445,31.77436127733905]","[1.1082808987164015,1.1082808987164015,1.1082808987164015,1.1082808987164015]","[3485290090660755316,-2543740744335688137,-1378449997556092751,-8229160769020823564]","[9999.963640892387,9999.963640892387,9999.963640892387,9999.963640892387]","[0.05,0.05,0.05,0.05]","[0.10000358889664258,0.10000358889664258,0.10000358889664258,0.10000358889664258]","[1.7177818786279164,1.7177818786279164,1.7177818786279164,1.7177818786279164]","[0.009773495446959133,0.009773495446959133,0.009773495446959133,0.009773495446959133]","[1.2744469182789646,1.2744469182789646,1.2744469182789646,1.2744469182789646]","[8370.222158584282,8370.222158584282,8370.222158584282,8370.222158584282]","[2.9922807845594503,2.9922807845594503,2.9922807845594503,2.9922807845594503]","[2.9991316442166203,2.9991316442166203,2.9991316442166203,2.9991316442166203]","[0.5,0.5,0.5,0.5]","[EU,EU,EU,EU]","[4984.306335942641,4984.306335942641,4984.306335942641,4984.306335942641]","[0.06074853652236413,0.06074854537502198,0.06074845550302248,0.06074856847176543]","[0.6383583646375618,0.6383583646375618,0.6383583646375618,0.6383583646375618]","[2.5405601333953445E-5,2.5405601333953445E-5,2.5405601333953445E-5,2.5405601333953445E-5]","[0.0011495542338225177,0.0011495542338225177,0.0011495542338225177,0.0011495542338225177]","[2292.847917270029,2292.847917270029,2292.847917270029,2292.847917270029]","[2.4647723181915563E-5,2.4647723181915563E-5,2.4647723181915563E-5,2.4647723181915563E-5]","[0.06953928546079646,0.06953928546079646,0.06953928546079646,0.06953928546079646]"
100000,100000,4.00858553132922E-5,9309.37153979375,1588.0470266321188,0.4745407317077913,0.2463205618382025,0.06461833510444633,1.0945529337506184,normal,0.0013740681021920497,0.04972868056734618,0.6311980037555686,2.8839328430635174,5517.878157446002,1.2759478708498388,2.99920016599772,0.00961027247003892,0.10000659258886345,9999.99756974961,2.5252721062323292E-5,1.4715968717022394,0.7912194959355822,31.769436264769794,0.06098946178534776,7,97819,"[0.2463205618382025,0.2463205618382025,0.2463205618382025,0.2463205618382025,0.2463205618382025,0.2463205618382025,0.2463205618382025]","[0.7912194959355822,0.7912194959355822,0.7912194959355822,0.7912194959355822,0.7912194959355822,0.7912194959355822,0.7912194959355822]","[normal,normal,normal,normal,normal,normal,normal]","[31.76943022170422,31.7694366409262,31.769394480299287,31.769436264769794,31.769437753335502,31.769437130518384,31.769421461827015]","[1.0945529337506184,1.0945529337506184,1.0945529337506184,1.0945529337506184,1.0945529337506184,1.0945529337506184,1.0945529337506184]","[6823135365316273819,53973743830820447,5051981319559407133,9214081437774275457,-2042559107967550282,-6671666742259586174,-8094793786213568829]","[9999.99756974961,9999.99756974961,9999.99756974961,9999.99756974961,9999.99756974961,9999.99756974961,9999.99756974961]","[0.04972868056734618,0.04972868056734618,0.04972868056734618,0.04972868056734618,0.04972868056734618,0.04972868056734618,0.04972868056734618]","[0.10000659258886345,0.10000659258886345,0.10000659258886345,0.10000659258886345,0.10000659258886345,0.10000659258886345,0.10000659258886345]","[1.4715968717022394,1.4715968717022394,1.4715968717022394,1.4715968717022394,1.4715968717022394,1.4715968717022394,1.4715968717022394]","[0.00961027247003892,0.00961027247003892,0.00961027247003892,0.00961027247003892,0.00961027247003892,0.00961027247003892,0.00961027247003892]","[1.2759478708498388,1.2759478708498388,1.2759478708498388,1.2759478708498388,1.2759478708498388,1.2759478708498388,1.2759478708498388]","[9309.37153979375,9309.37153979375,9309.37153979375,9309.37153979375,9309.37153979375,9309.37153979375,9309.37153979375]","[2.99920016599772,2.99920016599772,2.99920016599772,2.99920016599772,2.99920016599772,2.99920016599772,2.99920016599772]","[2.8839328430635174,2.8839328430635174,2.8839328430635174,2.8839328430635174,2.8839328430635174,2.8839328430635174,2.8839328430635174]","[0.4745407317077913,0.4745407317077913,0.4745407317077913,0.4745407317077913,0.4745407317077913,0.4745407317077913,0.4745407317077913]","[EU,EU,EU,EU,EU,EU,EU]","[5517.878157446002,5517.878157446002,5517.878157446002,5517.878157446002,5517.878157446002,5517.878157446002,5517.878157446002]","[0.06098951759304651,0.06098976119470511,0.06098945067468499,0.06098936373984035,0.06098985347021397,0.06098946178534776,0.060989177077181704]","[0.6311980037555686,0.6311980037555686,0.6311980037555686,0.6311980037555686,0.6311980037555686,0.6311980037555686,0.6311980037555686]","[2.5252721062323292E-5,2.5252721062323292E-5,2.5252721062323292E-5,2.5252721062323292E-5,2.5252721062323292E-5,2.5252721062323292E-5,2.5252721062323292E-5]","[0.0013740681021920497,0.0013740681021920497,0.0013740681021920497,0.0013740681021920497,0.0013740681021920497,0.0013740681021920497,0.0013740681021920497]","[1588.0470266321188,1588.0470266321188,1588.0470266321188,1588.0470266321188,1588.0470266321188,1588.0470266321188,1588.0470266321188]","[4.00858553132922E-5,4.00858553132922E-5,4.00858553132922E-5,4.00858553132922E-5,4.00858553132922E-5,4.00858553132922E-5,4.00858553132922E-5]","[0.06461833510444633,0.06461833510444633,0.06461833510444633,0.06461833510444633,0.06461833510444633,0.06461833510444633,0.06461833510444633]"
100000,100000,3.852853891534847E-10,7462.129788407336,4016.823738396744,0.48651055399573107,1.2135775424676787,0.203333362802402,0.7089548771660906,log-normal,3.5421855923424626E-4,0.012223672646898909,2.835769332440307,3.0,9963.062514617288,1.3532277692581427,2.9896407919007575,0.009991939190052519,0.1000049916123321,9999.969150440844,8.40557654641185E-5,1.071754472899689,0.10802614561114704,31.901782355666356,0.06057976263904289,3,98980,"[1.2135775424676787,1.2135775424676787,1.2135775424676787]","[0.10802614561114704,0.10802614561114704,0.10802614561114704]","[log-normal,log-normal,log-normal]","[31.901782355659464,31.901782355666356,31.901782355692703]","[0.7089548771660906,0.7089548771660906,0.7089548771660906]","[-7374844715461875114,-1798229063329907104,-665607294128194947]","[9999.969150440844,9999.969150440844,9999.969150440844]","[0.012223672646898909,0.012223672646898909,0.012223672646898909]","[0.1000049916123321,0.1000049916123321,0.1000049916123321]","[1.071754472899689,1.071754472899689,1.071754472899689]","[0.009991939190052519,0.009991939190052519,0.009991939190052519]","[1.3532277692581427,1.3532277692581427,1.3532277692581427]","[7462.129788407336,7462.129788407336,7462.129788407336]","[2.9896407919007575,2.9896407919007575,2.9896407919007575]","[3.0,3.0,3.0]","[0.48651055399573107,0.48651055399573107,0.48651055399573107]","[EU,EU,EU]","[9963.062514617288,9963.062514617288,9963.062514617288]","[0.06057976263895194,0.06057976263904289,0.060579762639130647]","[2.835769332440307,2.835769332440307,2.835769332440307]","[8.40557654641185E-5,8.40557654641185E-5,8.40557654641185E-5]","[3.5421855923424626E-4,3.5421855923424626E-4,3.5421855923424626E-4]","[4016.823738396744,4016.823738396744,4016.823738396744]","[3.852853891534847E-10,3.852853891534847E-10,3.852853891534847E-10]","[0.203333362802402,0.203333362802402,0.203333362802402]"
100000,100000,0.0,9325.83611829745,5018.8248482586505,0.5,1.401963572707443,0.061203756481825175,0.7865023889618373,normal,3.0556609515170776E-4,0.0396993822860974,2.6805058867909253,2.515773618561441,7687.845536505196,1.2915962690089324,2.9901683831063846,0.009886075184214449,0.10000000000047568,9999.999326377763,2.4979059826703232E-5,2.159420700264778,0.7449535801655477,31.900700448094202,0.06075730671270905,9,93737,"[1.401963572707443,1.401963572707443,1.401963572707443,1.401963572707443,1.401963572707443,1.401963572707443,1.401963572707443,1.401963572707443,1.401963572707443]","[0.7449535801655477,0.7449535801655477,0.7449535801655477,0.7449535801655477,0.7449535801655477,0.7449535801655477,0.7449535801655477,0.7449535801655477,0.7449535801655477]","[normal,normal,normal,normal,normal,normal,normal,normal,normal]","[31.900700448094202,31.900700448094202,31.900700448094202,31.900700448094202,31.900700448094202,31.900700448094202,31.900700448094202,31.900700448094202,31.900700448094202]","[0.7865023889618373,0.7865023889618373,0.7865023889618373,0.7865023889618373,0.7865023889618373,0.7865023889618373,0.7865023889618373,0.7865023889618373,0.7865023889618373]","[-3452334054410060760,7560314639290722075,-90609365923827085,-7881812952433166799,6058457090568092468,-5011483956821496377,1685554352218303042,-8123504009031320907,-8685274281705081794]","[9999.999326377763,9999.999326377763,9999.999326377763,9999.999326377763,9999.999326377763,9999.999326377763,9999.999326377763,9999.999326377763,9999.999326377763]","[0.0396993822860974,0.0396993822860974,0.0396993822860974,0.0396993822860974,0.0396993822860974,0.0396993822860974,0.0396993822860974,0.0396993822860974,0.0396993822860974]","[0.10000000000047568,0.10000000000047568,0.10000000000047568,0.10000000000047568,0.10000000000047568,0.10000000000047568,0.10000000000047568,0.10000000000047568,0.10000000000047568]","[2.159420700264778,2.159420700264778,2.159420700264778,2.159420700264778,2.159420700264778,2.159420700264778,2.159420700264778,2.159420700264778,2.159420700264778]","[0.009886075184214449,0.009886075184214449,0.009886075184214449,0.009886075184214449,0.009886075184214449,0.009886075184214449,0.009886075184214449,0.009886075184214449,0.009886075184214449]","[1.2915962690089324,1.2915962690089324,1.2915962690089324,1.2915962690089324,1.2915962690089324,1.2915962690089324,1.2915962690089324,1.2915962690089324,1.2915962690089324]","[9325.83611829745,9325.83611829745,9325.83611829745,9325.83611829745,9325.83611829745,9325.83611829745,9325.83611829745,9325.83611829745,9325.83611829745]","[2.9901683831063846,2.9901683831063846,2.9901683831063846,2.9901683831063846,2.9901683831063846,2.9901683831063846,2.9901683831063846,2.9901683831063846,2.9901683831063846]","[2.515773618561441,2.515773618561441,2.515773618561441,2.515773618561441,2.515773618561441,2.515773618561441,2.515773618561441,2.515773618561441,2.515773618561441]","[0.5,0.5,0.5,0.5,0.5,0.5,0.5,0.5,0.5]","[EU,EU,EU,EU,EU,EU,EU,EU,EU]","[7687.845536505196,7687.845536505196,7687.845536505196,7687.845536505196,7687.845536505196,7687.845536505196,7687.845536505196,7687.845536505196,7687.845536505196]","[0.06075730671270905,0.06075730671270905,0.06075730671270905,0.06075730671270905,0.06075730671270905,0.06075730671270905,0.06075730671270905,0.06075730671270905,0.06075730671270905]","[2.6805058867909253,2.6805058867909253,2.6805058867909253,2.6805058867909253,2.6805058867909253,2.6805058867909253,2.6805058867909253,2.6805058867909253,2.6805058867909253]","[2.4979059826703232E-5,2.4979059826703232E-5,2.4979059826703232E-5,2.4979059826703232E-5,2.4979059826703232E-5,2.4979059826703232E-5,2.4979059826703232E-5,2.4979059826703232E-5,2.4979059826703232E-5]","[3.0556609515170776E-4,3.0556609515170776E-4,3.0556609515170776E-4,3.0556609515170776E-4,3.0556609515170776E-4,3.0556609515170776E-4,3.0556609515170776E-4,3.0556609515170776E-4,3.0556609515170776E-4]","[5018.8248482586505,5018.8248482586505,5018.8248482586505,5018.8248482586505,5018.8248482586505,5018.8248482586505,5018.8248482586505,5018.8248482586505,5018.8248482586505]","[0.0,0.0,0.0,0.0,0.0,0.0,0.0,0.0,0.0]","[0.061203756481825175,0.061203756481825175,0.061203756481825175,0.061203756481825175,0.061203756481825175,0.061203756481825175,0.061203756481825175,0.061203756481825175,0.061203756481825175]"
100000,100000,3.832507312257596E-5,9297.879420067262,1585.4435863837832,0.4919588686348273,0.26755287336353306,0.0653377140502417,1.0926860245750019,normal,0.0013660453950419197,0.049611695310880395,0.6289042334105354,2.8901444806267986,5526.420679779243,1.2763860426770055,3.0,0.0096293514628103,0.10000661718052378,9999.994262739725,2.5252302151677354E-5,1.4704724892242145,0.7936452798793564,31.769848559089702,0.060961662997628195,4,96802,"[0.26755287336353306,0.26755287336353306,0.26755287336353306,0.26755287336353306]","[0.7936452798793564,0.7936452798793564,0.7936452798793564,0.7936452798793564]","[normal,normal,normal,normal]","[31.769861597522738,31.76982596606501,31.76984293492374,31.769854183255667]","[1.0926860245750019,1.0926860245750019,1.0926860245750019,1.0926860245750019]","[-6806287207029905891,-4020722009415157854,5525590529303441302,-85671880527184660]","[9999.994262739725,9999.994262739725,9999.994262739725,9999.994262739725]","[0.049611695310880395,0.049611695310880395,0.049611695310880395,0.049611695310880395]","[0.10000661718052378,0.10000661718052378,0.10000661718052378,0.10000661718052378]","[1.4704724892242145,1.4704724892242145,1.4704724892242145,1.4704724892242145]","[0.0096293514628103,0.0096293514628103,0.0096293514628103,0.0096293514628103]","[1.2763860426770055,1.2763860426770055,1.2763860426770055,1.2763860426770055]","[9297.879420067262,9297.879420067262,9297.879420067262,9297.879420067262]","[3.0,3.0,3.0,3.0]","[2.8901444806267986,2.8901444806267986,2.8901444806267986,2.8901444806267986]","[0.4919588686348273,0.4919588686348273,0.4919588686348273,0.4919588686348273]","[EU,EU,EU,EU]","[5526.420679779243,5526.420679779243,5526.420679779243,5526.420679779243]","[0.06096222091384218,0.060961259367429535,0.0609617100516581,0.060961615943598293]","[0.6289042334105354,0.6289042334105354,0.6289042334105354,0.6289042334105354]","[2.5252302151677354E-5,2.5252302151677354E-5,2.5252302151677354E-5,2.5252302151677354E-5]","[0.0013660453950419197,0.0013660453950419197,0.0013660453950419197,0.0013660453950419197]","[1585.4435863837832,1585.4435863837832,1585.4435863837832,1585.4435863837832]","[3.832507312257596E-5,3.832507312257596E-5,3.832507312257596E-5,3.832507312257596E-5]","[0.0653377140502417,0.0653377140502417,0.0653377140502417,0.0653377140502417]"
100000,100000,0.0,9312.009328868273,4938.898211588934,0.4693333595390984,1.2890645246326389,0.07510764896566546,0.8112651100987728,log-normal,3.2744448714462014E-4,0.040462619761287545,2.6127775072871997,2.529203807480093,7271.977348971673,1.2894403120815958,2.9761662779493894,0.009970513353140087,0.10000000638060672,9999.96349278849,2.494119685571564E-5,2.15790517333552,0.743493380526593,31.901626409999658,0.06061529385583714,1,99741,"[1.2890645246326389]","[0.743493380526593]","[log-normal]","[31.901626409999658]","[0.8112651100987728]","[-6220211434604761209]","[9999.96349278849]","[0.040462619761287545]","[0.10000000638060672]","[2.15790517333552]","[0.009970513353140087]","[1.2894403120815958]","[9312.009328868273]","[2.9761662779493894]","[2.529203807480093]","[0.4693333595390984]","[EU]","[7271.977348971673]","[0.06061529385583714]","[2.6127775072871997]","[2.494119685571564E-5]","[3.2744448714462014E-4]","[4938.898211588934]","[0.0]","[0.07510764896566546]"
100000,100000,0.0,9296.129287879963,5007.969081609066,0.49900439972289906,1.4416252643342584,0.15460077902900266,0.8142004870726322,log-normal,3.076132023574315E-4,0.040083569379820445,2.6819050109968874,2.5391424273180054,7795.1696028760725,1.292495609291625,2.9999891611170875,0.009933431661893794,0.10000018089951389,9999.954543630598,2.5663827844465614E-5,2.241486131173395,0.724446422591614,31.9011862755959,0.06067750076807814,3,97287,"[1.4416252643342584,1.4416252643342584,1.4416252643342584]","[0.724446422591614,0.724446422591614,0.724446422591614]","[log-normal,log-normal,log-normal]","[31.9011862755959,31.9011862755959,31.9011862755959]","[0.8142004870726322,0.8142004870726322,0.8142004870726322]","[474111572618341405,-7445507276912695201,-2516351235268412564]","[9999.954543630598,9999.954543630598,9999.954543630598]","[0.040083569379820445,0.040083569379820445,0.040083569379820445]","[0.10000018089951389,0.10000018089951389,0.10000018089951389]","[2.241486131173395,2.241486131173395,2.241486131173395]","[0.009933431661893794,0.009933431661893794,0.009933431661893794]","[1.292495609291625,1.292495609291625,1.292495609291625]","[9296.129287879963,9296.129287879963,9296.129287879963]","[2.9999891611170875,2.9999891611170875,2.9999891611170875]","[2.5391424273180054,2.5391424273180054,2.5391424273180054]","[0.49900439972289906,0.49900439972289906,0.49900439972289906]","[EU,EU,EU]","[7795.1696028760725,7795.1696028760725,7795.1696028760725]","[0.06067750076807814,0.06067750076807814,0.06067750076807814]","[2.6819050109968874,2.6819050109968874,2.6819050109968874]","[2.5663827844465614E-5,2.5663827844465614E-5,2.5663827844465614E-5]","[3.076132023574315E-4,3.076132023574315E-4,3.076132023574315E-4]","[5007.969081609066,5007.969081609066,5007.969081609066]","[0.0,0.0,0.0]","[0.15460077902900266,0.15460077902900266,0.15460077902900266]"
100000,100000,0.0,9289.648310365848,5080.460428831782,0.47403256814123573,1.3193282533225055,0.07590140037992574,0.8075695864448631,log-normal,3.22854515471091E-4,0.040454171901605836,2.6254247429040922,2.5291342220590494,7385.795941068212,1.2893932530357117,2.9772209623318617,0.009965936690335363,0.10000000359371275,9999.921806992428,2.488029486717867E-5,2.206517178845739,0.7340253074631587,31.90157657748317,0.06062301048751343,3,98873,"[1.3193282533225055,1.3193282533225055,1.3193282533225055]","[0.7340253074631587,0.7340253074631587,0.7340253074631587]","[log-normal,log-normal,log-normal]","[31.90157657748317,31.90157657748317,31.90157657748317]","[0.8075695864448631,0.8075695864448631,0.8075695864448631]","[1769076581001848256,-678087142229548672,3376566177237925292]","[9999.921806992428,9999.921806992428,9999.921806992428]","[0.040454171901605836,0.040454171901605836,0.040454171901605836]","[0.10000000359371275,0.10000000359371275,0.10000000359371275]","[2.206517178845739,2.206517178845739,2.206517178845739]","[0.009965936690335363,0.009965936690335363,0.009965936690335363]","[1.2893932530357117,1.2893932530357117,1.2893932530357117]","[9289.648310365848,9289.648310365848,9289.648310365848]","[2.9772209623318617,2.9772209623318617,2.9772209623318617]","[2.5291342220590494,2.5291342220590494,2.5291342220590494]","[0.47403256814123573,0.47403256814123573,0.47403256814123573]","[EU,EU,EU]","[7385.795941068212,7385.795941068212,7385.795941068212]","[0.06062301048751343,0.06062301048751343,0.06062301048751343]","[2.6254247429040922,2.6254247429040922,2.6254247429040922]","[2.488029486717867E-5,2.488029486717867E-5,2.488029486717867E-5]","[3.22854515471091E-4,3.22854515471091E-4,3.22854515471091E-4]","[5080.460428831782,5080.460428831782,5080.460428831782]","[0.0,0.0,0.0]","[0.07590140037992574,0.07590140037992574,0.07590140037992574]"
100000,100000,1.7867796630899815E-4,9977.913503283384,2002.1626714629742,0.4273647145948471,1.7785823387015423,0.1304250758582184,0.8453169161727749,normal,2.663384201437843E-4,0.03529642528106508,2.641544390950101,2.6694012253350787,8039.458211517685,1.3211178279001776,2.8429505235759867,0.009999902607280975,0.10000001490188118,10000.0,2.860477270561005E-5,2.8842124486581455,0.641275162294717,32.0062609673781,0.060300075444253746,1,99006,"[1.7785823387015423]","[0.641275162294717]","[normal]","[32.0062609673781]","[0.8453169161727749]","[-5559596977178512987]","[10000.0]","[0.03529642528106508]","[0.10000001490188118]","[2.8842124486581455]","[0.009999902607280975]","[1.3211178279001776]","[9977.913503283384]","[2.8429505235759867]","[2.6694012253350787]","[0.4273647145948471]","[EU]","[8039.458211517685]","[0.060300075444253746]","[2.641544390950101]","[2.860477270561005E-5]","[2.663384201437843E-4]","[2002.1626714629742]","[1.7867796630899815E-4]","[0.1304250758582184]"
100000,100000,9.306600619547498E-5,9984.775035007115,1203.8053570389313,0.21076831598317078,1.4530176427229515,0.146820457287053,0.8173434391857717,normal,2.3908229827534434E-4,0.038782450999158086,2.6703959400493904,2.5710516813627007,9647.87458950337,1.3298868256515457,2.55597538856773,0.009999999759318009,0.10000087197762629,9999.877507112356,2.629754855396242E-5,2.8244146500055654,0.6394548316262274,31.947401888158844,0.06040641345569777,3,96538,"[1.4530176427229515,1.4530176427229515,1.4530176427229515]","[0.6394548316262274,0.6394548316262274,0.6394548316262274]","[normal,normal,normal]","[31.947385262058944,31.947401923947613,31.947401888158844]","[0.8173434391857717,0.8173434391857717,0.8173434391857717]","[-735701247666783048,1623530349887224553,6201431249732200341]","[9999.877507112356,9999.877507112356,9999.877507112356]","[0.038782450999158086,0.038782450999158086,0.038782450999158086]","[0.10000087197762629,0.10000087197762629,0.10000087197762629]","[2.8244146500055654,2.8244146500055654,2.8244146500055654]","[0.009999999759318009,0.009999999759318009,0.009999999759318009]","[1.3298868256515457,1.3298868256515457,1.3298868256515457]","[9984.775035007115,9984.775035007115,9984.775035007115]","[2.55597538856773,2.55597538856773,2.55597538856773]","[2.5710516813627007,2.5710516813627007,2.5710516813627007]","[0.21076831598317078,0.21076831598317078,0.21076831598317078]","[EU,EU,EU]","[9647.87458950337,9647.87458950337,9647.87458950337]","[0.060406387633750315,0.06040641348983283,0.06040641345569777]","[2.6703959400493904,2.6703959400493904,2.6703959400493904]","[2.629754855396242E-5,2.629754855396242E-5,2.629754855396242E-5]","[2.3908229827534434E-4,2.3908229827534434E-4,2.3908229827534434E-4]","[1203.8053570389313,1203.8053570389313,1203.8053570389313]","[9.306600619547498E-5,9.306600619547498E-5,9.306600619547498E-5]","[0.146820457287053,0.146820457287053,0.146820457287053]"
100000,100000,0.0,9065.018610467007,3360.5369345464865,0.35780017309389645,0.23422772462823982,0.14882688411376258,0.8744942296496083,normal,3.692948830455444E-4,0.03876562504334295,2.6466475206633757,3.0,7404.536517322478,1.2859927385017789,2.9608641175624566,0.009999999998461948,0.1000056736506624,10000.0,6.21711696821176E-5,2.6232665172166034,0.5756800102394852,31.901986691047476,0.06056604772212307,8,97373,"[0.23422772462823982,0.23422772462823982,0.23422772462823982,0.23422772462823982,0.23422772462823982,0.23422772462823982,0.23422772462823982,0.23422772462823982]","[0.5756800102394852,0.5756800102394852,0.5756800102394852,0.5756800102394852,0.5756800102394852,0.5756800102394852,0.5756800102394852,0.5756800102394852]","[normal,normal,normal,normal,normal,normal,normal,normal]","[31.901986691047476,31.901986691047476,31.901986691047476,31.901986691047476,31.901986691047476,31.901986691047476,31.901986691047476,31.901986691047476]","[0.8744942296496083,0.8744942296496083,0.8744942296496083,0.8744942296496083,0.8744942296496083,0.8744942296496083,0.8744942296496083,0.8744942296496083]","[-5654330011289194440,6644337276176362262,998487994670772985,1882843069130077603,-2143555944085167743,-9140796993945112954,8161807095556800368,-7928715096317595082]","[10000.0,10000.0,10000.0,10000.0,10000.0,10000.0,10000.0,10000.0]","[0.03876562504334295,0.03876562504334295,0.03876562504334295,0.03876562504334295,0.03876562504334295,0.03876562504334295,0.03876562504334295,0.03876562504334295]","[0.1000056736506624,0.1000056736506624,0.1000056736506624,0.1000056736506624,0.1000056736506624,0.1000056736506624,0.1000056736506624,0.1000056736506624]","[2.6232665172166034,2.6232665172166034,2.6232665172166034,2.6232665172166034,2.6232665172166034,2.6232665172166034,2.6232665172166034,2.6232665172166034]","[0.009999999998461948,0.009999999998461948,0.009999999998461948,0.009999999998461948,0.009999999998461948,0.009999999998461948,0.009999999998461948,0.009999999998461948]","[1.2859927385017789,1.2859927385017789,1.2859927385017789,1.2859927385017789,1.2859927385017789,1.2859927385017789,1.2859927385017789,1.2859927385017789]","[9065.018610467007,9065.018610467007,9065.018610467007,9065.018610467007,9065.018610467007,9065.018610467007,9065.018610467007,9065.018610467007]","[2.9608641175624566,2.9608641175624566,2.9608641175624566,2.9608641175624566,2.9608641175624566,2.9608641175624566,2.9608641175624566,2.9608641175624566]","[3.0,3.0,3.0,3.0,3.0,3.0,3.0,3.0]","[0.35780017309389645,0.35780017309389645,0.35780017309389645,0.35780017309389645,0.35780017309389645,0.35780017309389645,0.35780017309389645,0.35780017309389645]","[EU,EU,EU,EU,EU,EU,EU,EU]","[7404.536517322478,7404.536517322478,7404.536517322478,7404.536517322478,7404.536517322478,7404.536517322478,7404.536517322478,7404.536517322478]","[0.06056604772212307,0.06056604772212307,0.06056604772212307,0.06056604772212307,0.06056604772212307,0.06056604772212307,0.06056604772212307,0.06056604772212307]","[2.6466475206633757,2.6466475206633757,2.6466475206633757,2.6466475206633757,2.6466475206633757,2.6466475206633757,2.6466475206633757,2.6466475206633757]","[6.21711696821176E-5,6.21711696821176E-5,6.21711696821176E-5,6.21711696821176E-5,6.21711696821176E-5,6.21711696821176E-5,6.21711696821176E-5,6.21711696821176E-5]","[3.692948830455444E-4,3.692948830455444E-4,3.692948830455444E-4,3.692948830455444E-4,3.692948830455444E-4,3.692948830455444E-4,3.692948830455444E-4,3.692948830455444E-4]","[3360.5369345464865,3360.5369345464865,3360.5369345464865,3360.5369345464865,3360.5369345464865,3360.5369345464865,3360.5369345464865,3360.5369345464865]","[0.0,0.0,0.0,0.0,0.0,0.0,0.0,0.0]","[0.14882688411376258,0.14882688411376258,0.14882688411376258,0.14882688411376258,0.14882688411376258,0.14882688411376258,0.14882688411376258,0.14882688411376258]"
100000,100000,3.1520721169616344E-4,9999.999999999998,1689.2842937779672,0.050616932398645356,1.487676801944263,0.12274878732452538,0.775878621205189,normal,2.3318306566558582E-4,0.03676694405445816,2.614750592268622,2.958817822343937,9056.90017184179,1.3434596366379132,2.5801528034948347,0.009999999999999998,0.10000126069417409,10000.0,2.404993339782598E-5,3.0,0.6257643372127,32.13408605263966,0.060211034593353537,7,98274,"[1.487676801944263,1.487676801944263,1.487676801944263,1.487676801944263,1.487676801944263,1.487676801944263,1.487676801944263]","[0.6257643372127,0.6257643372127,0.6257643372127,0.6257643372127,0.6257643372127,0.6257643372127,0.6257643372127]","[normal,normal,normal,normal,normal,normal,normal]","[32.13408591232189,32.13408605263966,32.13408605263966,32.13408589758453,32.13408685909668,32.13408606998208,32.13408605246079]","[0.775878621205189,0.775878621205189,0.775878621205189,0.775878621205189,0.775878621205189,0.775878621205189,0.775878621205189]","[-8090525110678686558,4148110605205237317,-6343392998829690837,690225170161073069,6137437842413223807,1844679983309122460,-2639920832691602700]","[10000.0,10000.0,10000.0,10000.0,10000.0,10000.0,10000.0]","[0.03676694405445816,0.03676694405445816,0.03676694405445816,0.03676694405445816,0.03676694405445816,0.03676694405445816,0.03676694405445816]","[0.10000126069417409,0.10000126069417409,0.10000126069417409,0.10000126069417409,0.10000126069417409,0.10000126069417409,0.10000126069417409]","[3.0,3.0,3.0,3.0,3.0,3.0,3.0]","[0.009999999999999998,0.009999999999999998,0.009999999999999998,0.009999999999999998,0.009999999999999998,0.009999999999999998,0.009999999999999998]","[1.3434596366379132,1.3434596366379132,1.3434596366379132,1.3434596366379132,1.3434596366379132,1.3434596366379132,1.3434596366379132]","[9999.999999999998,9999.999999999998,9999.999999999998,9999.999999999998,9999.999999999998,9999.999999999998,9999.999999999998]","[2.5801528034948347,2.5801528034948347,2.5801528034948347,2.5801528034948347,2.5801528034948347,2.5801528034948347,2.5801528034948347]","[2.958817822343937,2.958817822343937,2.958817822343937,2.958817822343937,2.958817822343937,2.958817822343937,2.958817822343937]","[0.050616932398645356,0.050616932398645356,0.050616932398645356,0.050616932398645356,0.050616932398645356,0.050616932398645356,0.050616932398645356]","[EU,EU,EU,EU,EU,EU,EU]","[9056.90017184179,9056.90017184179,9056.90017184179,9056.90017184179,9056.90017184179,9056.90017184179,9056.90017184179]","[0.06021103344615924,0.060211034593353537,0.060211034593353537,0.060211031876367026,0.060211039685863874,0.060211034676042934,0.06021103459330203]","[2.614750592268622,2.614750592268622,2.614750592268622,2.614750592268622,2.614750592268622,2.614750592268622,2.614750592268622]","[2.404993339782598E-5,2.404993339782598E-5,2.404993339782598E-5,2.404993339782598E-5,2.404993339782598E-5,2.404993339782598E-5,2.404993339782598E-5]","[2.3318306566558582E-4,2.3318306566558582E-4,2.3318306566558582E-4,2.3318306566558582E-4,2.3318306566558582E-4,2.3318306566558582E-4,2.3318306566558582E-4]","[1689.2842937779672,1689.2842937779672,1689.2842937779672,1689.2842937779672,1689.2842937779672,1689.2842937779672,1689.2842937779672]","[3.1520721169616344E-4,3.1520721169616344E-4,3.1520721169616344E-4,3.1520721169616344E-4,3.1520721169616344E-4,3.1520721169616344E-4,3.1520721169616344E-4]","[0.12274878732452538,0.12274878732452538,0.12274878732452538,0.12274878732452538,0.12274878732452538,0.12274878732452538,0.12274878732452538]"
100000,100000,2.641451915727153E-4,9975.35304500347,1930.9919353434245,0.06562258611329051,1.6554925187461342,0.1330558375032075,0.8114616605987686,log-normal,2.3473595417244895E-4,0.038253840149905585,2.6812648706829987,2.6703211431099803,9517.25901924817,1.336201092163498,2.5354632081135087,0.009999999999999986,0.100000028528439,9999.726020870814,2.3097825701899374E-5,2.8596981543169933,0.6426879082726268,32.081641180841885,0.06023213098303442,1,99817,"[1.6554925187461342]","[0.6426879082726268]","[log-normal]","[32.081641180841885]","[0.8114616605987686]","[-7367513445864769568]","[9999.726020870814]","[0.038253840149905585]","[0.100000028528439]","[2.8596981543169933]","[0.009999999999999986]","[1.336201092163498]","[9975.35304500347]","[2.5354632081135087]","[2.6703211431099803]","[0.06562258611329051]","[EU]","[9517.25901924817]","[0.06023213098303442]","[2.6812648706829987]","[2.3097825701899374E-5]","[2.3473595417244895E-4]","[1930.9919353434245]","[2.641451915727153E-4]","[0.1330558375032075]"
100000,100000,3.581856527055192E-5,9178.858024769863,3486.7200142397674,0.3363316964350372,0.3543668304373975,0.15975810595493828,0.8803130996395336,normal,3.448375226792112E-4,0.03901360060099607,2.720360428097623,3.0,7050.908662902016,1.29148900193992,2.9215299732878597,0.009999999999999998,0.10000468078950185,9998.924969049249,6.574787011812777E-5,2.675854255414623,0.5872860601214396,31.91694025399168,0.060499965067143086,1,99807,"[0.3543668304373975]","[0.5872860601214396]","[normal]","[31.91694025399168]","[0.8803130996395336]","[3274900143976081567]","[9998.924969049249]","[0.03901360060099607]","[0.10000468078950185]","[2.675854255414623]","[0.009999999999999998]","[1.29148900193992]","[9178.858024769863]","[2.9215299732878597]","[3.0]","[0.3363316964350372]","[EU]","[7050.908662902016]","[0.060499965067143086]","[2.720360428097623]","[6.574787011812777E-5]","[3.448375226792112E-4]","[3486.7200142397674]","[3.581856527055192E-5]","[0.15975810595493828]"
100000,100000,1.396647108377718E-4,9998.400952452084,4891.734402623325,0.49937172453398865,1.270014997422195,0.07676204133401117,0.8673058705273057,log-normal,3.340267809735486E-4,0.04349225447914206,2.756888799586318,2.5035135758034555,7544.904378612643,1.2905716007577117,2.9428097857010624,0.009999992700032694,0.10000000692430379,9999.96665047757,2.9728729940419686E-5,2.1009746736734485,0.3065022133971277,31.97718849750531,0.060343639263813545,6,96615,"[1.270014997422195,1.270014997422195,1.270014997422195,1.270014997422195,1.270014997422195,1.270014997422195]","[0.3065022133971277,0.3065022133971277,0.3065022133971277,0.3065022133971277,0.3065022133971277,0.3065022133971277]","[log-normal,log-normal,log-normal,log-normal,log-normal,log-normal]","[31.977188616460214,31.9771883785504,31.977185379366727,31.977188156598835,31.9771895630802,31.97718989007843]","[0.8673058705273057,0.8673058705273057,0.8673058705273057,0.8673058705273057,0.8673058705273057,0.8673058705273057]","[-4628511747056602327,-258225789748415886,2774255949199865397,-1780276574731568796,4656491314729054161,-2856269772609423760]","[9999.96665047757,9999.96665047757,9999.96665047757,9999.96665047757,9999.96665047757,9999.96665047757]","[0.04349225447914206,0.04349225447914206,0.04349225447914206,0.04349225447914206,0.04349225447914206,0.04349225447914206]","[0.10000000692430379,0.10000000692430379,0.10000000692430379,0.10000000692430379,0.10000000692430379,0.10000000692430379]","[2.1009746736734485,2.1009746736734485,2.1009746736734485,2.1009746736734485,2.1009746736734485,2.1009746736734485]","[0.009999992700032694,0.009999992700032694,0.009999992700032694,0.009999992700032694,0.009999992700032694,0.009999992700032694]","[1.2905716007577117,1.2905716007577117,1.2905716007577117,1.2905716007577117,1.2905716007577117,1.2905716007577117]","[9998.400952452084,9998.400952452084,9998.400952452084,9998.400952452084,9998.400952452084,9998.400952452084]","[2.9428097857010624,2.9428097857010624,2.9428097857010624,2.9428097857010624,2.9428097857010624,2.9428097857010624]","[2.5035135758034555,2.5035135758034555,2.5035135758034555,2.5035135758034555,2.5035135758034555,2.5035135758034555]","[0.49937172453398865,0.49937172453398865,0.49937172453398865,0.49937172453398865,0.49937172453398865,0.49937172453398865]","[EU,EU,EU,EU,EU,EU]","[7544.904378612643,7544.904378612643,7544.904378612643,7544.904378612643,7544.904378612643,7544.904378612643]","[0.06034365571853562,0.06034363305382339,0.06034364430330009,0.060343633920259016,0.060343673223957346,0.060343634224326995]","[2.756888799586318,2.756888799586318,2.756888799586318,2.756888799586318,2.756888799586318,2.756888799586318]","[2.9728729940419686E-5,2.9728729940419686E-5,2.9728729940419686E-5,2.9728729940419686E-5,2.9728729940419686E-5,2.9728729940419686E-5]","[3.340267809735486E-4,3.340267809735486E-4,3.340267809735486E-4,3.340267809735486E-4,3.340267809735486E-4,3.340267809735486E-4]","[4891.734402623325,4891.734402623325,4891.734402623325,4891.734402623325,4891.734402623325,4891.734402623325]","[1.396647108377718E-4,1.396647108377718E-4,1.396647108377718E-4,1.396647108377718E-4,1.396647108377718E-4,1.396647108377718E-4]","[0.07676204133401117,0.07676204133401117,0.07676204133401117,0.07676204133401117,0.07676204133401117,0.07676204133401117]"
100000,100000,5.435865322712773E-6,9056.465135816716,3451.200491822853,0.35023133332495965,0.3142666173758767,0.16017329674411393,0.8702929627515532,normal,3.6547700573114045E-4,0.03886798604580851,2.6589773580407416,2.9553324790105004,7245.909623394123,1.2873218569987508,2.938186285095747,0.01,0.10000576145735855,9999.988226377784,5.951325421481745E-5,2.6772524056440723,0.5852525154293317,31.90407175205236,0.060555562112403635,1,98667,"[0.3142666173758767]","[0.5852525154293317]","[normal]","[31.90407175205236]","[0.8702929627515532]","[1173671427733581704]","[9999.988226377784]","[0.03886798604580851]","[0.10000576145735855]","[2.6772524056440723]","[0.01]","[1.2873218569987508]","[9056.465135816716]","[2.938186285095747]","[2.9553324790105004]","[0.35023133332495965]","[EU]","[7245.909623394123]","[0.060555562112403635]","[2.6589773580407416]","[5.951325421481745E-5]","[3.6547700573114045E-4]","[3451.200491822853]","[5.435865322712773E-6]","[0.16017329674411393]"
100000,100000,2.515246889171811E-6,9001.657695216676,3452.8534229061997,0.35028767101661423,0.20932499682600225,0.15698019069411576,0.8698650363563274,log-normal,3.679638528911826E-4,0.03886944690365743,2.660938611776628,2.9586850938215807,7285.32949459436,1.2891760561953913,2.9709721923118724,0.01,0.10000564416037291,9999.990181183874,6.352442738740518E-5,2.630165354832374,0.5755542364649326,31.90308558361386,0.0605612272242171,4,98201,"[0.20932499682600225,0.20932499682600225,0.20932499682600225,0.20932499682600225]","[0.5755542364649326,0.5755542364649326,0.5755542364649326,0.5755542364649326]","[log-normal,log-normal,log-normal,log-normal]","[31.903085808932957,31.903085518561465,31.90308526858958,31.90308564866625]","[0.8698650363563274,0.8698650363563274,0.8698650363563274,0.8698650363563274]","[6188291153548765571,1568186940649956497,8843857585258587870,447360904189049387]","[9999.990181183874,9999.990181183874,9999.990181183874,9999.990181183874]","[0.03886944690365743,0.03886944690365743,0.03886944690365743,0.03886944690365743]","[0.10000564416037291,0.10000564416037291,0.10000564416037291,0.10000564416037291]","[2.630165354832374,2.630165354832374,2.630165354832374,2.630165354832374]","[0.01,0.01,0.01,0.01]","[1.2891760561953913,1.2891760561953913,1.2891760561953913,1.2891760561953913]","[9001.657695216676,9001.657695216676,9001.657695216676,9001.657695216676]","[2.9709721923118724,2.9709721923118724,2.9709721923118724,2.9709721923118724]","[2.9586850938215807,2.9586850938215807,2.9586850938215807,2.9586850938215807]","[0.35028767101661423,0.35028767101661423,0.35028767101661423,0.35028767101661423]","[EU,EU,EU,EU]","[7285.32949459436,7285.32949459436,7285.32949459436,7285.32949459436]","[0.06056122967480632,0.060561225010713156,0.06056122291212486,0.06056122943772104]","[2.660938611776628,2.660938611776628,2.660938611776628,2.660938611776628]","[6.352442738740518E-5,6.352442738740518E-5,6.352442738740518E-5,6.352442738740518E-5]","[3.679638528911826E-4,3.679638528911826E-4,3.679638528911826E-4,3.679638528911826E-4]","[3452.8534229061997,3452.8534229061997,3452.8534229061997,3452.8534229061997]","[2.515246889171811E-6,2.515246889171811E-6,2.515246889171811E-6,2.515246889171811E-6]","[0.15698019069411576,0.15698019069411576,0.15698019069411576,0.15698019069411576]"
100000,100000,1.7071566388701003E-4,9947.043923174595,4963.229643557849,0.4396672476267135,1.317337118142339,0.07131811002010395,1.1280434395114312,log-normal,3.382073405564997E-4,0.04366388488681411,2.7630170547806694,2.559860741743066,7469.462036448388,1.2916306124086567,3.0,0.009999997383620738,0.10000151574827712,9999.99999685152,3.117173731357883E-5,2.075396326413016,0.3229167726847221,32.00010441724545,0.060308527905859464,5,96682,"[1.317337118142339,1.317337118142339,1.317337118142339,1.317337118142339,1.317337118142339]","[0.3229167726847221,0.3229167726847221,0.3229167726847221,0.3229167726847221,0.3229167726847221]","[log-normal,log-normal,log-normal,log-normal,log-normal]","[32.00010525738127,32.00010441724545,32.00011512117963,32.000102231095624,32.00010230493401]","[1.1280434395114312,1.1280434395114312,1.1280434395114312,1.1280434395114312,1.1280434395114312]","[4588343503404951514,4838485591907558154,9169654748585818228,-8696487976033131840,198071196118579179]","[9999.99999685152,9999.99999685152,9999.99999685152,9999.99999685152,9999.99999685152]","[0.04366388488681411,0.04366388488681411,0.04366388488681411,0.04366388488681411,0.04366388488681411]","[0.10000151574827712,0.10000151574827712,0.10000151574827712,0.10000151574827712,0.10000151574827712]","[2.075396326413016,2.075396326413016,2.075396326413016,2.075396326413016,2.075396326413016]","[0.009999997383620738,0.009999997383620738,0.009999997383620738,0.009999997383620738,0.009999997383620738]","[1.2916306124086567,1.2916306124086567,1.2916306124086567,1.2916306124086567,1.2916306124086567]","[9947.043923174595,9947.043923174595,9947.043923174595,9947.043923174595,9947.043923174595]","[3.0,3.0,3.0,3.0,3.0]","[2.559860741743066,2.559860741743066,2.559860741743066,2.559860741743066,2.559860741743066]","[0.4396672476267135,0.4396672476267135,0.4396672476267135,0.4396672476267135,0.4396672476267135]","[EU,EU,EU,EU,EU]","[7469.462036448388,7469.462036448388,7469.462036448388,7469.462036448388,7469.462036448388]","[0.060308527905859464,0.06030852585464639,0.060308563297856416,0.060308537706478545,0.060308519892803315]","[2.7630170547806694,2.7630170547806694,2.7630170547806694,2.7630170547806694,2.7630170547806694]","[3.117173731357883E-5,3.117173731357883E-5,3.117173731357883E-5,3.117173731357883E-5,3.117173731357883E-5]","[3.382073405564997E-4,3.382073405564997E-4,3.382073405564997E-4,3.382073405564997E-4,3.382073405564997E-4]","[4963.229643557849,4963.229643557849,4963.229643557849,4963.229643557849,4963.229643557849]","[1.7071566388701003E-4,1.7071566388701003E-4,1.7071566388701003E-4,1.7071566388701003E-4,1.7071566388701003E-4]","[0.07131811002010395,0.07131811002010395,0.07131811002010395,0.07131811002010395,0.07131811002010395]"
100000,100000,2.774512903534339E-4,10000.0,1971.1547721487743,0.10398269039717191,1.684909915354709,0.12657239631434247,0.8014638438299196,normal,2.2891676542845165E-4,0.03855035848765572,2.6688289393461364,2.657585997140053,9431.60140776537,1.3375521307886704,2.538380942079706,0.01,0.10000000745337739,9999.697744080873,2.4058305420060274E-5,2.7850312623488676,0.6910250295378767,32.09472569203112,0.06022525748061225,2,95473,"[1.684909915354709,1.684909915354709]","[0.6910250295378767,0.6910250295378767]","[normal,normal]","[32.09472454236575,32.09472684169648]","[0.8014638438299196,0.8014638438299196]","[-4444021284651930671,6256788133670417276]","[9999.697744080873,9999.697744080873]","[0.03855035848765572,0.03855035848765572]","[0.10000000745337739,0.10000000745337739]","[2.7850312623488676,2.7850312623488676]","[0.01,0.01]","[1.3375521307886704,1.3375521307886704]","[10000.0,10000.0]","[2.538380942079706,2.538380942079706]","[2.657585997140053,2.657585997140053]","[0.10398269039717191,0.10398269039717191]","[EU,EU]","[9431.60140776537,9431.60140776537]","[0.06022522089070692,0.06022529407051757]","[2.6688289393461364,2.6688289393461364]","[2.4058305420060274E-5,2.4058305420060274E-5]","[2.2891676542845165E-4,2.2891676542845165E-4]","[1971.1547721487743,1971.1547721487743]","[2.774512903534339E-4,2.774512903534339E-4]","[0.12657239631434247,0.12657239631434247]"
100000,100000,1.426844914425694E-4,9999.999999999998,5056.729215636145,0.48852406261582176,1.238664067723976,0.06301755965976497,0.871668566426837,normal,3.231513394748893E-4,0.044149292204948724,2.761764031400692,2.5333021542973873,7665.213835494135,1.289414288721065,2.9932428532998787,0.01,0.1,10000.0,3.013571106506642E-5,2.043120669545757,0.33820948649034444,31.979321361238533,0.06034027083699295,2,95270,"[1.238664067723976,1.238664067723976]","[0.33820948649034444,0.33820948649034444]","[normal,normal]","[31.979321095528835,31.979321626948234]","[0.871668566426837,0.871668566426837]","[-5810038983366116511,6712133352243230079]","[10000.0,10000.0]","[0.044149292204948724,0.044149292204948724]","[0.1,0.1]","[2.043120669545757,2.043120669545757]","[0.01,0.01]","[1.289414288721065,1.289414288721065]","[9999.999999999998,9999.999999999998]","[2.9932428532998787,2.9932428532998787]","[2.5333021542973873,2.5333021542973873]","[0.48852406261582176,0.48852406261582176]","[EU,EU]","[7665.213835494135,7665.213835494135]","[0.060340216198112716,0.060340325475873174]","[2.761764031400692,2.761764031400692]","[3.013571106506642E-5,3.013571106506642E-5]","[3.231513394748893E-4,3.231513394748893E-4]","[5056.729215636145,5056.729215636145]","[1.426844914425694E-4,1.426844914425694E-4]","[0.06301755965976497,0.06301755965976497]"
100000,100000,4.810261173973216E-5,8316.820922079727,2463.3177178855794,0.4968570316313899,0.23007521703680459,0.06751454462014833,1.1186164088338904,log-normal,0.0013068931396441996,0.04978851750402429,0.6396744851736091,2.977921152020788,4728.2055744573745,1.2733354943622504,2.988488810826187,0.009780055260907172,0.1000037065132235,9999.96208621497,2.5172995702931973E-5,1.7461802998254101,0.7446762994582452,31.77955632271609,0.060687670006438765,1,99911,"[0.23007521703680459]","[0.7446762994582452]","[log-normal]","[31.77955632271609]","[1.1186164088338904]","[-8343058677353482069]","[9999.96208621497]","[0.04978851750402429]","[0.1000037065132235]","[1.7461802998254101]","[0.009780055260907172]","[1.2733354943622504]","[8316.820922079727]","[2.988488810826187]","[2.977921152020788]","[0.4968570316313899]","[EU]","[4728.2055744573745]","[0.060687670006438765]","[0.6396744851736091]","[2.5172995702931973E-5]","[0.0013068931396441996]","[2463.3177178855794]","[4.810261173973216E-5]","[0.06751454462014833]"
100000,100000,3.878212510789392E-5,9306.997067076778,1585.729199286117,0.4920383185326552,0.27218663205154636,0.06536958744162856,1.0939331298030113,normal,0.0013723841837518216,0.04959589892219686,0.6290687477748627,2.889676803560921,5521.261476236196,1.2763815105043117,2.9996250841510226,0.009639941288927499,0.10000659165566472,9999.99448966114,2.5244310824778084E-5,1.4791552270760637,0.7940787315106056,31.769673098003885,0.060941940459618385,2,98774,"[0.27218663205154636,0.27218663205154636]","[0.7940787315106056,0.7940787315106056]","[normal,normal]","[31.769685636138377,31.769660559869394]","[1.0939331298030113,1.0939331298030113]","[-3706449788872890359,218610806601116865]","[9999.99448966114,9999.99448966114]","[0.04959589892219686,0.04959589892219686]","[0.10000659165566472,0.10000659165566472]","[1.4791552270760637,1.4791552270760637]","[0.009639941288927499,0.009639941288927499]","[1.2763815105043117,1.2763815105043117]","[9306.997067076778,9306.997067076778]","[2.9996250841510226,2.9996250841510226]","[2.889676803560921,2.889676803560921]","[0.4920383185326552,0.4920383185326552]","[EU,EU]","[5521.261476236196,5521.261476236196]","[0.060942025993227796,0.06094185492600898]","[0.6290687477748627,0.6290687477748627]","[2.5244310824778084E-5,2.5244310824778084E-5]","[0.0013723841837518216,0.0013723841837518216]","[1585.729199286117,1585.729199286117]","[3.878212510789392E-5,3.878212510789392E-5]","[0.06536958744162856,0.06536958744162856]"
100000,100000,2.3350190354840382E-4,9991.988700298481,1341.5005021544223,0.11345544782520739,1.4796652431620088,0.15467123756795986,0.8200140152715732,log-normal,2.31315531543241E-4,0.03940660426027113,2.624370968647506,2.6436156883173103,8965.617064202139,1.3329451114508506,2.5088959699939384,0.00999999717116838,0.10000000006682513,9999.708230176839,2.458281759089377E-5,2.7468775615575542,0.6390996643397627,32.05285728501281,0.060252054753341173,5,96720,"[1.4796652431620088,1.4796652431620088,1.4796652431620088,1.4796652431620088,1.4796652431620088]","[0.6390996643397627,0.6390996643397627,0.6390996643397627,0.6390996643397627,0.6390996643397627]","[log-normal,log-normal,log-normal,log-normal,log-normal]","[32.052822063804115,32.05285728501281,32.05290141472649,32.052601631481004,32.05289924660225]","[0.8200140152715732,0.8200140152715732,0.8200140152715732,0.8200140152715732,0.8200140152715732]","[8141340151222926130,-4339241797361140183,-5819289543336233565,-5644632156840231710,5575546403443015167]","[9999.708230176839,9999.708230176839,9999.708230176839,9999.708230176839,9999.708230176839]","[0.03940660426027113,0.03940660426027113,0.03940660426027113,0.03940660426027113,0.03940660426027113]","[0.10000000006682513,0.10000000006682513,0.10000000006682513,0.10000000006682513,0.10000000006682513]","[2.7468775615575542,2.7468775615575542,2.7468775615575542,2.7468775615575542,2.7468775615575542]","[0.00999999717116838,0.00999999717116838,0.00999999717116838,0.00999999717116838,0.00999999717116838]","[1.3329451114508506,1.3329451114508506,1.3329451114508506,1.3329451114508506,1.3329451114508506]","[9991.988700298481,9991.988700298481,9991.988700298481,9991.988700298481,9991.988700298481]","[2.5088959699939384,2.5088959699939384,2.5088959699939384,2.5088959699939384,2.5088959699939384]","[2.6436156883173103,2.6436156883173103,2.6436156883173103,2.6436156883173103,2.6436156883173103]","[0.11345544782520739,0.11345544782520739,0.11345544782520739,0.11345544782520739,0.11345544782520739]","[EU,EU,EU,EU,EU]","[8965.617064202139,8965.617064202139,8965.617064202139,8965.617064202139,8965.617064202139]","[0.06025206332475508,0.060252054977113084,0.060252054753341173,0.06025201820241967,0.060252046610749455]","[2.624370968647506,2.624370968647506,2.624370968647506,2.624370968647506,2.624370968647506]","[2.458281759089377E-5,2.458281759089377E-5,2.458281759089377E-5,2.458281759089377E-5,2.458281759089377E-5]","[2.31315531543241E-4,2.31315531543241E-4,2.31315531543241E-4,2.31315531543241E-4,2.31315531543241E-4]","[1341.5005021544223,1341.5005021544223,1341.5005021544223,1341.5005021544223,1341.5005021544223]","[2.3350190354840382E-4,2.3350190354840382E-4,2.3350190354840382E-4,2.3350190354840382E-4,2.3350190354840382E-4]","[0.15467123756795986,0.15467123756795986,0.15467123756795986,0.15467123756795986,0.15467123756795986]"
100000,100000,1.815112075657113E-4,9973.443147258826,5099.047143645845,0.425983475605151,1.2645947398405393,0.0813500276443183,0.9076152660132141,log-normal,3.331970486068892E-4,0.04583230532640785,2.7800174777595803,2.581796671314067,7340.458182111932,1.2943977211945252,2.9673504736613094,0.01,0.10000190546198953,9999.939821154541,3.0827705085511835E-5,1.96997990428913,0.3486819089655111,32.00889884087453,0.06029755684643413,1,99788,"[1.2645947398405393]","[0.3486819089655111]","[log-normal]","[32.00889884087453]","[0.9076152660132141]","[4119669496185449422]","[9999.939821154541]","[0.04583230532640785]","[0.10000190546198953]","[1.96997990428913]","[0.01]","[1.2943977211945252]","[9973.443147258826]","[2.9673504736613094]","[2.581796671314067]","[0.425983475605151]","[EU]","[7340.458182111932]","[0.06029755684643413]","[2.7800174777595803]","[3.0827705085511835E-5]","[3.331970486068892E-4]","[5099.047143645845]","[1.815112075657113E-4]","[0.0813500276443183]"
100000,100000,2.886518062071091E-4,9947.967467490405,1253.6918804163208,0.06868665045317572,1.388782988967857,0.11651422999739172,0.8128695376788874,normal,2.413546085737763E-4,0.0377736044326758,2.5963061629480877,2.7343866060592044,9143.177770831117,1.3354151555352307,2.5730854678021853,0.01,0.10000013859062938,9999.912454111329,2.6113006061713206E-5,2.879596228259658,0.638184413327816,32.106048262283174,0.060220432946882535,6,92584,"[1.388782988967857,1.388782988967857,1.388782988967857,1.388782988967857,1.388782988967857,1.388782988967857]","[0.638184413327816,0.638184413327816,0.638184413327816,0.638184413327816,0.638184413327816,0.638184413327816]","[normal,normal,normal,normal,normal,normal]","[32.106048262283174,32.10588890564028,32.106048262325025,32.106048269941084,32.10541865155685,32.106048262283174]","[0.8128695376788874,0.8128695376788874,0.8128695376788874,0.8128695376788874,0.8128695376788874,0.8128695376788874]","[5176862839065541236,-1875564428323622098,1648711789711975758,-2253326560532930238,-4429507980850139432,8514149518295560959]","[9999.912454111329,9999.912454111329,9999.912454111329,9999.912454111329,9999.912454111329,9999.912454111329]","[0.0377736044326758,0.0377736044326758,0.0377736044326758,0.0377736044326758,0.0377736044326758,0.0377736044326758]","[0.10000013859062938,0.10000013859062938,0.10000013859062938,0.10000013859062938,0.10000013859062938,0.10000013859062938]","[2.879596228259658,2.879596228259658,2.879596228259658,2.879596228259658,2.879596228259658,2.879596228259658]","[0.01,0.01,0.01,0.01,0.01,0.01]","[1.3354151555352307,1.3354151555352307,1.3354151555352307,1.3354151555352307,1.3354151555352307,1.3354151555352307]","[9947.967467490405,9947.967467490405,9947.967467490405,9947.967467490405,9947.967467490405,9947.967467490405]","[2.5730854678021853,2.5730854678021853,2.5730854678021853,2.5730854678021853,2.5730854678021853,2.5730854678021853]","[2.7343866060592044,2.7343866060592044,2.7343866060592044,2.7343866060592044,2.7343866060592044,2.7343866060592044]","[0.06868665045317572,0.06868665045317572,0.06868665045317572,0.06868665045317572,0.06868665045317572,0.06868665045317572]","[EU,EU,EU,EU,EU,EU]","[9143.177770831117,9143.177770831117,9143.177770831117,9143.177770831117,9143.177770831117,9143.177770831117]","[0.060220432946882535,0.060220422790353556,0.06022043294718455,0.060220433436382136,0.06022024513854841,0.060220432946882535]","[2.5963061629480877,2.5963061629480877,2.5963061629480877,2.5963061629480877,2.5963061629480877,2.5963061629480877]","[2.6113006061713206E-5,2.6113006061713206E-5,2.6113006061713206E-5,2.6113006061713206E-5,2.6113006061713206E-5,2.6113006061713206E-5]","[2.413546085737763E-4,2.413546085737763E-4,2.413546085737763E-4,2.413546085737763E-4,2.413546085737763E-4,2.413546085737763E-4]","[1253.6918804163208,1253.6918804163208,1253.6918804163208,1253.6918804163208,1253.6918804163208,1253.6918804163208]","[2.886518062071091E-4,2.886518062071091E-4,2.886518062071091E-4,2.886518062071091E-4,2.886518062071091E-4,2.886518062071091E-4]","[0.11651422999739172,0.11651422999739172,0.11651422999739172,0.11651422999739172,0.11651422999739172,0.11651422999739172]"
100000,100000,6.390162715655226E-5,9807.82508511004,3652.3494991530606,0.47162318382412766,1.2046553389575592,0.011155824466188593,0.8580335905904479,log-normal,3.2277315999419443E-4,0.04025125064621343,2.795575925403323,2.6226294606271185,6935.9168378517425,1.2945632184554772,2.9500065874055963,0.01,0.10000176513420686,9996.12974966258,3.0025857303358E-5,2.458052148016349,0.23145610827925422,31.9307008480627,0.06045192304920054,1,99815,"[1.2046553389575592]","[0.23145610827925422]","[log-normal]","[31.9307008480627]","[0.8580335905904479]","[-3173862393827037601]","[9996.12974966258]","[0.04025125064621343]","[0.10000176513420686]","[2.458052148016349]","[0.01]","[1.2945632184554772]","[9807.82508511004]","[2.9500065874055963]","[2.6226294606271185]","[0.47162318382412766]","[EU]","[6935.9168378517425]","[0.06045192304920054]","[2.795575925403323]","[3.0025857303358E-5]","[3.2277315999419443E-4]","[3652.3494991530606]","[6.390162715655226E-5]","[0.011155824466188593]"
100000,100000,3.1826160664098844E-4,10000.0,1587.2705645141614,0.07358772820748413,1.466082010639177,0.1207715807371857,0.7769330976789423,log-normal,2.307779865842242E-4,0.0366901405620688,2.616776881143509,2.94735130209036,9146.191335395424,1.3421223084095957,2.570240061491709,0.01,0.10000078799557063,9999.895200330888,2.6015919686847546E-5,3.0,0.6269353015219504,32.13704279306289,0.060209905864095,4,98530,"[1.466082010639177,1.466082010639177,1.466082010639177,1.466082010639177]","[0.6269353015219504,0.6269353015219504,0.6269353015219504,0.6269353015219504]","[log-normal,log-normal,log-normal,log-normal]","[32.13704278959831,32.13704279652746,32.13703877906867,32.137047401894364]","[0.7769330976789423,0.7769330976789423,0.7769330976789423,0.7769330976789423]","[-6482091259346554699,-2784316001679578987,-696785785760520439,-5358326237090847870]","[9999.895200330888,9999.895200330888,9999.895200330888,9999.895200330888]","[0.0366901405620688,0.0366901405620688,0.0366901405620688,0.0366901405620688]","[0.10000078799557063,0.10000078799557063,0.10000078799557063,0.10000078799557063]","[3.0,3.0,3.0,3.0]","[0.01,0.01,0.01,0.01]","[1.3421223084095957,1.3421223084095957,1.3421223084095957,1.3421223084095957]","[10000.0,10000.0,10000.0,10000.0]","[2.570240061491709,2.570240061491709,2.570240061491709,2.570240061491709]","[2.94735130209036,2.94735130209036,2.94735130209036,2.94735130209036]","[0.07358772820748413,0.07358772820748413,0.07358772820748413,0.07358772820748413]","[EU,EU,EU,EU]","[9146.191335395424,9146.191335395424,9146.191335395424,9146.191335395424]","[0.060209905810037226,0.06020990584080694,0.060209905887383064,0.060210026594586824]","[2.616776881143509,2.616776881143509,2.616776881143509,2.616776881143509]","[2.6015919686847546E-5,2.6015919686847546E-5,2.6015919686847546E-5,2.6015919686847546E-5]","[2.307779865842242E-4,2.307779865842242E-4,2.307779865842242E-4,2.307779865842242E-4]","[1587.2705645141614,1587.2705645141614,1587.2705645141614,1587.2705645141614]","[3.1826160664098844E-4,3.1826160664098844E-4,3.1826160664098844E-4,3.1826160664098844E-4]","[0.1207715807371857,0.1207715807371857,0.1207715807371857,0.1207715807371857]"
100000,100000,3.6248990470820296E-4,9999.736033544248,1497.200063951273,0.016286001826968637,1.408231016467693,0.11734725932134334,0.7997972017791106,log-normal,2.3943296185578229E-4,0.03614883434389241,2.602152030777541,2.997980949344639,8428.680025187567,1.3432926740861706,2.4986694232284217,0.009999999967708373,0.10000002556431989,10000.0,2.583326874722463E-5,2.9628516853572897,0.6451884737931773,32.18610364298234,0.06020338669476474,1,99690,"[1.408231016467693]","[0.6451884737931773]","[log-normal]","[32.18610364298234]","[0.7997972017791106]","[-1353059372194431233]","[10000.0]","[0.03614883434389241]","[0.10000002556431989]","[2.9628516853572897]","[0.009999999967708373]","[1.3432926740861706]","[9999.736033544248]","[2.4986694232284217]","[2.997980949344639]","[0.016286001826968637]","[EU]","[8428.680025187567]","[0.06020338669476474]","[2.602152030777541]","[2.583326874722463E-5]","[2.3943296185578229E-4]","[1497.200063951273]","[3.6248990470820296E-4]","[0.11734725932134334]"
100000,100000,4.1034512347301616E-5,9284.91533050871,3017.7062575643276,0.4653054258934086,1.12023512136812,0.060913206699229956,0.8921363644877176,log-normal,3.274074196561345E-4,0.04146182316809767,2.750353245556498,2.333209093380524,7782.622804625934,1.2898510663931817,2.9993704795512506,0.009999999999999998,0.1,9998.880593077247,3.1215668083610554E-5,2.3169686506145943,0.5754494703507218,31.91932033155053,0.06049071718080138,1,99756,"[1.12023512136812]","[0.5754494703507218]","[log-normal]","[31.91932033155053]","[0.8921363644877176]","[-3734304237156926402]","[9998.880593077247]","[0.04146182316809767]","[0.1]","[2.3169686506145943]","[0.009999999999999998]","[1.2898510663931817]","[9284.91533050871]","[2.9993704795512506]","[2.333209093380524]","[0.4653054258934086]","[EU]","[7782.622804625934]","[0.06049071718080138]","[2.750353245556498]","[3.1215668083610554E-5]","[3.274074196561345E-4]","[3017.7062575643276]","[4.1034512347301616E-5]","[0.060913206699229956]"
100000,100000,1.7382308467106555E-4,9973.32892164876,4640.624960036103,0.45440145719888486,1.310185107425357,0.07400720801557728,0.8977459081633199,normal,3.384628779173899E-4,0.043608122653325865,2.7590491166617546,2.6019305628786875,7465.957911923928,1.2890104599920618,3.0,0.009999999998699322,0.1000016145595003,9999.934858757511,3.0464459479895617E-5,2.0586489805709642,0.31547213461990076,32.00247924219105,0.060305394171606345,3,97049,"[1.310185107425357,1.310185107425357,1.310185107425357]","[0.31547213461990076,0.31547213461990076,0.31547213461990076]","[normal,normal,normal]","[32.00247924219105,32.00248632042014,32.002478472755584]","[0.8977459081633199,0.8977459081633199,0.8977459081633199]","[-546734894194852298,7211379194149466997,947755733993814122]","[9999.934858757511,9999.934858757511,9999.934858757511]","[0.043608122653325865,0.043608122653325865,0.043608122653325865]","[0.1000016145595003,0.1000016145595003,0.1000016145595003]","[2.0586489805709642,2.0586489805709642,2.0586489805709642]","[0.009999999998699322,0.009999999998699322,0.009999999998699322]","[1.2890104599920618,1.2890104599920618,1.2890104599920618]","[9973.32892164876,9973.32892164876,9973.32892164876]","[3.0,3.0,3.0]","[2.6019305628786875,2.6019305628786875,2.6019305628786875]","[0.45440145719888486,0.45440145719888486,0.45440145719888486]","[EU,EU,EU]","[7465.957911923928,7465.957911923928,7465.957911923928]","[0.060305394171606345,0.06030540915903951,0.060305380139952916]","[2.7590491166617546,2.7590491166617546,2.7590491166617546]","[3.0464459479895617E-5,3.0464459479895617E-5,3.0464459479895617E-5]","[3.384628779173899E-4,3.384628779173899E-4,3.384628779173899E-4]","[4640.624960036103,4640.624960036103,4640.624960036103]","[1.7382308467106555E-4,1.7382308467106555E-4,1.7382308467106555E-4]","[0.07400720801557728,0.07400720801557728,0.07400720801557728]"
100000,100000,1.1526356883629633E-4,9982.579856480712,1330.9417335836831,0.15668468217584064,1.48448742475351,0.14062550084038405,0.8240085661746324,normal,2.3406278414378994E-4,0.038432583705338356,2.6632405530897048,2.5816006854667553,9356.488067792374,1.3261837459187729,2.526968119408973,0.01,0.10000068278229053,9999.850718328069,2.377435092915846E-5,2.9071791319070086,0.6355731076642627,31.96094114754488,0.06037529117108035,3,98776,"[1.48448742475351,1.48448742475351,1.48448742475351]","[0.6355731076642627,0.6355731076642627,0.6355731076642627]","[normal,normal,normal]","[31.960974415347422,31.96090965299351,31.96094114754488]","[0.8240085661746324,0.8240085661746324,0.8240085661746324]","[-1121158383218753886,7852137357837596142,2301632365701660662]","[9999.850718328069,9999.850718328069,9999.850718328069]","[0.038432583705338356,0.038432583705338356,0.038432583705338356]","[0.10000068278229053,0.10000068278229053,0.10000068278229053]","[2.9071791319070086,2.9071791319070086,2.9071791319070086]","[0.01,0.01,0.01]","[1.3261837459187729,1.3261837459187729,1.3261837459187729]","[9982.579856480712,9982.579856480712,9982.579856480712]","[2.526968119408973,2.526968119408973,2.526968119408973]","[2.5816006854667553,2.5816006854667553,2.5816006854667553]","[0.15668468217584064,0.15668468217584064,0.15668468217584064]","[EU,EU,EU]","[9356.488067792374,9356.488067792374,9356.488067792374]","[0.06037529117108035,0.06037534545002668,0.0603752856616814]","[2.6632405530897048,2.6632405530897048,2.6632405530897048]","[2.377435092915846E-5,2.377435092915846E-5,2.377435092915846E-5]","[2.3406278414378994E-4,2.3406278414378994E-4,2.3406278414378994E-4]","[1330.9417335836831,1330.9417335836831,1330.9417335836831]","[1.1526356883629633E-4,1.1526356883629633E-4,1.1526356883629633E-4]","[0.14062550084038405,0.14062550084038405,0.14062550084038405]"
100000,100000,2.71848156162533E-4,10000.0,1541.5422887486254,0.08086173042219665,1.6946514161530004,0.14510740248408732,0.8112457115537607,log-normal,2.477734333281937E-4,0.03813232756736456,2.6221737553232685,2.844374627804111,9085.503228218395,1.328844354948477,2.646786177356527,0.009999988695565579,0.10000000004719488,9999.405900349813,2.6297675723695808E-5,2.8303979988958368,0.6659305717670466,32.08913874282255,0.06022820582455204,3,98878,"[1.6946514161530004,1.6946514161530004,1.6946514161530004]","[0.6659305717670466,0.6659305717670466,0.6659305717670466]","[log-normal,log-normal,log-normal]","[32.08914454412652,32.08913524305881,32.08913874282255]","[0.8112457115537607,0.8112457115537607,0.8112457115537607]","[-6240568590871011005,3622662252890186505,8929687171375753363]","[9999.405900349813,9999.405900349813,9999.405900349813]","[0.03813232756736456,0.03813232756736456,0.03813232756736456]","[0.10000000004719488,0.10000000004719488,0.10000000004719488]","[2.8303979988958368,2.8303979988958368,2.8303979988958368]","[0.009999988695565579,0.009999988695565579,0.009999988695565579]","[1.328844354948477,1.328844354948477,1.328844354948477]","[10000.0,10000.0,10000.0]","[2.646786177356527,2.646786177356527,2.646786177356527]","[2.844374627804111,2.844374627804111,2.844374627804111]","[0.08086173042219665,0.08086173042219665,0.08086173042219665]","[EU,EU,EU]","[9085.503228218395,9085.503228218395,9085.503228218395]","[0.06022822625084807,0.060228205308750664,0.06022820582455204]","[2.6221737553232685,2.6221737553232685,2.6221737553232685]","[2.6297675723695808E-5,2.6297675723695808E-5,2.6297675723695808E-5]","[2.477734333281937E-4,2.477734333281937E-4,2.477734333281937E-4]","[1541.5422887486254,1541.5422887486254,1541.5422887486254]","[2.71848156162533E-4,2.71848156162533E-4,2.71848156162533E-4]","[0.14510740248408732,0.14510740248408732,0.14510740248408732]"
100000,100000,5.63751388925084E-5,9818.932881591169,3916.3289270190685,0.44801975569904806,1.1712926016166676,0.013339874280781719,0.8540569078895114,log-normal,3.379490206425433E-4,0.04201588888757099,2.8482830783789916,2.6119636406832947,6944.397734909516,1.2872591276551208,2.9914144419051714,0.009999920481603357,0.10000031643084645,9999.999473126787,2.976665431609475E-5,2.654856752526799,0.4690712268562821,31.926795437723307,0.06046423401315739,1,99694,"[1.1712926016166676]","[0.4690712268562821]","[log-normal]","[31.926795437723307]","[0.8540569078895114]","[6635535350943705861]","[9999.999473126787]","[0.04201588888757099]","[0.10000031643084645]","[2.654856752526799]","[0.009999920481603357]","[1.2872591276551208]","[9818.932881591169]","[2.9914144419051714]","[2.6119636406832947]","[0.44801975569904806]","[EU]","[6944.397734909516]","[0.06046423401315739]","[2.8482830783789916]","[2.976665431609475E-5]","[3.379490206425433E-4]","[3916.3289270190685]","[5.63751388925084E-5]","[0.013339874280781719]"
100000,100000,2.0400488950715525E-4,9983.718885011347,2351.933062086262,0.4113243386952699,1.9631852660085727,0.1337598759753085,0.8447584526846947,log-normal,2.6374955842329987E-4,0.0355956982449047,2.6311610777281484,2.6903298023349005,8080.37855001969,1.3248605077708873,2.831861677354389,0.01,0.1,9999.968622291244,2.806601352248276E-5,2.8591722361448233,0.6497398723420087,32.0271929894907,0.06027595130761545,8,95830,"[1.9631852660085727,1.9631852660085727,1.9631852660085727,1.9631852660085727,1.9631852660085727,1.9631852660085727,1.9631852660085727,1.9631852660085727]","[0.6497398723420087,0.6497398723420087,0.6497398723420087,0.6497398723420087,0.6497398723420087,0.6497398723420087,0.6497398723420087,0.6497398723420087]","[log-normal,log-normal,log-normal,log-normal,log-normal,log-normal,log-normal,log-normal]","[32.02719215222622,32.02719378016865,32.02718574349539,32.02719219881275,32.02715848166978,32.02719382408584,32.02719462166219,32.02720133732448]","[0.8447584526846947,0.8447584526846947,0.8447584526846947,0.8447584526846947,0.8447584526846947,0.8447584526846947,0.8447584526846947,0.8447584526846947]","[-3220459322508972863,7922544107131600354,-1784108759599644801,-3787202853176448638,8311540230123256825,-9129319578665947568,2800039458403085080,-5293249114275647371]","[9999.968622291244,9999.968622291244,9999.968622291244,9999.968622291244,9999.968622291244,9999.968622291244,9999.968622291244,9999.968622291244]","[0.0355956982449047,0.0355956982449047,0.0355956982449047,0.0355956982449047,0.0355956982449047,0.0355956982449047,0.0355956982449047,0.0355956982449047]","[0.1,0.1,0.1,0.1,0.1,0.1,0.1,0.1]","[2.8591722361448233,2.8591722361448233,2.8591722361448233,2.8591722361448233,2.8591722361448233,2.8591722361448233,2.8591722361448233,2.8591722361448233]","[0.01,0.01,0.01,0.01,0.01,0.01,0.01,0.01]","[1.3248605077708873,1.3248605077708873,1.3248605077708873,1.3248605077708873,1.3248605077708873,1.3248605077708873,1.3248605077708873,1.3248605077708873]","[9983.718885011347,9983.718885011347,9983.718885011347,9983.718885011347,9983.718885011347,9983.718885011347,9983.718885011347,9983.718885011347]","[2.831861677354389,2.831861677354389,2.831861677354389,2.831861677354389,2.831861677354389,2.831861677354389,2.831861677354389,2.831861677354389]","[2.6903298023349005,2.6903298023349005,2.6903298023349005,2.6903298023349005,2.6903298023349005,2.6903298023349005,2.6903298023349005,2.6903298023349005]","[0.4113243386952699,0.4113243386952699,0.4113243386952699,0.4113243386952699,0.4113243386952699,0.4113243386952699,0.4113243386952699,0.4113243386952699]","[EU,EU,EU,EU,EU,EU,EU,EU]","[8080.37855001969,8080.37855001969,8080.37855001969,8080.37855001969,8080.37855001969,8080.37855001969,8080.37855001969,8080.37855001969]","[0.06027594093070784,0.060275939698112756,0.06027592994838921,0.06027594431743685,0.060275958297794044,0.06027597695464317,0.06027596053640658,0.06027610411529324]","[2.6311610777281484,2.6311610777281484,2.6311610777281484,2.6311610777281484,2.6311610777281484,2.6311610777281484,2.6311610777281484,2.6311610777281484]","[2.806601352248276E-5,2.806601352248276E-5,2.806601352248276E-5,2.806601352248276E-5,2.806601352248276E-5,2.806601352248276E-5,2.806601352248276E-5,2.806601352248276E-5]","[2.6374955842329987E-4,2.6374955842329987E-4,2.6374955842329987E-4,2.6374955842329987E-4,2.6374955842329987E-4,2.6374955842329987E-4,2.6374955842329987E-4,2.6374955842329987E-4]","[2351.933062086262,2351.933062086262,2351.933062086262,2351.933062086262,2351.933062086262,2351.933062086262,2351.933062086262,2351.933062086262]","[2.0400488950715525E-4,2.0400488950715525E-4,2.0400488950715525E-4,2.0400488950715525E-4,2.0400488950715525E-4,2.0400488950715525E-4,2.0400488950715525E-4,2.0400488950715525E-4]","[0.1337598759753085,0.1337598759753085,0.1337598759753085,0.1337598759753085,0.1337598759753085,0.1337598759753085,0.1337598759753085,0.1337598759753085]"
100000,100000,9.086637055286344E-5,9897.093074601264,3667.7872218883645,0.4907764521880909,1.0451902183239246,0.06737341300522243,0.8586395323840768,normal,3.5734755941984394E-4,0.043198674889074674,2.7545113078728285,2.609502263242607,6964.785812550294,1.285199588385489,2.9730250478751628,0.009999991109076676,0.10001781457367656,10000.0,2.974383508039837E-5,2.0925718249968033,0.5469966555740505,31.945715416117064,0.06041002453232063,2,99459,"[1.0451902183239246,1.0451902183239246]","[0.5469966555740505,0.5469966555740505]","[normal,normal]","[31.945717037601874,31.945713794632255]","[0.8586395323840768,0.8586395323840768]","[1980239810380331238,-1605205087814813393]","[10000.0,10000.0]","[0.043198674889074674,0.043198674889074674]","[0.10001781457367656,0.10001781457367656]","[2.0925718249968033,2.0925718249968033]","[0.009999991109076676,0.009999991109076676]","[1.285199588385489,1.285199588385489]","[9897.093074601264,9897.093074601264]","[2.9730250478751628,2.9730250478751628]","[2.609502263242607,2.609502263242607]","[0.4907764521880909,0.4907764521880909]","[EU,EU]","[6964.785812550294,6964.785812550294]","[0.06041002839796461,0.06041002066667665]","[2.7545113078728285,2.7545113078728285]","[2.974383508039837E-5,2.974383508039837E-5]","[3.5734755941984394E-4,3.5734755941984394E-4]","[3667.7872218883645,3667.7872218883645]","[9.086637055286344E-5,9.086637055286344E-5]","[0.06737341300522243,0.06737341300522243]"
100000,100000,3.1251283170824435E-4,9996.966807218829,1220.7992962952699,0.011855582066033833,1.3815942167844997,0.11647717591493742,0.7877874337175482,normal,2.452774507321063E-4,0.03712092869266968,2.604713834942068,2.946101624581815,8924.333672257,1.3343570927318478,2.5662588324492743,0.01,0.10000029755377071,9999.784166169042,2.4045893156240808E-5,3.0,0.6772862327468963,32.130770564465266,0.060211655436011195,3,95786,"[1.3815942167844997,1.3815942167844997,1.3815942167844997]","[0.6772862327468963,0.6772862327468963,0.6772862327468963]","[normal,normal,normal]","[32.130770564465266,32.130770564465266,32.130770564465266]","[0.7877874337175482,0.7877874337175482,0.7877874337175482]","[-4427810277569863160,3157953850546681901,-3589733093514813409]","[9999.784166169042,9999.784166169042,9999.784166169042]","[0.03712092869266968,0.03712092869266968,0.03712092869266968]","[0.10000029755377071,0.10000029755377071,0.10000029755377071]","[3.0,3.0,3.0]","[0.01,0.01,0.01]","[1.3343570927318478,1.3343570927318478,1.3343570927318478]","[9996.966807218829,9996.966807218829,9996.966807218829]","[2.5662588324492743,2.5662588324492743,2.5662588324492743]","[2.946101624581815,2.946101624581815,2.946101624581815]","[0.011855582066033833,0.011855582066033833,0.011855582066033833]","[EU,EU,EU]","[8924.333672257,8924.333672257,8924.333672257]","[0.060211655436011195,0.060211655436011195,0.060211655436011195]","[2.604713834942068,2.604713834942068,2.604713834942068]","[2.4045893156240808E-5,2.4045893156240808E-5,2.4045893156240808E-5]","[2.452774507321063E-4,2.452774507321063E-4,2.452774507321063E-4]","[1220.7992962952699,1220.7992962952699,1220.7992962952699]","[3.1251283170824435E-4,3.1251283170824435E-4,3.1251283170824435E-4]","[0.11647717591493742,0.11647717591493742,0.11647717591493742]"
100000,100000,3.853561879643909E-5,9777.595044144962,3783.982777239262,0.5,1.1411169281343434,0.01113960178837663,0.8337910824737405,normal,3.276200573113005E-4,0.04125009444596552,2.8227389276743318,2.5761944761472444,6918.0119805497725,1.289176053156752,2.9700195578820527,0.01,0.10000002627461531,9999.690719398068,2.7974366757512872E-5,2.629085086530709,0.43084353972737555,31.918140145691467,0.060494626716508515,3,99617,"[1.1411169281343434,1.1411169281343434,1.1411169281343434]","[0.43084353972737555,0.43084353972737555,0.43084353972737555]","[normal,normal,normal]","[31.91813959403643,31.918140145691467,31.91814027057872]","[0.8337910824737405,0.8337910824737405,0.8337910824737405]","[7557656597906547722,-6719324328483984699,-8211614256098380239]","[9999.690719398068,9999.690719398068,9999.690719398068]","[0.04125009444596552,0.04125009444596552,0.04125009444596552]","[0.10000002627461531,0.10000002627461531,0.10000002627461531]","[2.629085086530709,2.629085086530709,2.629085086530709]","[0.01,0.01,0.01]","[1.289176053156752,1.289176053156752,1.289176053156752]","[9777.595044144962,9777.595044144962,9777.595044144962]","[2.9700195578820527,2.9700195578820527,2.9700195578820527]","[2.5761944761472444,2.5761944761472444,2.5761944761472444]","[0.5,0.5,0.5]","[EU,EU,EU]","[6918.0119805497725,6918.0119805497725,6918.0119805497725]","[0.06049462482683013,0.06049462787533342,0.060494626716508515]","[2.8227389276743318,2.8227389276743318,2.8227389276743318]","[2.7974366757512872E-5,2.7974366757512872E-5,2.7974366757512872E-5]","[3.276200573113005E-4,3.276200573113005E-4,3.276200573113005E-4]","[3783.982777239262,3783.982777239262,3783.982777239262]","[3.853561879643909E-5,3.853561879643909E-5,3.853561879643909E-5]","[0.01113960178837663,0.01113960178837663,0.01113960178837663]"
100000,100000,0.0,9455.223067776258,5443.226796808002,0.5,1.4284918889757166,0.0786484385315687,0.7533445311473626,normal,2.9792059569634156E-4,0.03908306853539045,2.7498992549505723,2.5095084310008007,7675.717672838712,1.295599792972276,2.9974017583851733,0.00994625708926777,0.10000018432191536,9999.995277559829,2.4987568461635884E-5,2.1572653659101695,0.7170775861486475,31.901329324696103,0.06065600170935776,2,99217,"[1.4284918889757166,1.4284918889757166]","[0.7170775861486475,0.7170775861486475]","[normal,normal]","[31.901329324696103,31.901329324696103]","[0.7533445311473626,0.7533445311473626]","[-178389189891594796,186300189774738981]","[9999.995277559829,9999.995277559829]","[0.03908306853539045,0.03908306853539045]","[0.10000018432191536,0.10000018432191536]","[2.1572653659101695,2.1572653659101695]","[0.00994625708926777,0.00994625708926777]","[1.295599792972276,1.295599792972276]","[9455.223067776258,9455.223067776258]","[2.9974017583851733,2.9974017583851733]","[2.5095084310008007,2.5095084310008007]","[0.5,0.5]","[EU,EU]","[7675.717672838712,7675.717672838712]","[0.06065600170935776,0.06065600170935776]","[2.7498992549505723,2.7498992549505723]","[2.4987568461635884E-5,2.4987568461635884E-5]","[2.9792059569634156E-4,2.9792059569634156E-4]","[5443.226796808002,5443.226796808002]","[0.0,0.0]","[0.0786484385315687,0.0786484385315687]"
100000,100000,1.451639654698107E-4,9998.339265074032,5198.510483513517,0.5,1.2406893334662445,0.0691251152156561,0.8702916264814414,normal,3.2910353423947056E-4,0.04813896447966667,2.7683569285274143,2.4842229893535865,7521.28404025488,1.2883617728147916,2.9383144045101055,0.009999765673077855,0.10000078525715216,9999.999113398588,2.5118375074606155E-5,2.145607711239868,0.33471748724746153,31.981130751581503,0.06033720791626352,1,99329,"[1.2406893334662445]","[0.33471748724746153]","[normal]","[31.981130751581503]","[0.8702916264814414]","[208104728445843959]","[9999.999113398588]","[0.04813896447966667]","[0.10000078525715216]","[2.145607711239868]","[0.009999765673077855]","[1.2883617728147916]","[9998.339265074032]","[2.9383144045101055]","[2.4842229893535865]","[0.5]","[EU]","[7521.28404025488]","[0.06033720791626352]","[2.7683569285274143]","[2.5118375074606155E-5]","[3.2910353423947056E-4]","[5198.510483513517]","[1.451639654698107E-4]","[0.0691251152156561]"
100000,100000,2.1444856667379334E-4,9989.512475823232,1485.7650958406266,0.10471397303429743,1.452876204569125,0.14774241729424267,0.8214252421038484,log-normal,2.3806732505329367E-4,0.039417060986953786,2.6356007606726015,2.639545916154826,9296.281045704058,1.3337523339889537,2.474171124315856,0.009999995932428108,0.10000005682092192,9999.703249383429,2.4786846584182144E-5,2.762169312931664,0.6413657812183275,32.036003008119486,0.060266809181151224,9,92777,"[1.452876204569125,1.452876204569125,1.452876204569125,1.452876204569125,1.452876204569125,1.452876204569125,1.452876204569125,1.452876204569125,1.452876204569125]","[0.6413657812183275,0.6413657812183275,0.6413657812183275,0.6413657812183275,0.6413657812183275,0.6413657812183275,0.6413657812183275,0.6413657812183275,0.6413657812183275]","[log-normal,log-normal,log-normal,log-normal,log-normal,log-normal,log-normal,log-normal,log-normal]","[32.0360413991834,32.035879574196606,32.03596131838668,32.03592245748446,32.03567429812174,32.03606798105665,32.036003008119486,32.0360415464368,32.03606145606987]","[0.8214252421038484,0.8214252421038484,0.8214252421038484,0.8214252421038484,0.8214252421038484,0.8214252421038484,0.8214252421038484,0.8214252421038484,0.8214252421038484]","[-5553993152168303025,2024792142196047460,8232006301466518606,7827995931805246431,3723807478282123363,-7464994328702916641,1050754223559966396,8103085932342243891,2805604336966919962]","[9999.703249383429,9999.703249383429,9999.703249383429,9999.703249383429,9999.703249383429,9999.703249383429,9999.703249383429,9999.703249383429,9999.703249383429]","[0.039417060986953786,0.039417060986953786,0.039417060986953786,0.039417060986953786,0.039417060986953786,0.039417060986953786,0.039417060986953786,0.039417060986953786,0.039417060986953786]","[0.10000005682092192,0.10000005682092192,0.10000005682092192,0.10000005682092192,0.10000005682092192,0.10000005682092192,0.10000005682092192,0.10000005682092192,0.10000005682092192]","[2.762169312931664,2.762169312931664,2.762169312931664,2.762169312931664,2.762169312931664,2.762169312931664,2.762169312931664,2.762169312931664,2.762169312931664]","[0.009999995932428108,0.009999995932428108,0.009999995932428108,0.009999995932428108,0.009999995932428108,0.009999995932428108,0.009999995932428108,0.009999995932428108,0.009999995932428108]","[1.3337523339889537,1.3337523339889537,1.3337523339889537,1.3337523339889537,1.3337523339889537,1.3337523339889537,1.3337523339889537,1.3337523339889537,1.3337523339889537]","[9989.512475823232,9989.512475823232,9989.512475823232,9989.512475823232,9989.512475823232,9989.512475823232,9989.512475823232,9989.512475823232,9989.512475823232]","[2.474171124315856,2.474171124315856,2.474171124315856,2.474171124315856,2.474171124315856,2.474171124315856,2.474171124315856,2.474171124315856,2.474171124315856]","[2.639545916154826,2.639545916154826,2.639545916154826,2.639545916154826,2.639545916154826,2.639545916154826,2.639545916154826,2.639545916154826,2.639545916154826]","[0.10471397303429743,0.10471397303429743,0.10471397303429743,0.10471397303429743,0.10471397303429743,0.10471397303429743,0.10471397303429743,0.10471397303429743,0.10471397303429743]","[EU,EU,EU,EU,EU,EU,EU,EU,EU]","[9296.281045704058,9296.281045704058,9296.281045704058,9296.281045704058,9296.281045704058,9296.281045704058,9296.281045704058,9296.281045704058,9296.281045704058]","[0.06026681282545317,0.06026680704771272,0.06026632995902308,0.060266686306530655,0.0602667273727744,0.06026708657010271,0.06026701011955686,0.060266809181151224,0.060267024413899264]","[2.6356007606726015,2.6356007606726015,2.6356007606726015,2.6356007606726015,2.6356007606726015,2.6356007606726015,2.6356007606726015,2.6356007606726015,2.6356007606726015]","[2.4786846584182144E-5,2.4786846584182144E-5,2.4786846584182144E-5,2.4786846584182144E-5,2.4786846584182144E-5,2.4786846584182144E-5,2.4786846584182144E-5,2.4786846584182144E-5,2.4786846584182144E-5]","[2.3806732505329367E-4,2.3806732505329367E-4,2.3806732505329367E-4,2.3806732505329367E-4,2.3806732505329367E-4,2.3806732505329367E-4,2.3806732505329367E-4,2.3806732505329367E-4,2.3806732505329367E-4]","[1485.7650958406266,1485.7650958406266,1485.7650958406266,1485.7650958406266,1485.7650958406266,1485.7650958406266,1485.7650958406266,1485.7650958406266,1485.7650958406266]","[2.1444856667379334E-4,2.1444856667379334E-4,2.1444856667379334E-4,2.1444856667379334E-4,2.1444856667379334E-4,2.1444856667379334E-4,2.1444856667379334E-4,2.1444856667379334E-4,2.1444856667379334E-4]","[0.14774241729424267,0.14774241729424267,0.14774241729424267,0.14774241729424267,0.14774241729424267,0.14774241729424267,0.14774241729424267,0.14774241729424267,0.14774241729424267]"
100000,100000,1.2362225108631338E-4,9992.89561622843,6265.347963249507,0.47982262153021943,1.1454026377762172,0.043834064147602235,0.8836944175536995,normal,3.3420945249702317E-4,0.044012189032554314,2.7742012984816764,2.4945352577552935,7187.4624245523255,1.2918598275008193,3.0,0.00999999990627067,0.1000000464627058,9999.972749877954,3.041506977904673E-5,2.2170484141264453,0.47337955706667845,31.966364747087134,0.060363972534375226,4,99335,"[1.1454026377762172,1.1454026377762172,1.1454026377762172,1.1454026377762172]","[0.47337955706667845,0.47337955706667845,0.47337955706667845,0.47337955706667845]","[normal,normal,normal,normal]","[31.96636521012651,31.9663639632431,31.966366525086396,31.96636428404776]","[0.8836944175536995,0.8836944175536995,0.8836944175536995,0.8836944175536995]","[-4364618898094296849,904638408538120857,1638882223700668659,7461721540516182969]","[9999.972749877954,9999.972749877954,9999.972749877954,9999.972749877954]","[0.044012189032554314,0.044012189032554314,0.044012189032554314,0.044012189032554314]","[0.1000000464627058,0.1000000464627058,0.1000000464627058,0.1000000464627058]","[2.2170484141264453,2.2170484141264453,2.2170484141264453,2.2170484141264453]","[0.00999999990627067,0.00999999990627067,0.00999999990627067,0.00999999990627067]","[1.2918598275008193,1.2918598275008193,1.2918598275008193,1.2918598275008193]","[9992.89561622843,9992.89561622843,9992.89561622843,9992.89561622843]","[3.0,3.0,3.0,3.0]","[2.4945352577552935,2.4945352577552935,2.4945352577552935,2.4945352577552935]","[0.47982262153021943,0.47982262153021943,0.47982262153021943,0.47982262153021943]","[EU,EU,EU,EU]","[7187.4624245523255,7187.4624245523255,7187.4624245523255,7187.4624245523255]","[0.060363975787419304,0.06036396928133115,0.06036397614608478,0.06036396921874152]","[2.7742012984816764,2.7742012984816764,2.7742012984816764,2.7742012984816764]","[3.041506977904673E-5,3.041506977904673E-5,3.041506977904673E-5,3.041506977904673E-5]","[3.3420945249702317E-4,3.3420945249702317E-4,3.3420945249702317E-4,3.3420945249702317E-4]","[6265.347963249507,6265.347963249507,6265.347963249507,6265.347963249507]","[1.2362225108631338E-4,1.2362225108631338E-4,1.2362225108631338E-4,1.2362225108631338E-4]","[0.043834064147602235,0.043834064147602235,0.043834064147602235,0.043834064147602235]"
100000,100000,5.391226229213742E-5,9783.07209625363,3930.6024116491158,0.453740478636623,1.1864681058432711,0.01506563403522059,0.8541390914895797,log-normal,3.3708270236497043E-4,0.04159078751096644,2.774300774658658,2.602613503003901,7034.3147147714835,1.2855765511069204,2.9981643707757475,0.009999574221332472,0.1,9999.929966541808,3.1004311773572694E-5,3.0,0.45059745120884664,31.925609368557122,0.060469196017850176,1,99256,"[1.1864681058432711]","[0.45059745120884664]","[log-normal]","[31.925609368557122]","[0.8541390914895797]","[-3624751884640328181]","[9999.929966541808]","[0.04159078751096644]","[0.1]","[3.0]","[0.009999574221332472]","[1.2855765511069204]","[9783.07209625363]","[2.9981643707757475]","[2.602613503003901]","[0.453740478636623]","[EU]","[7034.3147147714835]","[0.060469196017850176]","[2.774300774658658]","[3.1004311773572694E-5]","[3.3708270236497043E-4]","[3930.6024116491158]","[5.391226229213742E-5]","[0.01506563403522059]"
100000,100000,1.0113398169397791E-4,9976.867869762173,1550.1486901456844,0.14996965517820512,1.482168934953514,0.14243994065409665,0.8263536498410965,normal,2.3981478604568097E-4,0.038673597654290584,2.6559907825984106,2.578541493867115,9399.541862196511,1.3245178086502034,2.550801406605904,0.009999999998104811,0.10000072128408181,9999.847996868775,2.353777655661887E-5,2.874405338985755,0.6387998170890308,31.95191584782902,0.06039471402182757,1,99340,"[1.482168934953514]","[0.6387998170890308]","[normal]","[31.95191584782902]","[0.8263536498410965]","[-3494923940117681470]","[9999.847996868775]","[0.038673597654290584]","[0.10000072128408181]","[2.874405338985755]","[0.009999999998104811]","[1.3245178086502034]","[9976.867869762173]","[2.550801406605904]","[2.578541493867115]","[0.14996965517820512]","[EU]","[9399.541862196511]","[0.06039471402182757]","[2.6559907825984106]","[2.353777655661887E-5]","[2.3981478604568097E-4]","[1550.1486901456844]","[1.0113398169397791E-4]","[0.14243994065409665]"
100000,100000,2.0665301506513656E-4,9963.036584861067,1586.3713593143318,0.11760350227949702,1.4381195985491075,0.14504371392971635,0.8166993045227593,normal,2.3850903759643592E-4,0.039221442216706745,2.6360460956255913,2.6706087676905206,9195.899403176103,1.3351490405722528,2.4961225897068684,0.009999890025905895,0.1000000027609647,9999.768156621161,2.4390387505051517E-5,2.6871466648671336,0.6400351856822198,32.02947878104376,0.060273693013125414,1,99851,"[1.4381195985491075]","[0.6400351856822198]","[normal]","[32.02947878104376]","[0.8166993045227593]","[149613071621252253]","[9999.768156621161]","[0.039221442216706745]","[0.1000000027609647]","[2.6871466648671336]","[0.009999890025905895]","[1.3351490405722528]","[9963.036584861067]","[2.4961225897068684]","[2.6706087676905206]","[0.11760350227949702]","[EU]","[9195.899403176103]","[0.060273693013125414]","[2.6360460956255913]","[2.4390387505051517E-5]","[2.3850903759643592E-4]","[1586.3713593143318]","[2.0665301506513656E-4]","[0.14504371392971635]"
100000,100000,4.362597002644057E-5,9775.681982460788,3932.059933901831,0.46705882677259386,1.1686674354744917,0.01,0.8267263105748951,log-normal,3.87186815667228E-4,0.042150223440867385,2.762840320650486,2.6076633744208273,6988.411598032414,1.283947016687636,2.991404427021457,0.01,0.10000041075655572,9999.984844191455,3.1799070684887954E-5,2.4951254779721594,0.34483085701821997,31.920788992126102,0.06048574257595808,1,98983,"[1.1686674354744917]","[0.34483085701821997]","[log-normal]","[31.920788992126102]","[0.8267263105748951]","[-101324357764843651]","[9999.984844191455]","[0.042150223440867385]","[0.10000041075655572]","[2.4951254779721594]","[0.01]","[1.283947016687636]","[9775.681982460788]","[2.991404427021457]","[2.6076633744208273]","[0.46705882677259386]","[EU]","[6988.411598032414]","[0.06048574257595808]","[2.762840320650486]","[3.1799070684887954E-5]","[3.87186815667228E-4]","[3932.059933901831]","[4.362597002644057E-5]","[0.01]"
100000,100000,4.8645893548259574E-5,9783.636825516329,3968.5953539067555,0.46534418191021754,1.189524230256575,0.01030190560348518,0.8308815200031212,log-normal,3.7226694305583877E-4,0.041726590976216386,2.7893045014679005,2.5989504225687856,6895.626924672701,1.2848302088583958,2.9912190770042577,0.01,0.10000052936660422,9999.98397164028,3.048227826715404E-5,2.4806977488064827,0.34337931326273463,31.92302784437914,0.06047702870630076,3,98192,"[1.189524230256575,1.189524230256575,1.189524230256575]","[0.34337931326273463,0.34337931326273463,0.34337931326273463]","[log-normal,log-normal,log-normal]","[31.92302784437914,31.923027321058434,31.923029331377236]","[0.8308815200031212,0.8308815200031212,0.8308815200031212]","[-3945314880471635242,1986738500480267560,-931970010032741431]","[9999.98397164028,9999.98397164028,9999.98397164028]","[0.041726590976216386,0.041726590976216386,0.041726590976216386]","[0.10000052936660422,0.10000052936660422,0.10000052936660422]","[2.4806977488064827,2.4806977488064827,2.4806977488064827]","[0.01,0.01,0.01]","[1.2848302088583958,1.2848302088583958,1.2848302088583958]","[9783.636825516329,9783.636825516329,9783.636825516329]","[2.9912190770042577,2.9912190770042577,2.9912190770042577]","[2.5989504225687856,2.5989504225687856,2.5989504225687856]","[0.46534418191021754,0.46534418191021754,0.46534418191021754]","[EU,EU,EU]","[6895.626924672701,6895.626924672701,6895.626924672701]","[0.06047701783470405,0.060477037458019245,0.06047702870630076]","[2.7893045014679005,2.7893045014679005,2.7893045014679005]","[3.048227826715404E-5,3.048227826715404E-5,3.048227826715404E-5]","[3.7226694305583877E-4,3.7226694305583877E-4,3.7226694305583877E-4]","[3968.5953539067555,3968.5953539067555,3968.5953539067555]","[4.8645893548259574E-5,4.8645893548259574E-5,4.8645893548259574E-5]","[0.01030190560348518,0.01030190560348518,0.01030190560348518]"
100000,100000,3.2800691096232515E-4,10000.0,1264.2550691333877,0.03186255575883487,1.406492735702749,0.11654994560278484,0.7971800725366994,log-normal,2.4304450083253924E-4,0.035023374010190636,2.6004187356202926,3.0,8362.006346860264,1.3441498521715571,2.539550042179432,0.009999999999999998,0.10000000156963106,9998.77229439399,2.5555689082604513E-5,2.9642472431249685,0.6564872551096854,32.1476766493473,0.06020767591585075,1,98845,"[1.406492735702749]","[0.6564872551096854]","[log-normal]","[32.1476766493473]","[0.7971800725366994]","[5707398533438006338]","[9998.77229439399]","[0.035023374010190636]","[0.10000000156963106]","[2.9642472431249685]","[0.009999999999999998]","[1.3441498521715571]","[10000.0]","[2.539550042179432]","[3.0]","[0.03186255575883487]","[EU]","[8362.006346860264]","[0.06020767591585075]","[2.6004187356202926]","[2.5555689082604513E-5]","[2.4304450083253924E-4]","[1264.2550691333877]","[3.2800691096232515E-4]","[0.11654994560278484]"
100000,100000,0.0,9244.750455807789,5228.05508371576,0.49487271440767533,1.3792751719458993,0.15699433953314285,0.8194039385615469,log-normal,3.06569254347955E-4,0.04046492550890938,2.680664066839623,2.5405276075431398,7796.540101403678,1.2913005941724285,2.999669677644487,0.009941323187119258,0.10000019931503419,9999.964436009932,2.6062732403787854E-5,2.390853305459361,0.6678978377712899,31.90128665815455,0.060664319373987405,4,98735,"[1.3792751719458993,1.3792751719458993,1.3792751719458993,1.3792751719458993]","[0.6678978377712899,0.6678978377712899,0.6678978377712899,0.6678978377712899]","[log-normal,log-normal,log-normal,log-normal]","[31.90128665815455,31.90128665815455,31.90128665815455,31.90128665815455]","[0.8194039385615469,0.8194039385615469,0.8194039385615469,0.8194039385615469]","[2853878116308122173,-5616858446737480679,5871437925443499754,2566593311682492669]","[9999.964436009932,9999.964436009932,9999.964436009932,9999.964436009932]","[0.04046492550890938,0.04046492550890938,0.04046492550890938,0.04046492550890938]","[0.10000019931503419,0.10000019931503419,0.10000019931503419,0.10000019931503419]","[2.390853305459361,2.390853305459361,2.390853305459361,2.390853305459361]","[0.009941323187119258,0.009941323187119258,0.009941323187119258,0.009941323187119258]","[1.2913005941724285,1.2913005941724285,1.2913005941724285,1.2913005941724285]","[9244.750455807789,9244.750455807789,9244.750455807789,9244.750455807789]","[2.999669677644487,2.999669677644487,2.999669677644487,2.999669677644487]","[2.5405276075431398,2.5405276075431398,2.5405276075431398,2.5405276075431398]","[0.49487271440767533,0.49487271440767533,0.49487271440767533,0.49487271440767533]","[EU,EU,EU,EU]","[7796.540101403678,7796.540101403678,7796.540101403678,7796.540101403678]","[0.060664319373987405,0.060664319373987405,0.060664319373987405,0.060664319373987405]","[2.680664066839623,2.680664066839623,2.680664066839623,2.680664066839623]","[2.6062732403787854E-5,2.6062732403787854E-5,2.6062732403787854E-5,2.6062732403787854E-5]","[3.06569254347955E-4,3.06569254347955E-4,3.06569254347955E-4,3.06569254347955E-4]","[5228.05508371576,5228.05508371576,5228.05508371576,5228.05508371576]","[0.0,0.0,0.0,0.0]","[0.15699433953314285,0.15699433953314285,0.15699433953314285,0.15699433953314285]"
100000,100000,1.3648633467482622E-7,7465.258557444869,3920.1403471288063,0.4869766171202351,1.2328532893261896,0.2045693990667439,0.7116916652392573,log-normal,3.7506834472836266E-4,0.01181055546663764,2.846530814228189,2.99565908003359,9866.916072425876,1.3539827819841812,2.98983104053059,0.009995105299623962,0.1,9999.960326366454,8.21579775013581E-5,1.0076336207658483,0.1,31.901941139938838,0.06057412713482213,3,99088,"[1.2328532893261896,1.2328532893261896,1.2328532893261896]","[0.1,0.1,0.1]","[log-normal,log-normal,log-normal]","[31.901941145499787,31.90194113826753,31.901941139938838]","[0.7116916652392573,0.7116916652392573,0.7116916652392573]","[8962418537083824926,-2373569532554609751,-3269952404657184055]","[9999.960326366454,9999.960326366454,9999.960326366454]","[0.01181055546663764,0.01181055546663764,0.01181055546663764]","[0.1,0.1,0.1]","[1.0076336207658483,1.0076336207658483,1.0076336207658483]","[0.009995105299623962,0.009995105299623962,0.009995105299623962]","[1.3539827819841812,1.3539827819841812,1.3539827819841812]","[7465.258557444869,7465.258557444869,7465.258557444869]","[2.98983104053059,2.98983104053059,2.98983104053059]","[2.99565908003359,2.99565908003359,2.99565908003359]","[0.4869766171202351,0.4869766171202351,0.4869766171202351]","[EU,EU,EU]","[9866.916072425876,9866.916072425876,9866.916072425876]","[0.06057412717993878,0.06057412713482213,0.06057412712781862]","[2.846530814228189,2.846530814228189,2.846530814228189]","[8.21579775013581E-5,8.21579775013581E-5,8.21579775013581E-5]","[3.7506834472836266E-4,3.7506834472836266E-4,3.7506834472836266E-4]","[3920.1403471288063,3920.1403471288063,3920.1403471288063]","[1.3648633467482622E-7,1.3648633467482622E-7,1.3648633467482622E-7]","[0.2045693990667439,0.2045693990667439,0.2045693990667439]"
100000,100000,2.8951583043035517E-5,9171.452636983822,3527.3204401047346,0.34042982628735036,0.3806287980325781,0.1597288365502629,0.8734319915319199,log-normal,3.4496840232758305E-4,0.039028914356477956,2.7221388501281067,2.9911803169280526,7076.7528179448445,1.2923060019044113,2.9341358124530323,0.01,0.10000477720487386,9998.833640293744,6.552021062291402E-5,2.6948017283898213,0.5876826883319595,31.913860029541993,0.06051208916592268,1,99843,"[0.3806287980325781]","[0.5876826883319595]","[log-normal]","[31.913860029541993]","[0.8734319915319199]","[760240484908294284]","[9998.833640293744]","[0.039028914356477956]","[0.10000477720487386]","[2.6948017283898213]","[0.01]","[1.2923060019044113]","[9171.452636983822]","[2.9341358124530323]","[2.9911803169280526]","[0.34042982628735036]","[EU]","[7076.7528179448445]","[0.06051208916592268]","[2.7221388501281067]","[6.552021062291402E-5]","[3.4496840232758305E-4]","[3527.3204401047346]","[2.8951583043035517E-5]","[0.1597288365502629]"
100000,100000,0.0,9275.413764067413,4609.780634601225,0.5,1.0645494378815832,0.14263494829800674,0.8279045587966077,normal,3.099157929286512E-4,0.039979470532455263,2.6847266830595755,2.5381005347239167,7769.419251097102,1.2913486965338952,2.9979337361614826,0.009956228890612892,0.1,10000.0,2.5764867574705642E-5,2.2611279746425876,0.7148268932942135,31.901459271959954,0.060639334948505375,1,98804,"[1.0645494378815832]","[0.7148268932942135]","[normal]","[31.901459271959954]","[0.8279045587966077]","[-953999584823779260]","[10000.0]","[0.039979470532455263]","[0.1]","[2.2611279746425876]","[0.009956228890612892]","[1.2913486965338952]","[9275.413764067413]","[2.9979337361614826]","[2.5381005347239167]","[0.5]","[EU]","[7769.419251097102]","[0.060639334948505375]","[2.6847266830595755]","[2.5764867574705642E-5]","[3.099157929286512E-4]","[4609.780634601225]","[0.0]","[0.14263494829800674]"
100000,100000,2.3606950596970918E-4,9992.219652799924,1357.2442610984847,0.11570320461900692,1.488829182082153,0.14950816273939088,0.8183603002878551,normal,2.3161250579163488E-4,0.0395607487797267,2.6233662540006475,2.643566869735595,8954.977444127197,1.3342623759846501,2.5414239660049947,0.009999997210563546,0.1,9999.708229584417,2.456054151825435E-5,2.739736831328805,0.6447437931073237,32.055272683026885,0.06025005725999045,1,99784,"[1.488829182082153]","[0.6447437931073237]","[normal]","[32.055272683026885]","[0.8183603002878551]","[-3478202160262647982]","[9999.708229584417]","[0.0395607487797267]","[0.1]","[2.739736831328805]","[0.009999997210563546]","[1.3342623759846501]","[9992.219652799924]","[2.5414239660049947]","[2.643566869735595]","[0.11570320461900692]","[EU]","[8954.977444127197]","[0.06025005725999045]","[2.6233662540006475]","[2.456054151825435E-5]","[2.3161250579163488E-4]","[1357.2442610984847]","[2.3606950596970918E-4]","[0.14950816273939088]"
100000,100000,8.811061388532602E-5,9946.87161161429,3192.7371610331106,0.47881069043448204,0.8493741129440587,0.028443563735750965,0.892549619496326,log-normal,4.5669966491563457E-4,0.042784323999356846,2.6212580409017647,2.5524939955663526,6762.5328163999975,1.2720885805058468,2.9826384032463706,0.01,0.10000190535361617,9999.8792527146,2.916096069276399E-5,2.880627995975367,0.5148865957382093,31.94410587204237,0.060413724667485735,4,99146,"[0.8493741129440587,0.8493741129440587,0.8493741129440587,0.8493741129440587]","[0.5148865957382093,0.5148865957382093,0.5148865957382093,0.5148865957382093]","[log-normal,log-normal,log-normal,log-normal]","[31.944053991428557,31.94410862521219,31.944103118872555,31.944111223605063]","[0.892549619496326,0.892549619496326,0.892549619496326,0.892549619496326]","[3905204859044422854,5765730804143188809,-458935303019957534,-8263659695498266387]","[9999.8792527146,9999.8792527146,9999.8792527146,9999.8792527146]","[0.042784323999356846,0.042784323999356846,0.042784323999356846,0.042784323999356846]","[0.10000190535361617,0.10000190535361617,0.10000190535361617,0.10000190535361617]","[2.880627995975367,2.880627995975367,2.880627995975367,2.880627995975367]","[0.01,0.01,0.01,0.01]","[1.2720885805058468,1.2720885805058468,1.2720885805058468,1.2720885805058468]","[9946.87161161429,9946.87161161429,9946.87161161429,9946.87161161429]","[2.9826384032463706,2.9826384032463706,2.9826384032463706,2.9826384032463706]","[2.5524939955663526,2.5524939955663526,2.5524939955663526,2.5524939955663526]","[0.47881069043448204,0.47881069043448204,0.47881069043448204,0.47881069043448204]","[EU,EU,EU,EU]","[6762.5328163999975,6762.5328163999975,6762.5328163999975,6762.5328163999975]","[0.060413675017205515,0.06041372594478972,0.060413723390181744,0.06041392231776016]","[2.6212580409017647,2.6212580409017647,2.6212580409017647,2.6212580409017647]","[2.916096069276399E-5,2.916096069276399E-5,2.916096069276399E-5,2.916096069276399E-5]","[4.5669966491563457E-4,4.5669966491563457E-4,4.5669966491563457E-4,4.5669966491563457E-4]","[3192.7371610331106,3192.7371610331106,3192.7371610331106,3192.7371610331106]","[8.811061388532602E-5,8.811061388532602E-5,8.811061388532602E-5,8.811061388532602E-5]","[0.028443563735750965,0.028443563735750965,0.028443563735750965,0.028443563735750965]"
100000,100000,2.1162450630111862E-4,9987.984449192765,1458.9008463511657,0.10172499888000704,1.4522876698105682,0.14720569526500116,0.8226389331239894,log-normal,2.3671246839205058E-4,0.03946441001127172,2.636665757954602,2.637765494301558,9303.264943295499,1.3323004513813255,2.4698759790072726,0.009999997001408543,0.10000007685410225,9999.784251533405,2.473814159952285E-5,2.763526647343123,0.6416915340171789,32.033578150635975,0.0602692404755744,4,98150,"[1.4522876698105682,1.4522876698105682,1.4522876698105682,1.4522876698105682]","[0.6416915340171789,0.6416915340171789,0.6416915340171789,0.6416915340171789]","[log-normal,log-normal,log-normal,log-normal]","[32.03357381218168,32.03358248909027,32.033582577364804,32.033230243015836]","[0.8226389331239894,0.8226389331239894,0.8226389331239894,0.8226389331239894]","[8713476638617860219,-4731873161106005744,-579162365206958321,831953959297644132]","[9999.784251533405,9999.784251533405,9999.784251533405,9999.784251533405]","[0.03946441001127172,0.03946441001127172,0.03946441001127172,0.03946441001127172]","[0.10000007685410225,0.10000007685410225,0.10000007685410225,0.10000007685410225]","[2.763526647343123,2.763526647343123,2.763526647343123,2.763526647343123]","[0.009999997001408543,0.009999997001408543,0.009999997001408543,0.009999997001408543]","[1.3323004513813255,1.3323004513813255,1.3323004513813255,1.3323004513813255]","[9987.984449192765,9987.984449192765,9987.984449192765,9987.984449192765]","[2.4698759790072726,2.4698759790072726,2.4698759790072726,2.4698759790072726]","[2.637765494301558,2.637765494301558,2.637765494301558,2.637765494301558]","[0.10172499888000704,0.10172499888000704,0.10172499888000704,0.10172499888000704]","[EU,EU,EU,EU]","[9303.264943295499,9303.264943295499,9303.264943295499,9303.264943295499]","[0.06026920708134779,0.06026927130447539,0.06026927168341734,0.06026920964667341]","[2.636665757954602,2.636665757954602,2.636665757954602,2.636665757954602]","[2.473814159952285E-5,2.473814159952285E-5,2.473814159952285E-5,2.473814159952285E-5]","[2.3671246839205058E-4,2.3671246839205058E-4,2.3671246839205058E-4,2.3671246839205058E-4]","[1458.9008463511657,1458.9008463511657,1458.9008463511657,1458.9008463511657]","[2.1162450630111862E-4,2.1162450630111862E-4,2.1162450630111862E-4,2.1162450630111862E-4]","[0.14720569526500116,0.14720569526500116,0.14720569526500116,0.14720569526500116]"
100000,100000,2.4337766552861906E-4,9996.597400352068,1249.4071686254272,0.10129130036444971,1.4503779866343784,0.1635664507791557,0.8221116819258937,normal,2.3405180423749972E-4,0.039334157350649566,2.611753231992405,2.6431609499996984,9143.342929776307,1.3353829409635327,2.5215867328476214,0.00999999999029272,0.10000000881478682,9999.723272908526,2.4367994819494424E-5,2.7283139850260287,0.634614814711121,32.06150516060078,0.06024492759385751,1,99814,"[1.4503779866343784]","[0.634614814711121]","[normal]","[32.06150516060078]","[0.8221116819258937]","[5649387240324034811]","[9999.723272908526]","[0.039334157350649566]","[0.10000000881478682]","[2.7283139850260287]","[0.00999999999029272]","[1.3353829409635327]","[9996.597400352068]","[2.5215867328476214]","[2.6431609499996984]","[0.10129130036444971]","[EU]","[9143.342929776307]","[0.06024492759385751]","[2.611753231992405]","[2.4367994819494424E-5]","[2.3405180423749972E-4]","[1249.4071686254272]","[2.4337766552861906E-4]","[0.1635664507791557]"
100000,100000,2.82721476846728E-5,8319.26905843979,2298.898550213297,0.49544777197363693,0.1452273638579127,0.07206097115371461,1.1078202454622423,log-normal,0.0011518451379319034,0.05,0.6288953899352605,2.993296805231305,5158.3239264390295,1.279723385332655,2.994208698613357,0.00977193319740634,0.10000321797076721,9999.970294090583,2.530569594331286E-5,1.631340687320205,0.7520795043998451,31.77010037677052,0.06073645546857999,2,99237,"[0.1452273638579127,0.1452273638579127]","[0.7520795043998451,0.7520795043998451]","[log-normal,log-normal]","[31.770093902786506,31.77010685075454]","[1.1078202454622423,1.1078202454622423]","[-5777374546883743583,9055288664097910098]","[9999.970294090583,9999.970294090583]","[0.05,0.05]","[0.10000321797076721,0.10000321797076721]","[1.631340687320205,1.631340687320205]","[0.00977193319740634,0.00977193319740634]","[1.279723385332655,1.279723385332655]","[8319.26905843979,8319.26905843979]","[2.994208698613357,2.994208698613357]","[2.993296805231305,2.993296805231305]","[0.49544777197363693,0.49544777197363693]","[EU,EU]","[5158.3239264390295,5158.3239264390295]","[0.0607364483989948,0.060736462538165184]","[0.6288953899352605,0.6288953899352605]","[2.530569594331286E-5,2.530569594331286E-5]","[0.0011518451379319034,0.0011518451379319034]","[2298.898550213297,2298.898550213297]","[2.82721476846728E-5,2.82721476846728E-5]","[0.07206097115371461,0.07206097115371461]"
100000,100000,2.5282697273948667E-4,10000.0,2158.713459571052,0.07202678001702852,1.6690705653692028,0.1290036681535184,0.8096977411869479,log-normal,2.3592400237733163E-4,0.0381667692837799,2.6712402728647846,2.6702560425346715,9454.1405164293,1.334300419569179,2.5302477968045327,0.01,0.1000000000259411,9999.6487097229,2.3293636789333427E-5,2.8333316335481658,0.6431217558490709,32.07078992375579,0.06023893414380357,9,93833,"[1.6690705653692028,1.6690705653692028,1.6690705653692028,1.6690705653692028,1.6690705653692028,1.6690705653692028,1.6690705653692028,1.6690705653692028,1.6690705653692028]","[0.6431217558490709,0.6431217558490709,0.6431217558490709,0.6431217558490709,0.6431217558490709,0.6431217558490709,0.6431217558490709,0.6431217558490709,0.6431217558490709]","[log-normal,log-normal,log-normal,log-normal,log-normal,log-normal,log-normal,log-normal,log-normal]","[32.07078990479672,32.07079051351274,32.07078991173815,32.07079947460775,32.07079743580871,32.07079008681609,32.070789907660405,32.070789904810596,32.07078992375579]","[0.8096977411869479,0.8096977411869479,0.8096977411869479,0.8096977411869479,0.8096977411869479,0.8096977411869479,0.8096977411869479,0.8096977411869479,0.8096977411869479]","[-4592278942550726272,1909500362940838127,-678339243304092743,2443539802350974627,606335091764951159,-5928162884666201914,-847276591633208818,6138641058168302219,6740006339957252996]","[9999.6487097229,9999.6487097229,9999.6487097229,9999.6487097229,9999.6487097229,9999.6487097229,9999.6487097229,9999.6487097229,9999.6487097229]","[0.0381667692837799,0.0381667692837799,0.0381667692837799,0.0381667692837799,0.0381667692837799,0.0381667692837799,0.0381667692837799,0.0381667692837799,0.0381667692837799]","[0.1000000000259411,0.1000000000259411,0.1000000000259411,0.1000000000259411,0.1000000000259411,0.1000000000259411,0.1000000000259411,0.1000000000259411,0.1000000000259411]","[2.8333316335481658,2.8333316335481658,2.8333316335481658,2.8333316335481658,2.8333316335481658,2.8333316335481658,2.8333316335481658,2.8333316335481658,2.8333316335481658]","[0.01,0.01,0.01,0.01,0.01,0.01,0.01,0.01,0.01]","[1.334300419569179,1.334300419569179,1.334300419569179,1.334300419569179,1.334300419569179,1.334300419569179,1.334300419569179,1.334300419569179,1.334300419569179]","[10000.0,10000.0,10000.0,10000.0,10000.0,10000.0,10000.0,10000.0,10000.0]","[2.5302477968045327,2.5302477968045327,2.5302477968045327,2.5302477968045327,2.5302477968045327,2.5302477968045327,2.5302477968045327,2.5302477968045327,2.5302477968045327]","[2.6702560425346715,2.6702560425346715,2.6702560425346715,2.6702560425346715,2.6702560425346715,2.6702560425346715,2.6702560425346715,2.6702560425346715,2.6702560425346715]","[0.07202678001702852,0.07202678001702852,0.07202678001702852,0.07202678001702852,0.07202678001702852,0.07202678001702852,0.07202678001702852,0.07202678001702852,0.07202678001702852]","[EU,EU,EU,EU,EU,EU,EU,EU,EU]","[9454.1405164293,9454.1405164293,9454.1405164293,9454.1405164293,9454.1405164293,9454.1405164293,9454.1405164293,9454.1405164293,9454.1405164293]","[0.06023893386087038,0.06023894787340219,0.06023893414380357,0.06023897208738108,0.06023896048939763,0.060238935144192665,0.06023893385569504,0.060238933861188594,0.06023893414279996]","[2.6712402728647846,2.6712402728647846,2.6712402728647846,2.6712402728647846,2.6712402728647846,2.6712402728647846,2.6712402728647846,2.6712402728647846,2.6712402728647846]","[2.3293636789333427E-5,2.3293636789333427E-5,2.3293636789333427E-5,2.3293636789333427E-5,2.3293636789333427E-5,2.3293636789333427E-5,2.3293636789333427E-5,2.3293636789333427E-5,2.3293636789333427E-5]","[2.3592400237733163E-4,2.3592400237733163E-4,2.3592400237733163E-4,2.3592400237733163E-4,2.3592400237733163E-4,2.3592400237733163E-4,2.3592400237733163E-4,2.3592400237733163E-4,2.3592400237733163E-4]","[2158.713459571052,2158.713459571052,2158.713459571052,2158.713459571052,2158.713459571052,2158.713459571052,2158.713459571052,2158.713459571052,2158.713459571052]","[2.5282697273948667E-4,2.5282697273948667E-4,2.5282697273948667E-4,2.5282697273948667E-4,2.5282697273948667E-4,2.5282697273948667E-4,2.5282697273948667E-4,2.5282697273948667E-4,2.5282697273948667E-4]","[0.1290036681535184,0.1290036681535184,0.1290036681535184,0.1290036681535184,0.1290036681535184,0.1290036681535184,0.1290036681535184,0.1290036681535184,0.1290036681535184]"
100000,100000,5.8900681393253394E-5,9814.31320686984,3919.12998424154,0.4484077215964061,1.171442655019215,0.010782677050098083,0.8519212753238908,log-normal,3.3889817422780646E-4,0.041965975202115605,2.84833865336013,2.609523366382082,6941.758407544735,1.2839795796590814,2.9914160201543285,0.01,0.10000036438814942,10000.0,3.0581585107441804E-5,2.604911429661641,0.461027918489337,31.928219421750985,0.06046034162642553,1,99631,"[1.171442655019215]","[0.461027918489337]","[log-normal]","[31.928219421750985]","[0.8519212753238908]","[6730511917071531683]","[10000.0]","[0.041965975202115605]","[0.10000036438814942]","[2.604911429661641]","[0.01]","[1.2839795796590814]","[9814.31320686984]","[2.9914160201543285]","[2.609523366382082]","[0.4484077215964061]","[EU]","[6941.758407544735]","[0.06046034162642553]","[2.84833865336013]","[3.0581585107441804E-5]","[3.3889817422780646E-4]","[3919.12998424154]","[5.8900681393253394E-5]","[0.010782677050098083]"
100000,100000,3.4757011443560054E-4,9982.933837165858,920.6054289020685,0.03837275703326032,1.388891937860922,0.11299222445901973,0.7954858069815707,log-normal,2.457509199762788E-4,0.03552262540274765,2.6179473140055105,2.981228057318985,8457.878468401757,1.3398369617396826,2.518436101197621,0.01,0.1,9998.731115074508,2.5211121891817786E-5,2.9922755484910883,0.6556105285509538,32.169120476650875,0.060204721701875116,3,99148,"[1.388891937860922,1.388891937860922,1.388891937860922]","[0.6556105285509538,0.6556105285509538,0.6556105285509538]","[log-normal,log-normal,log-normal]","[32.169120476650875,32.169120476650875,32.169122876018285]","[0.7954858069815707,0.7954858069815707,0.7954858069815707]","[-5039873621331777591,4481474793518365878,5183705181086446263]","[9998.731115074508,9998.731115074508,9998.731115074508]","[0.03552262540274765,0.03552262540274765,0.03552262540274765]","[0.1,0.1,0.1]","[2.9922755484910883,2.9922755484910883,2.9922755484910883]","[0.01,0.01,0.01]","[1.3398369617396826,1.3398369617396826,1.3398369617396826]","[9982.933837165858,9982.933837165858,9982.933837165858]","[2.518436101197621,2.518436101197621,2.518436101197621]","[2.981228057318985,2.981228057318985,2.981228057318985]","[0.03837275703326032,0.03837275703326032,0.03837275703326032]","[EU,EU,EU]","[8457.878468401757,8457.878468401757,8457.878468401757]","[0.060204721701875116,0.060204721701875116,0.06020471254603949]","[2.6179473140055105,2.6179473140055105,2.6179473140055105]","[2.5211121891817786E-5,2.5211121891817786E-5,2.5211121891817786E-5]","[2.457509199762788E-4,2.457509199762788E-4,2.457509199762788E-4]","[920.6054289020685,920.6054289020685,920.6054289020685]","[3.4757011443560054E-4,3.4757011443560054E-4,3.4757011443560054E-4]","[0.11299222445901973,0.11299222445901973,0.11299222445901973]"
100000,100000,3.570372904887316E-4,9998.93291458781,1476.9563143535597,0.03700768906987605,1.4205398169815266,0.11868945252903382,0.7999661658382451,log-normal,2.4065030264486603E-4,0.036163790273441736,2.6021977215539804,2.9764604633834044,8431.486379428807,1.341876930835126,2.499023771689047,0.009999999999940891,0.10000000021336333,9999.998380540785,2.4520520292490927E-5,2.9546089517805045,0.6461041032888106,32.179832998126756,0.060203662765714094,1,99543,"[1.4205398169815266]","[0.6461041032888106]","[log-normal]","[32.179832998126756]","[0.7999661658382451]","[2281329646711139402]","[9999.998380540785]","[0.036163790273441736]","[0.10000000021336333]","[2.9546089517805045]","[0.009999999999940891]","[1.341876930835126]","[9998.93291458781]","[2.499023771689047]","[2.9764604633834044]","[0.03700768906987605]","[EU]","[8431.486379428807]","[0.060203662765714094]","[2.6021977215539804]","[2.4520520292490927E-5]","[2.4065030264486603E-4]","[1476.9563143535597]","[3.570372904887316E-4]","[0.11868945252903382]"
100000,100000,6.16627858385606E-5,9208.582825095693,3414.6269310806847,0.23469080582510463,0.5984160790771462,0.15017480536797687,0.8730477877869398,log-normal,3.577655140193902E-4,0.03909928133420959,2.69910708325241,2.966246987902936,6917.848395827122,1.289232550742142,2.9372170241934072,0.009999997717021637,0.10000698057919416,9999.00394173943,6.691170702808992E-5,2.6995260624033603,0.5925429572155254,31.929613277350708,0.060456460412974394,1,99743,"[0.5984160790771462]","[0.5925429572155254]","[log-normal]","[31.929613277350708]","[0.8730477877869398]","[6091274136534020516]","[9999.00394173943]","[0.03909928133420959]","[0.10000698057919416]","[2.6995260624033603]","[0.009999997717021637]","[1.289232550742142]","[9208.582825095693]","[2.9372170241934072]","[2.966246987902936]","[0.23469080582510463]","[EU]","[6917.848395827122]","[0.060456460412974394]","[2.69910708325241]","[6.691170702808992E-5]","[3.577655140193902E-4]","[3414.6269310806847]","[6.16627858385606E-5]","[0.15017480536797687]"
100000,100000,2.283773549417062E-4,9988.96659082375,1320.829652958566,0.12118126945050879,1.480417916855887,0.154672878763214,0.819812862006825,log-normal,2.3121930537914703E-4,0.03938711678819123,2.6243559815776574,2.643511689619846,8936.086097137475,1.3328137826110877,2.5009646134084678,0.009999960158809766,0.1000000035465897,9999.706681181855,2.4571511364919683E-5,2.747090075007445,0.6414692168499971,32.04823915231948,0.06025593919106363,2,99316,"[1.480417916855887,1.480417916855887]","[0.6414692168499971,0.6414692168499971]","[log-normal,log-normal]","[32.04828794270959,32.048190361929365]","[0.819812862006825,0.819812862006825]","[-4272836785209610593,-5195992229276191005]","[9999.706681181855,9999.706681181855]","[0.03938711678819123,0.03938711678819123]","[0.1000000035465897,0.1000000035465897]","[2.747090075007445,2.747090075007445]","[0.009999960158809766,0.009999960158809766]","[1.3328137826110877,1.3328137826110877]","[9988.96659082375,9988.96659082375]","[2.5009646134084678,2.5009646134084678]","[2.643511689619846,2.643511689619846]","[0.12118126945050879,0.12118126945050879]","[EU,EU]","[8936.086097137475,8936.086097137475]","[0.06025594192762444,0.06025593645450282]","[2.6243559815776574,2.6243559815776574]","[2.4571511364919683E-5,2.4571511364919683E-5]","[2.3121930537914703E-4,2.3121930537914703E-4]","[1320.829652958566,1320.829652958566]","[2.283773549417062E-4,2.283773549417062E-4]","[0.154672878763214,0.154672878763214]"
100000,100000,2.457403753575776E-4,10000.0,1814.4807458922983,0.06533964412312343,1.6771994761005888,0.12527753452926332,0.8132148869581017,log-normal,2.3566743406217325E-4,0.03852678465116951,2.676281369960653,2.6724831501843846,9408.421789509875,1.3334968097109319,2.528175658888942,0.009999999754036731,0.10000001719208504,9999.640934564392,2.363631232598959E-5,2.771434590661437,0.6648546584159087,32.06413608119013,0.06024347445438287,2,99152,"[1.6771994761005888,1.6771994761005888]","[0.6648546584159087,0.6648546584159087]","[log-normal,log-normal]","[32.06413608119013,32.06413608119013]","[0.8132148869581017,0.8132148869581017]","[-3242485311452715367,-361219348109793889]","[9999.640934564392,9999.640934564392]","[0.03852678465116951,0.03852678465116951]","[0.10000001719208504,0.10000001719208504]","[2.771434590661437,2.771434590661437]","[0.009999999754036731,0.009999999754036731]","[1.3334968097109319,1.3334968097109319]","[10000.0,10000.0]","[2.528175658888942,2.528175658888942]","[2.6724831501843846,2.6724831501843846]","[0.06533964412312343,0.06533964412312343]","[EU,EU]","[9408.421789509875,9408.421789509875]","[0.06024347445438287,0.06024347445438287]","[2.676281369960653,2.676281369960653]","[2.363631232598959E-5,2.363631232598959E-5]","[2.3566743406217325E-4,2.3566743406217325E-4]","[1814.4807458922983,1814.4807458922983]","[2.457403753575776E-4,2.457403753575776E-4]","[0.12527753452926332,0.12527753452926332]"
100000,100000,8.05679849456607E-6,9097.773674006849,3428.927360541811,0.33688828122857684,0.3440092947744443,0.15951844750183647,0.8776100198641543,log-normal,3.443528601567078E-4,0.0390911615829771,2.709878098543736,2.9875365015687794,7224.655808477045,1.2908516755945645,2.9355042004439524,0.01,0.1,9999.999208117819,6.140634907992691E-5,2.7081830784812704,0.5711452154302011,31.905097369255472,0.060550496099243,1,99240,"[0.3440092947744443]","[0.5711452154302011]","[log-normal]","[31.905097369255472]","[0.8776100198641543]","[2664235000686862491]","[9999.999208117819]","[0.0390911615829771]","[0.1]","[2.7081830784812704]","[0.01]","[1.2908516755945645]","[9097.773674006849]","[2.9355042004439524]","[2.9875365015687794]","[0.33688828122857684]","[EU]","[7224.655808477045]","[0.060550496099243]","[2.709878098543736]","[6.140634907992691E-5]","[3.443528601567078E-4]","[3428.927360541811]","[8.05679849456607E-6]","[0.15951844750183647]"
100000,100000,7.783291224882942E-5,10000.0,3393.292782168746,0.49184181719653464,0.9003935934907542,0.022379835844855075,0.9008576606376164,normal,4.4814720570808455E-4,0.04252924335111281,2.5725610112316795,2.5452977816686384,6949.529728568319,1.2758115691146557,3.0,0.01,0.10000168239071505,9999.90693674688,2.9002769894261168E-5,2.6977830671120526,0.5141815475564372,31.938425347092092,0.06042942994999959,3,96327,"[0.9003935934907542,0.9003935934907542,0.9003935934907542]","[0.5141815475564372,0.5141815475564372,0.5141815475564372]","[normal,normal,normal]","[31.938423010110306,31.938425942023326,31.938425347092092]","[0.9008576606376164,0.9008576606376164,0.9008576606376164]","[-595848405810255273,-5247547580163623489,6425796092138087566]","[9999.90693674688,9999.90693674688,9999.90693674688]","[0.04252924335111281,0.04252924335111281,0.04252924335111281]","[0.10000168239071505,0.10000168239071505,0.10000168239071505]","[2.6977830671120526,2.6977830671120526,2.6977830671120526]","[0.01,0.01,0.01]","[1.2758115691146557,1.2758115691146557,1.2758115691146557]","[10000.0,10000.0,10000.0]","[3.0,3.0,3.0]","[2.5452977816686384,2.5452977816686384,2.5452977816686384]","[0.49184181719653464,0.49184181719653464,0.49184181719653464]","[EU,EU,EU]","[6949.529728568319,6949.529728568319,6949.529728568319]","[0.06042934876868655,0.06042945081709615,0.06042942994999959]","[2.5725610112316795,2.5725610112316795,2.5725610112316795]","[2.9002769894261168E-5,2.9002769894261168E-5,2.9002769894261168E-5]","[4.4814720570808455E-4,4.4814720570808455E-4,4.4814720570808455E-4]","[3393.292782168746,3393.292782168746,3393.292782168746]","[7.783291224882942E-5,7.783291224882942E-5,7.783291224882942E-5]","[0.022379835844855075,0.022379835844855075,0.022379835844855075]"
100000,100000,2.0152857676643265E-4,9971.481877530801,2414.1360976400915,0.40439815041097155,1.9644886403096453,0.13621541471988383,0.8459826381480136,log-normal,2.6226648999342624E-4,0.035318804282184244,2.6341729333266732,2.687853844231166,8085.51045751288,1.3252690378868732,2.8320685033368673,0.009999711961212063,0.10000000175485478,9999.999706819719,2.7927790939176146E-5,2.858851645291419,0.6510091500664956,32.02508436612247,0.060278666120201246,4,98352,"[1.9644886403096453,1.9644886403096453,1.9644886403096453,1.9644886403096453]","[0.6510091500664956,0.6510091500664956,0.6510091500664956,0.6510091500664956]","[log-normal,log-normal,log-normal,log-normal]","[32.02508569735488,32.02513785974962,32.02502987002779,32.02508303489006]","[0.8459826381480136,0.8459826381480136,0.8459826381480136,0.8459826381480136]","[3224168195646454186,-7563402964754370727,8857151471685074159,886399668905633932]","[9999.999706819719,9999.999706819719,9999.999706819719,9999.999706819719]","[0.035318804282184244,0.035318804282184244,0.035318804282184244,0.035318804282184244]","[0.10000000175485478,0.10000000175485478,0.10000000175485478,0.10000000175485478]","[2.858851645291419,2.858851645291419,2.858851645291419,2.858851645291419]","[0.009999711961212063,0.009999711961212063,0.009999711961212063,0.009999711961212063]","[1.3252690378868732,1.3252690378868732,1.3252690378868732,1.3252690378868732]","[9971.481877530801,9971.481877530801,9971.481877530801,9971.481877530801]","[2.8320685033368673,2.8320685033368673,2.8320685033368673,2.8320685033368673]","[2.687853844231166,2.687853844231166,2.687853844231166,2.687853844231166]","[0.40439815041097155,0.40439815041097155,0.40439815041097155,0.40439815041097155]","[EU,EU,EU,EU]","[8085.51045751288,8085.51045751288,8085.51045751288,8085.51045751288]","[0.06027866458000954,0.06027886269287886,0.060278563655877304,0.06027866766039295]","[2.6341729333266732,2.6341729333266732,2.6341729333266732,2.6341729333266732]","[2.7927790939176146E-5,2.7927790939176146E-5,2.7927790939176146E-5,2.7927790939176146E-5]","[2.6226648999342624E-4,2.6226648999342624E-4,2.6226648999342624E-4,2.6226648999342624E-4]","[2414.1360976400915,2414.1360976400915,2414.1360976400915,2414.1360976400915]","[2.0152857676643265E-4,2.0152857676643265E-4,2.0152857676643265E-4,2.0152857676643265E-4]","[0.13621541471988383,0.13621541471988383,0.13621541471988383,0.13621541471988383]"
100000,100000,7.543280017741136E-5,10000.0,3646.6181155185427,0.4700582427304101,1.1168842444725733,0.01166693218363769,0.8633335546771456,normal,3.72899013727429E-4,0.040719873082166846,2.7888597978895935,2.435823988895256,7035.86864996764,1.285468338656111,2.946986630233909,0.009999820630887772,0.1000187694333944,9999.646659410544,3.0906644545101264E-5,2.5446903455666163,0.5029504261909045,31.93690568233701,0.060433626185819204,2,99182,"[1.1168842444725733,1.1168842444725733]","[0.5029504261909045,0.5029504261909045]","[normal,normal]","[31.936907246118114,31.936904118555905]","[0.8633335546771456,0.8633335546771456]","[-8500652157957971383,335183215663217398]","[9999.646659410544,9999.646659410544]","[0.040719873082166846,0.040719873082166846]","[0.1000187694333944,0.1000187694333944]","[2.5446903455666163,2.5446903455666163]","[0.009999820630887772,0.009999820630887772]","[1.285468338656111,1.285468338656111]","[10000.0,10000.0]","[2.946986630233909,2.946986630233909]","[2.435823988895256,2.435823988895256]","[0.4700582427304101,0.4700582427304101]","[EU,EU]","[7035.86864996764,7035.86864996764]","[0.060433624038090474,0.060433628333547935]","[2.7888597978895935,2.7888597978895935]","[3.0906644545101264E-5,3.0906644545101264E-5]","[3.72899013727429E-4,3.72899013727429E-4]","[3646.6181155185427,3646.6181155185427]","[7.543280017741136E-5,7.543280017741136E-5]","[0.01166693218363769,0.01166693218363769]"
100000,100000,2.992419575596329E-4,9992.613435814996,1774.1476928037168,0.04236200255221291,1.3792922108801282,0.12043519075644227,0.78415584715812,normal,2.61737679146781E-4,0.035089468651817654,2.601734182450814,2.943725157188429,8832.454136509878,1.3332510819657046,2.5861211111663347,0.00999984196521727,0.1000000071565749,9999.86152707052,2.5346619823850703E-5,2.9621828587155847,0.6757797034791306,32.11659457682197,0.060216202907505796,2,97328,"[1.3792922108801282,1.3792922108801282]","[0.6757797034791306,0.6757797034791306]","[normal,normal]","[32.11635171369582,32.11683743994812]","[0.78415584715812,0.78415584715812]","[7550308270561588216,3566197719035443695]","[9999.86152707052,9999.86152707052]","[0.035089468651817654,0.035089468651817654]","[0.1000000071565749,0.1000000071565749]","[2.9621828587155847,2.9621828587155847]","[0.00999984196521727,0.00999984196521727]","[1.3332510819657046,1.3332510819657046]","[9992.613435814996,9992.613435814996]","[2.5861211111663347,2.5861211111663347]","[2.943725157188429,2.943725157188429]","[0.04236200255221291,0.04236200255221291]","[EU,EU]","[8832.454136509878,8832.454136509878]","[0.06021611998364021,0.06021628583137138]","[2.601734182450814,2.601734182450814]","[2.5346619823850703E-5,2.5346619823850703E-5]","[2.61737679146781E-4,2.61737679146781E-4]","[1774.1476928037168,1774.1476928037168]","[2.992419575596329E-4,2.992419575596329E-4]","[0.12043519075644227,0.12043519075644227]"
100000,100000,4.592381245899003E-5,9787.073861040364,3990.9958235733006,0.4659738556438176,1.1889254926707995,0.010025456347302907,0.8306640175972194,log-normal,3.7127682913266707E-4,0.041749494649391046,2.7863182805541458,2.5980538535621394,6873.142563403666,1.2846771564998947,2.995937723666217,0.01,0.1000005091931396,9999.980585543339,3.0047676670473955E-5,2.459897834127375,0.3480138235420889,31.9216989276021,0.06048166545134134,2,99175,"[1.1889254926707995,1.1889254926707995]","[0.3480138235420889,0.3480138235420889]","[log-normal,log-normal]","[31.92169923191895,31.921698623285256]","[0.8306640175972194,0.8306640175972194]","[2233359612442967203,1146959771036049922]","[9999.980585543339,9999.980585543339]","[0.041749494649391046,0.041749494649391046]","[0.1000005091931396,0.1000005091931396]","[2.459897834127375,2.459897834127375]","[0.01,0.01]","[1.2846771564998947,1.2846771564998947]","[9787.073861040364,9787.073861040364]","[2.995937723666217,2.995937723666217]","[2.5980538535621394,2.5980538535621394]","[0.4659738556438176,0.4659738556438176]","[EU,EU]","[6873.142563403666,6873.142563403666]","[0.060481665752919564,0.06048166514976313]","[2.7863182805541458,2.7863182805541458]","[3.0047676670473955E-5,3.0047676670473955E-5]","[3.7127682913266707E-4,3.7127682913266707E-4]","[3990.9958235733006,3990.9958235733006]","[4.592381245899003E-5,4.592381245899003E-5]","[0.010025456347302907,0.010025456347302907]"
100000,100000,2.963864303963593E-4,9947.991930592409,1309.3262975330733,0.06404278202407147,1.3973923597542086,0.11658801762144298,0.81239341505644,log-normal,2.367406383945723E-4,0.03778098086229422,2.5962650088672343,2.7320529768474624,9194.388977128156,1.3345822413989366,2.5804683811401348,0.009999999999999998,0.10000006234976411,9999.911924071255,2.6410435102364612E-5,2.8633691337500267,0.6367734426422276,32.113944703555276,0.06021752882756527,1,99597,"[1.3973923597542086]","[0.6367734426422276]","[log-normal]","[32.113944703555276]","[0.81239341505644]","[-6540081989332534878]","[9999.911924071255]","[0.03778098086229422]","[0.10000006234976411]","[2.8633691337500267]","[0.009999999999999998]","[1.3345822413989366]","[9947.991930592409]","[2.5804683811401348]","[2.7320529768474624]","[0.06404278202407147]","[EU]","[9194.388977128156]","[0.06021752882756527]","[2.5962650088672343]","[2.6410435102364612E-5]","[2.367406383945723E-4]","[1309.3262975330733]","[2.963864303963593E-4]","[0.11658801762144298]"
100000,100000,1.8410407910492832E-4,9989.374251435864,2073.4461343220373,0.4431787353877253,1.770929028944579,0.12892894485910344,0.84810367309254,log-normal,2.614199483700566E-4,0.035283145873011734,2.638316302487047,2.6684407229291542,8049.756102260687,1.320310851464769,2.7997596892027645,0.01,0.10000003080298848,9999.996736252799,2.8304815040025158E-5,2.908051567031048,0.6402937859742267,32.01064970712624,0.060294690023909685,1,99575,"[1.770929028944579]","[0.6402937859742267]","[log-normal]","[32.01064970712624]","[0.84810367309254]","[6005478637373518012]","[9999.996736252799]","[0.035283145873011734]","[0.10000003080298848]","[2.908051567031048]","[0.01]","[1.320310851464769]","[9989.374251435864]","[2.7997596892027645]","[2.6684407229291542]","[0.4431787353877253]","[EU]","[8049.756102260687]","[0.060294690023909685]","[2.638316302487047]","[2.8304815040025158E-5]","[2.614199483700566E-4]","[2073.4461343220373]","[1.8410407910492832E-4]","[0.12892894485910344]"
100000,100000,2.912910348114225E-4,9948.879959004154,1250.926620503764,0.06252165228844822,1.386731215258779,0.11686207701403294,0.8129493432676329,log-normal,2.4133684722086582E-4,0.037738784311310405,2.5963148582937894,2.7380443384442907,9142.320280582693,1.335429572735507,2.572845753547915,0.01,0.10000013844015786,9999.910169349514,2.609562175119595E-5,2.880478751513379,0.6382172269789952,32.10873251156418,0.06021933596017078,1,99634,"[1.386731215258779]","[0.6382172269789952]","[log-normal]","[32.10873251156418]","[0.8129493432676329]","[4987255271066297502]","[9999.910169349514]","[0.037738784311310405]","[0.10000013844015786]","[2.880478751513379]","[0.01]","[1.335429572735507]","[9948.879959004154]","[2.572845753547915]","[2.7380443384442907]","[0.06252165228844822]","[EU]","[9142.320280582693]","[0.06021933596017078]","[2.5963148582937894]","[2.609562175119595E-5]","[2.4133684722086582E-4]","[1250.926620503764]","[2.912910348114225E-4]","[0.11686207701403294]"
100000,100000,1.76195812551977E-4,9973.560507093202,4696.754152463989,0.4547140987326391,1.323707960881467,0.07420272586485839,0.8973791359627028,normal,3.337759872533445E-4,0.04359534660569473,2.760170303419072,2.605664028041875,7473.1915765964695,1.287941650095033,2.9991697830735125,0.009999999998679973,0.10000161673296011,9999.934644024186,3.047150496774205E-5,2.0727096202666693,0.3129560556566483,32.0044339056683,0.06030331403416744,1,98982,"[1.323707960881467]","[0.3129560556566483]","[normal]","[32.0044339056683]","[0.8973791359627028]","[1169292161979743590]","[9999.934644024186]","[0.04359534660569473]","[0.10000161673296011]","[2.0727096202666693]","[0.009999999998679973]","[1.287941650095033]","[9973.560507093202]","[2.9991697830735125]","[2.605664028041875]","[0.4547140987326391]","[EU]","[7473.1915765964695]","[0.06030331403416744]","[2.760170303419072]","[3.047150496774205E-5]","[3.337759872533445E-4]","[4696.754152463989]","[1.76195812551977E-4]","[0.07420272586485839]"
100000,100000,2.85545983922921E-4,9923.84602166906,1307.019734887624,0.04472441540997332,1.407238128692312,0.11387528366329308,0.8102952087306967,normal,2.4411269346329216E-4,0.03756496839447954,2.6024349397662054,2.73345034773942,9160.371790784462,1.338726579922896,2.544914205537625,0.009999999876589923,0.1,9999.894491192144,2.6121009016136317E-5,2.837633204877493,0.63172283214017,32.10317221206034,0.06022207929740781,2,97196,"[1.407238128692312,1.407238128692312]","[0.63172283214017,0.63172283214017]","[normal,normal]","[32.103171927690454,32.10317249643024]","[0.8102952087306967,0.8102952087306967]","[7138637258522880541,-5184163055797084148]","[9999.894491192144,9999.894491192144]","[0.03756496839447954,0.03756496839447954]","[0.1,0.1]","[2.837633204877493,2.837633204877493]","[0.009999999876589923,0.009999999876589923]","[1.338726579922896,1.338726579922896]","[9923.84602166906,9923.84602166906]","[2.544914205537625,2.544914205537625]","[2.73345034773942,2.73345034773942]","[0.04472441540997332,0.04472441540997332]","[EU,EU]","[9160.371790784462,9160.371790784462]","[0.06022207280289155,0.06022208579192407]","[2.6024349397662054,2.6024349397662054]","[2.6121009016136317E-5,2.6121009016136317E-5]","[2.4411269346329216E-4,2.4411269346329216E-4]","[1307.019734887624,1307.019734887624]","[2.85545983922921E-4,2.85545983922921E-4]","[0.11387528366329308,0.11387528366329308]"
100000,100000,2.2547669935258925E-4,9993.919961707792,1437.5939527694645,0.13087985662746784,1.4656136464510494,0.15766712266655,0.8188700867980216,log-normal,2.3787916689323936E-4,0.03937115099765657,2.635379564430612,2.640094277103881,9111.604470788794,1.33460551428711,2.4776304084125624,0.01,0.10000009028860364,9999.72128446807,2.452341664292027E-5,2.7093710180011192,0.6371963510792633,32.04575457543484,0.06025811518245884,2,99729,"[1.4656136464510494,1.4656136464510494]","[0.6371963510792633,0.6371963510792633]","[log-normal,log-normal]","[32.045733561312126,32.045775589557564]","[0.8188700867980216,0.8188700867980216]","[3763510656559150954,-399415295601383613]","[9999.72128446807,9999.72128446807]","[0.03937115099765657,0.03937115099765657]","[0.10000009028860364,0.10000009028860364]","[2.7093710180011192,2.7093710180011192]","[0.01,0.01]","[1.33460551428711,1.33460551428711]","[9993.919961707792,9993.919961707792]","[2.4776304084125624,2.4776304084125624]","[2.640094277103881,2.640094277103881]","[0.13087985662746784,0.13087985662746784]","[EU,EU]","[9111.604470788794,9111.604470788794]","[0.06025797084100168,0.060258259523916]","[2.635379564430612,2.635379564430612]","[2.452341664292027E-5,2.452341664292027E-5]","[2.3787916689323936E-4,2.3787916689323936E-4]","[1437.5939527694645,1437.5939527694645]","[2.2547669935258925E-4,2.2547669935258925E-4]","[0.15766712266655,0.15766712266655]"
100000,100000,2.9001920512513662E-5,8356.22152159186,2293.3516349389765,0.4888806910311633,0.15834798687507462,0.06713727100479036,1.1109515433947075,log-normal,0.0011640484815602639,0.05,0.634864371939433,3.0,5089.766039909884,1.2754834888933508,2.9778638858668693,0.009778711682970545,0.10000332413783133,9999.966388142293,2.527800674180622E-5,1.7186193177227376,0.7526302469363877,31.772996663307804,0.06072699008752782,3,98476,"[0.15834798687507462,0.15834798687507462,0.15834798687507462]","[0.7526302469363877,0.7526302469363877,0.7526302469363877]","[log-normal,log-normal,log-normal]","[31.773009761317216,31.772977762128104,31.772996663307804]","[1.1109515433947075,1.1109515433947075,1.1109515433947075]","[4726843780375864665,-4395335380178831071,1007639277265645059]","[9999.966388142293,9999.966388142293,9999.966388142293]","[0.05,0.05,0.05]","[0.10000332413783133,0.10000332413783133,0.10000332413783133]","[1.7186193177227376,1.7186193177227376,1.7186193177227376]","[0.009778711682970545,0.009778711682970545,0.009778711682970545]","[1.2754834888933508,1.2754834888933508,1.2754834888933508]","[8356.22152159186,8356.22152159186,8356.22152159186]","[2.9778638858668693,2.9778638858668693,2.9778638858668693]","[3.0,3.0,3.0]","[0.4888806910311633,0.4888806910311633,0.4888806910311633]","[EU,EU,EU]","[5089.766039909884,5089.766039909884,5089.766039909884]","[0.06072729280352038,0.06072684884131536,0.06072699008752782]","[0.634864371939433,0.634864371939433,0.634864371939433]","[2.527800674180622E-5,2.527800674180622E-5,2.527800674180622E-5]","[0.0011640484815602639,0.0011640484815602639,0.0011640484815602639]","[2293.3516349389765,2293.3516349389765,2293.3516349389765]","[2.9001920512513662E-5,2.9001920512513662E-5,2.9001920512513662E-5]","[0.06713727100479036,0.06713727100479036,0.06713727100479036]"
100000,100000,5.1041463808404485E-5,9787.57714465131,3972.356564160817,0.46658351204970316,1.1660213173408962,0.012703957970679185,0.8226015485580376,normal,3.896430128841714E-4,0.0417532340037976,2.764426891880603,2.609639940239118,6852.008800410761,1.2826629090763035,3.0,0.009999999999999998,0.10000038542426189,9999.972480694925,3.066898078401319E-5,2.4904722721229624,0.34514991460983985,31.92423726170236,0.060472966555344475,1,98245,"[1.1660213173408962]","[0.34514991460983985]","[normal]","[31.92423726170236]","[0.8226015485580376]","[-6282530591520463284]","[9999.972480694925]","[0.0417532340037976]","[0.10000038542426189]","[2.4904722721229624]","[0.009999999999999998]","[1.2826629090763035]","[9787.57714465131]","[3.0]","[2.609639940239118]","[0.46658351204970316]","[EU]","[6852.008800410761]","[0.060472966555344475]","[2.764426891880603]","[3.066898078401319E-5]","[3.896430128841714E-4]","[3972.356564160817]","[5.1041463808404485E-5]","[0.012703957970679185]"
100000,100000,0.0,9295.89052515426,5022.14844699377,0.4992605205236057,1.4403698695296694,0.15094721691100077,0.813146028368381,log-normal,3.0776897948059655E-4,0.04007047746840539,2.681744927437453,2.539450139178419,7781.150119132589,1.2924666422434514,2.999576915894509,0.009937920758958172,0.1,9999.960650071815,2.565151873248332E-5,2.23359081350118,0.7246196352112407,31.901237168443654,0.060669965508017024,1,98157,"[1.4403698695296694]","[0.7246196352112407]","[log-normal]","[31.901237168443654]","[0.813146028368381]","[6645938903478829038]","[9999.960650071815]","[0.04007047746840539]","[0.1]","[2.23359081350118]","[0.009937920758958172]","[1.2924666422434514]","[9295.89052515426]","[2.999576915894509]","[2.539450139178419]","[0.4992605205236057]","[EU]","[7781.150119132589]","[0.060669965508017024]","[2.681744927437453]","[2.565151873248332E-5]","[3.0776897948059655E-4]","[5022.14844699377]","[0.0]","[0.15094721691100077]"
100000,100000,1.955880296719463E-4,9970.149378715274,2298.5136150755166,0.40588663567933275,1.9230564077273982,0.13465088349376572,0.8429988209433785,normal,2.621644760110643E-4,0.03567118271471872,2.635704018896869,2.657426846345543,8090.581611230327,1.3253486059438113,2.8386293309141064,0.01,0.10000009999799452,9999.955990403314,2.81274964869017E-5,2.877575886202893,0.6484334465682555,32.02025048844302,0.06028366887021993,1,98871,"[1.9230564077273982]","[0.6484334465682555]","[normal]","[32.02025048844302]","[0.8429988209433785]","[-678416373195113684]","[9999.955990403314]","[0.03567118271471872]","[0.10000009999799452]","[2.877575886202893]","[0.01]","[1.3253486059438113]","[9970.149378715274]","[2.8386293309141064]","[2.657426846345543]","[0.40588663567933275]","[EU]","[8090.581611230327]","[0.06028366887021993]","[2.635704018896869]","[2.81274964869017E-5]","[2.621644760110643E-4]","[2298.5136150755166]","[1.955880296719463E-4]","[0.13465088349376572]"
100000,100000,2.1698458841514808E-4,9946.053301358954,1637.2466652478902,0.11580659148925228,1.437901167978716,0.14398534932533982,0.8166245438405655,log-normal,2.356289418636119E-4,0.03921630680353246,2.6362852748019607,2.6673591093006754,9180.296495989476,1.3360478717273503,2.4831253766927412,0.009999997101448874,0.1000000034589025,9999.776204370135,2.4396315510362755E-5,2.676837982302492,0.6413072956588198,32.03817633235964,0.06026486754525849,2,98956,"[1.437901167978716,1.437901167978716]","[0.6413072956588198,0.6413072956588198]","[log-normal,log-normal]","[32.03799999225346,32.03835267246581]","[0.8166245438405655,0.8166245438405655]","[4407461718432283703,7792930697140926759]","[9999.776204370135,9999.776204370135]","[0.03921630680353246,0.03921630680353246]","[0.1000000034589025,0.1000000034589025]","[2.676837982302492,2.676837982302492]","[0.009999997101448874,0.009999997101448874]","[1.3360478717273503,1.3360478717273503]","[9946.053301358954,9946.053301358954]","[2.4831253766927412,2.4831253766927412]","[2.6673591093006754,2.6673591093006754]","[0.11580659148925228,0.11580659148925228]","[EU,EU]","[9180.296495989476,9180.296495989476]","[0.060264819532285525,0.060264915558231456]","[2.6362852748019607,2.6362852748019607]","[2.4396315510362755E-5,2.4396315510362755E-5]","[2.356289418636119E-4,2.356289418636119E-4]","[1637.2466652478902,1637.2466652478902]","[2.1698458841514808E-4,2.1698458841514808E-4]","[0.14398534932533982,0.14398534932533982]"
100000,100000,1.8865552142287363E-4,10000.0,2115.018265777569,0.41465929676810426,1.7561507746860825,0.12431055676206192,0.8482324215743529,log-normal,2.7476625537213383E-4,0.03580423093273212,2.627960534411385,2.6592237153384723,8036.787111132747,1.3227459595808537,2.8495786465210515,0.00999999463778883,0.10000007393115024,10000.0,2.8645711895334726E-5,2.9059268720437172,0.6613255731364907,32.01467608028098,0.06029021925367304,1,98744,"[1.7561507746860825]","[0.6613255731364907]","[log-normal]","[32.01467608028098]","[0.8482324215743529]","[-876496330384577404]","[10000.0]","[0.03580423093273212]","[0.10000007393115024]","[2.9059268720437172]","[0.00999999463778883]","[1.3227459595808537]","[10000.0]","[2.8495786465210515]","[2.6592237153384723]","[0.41465929676810426]","[EU]","[8036.787111132747]","[0.06029021925367304]","[2.627960534411385]","[2.8645711895334726E-5]","[2.7476625537213383E-4]","[2115.018265777569]","[1.8865552142287363E-4]","[0.12431055676206192]"
100000,100000,9.826964247833678E-5,9936.932533583751,3513.5153576564358,0.4853566916149245,1.0644245858673054,0.028519847334024788,0.8516060408969516,log-normal,3.586543053349578E-4,0.0435369904353167,2.888051601027007,2.6191895003330417,6739.999705112209,1.283368599459348,2.973096319738806,0.01,0.10001652151438517,9999.852655457422,2.9747021145862708E-5,1.9475978770936102,0.5552484826510526,31.950142425468616,0.06039920540981514,1,99693,"[1.0644245858673054]","[0.5552484826510526]","[log-normal]","[31.950142425468616]","[0.8516060408969516]","[132128565558272137]","[9999.852655457422]","[0.0435369904353167]","[0.10001652151438517]","[1.9475978770936102]","[0.01]","[1.283368599459348]","[9936.932533583751]","[2.973096319738806]","[2.6191895003330417]","[0.4853566916149245]","[EU]","[6739.999705112209]","[0.06039920540981514]","[2.888051601027007]","[2.9747021145862708E-5]","[3.586543053349578E-4]","[3513.5153576564358]","[9.826964247833678E-5]","[0.028519847334024788]"
100000,100000,2.0927800935851998E-4,9980.824519610991,1335.5294485895183,0.11325559470788905,1.4565148255856246,0.16788089997050817,0.7892035983559801,log-normal,2.40244169123416E-4,0.039297065330150954,2.6382602300580817,2.632295280738269,9095.123983893534,1.3362390475553285,2.492404562026894,0.009999633478817563,0.1,9999.733809050902,3.085906216572147E-5,2.6967298699483457,0.5617922974518134,32.031885605221916,0.060271923379741264,1,99489,"[1.4565148255856246]","[0.5617922974518134]","[log-normal]","[32.031885605221916]","[0.7892035983559801]","[353597520852153843]","[9999.733809050902]","[0.039297065330150954]","[0.1]","[2.6967298699483457]","[0.009999633478817563]","[1.3362390475553285]","[9980.824519610991]","[2.492404562026894]","[2.632295280738269]","[0.11325559470788905]","[EU]","[9095.123983893534]","[0.060271923379741264]","[2.6382602300580817]","[3.085906216572147E-5]","[2.40244169123416E-4]","[1335.5294485895183]","[2.0927800935851998E-4]","[0.16788089997050817]"
100000,100000,3.381481102241774E-4,9996.24352650673,1118.275933372234,0.03174809933828546,1.3970273951580163,0.11532564325420785,0.7952107870271223,log-normal,2.4343079391891956E-4,0.03551562329420213,2.6146678846914377,2.9786646864307285,8433.10442271716,1.3416093589740956,2.515644873408781,0.01,0.10000000003157035,9998.71006428234,2.519693657631742E-5,2.99492729551703,0.6557784366399311,32.1585442079721,0.0602057471289768,1,99022,"[1.3970273951580163]","[0.6557784366399311]","[log-normal]","[32.1585442079721]","[0.7952107870271223]","[-3689052154550716492]","[9998.71006428234]","[0.03551562329420213]","[0.10000000003157035]","[2.99492729551703]","[0.01]","[1.3416093589740956]","[9996.24352650673]","[2.515644873408781]","[2.9786646864307285]","[0.03174809933828546]","[EU]","[8433.10442271716]","[0.0602057471289768]","[2.6146678846914377]","[2.519693657631742E-5]","[2.4343079391891956E-4]","[1118.275933372234]","[3.381481102241774E-4]","[0.11532564325420785]"
100000,100000,3.351461211611747E-4,9989.837004224904,1331.328890204024,0.020137797673969345,1.4104101531930244,0.11724132149718518,0.7975818206636973,log-normal,2.4333895314773934E-4,0.03499821617792701,2.59852869040955,2.992010684559986,8370.351152343177,1.3455877196377646,2.550087824760028,0.009999999999999998,0.10000000111877337,9998.801077267353,2.5574273390676562E-5,2.9733560973632476,0.6500167180946865,32.15573136545582,0.060206604371746644,1,99785,"[1.4104101531930244]","[0.6500167180946865]","[log-normal]","[32.15573136545582]","[0.7975818206636973]","[1656415857826754942]","[9998.801077267353]","[0.03499821617792701]","[0.10000000111877337]","[2.9733560973632476]","[0.009999999999999998]","[1.3455877196377646]","[9989.837004224904]","[2.550087824760028]","[2.992010684559986]","[0.020137797673969345]","[EU]","[8370.351152343177]","[0.060206604371746644]","[2.59852869040955]","[2.5574273390676562E-5]","[2.4333895314773934E-4]","[1331.328890204024]","[3.351461211611747E-4]","[0.11724132149718518]"
100000,100000,1.865126526729617E-4,9997.345425496856,2143.2413600864447,0.4139261084113001,1.7876112049463222,0.1266499709919944,0.8481458741989907,normal,2.726151295523312E-4,0.035757681815106336,2.630202378167078,2.6590972643392217,8013.715328580562,1.3213202130514436,2.8544476987838006,0.00999999467319366,0.1,10000.0,2.8741238591435103E-5,2.9181701729757323,0.6594980386769824,32.012643994835415,0.060292124666256774,2,98279,"[1.7876112049463222,1.7876112049463222]","[0.6594980386769824,0.6594980386769824]","[normal,normal]","[32.01266596606921,32.012622023601615]","[0.8481458741989907,0.8481458741989907]","[-1419004662760440903,-6943793200387820369]","[10000.0,10000.0]","[0.035757681815106336,0.035757681815106336]","[0.1,0.1]","[2.9181701729757323,2.9181701729757323]","[0.00999999467319366,0.00999999467319366]","[1.3213202130514436,1.3213202130514436]","[9997.345425496856,9997.345425496856]","[2.8544476987838006,2.8544476987838006]","[2.6590972643392217,2.6590972643392217]","[0.4139261084113001,0.4139261084113001]","[EU,EU]","[8013.715328580562,8013.715328580562]","[0.0602922005477118,0.06029204878480175]","[2.630202378167078,2.630202378167078]","[2.8741238591435103E-5,2.8741238591435103E-5]","[2.726151295523312E-4,2.726151295523312E-4]","[2143.2413600864447,2143.2413600864447]","[1.865126526729617E-4,1.865126526729617E-4]","[0.1266499709919944,0.1266499709919944]"
100000,100000,9.648708685709755E-5,9864.8850833566,3256.656461577479,0.4824670374695863,1.1046165208273995,0.015171080124159235,0.8615545689387848,log-normal,3.214188459897534E-4,0.041330697623832215,2.79628329889166,2.6094083998076405,6550.914107995919,1.2934297791295144,2.9370616348016916,0.009999999655678514,0.10000117349473087,9996.43846243995,3.0535769667261394E-5,2.507368753098682,0.17160359093781485,31.9490759782193,0.06040191526483231,1,98742,"[1.1046165208273995]","[0.17160359093781485]","[log-normal]","[31.9490759782193]","[0.8615545689387848]","[-388574157607571895]","[9996.43846243995]","[0.041330697623832215]","[0.10000117349473087]","[2.507368753098682]","[0.009999999655678514]","[1.2934297791295144]","[9864.8850833566]","[2.9370616348016916]","[2.6094083998076405]","[0.4824670374695863]","[EU]","[6550.914107995919]","[0.06040191526483231]","[2.79628329889166]","[3.0535769667261394E-5]","[3.214188459897534E-4]","[3256.656461577479]","[9.648708685709755E-5]","[0.015171080124159235]"
100000,100000,3.210030648955281E-4,10000.0,1665.1337853694142,0.059421143043667,1.4836443469298635,0.1205069652943728,0.7760913837719954,log-normal,2.3486159414551157E-4,0.03669595152937621,2.615882841543416,2.9407228686061035,9062.216504928718,1.3415827547517212,2.572024815252839,0.009999999999999998,0.10000077859062292,9999.892269935397,2.608813051788802E-5,3.0,0.6259122462607036,32.14002621960923,0.06020922419484725,4,99010,"[1.4836443469298635,1.4836443469298635,1.4836443469298635,1.4836443469298635]","[0.6259122462607036,0.6259122462607036,0.6259122462607036,0.6259122462607036]","[log-normal,log-normal,log-normal,log-normal]","[32.14003047169608,32.140020504415766,32.140021967528604,32.14003047168986]","[0.7760913837719954,0.7760913837719954,0.7760913837719954,0.7760913837719954]","[-9100185537225921705,-7194071536349190130,-2387192647398463335,-7305255958348666092]","[9999.892269935397,9999.892269935397,9999.892269935397,9999.892269935397]","[0.03669595152937621,0.03669595152937621,0.03669595152937621,0.03669595152937621]","[0.10000077859062292,0.10000077859062292,0.10000077859062292,0.10000077859062292]","[3.0,3.0,3.0,3.0]","[0.009999999999999998,0.009999999999999998,0.009999999999999998,0.009999999999999998]","[1.3415827547517212,1.3415827547517212,1.3415827547517212,1.3415827547517212]","[10000.0,10000.0,10000.0,10000.0]","[2.572024815252839,2.572024815252839,2.572024815252839,2.572024815252839]","[2.9407228686061035,2.9407228686061035,2.9407228686061035,2.9407228686061035]","[0.059421143043667,0.059421143043667,0.059421143043667,0.059421143043667]","[EU,EU,EU,EU]","[9062.216504928718,9062.216504928718,9062.216504928718,9062.216504928718]","[0.060209224372584934,0.06020915265401755,0.060209224017121005,0.06020922437257349]","[2.615882841543416,2.615882841543416,2.615882841543416,2.615882841543416]","[2.608813051788802E-5,2.608813051788802E-5,2.608813051788802E-5,2.608813051788802E-5]","[2.3486159414551157E-4,2.3486159414551157E-4,2.3486159414551157E-4,2.3486159414551157E-4]","[1665.1337853694142,1665.1337853694142,1665.1337853694142,1665.1337853694142]","[3.210030648955281E-4,3.210030648955281E-4,3.210030648955281E-4,3.210030648955281E-4]","[0.1205069652943728,0.1205069652943728,0.1205069652943728,0.1205069652943728]"
100000,100000,2.938167851487538E-4,9948.006517007192,1251.396439199647,0.06273874093891275,1.3859621025267683,0.11743421227324903,0.812896969381696,log-normal,2.4136139786312715E-4,0.037761443991609654,2.587734180208962,2.7371645535562275,9148.660009971105,1.3354096665888755,2.573119970444981,0.009999999999996014,0.10000013841829698,9999.910583022938,2.6095094025152183E-5,2.881010349674126,0.6382210777347769,32.111317314732105,0.060218317571221355,1,99162,"[1.3859621025267683]","[0.6382210777347769]","[log-normal]","[32.111317314732105]","[0.812896969381696]","[-3148315829433306952]","[9999.910583022938]","[0.037761443991609654]","[0.10000013841829698]","[2.881010349674126]","[0.009999999999996014]","[1.3354096665888755]","[9948.006517007192]","[2.573119970444981]","[2.7371645535562275]","[0.06273874093891275]","[EU]","[9148.660009971105]","[0.060218317571221355]","[2.587734180208962]","[2.6095094025152183E-5]","[2.4136139786312715E-4]","[1251.396439199647]","[2.938167851487538E-4]","[0.11743421227324903]"
100000,100000,6.693478532421932E-5,9804.934303309321,3628.21669642788,0.4714068348541744,1.2123755136561134,0.010740367420108952,0.8584357686898139,normal,3.230570874946745E-4,0.04038345242955706,2.7947852428157596,2.619371480709386,6943.224062894989,1.2945373544913117,2.9471113235066873,0.009999708352842848,0.10000137908763422,9996.199403004235,3.0023603041869608E-5,2.4558099646602085,0.2470579542625865,31.93229882222016,0.06044749924081942,1,98520,"[1.2123755136561134]","[0.2470579542625865]","[normal]","[31.93229882222016]","[0.8584357686898139]","[-8509229240410079773]","[9996.199403004235]","[0.04038345242955706]","[0.10000137908763422]","[2.4558099646602085]","[0.009999708352842848]","[1.2945373544913117]","[9804.934303309321]","[2.9471113235066873]","[2.619371480709386]","[0.4714068348541744]","[EU]","[6943.224062894989]","[0.06044749924081942]","[2.7947852428157596]","[3.0023603041869608E-5]","[3.230570874946745E-4]","[3628.21669642788]","[6.693478532421932E-5]","[0.010740367420108952]"
100000,100000,1.2624309747847468E-4,9948.034732645274,3704.2961907702797,0.5,1.0248646500833691,0.06431087335909041,0.8590767053185537,log-normal,3.454840363669153E-4,0.042712873107415644,2.832793706792873,2.6459440805783125,6208.701959613603,1.2930282770352235,3.0,0.009999999999999998,0.10001413849336299,10000.0,2.9008443404554624E-5,2.059662944445345,0.45727119168794206,31.968272127845545,0.060361011533889536,3,97445,"[1.0248646500833691,1.0248646500833691,1.0248646500833691]","[0.45727119168794206,0.45727119168794206,0.45727119168794206]","[log-normal,log-normal,log-normal]","[31.96826714072497,31.968279252770426,31.968272127845545]","[0.8590767053185537,0.8590767053185537,0.8590767053185537]","[-7039224736699488616,-4183188449440766061,159227304121855631]","[10000.0,10000.0,10000.0]","[0.042712873107415644,0.042712873107415644,0.042712873107415644]","[0.10001413849336299,0.10001413849336299,0.10001413849336299]","[2.059662944445345,2.059662944445345,2.059662944445345]","[0.009999999999999998,0.009999999999999998,0.009999999999999998]","[1.2930282770352235,1.2930282770352235,1.2930282770352235]","[9948.034732645274,9948.034732645274,9948.034732645274]","[3.0,3.0,3.0]","[2.6459440805783125,2.6459440805783125,2.6459440805783125]","[0.5,0.5,0.5]","[EU,EU,EU]","[6208.701959613603,6208.701959613603,6208.701959613603]","[0.060361004796797194,0.06036114073022618,0.060361011533889536]","[2.832793706792873,2.832793706792873,2.832793706792873]","[2.9008443404554624E-5,2.9008443404554624E-5,2.9008443404554624E-5]","[3.454840363669153E-4,3.454840363669153E-4,3.454840363669153E-4]","[3704.2961907702797,3704.2961907702797,3704.2961907702797]","[1.2624309747847468E-4,1.2624309747847468E-4,1.2624309747847468E-4]","[0.06431087335909041,0.06431087335909041,0.06431087335909041]"
100000,100000,1.3731086332708723E-4,9998.686970226625,4890.364557318683,0.49937151575270833,1.2655476977175761,0.07680932219091297,0.8655119063007779,log-normal,3.34204861926245E-4,0.043437992440063966,2.757104961728584,2.5040092538096337,7542.004504874566,1.2905608085923312,2.9388758086130498,0.009999558348569788,0.10000000706188245,9999.966907639962,2.9636014524112333E-5,2.0991827470214246,0.30589941549172484,31.975534442681514,0.06034723173501627,4,97392,"[1.2655476977175761,1.2655476977175761,1.2655476977175761,1.2655476977175761]","[0.30589941549172484,0.30589941549172484,0.30589941549172484,0.30589941549172484]","[log-normal,log-normal,log-normal,log-normal]","[31.97553937213717,31.97553435443638,31.97552937997034,31.975534530926648]","[0.8655119063007779,0.8655119063007779,0.8655119063007779,0.8655119063007779]","[1456400824981874714,-1856338621489646234,2418883717606105160,-1530790321778525260]","[9999.966907639962,9999.966907639962,9999.966907639962,9999.966907639962]","[0.043437992440063966,0.043437992440063966,0.043437992440063966,0.043437992440063966]","[0.10000000706188245,0.10000000706188245,0.10000000706188245,0.10000000706188245]","[2.0991827470214246,2.0991827470214246,2.0991827470214246,2.0991827470214246]","[0.009999558348569788,0.009999558348569788,0.009999558348569788,0.009999558348569788]","[1.2905608085923312,1.2905608085923312,1.2905608085923312,1.2905608085923312]","[9998.686970226625,9998.686970226625,9998.686970226625,9998.686970226625]","[2.9388758086130498,2.9388758086130498,2.9388758086130498,2.9388758086130498]","[2.5040092538096337,2.5040092538096337,2.5040092538096337,2.5040092538096337]","[0.49937151575270833,0.49937151575270833,0.49937151575270833,0.49937151575270833]","[EU,EU,EU,EU]","[7542.004504874566,7542.004504874566,7542.004504874566,7542.004504874566]","[0.06034724747455548,0.06034724000804614,0.06034721675714208,0.06034722346198641]","[2.757104961728584,2.757104961728584,2.757104961728584,2.757104961728584]","[2.9636014524112333E-5,2.9636014524112333E-5,2.9636014524112333E-5,2.9636014524112333E-5]","[3.34204861926245E-4,3.34204861926245E-4,3.34204861926245E-4,3.34204861926245E-4]","[4890.364557318683,4890.364557318683,4890.364557318683,4890.364557318683]","[1.3731086332708723E-4,1.3731086332708723E-4,1.3731086332708723E-4,1.3731086332708723E-4]","[0.07680932219091297,0.07680932219091297,0.07680932219091297,0.07680932219091297]"
100000,100000,3.0155715269208796E-4,9987.652710756876,1288.3327215545228,0.017459034169558775,1.3680942680181367,0.11636803186288458,0.7865350222120701,normal,2.3784551631043392E-4,0.037164331091209764,2.550688509172704,2.9434662212991265,9028.385333060123,1.33355693058249,2.587526076107381,0.009999996503413195,0.10000022252288068,9999.785887345255,2.546661710696421E-5,3.0,0.6585065127054912,32.11928262426674,0.06021551330467342,2,99625,"[1.3680942680181367,1.3680942680181367]","[0.6585065127054912,0.6585065127054912]","[normal,normal]","[32.11928262426674,32.11928262426674]","[0.7865350222120701,0.7865350222120701]","[-4413945157612310209,3344972954579296390]","[9999.785887345255,9999.785887345255]","[0.037164331091209764,0.037164331091209764]","[0.10000022252288068,0.10000022252288068]","[3.0,3.0]","[0.009999996503413195,0.009999996503413195]","[1.33355693058249,1.33355693058249]","[9987.652710756876,9987.652710756876]","[2.587526076107381,2.587526076107381]","[2.9434662212991265,2.9434662212991265]","[0.017459034169558775,0.017459034169558775]","[EU,EU]","[9028.385333060123,9028.385333060123]","[0.06021551330467342,0.06021551330467342]","[2.550688509172704,2.550688509172704]","[2.546661710696421E-5,2.546661710696421E-5]","[2.3784551631043392E-4,2.3784551631043392E-4]","[1288.3327215545228,1288.3327215545228]","[3.0155715269208796E-4,3.0155715269208796E-4]","[0.11636803186288458,0.11636803186288458]"
100000,100000,8.054522968954857E-5,9939.402781469133,3255.501533823492,0.48422758859831083,0.8530340243508832,0.026933826956250108,0.899160896394851,normal,4.489578307925018E-4,0.04310193493699578,2.613576037362827,2.5286604551021745,6783.893866057922,1.2711628134808175,2.996987695195679,0.009999509115254055,0.10000181524990231,9999.947826553318,2.9522788283750113E-5,2.872665532628822,0.5076823586673521,31.9397441044059,0.06042608159813047,1,99758,"[0.8530340243508832]","[0.5076823586673521]","[normal]","[31.9397441044059]","[0.899160896394851]","[3417231125190043075]","[9999.947826553318]","[0.04310193493699578]","[0.10000181524990231]","[2.872665532628822]","[0.009999509115254055]","[1.2711628134808175]","[9939.402781469133]","[2.996987695195679]","[2.5286604551021745]","[0.48422758859831083]","[EU]","[6783.893866057922]","[0.06042608159813047]","[2.613576037362827]","[2.9522788283750113E-5]","[4.489578307925018E-4]","[3255.501533823492]","[8.054522968954857E-5]","[0.026933826956250108]"
100000,100000,2.6696460004899786E-4,9999.986328549934,1582.3628716481444,0.07824557162191854,1.7198610920940185,0.13633536960798495,0.8136212942531446,log-normal,2.4515498053620364E-4,0.03908419298399102,2.642261874339992,2.859023732589547,9074.245463558325,1.3307732128647718,2.639604750344848,0.009999976910836072,0.1000000170846025,9999.405885463731,2.57213749924753E-5,2.8606518169392507,0.6438157042174371,32.0844789172977,0.0602307288123774,4,98390,"[1.7198610920940185,1.7198610920940185,1.7198610920940185,1.7198610920940185]","[0.6438157042174371,0.6438157042174371,0.6438157042174371,0.6438157042174371]","[log-normal,log-normal,log-normal,log-normal]","[32.08430101460165,32.084479605982025,32.084478228613385,32.084479605984995]","[0.8136212942531446,0.8136212942531446,0.8136212942531446,0.8136212942531446]","[-8805216924679216816,-2878049515274207635,1822967480635976221,7862824774035435464]","[9999.405885463731,9999.405885463731,9999.405885463731,9999.405885463731]","[0.03908419298399102,0.03908419298399102,0.03908419298399102,0.03908419298399102]","[0.1000000170846025,0.1000000170846025,0.1000000170846025,0.1000000170846025]","[2.8606518169392507,2.8606518169392507,2.8606518169392507,2.8606518169392507]","[0.009999976910836072,0.009999976910836072,0.009999976910836072,0.009999976910836072]","[1.3307732128647718,1.3307732128647718,1.3307732128647718,1.3307732128647718]","[9999.986328549934,9999.986328549934,9999.986328549934,9999.986328549934]","[2.639604750344848,2.639604750344848,2.639604750344848,2.639604750344848]","[2.859023732589547,2.859023732589547,2.859023732589547,2.859023732589547]","[0.07824557162191854,0.07824557162191854,0.07824557162191854,0.07824557162191854]","[EU,EU,EU,EU]","[9074.245463558325,9074.245463558325,9074.245463558325,9074.245463558325]","[0.06023068975789861,0.06023072895126002,0.060230728673494785,0.0602307289512818]","[2.642261874339992,2.642261874339992,2.642261874339992,2.642261874339992]","[2.57213749924753E-5,2.57213749924753E-5,2.57213749924753E-5,2.57213749924753E-5]","[2.4515498053620364E-4,2.4515498053620364E-4,2.4515498053620364E-4,2.4515498053620364E-4]","[1582.3628716481444,1582.3628716481444,1582.3628716481444,1582.3628716481444]","[2.6696460004899786E-4,2.6696460004899786E-4,2.6696460004899786E-4,2.6696460004899786E-4]","[0.13633536960798495,0.13633536960798495,0.13633536960798495,0.13633536960798495]"
100000,100000,2.6182507035705947E-5,9242.826576793945,3178.951617964314,0.3603032426295626,0.1,0.15482805017525728,0.8761354533875136,log-normal,3.418827184695884E-4,0.040000933185630735,2.7222812212091143,3.0,6972.070889503263,1.2878726168307757,2.962485714096779,0.009999999999998578,0.10000442727848129,9999.958874351418,6.416083276476491E-5,2.9998162632711507,0.5192002055325048,31.912612825991197,0.060517130089485074,2,99069,"[0.1,0.1]","[0.5192002055325048,0.5192002055325048]","[log-normal,log-normal]","[31.91261356133542,31.91261209064697]","[0.8761354533875136,0.8761354533875136]","[7920317808996253226,211502249358321866]","[9999.958874351418,9999.958874351418]","[0.040000933185630735,0.040000933185630735]","[0.10000442727848129,0.10000442727848129]","[2.9998162632711507,2.9998162632711507]","[0.009999999999998578,0.009999999999998578]","[1.2878726168307757,1.2878726168307757]","[9242.826576793945,9242.826576793945]","[2.962485714096779,2.962485714096779]","[3.0,3.0]","[0.3603032426295626,0.3603032426295626]","[EU,EU]","[6972.070889503263,6972.070889503263]","[0.06051713417591554,0.06051712600305462]","[2.7222812212091143,2.7222812212091143]","[6.416083276476491E-5,6.416083276476491E-5]","[3.418827184695884E-4,3.418827184695884E-4]","[3178.951617964314,3178.951617964314]","[2.6182507035705947E-5,2.6182507035705947E-5]","[0.15482805017525728,0.15482805017525728]"
100000,100000,3.542402605478667E-4,9998.978823713443,1474.2997403534541,0.03860898687748036,1.4197759288629326,0.11716804485496761,0.8002876661797382,normal,2.406061245069857E-4,0.036079626371876755,2.6022734633429914,2.9960749818149046,8419.916746071312,1.3418744369446116,2.499003543953837,0.01,0.1,10000.0,2.452228785621764E-5,2.9512869771678867,0.6459505081799277,32.1766488416694,0.060203841946187414,7,96396,"[1.4197759288629326,1.4197759288629326,1.4197759288629326,1.4197759288629326,1.4197759288629326,1.4197759288629326,1.4197759288629326]","[0.6459505081799277,0.6459505081799277,0.6459505081799277,0.6459505081799277,0.6459505081799277,0.6459505081799277,0.6459505081799277]","[normal,normal,normal,normal,normal,normal,normal]","[32.17664859811852,32.17665974766397,32.1766488416694,32.17671085493787,32.176653048214455,32.17664859811852,32.17664859811852]","[0.8002876661797382,0.8002876661797382,0.8002876661797382,0.8002876661797382,0.8002876661797382,0.8002876661797382,0.8002876661797382]","[4327383515237610084,4870775084288079281,-7688283066493930375,-1774575785935997339,2771856905980928346,1550531815571846753,5333043828794552092]","[10000.0,10000.0,10000.0,10000.0,10000.0,10000.0,10000.0]","[0.036079626371876755,0.036079626371876755,0.036079626371876755,0.036079626371876755,0.036079626371876755,0.036079626371876755,0.036079626371876755]","[0.1,0.1,0.1,0.1,0.1,0.1,0.1]","[2.9512869771678867,2.9512869771678867,2.9512869771678867,2.9512869771678867,2.9512869771678867,2.9512869771678867,2.9512869771678867]","[0.01,0.01,0.01,0.01,0.01,0.01,0.01]","[1.3418744369446116,1.3418744369446116,1.3418744369446116,1.3418744369446116,1.3418744369446116,1.3418744369446116,1.3418744369446116]","[9998.978823713443,9998.978823713443,9998.978823713443,9998.978823713443,9998.978823713443,9998.978823713443,9998.978823713443]","[2.499003543953837,2.499003543953837,2.499003543953837,2.499003543953837,2.499003543953837,2.499003543953837,2.499003543953837]","[2.9960749818149046,2.9960749818149046,2.9960749818149046,2.9960749818149046,2.9960749818149046,2.9960749818149046,2.9960749818149046]","[0.03860898687748036,0.03860898687748036,0.03860898687748036,0.03860898687748036,0.03860898687748036,0.03860898687748036,0.03860898687748036]","[EU,EU,EU,EU,EU,EU,EU]","[8419.916746071312,8419.916746071312,8419.916746071312,8419.916746071312,8419.916746071312,8419.916746071312,8419.916746071312]","[0.060203841946187414,0.06020390431208969,0.06020383432199268,0.060204084203117195,0.060203862667726926,0.060203841946187414,0.060203841946187414]","[2.6022734633429914,2.6022734633429914,2.6022734633429914,2.6022734633429914,2.6022734633429914,2.6022734633429914,2.6022734633429914]","[2.452228785621764E-5,2.452228785621764E-5,2.452228785621764E-5,2.452228785621764E-5,2.452228785621764E-5,2.452228785621764E-5,2.452228785621764E-5]","[2.406061245069857E-4,2.406061245069857E-4,2.406061245069857E-4,2.406061245069857E-4,2.406061245069857E-4,2.406061245069857E-4,2.406061245069857E-4]","[1474.2997403534541,1474.2997403534541,1474.2997403534541,1474.2997403534541,1474.2997403534541,1474.2997403534541,1474.2997403534541]","[3.542402605478667E-4,3.542402605478667E-4,3.542402605478667E-4,3.542402605478667E-4,3.542402605478667E-4,3.542402605478667E-4,3.542402605478667E-4]","[0.11716804485496761,0.11716804485496761,0.11716804485496761,0.11716804485496761,0.11716804485496761,0.11716804485496761,0.11716804485496761]"
100000,100000,3.405328872122055E-4,9995.915719840306,1118.5649212693957,0.03645130007076543,1.3973979936755805,0.1151395165193757,0.7956283260069898,log-normal,2.4368385286233134E-4,0.03550493762272004,2.6140683466076235,2.986823064197699,8456.240199188718,1.3424208807593354,2.5155366285509406,0.01,0.10000000004382537,9998.730004079105,2.518657049276556E-5,2.9959036299574273,0.6555719609234891,32.161293449623116,0.06020541062255713,4,97490,"[1.3973979936755805,1.3973979936755805,1.3973979936755805,1.3973979936755805]","[0.6555719609234891,0.6555719609234891,0.6555719609234891,0.6555719609234891]","[log-normal,log-normal,log-normal,log-normal]","[32.16131042228979,32.161351267722374,32.16127647695645,32.161149246068]","[0.7956283260069898,0.7956283260069898,0.7956283260069898,0.7956283260069898]","[353806148337198019,8946589560809219847,-1880405524936988986,-2462628883869831352]","[9998.730004079105,9998.730004079105,9998.730004079105,9998.730004079105]","[0.03550493762272004,0.03550493762272004,0.03550493762272004,0.03550493762272004]","[0.10000000004382537,0.10000000004382537,0.10000000004382537,0.10000000004382537]","[2.9959036299574273,2.9959036299574273,2.9959036299574273,2.9959036299574273]","[0.01,0.01,0.01,0.01]","[1.3424208807593354,1.3424208807593354,1.3424208807593354,1.3424208807593354]","[9995.915719840306,9995.915719840306,9995.915719840306,9995.915719840306]","[2.5155366285509406,2.5155366285509406,2.5155366285509406,2.5155366285509406]","[2.986823064197699,2.986823064197699,2.986823064197699,2.986823064197699]","[0.03645130007076543,0.03645130007076543,0.03645130007076543,0.03645130007076543]","[EU,EU,EU,EU]","[8456.240199188718,8456.240199188718,8456.240199188718,8456.240199188718]","[0.06020542309661196,0.06020589967250677,0.06020538039881837,0.06020539814850231]","[2.6140683466076235,2.6140683466076235,2.6140683466076235,2.6140683466076235]","[2.518657049276556E-5,2.518657049276556E-5,2.518657049276556E-5,2.518657049276556E-5]","[2.4368385286233134E-4,2.4368385286233134E-4,2.4368385286233134E-4,2.4368385286233134E-4]","[1118.5649212693957,1118.5649212693957,1118.5649212693957,1118.5649212693957]","[3.405328872122055E-4,3.405328872122055E-4,3.405328872122055E-4,3.405328872122055E-4]","[0.1151395165193757,0.1151395165193757,0.1151395165193757,0.1151395165193757]"
100000,100000,3.099705573142008E-4,9996.330856120467,1196.1441532326141,0.01,1.3844515941987576,0.11871784963559767,0.786038425196564,normal,2.4528599542468624E-4,0.0371151265017848,2.599448759335848,2.9465605354433912,8928.480110496244,1.334287691931744,2.5672709196366483,0.01,0.1000002593514422,9999.779134559822,2.4242078495628186E-5,3.0,0.6778403497890191,32.12807705050504,0.06021242485555671,3,98749,"[1.3844515941987576,1.3844515941987576,1.3844515941987576]","[0.6778403497890191,0.6778403497890191,0.6778403497890191]","[normal,normal,normal]","[32.12807705050504,32.12807872504369,32.12807705050504]","[0.786038425196564,0.786038425196564,0.786038425196564]","[-1566145150467545843,-4938551260026182782,3842883049764290104]","[9999.779134559822,9999.779134559822,9999.779134559822]","[0.0371151265017848,0.0371151265017848,0.0371151265017848]","[0.1000002593514422,0.1000002593514422,0.1000002593514422]","[3.0,3.0,3.0]","[0.01,0.01,0.01]","[1.334287691931744,1.334287691931744,1.334287691931744]","[9996.330856120467,9996.330856120467,9996.330856120467]","[2.5672709196366483,2.5672709196366483,2.5672709196366483]","[2.9465605354433912,2.9465605354433912,2.9465605354433912]","[0.01,0.01,0.01]","[EU,EU,EU]","[8928.480110496244,8928.480110496244,8928.480110496244]","[0.06021242485555671,0.060212285606321796,0.06021242485555671]","[2.599448759335848,2.599448759335848,2.599448759335848]","[2.4242078495628186E-5,2.4242078495628186E-5,2.4242078495628186E-5]","[2.4528599542468624E-4,2.4528599542468624E-4,2.4528599542468624E-4]","[1196.1441532326141,1196.1441532326141,1196.1441532326141]","[3.099705573142008E-4,3.099705573142008E-4,3.099705573142008E-4]","[0.11871784963559767,0.11871784963559767,0.11871784963559767]"
100000,100000,8.28573838933477E-5,9833.644596667345,3517.967490515834,0.4735322103217776,1.1243668637922655,0.01,0.8609919139365406,log-normal,3.237088706932556E-4,0.0404131470094839,2.8032375877244577,2.622656894986173,6894.003889095648,1.2937719549326316,2.9366659319594475,0.009999999788032244,0.10000157773187701,9996.190869118302,3.0293743505230232E-5,2.478761314216587,0.1898240552851492,31.94109353747186,0.060422216064568365,2,98890,"[1.1243668637922655,1.1243668637922655]","[0.1898240552851492,0.1898240552851492]","[log-normal,log-normal]","[31.941094344068713,31.94109273087501]","[0.8609919139365406,0.8609919139365406]","[-5669427687889144080,-6771145194495475908]","[9996.190869118302,9996.190869118302]","[0.0404131470094839,0.0404131470094839]","[0.10000157773187701,0.10000157773187701]","[2.478761314216587,2.478761314216587]","[0.009999999788032244,0.009999999788032244]","[1.2937719549326316,1.2937719549326316]","[9833.644596667345,9833.644596667345]","[2.9366659319594475,2.9366659319594475]","[2.622656894986173,2.622656894986173]","[0.4735322103217776,0.4735322103217776]","[EU,EU]","[6894.003889095648,6894.003889095648]","[0.06042223150490144,0.06042220062423529]","[2.8032375877244577,2.8032375877244577]","[3.0293743505230232E-5,3.0293743505230232E-5]","[3.237088706932556E-4,3.237088706932556E-4]","[3517.967490515834,3517.967490515834]","[8.28573838933477E-5,8.28573838933477E-5]","[0.01,0.01]"
100000,100000,2.69062384469256E-4,9997.12487902603,1507.8643165876142,0.08368440424692247,1.6833711769581627,0.1399374759566528,0.8147722353945805,normal,2.472098613685105E-4,0.03823122443844169,2.629068183227053,2.845480874368302,9084.344062428474,1.329852660271587,2.6336441614941863,0.009999992732884657,0.10000000020804227,9999.451338109962,2.8072985829968363E-5,2.8214475180874437,0.6718980221242846,32.0864222467083,0.06022960116082621,2,98240,"[1.6833711769581627,1.6833711769581627]","[0.6718980221242846,0.6718980221242846]","[normal,normal]","[32.0864222467083,32.0864222467083]","[0.8147722353945805,0.8147722353945805]","[-4504731951587694561,-693716112656998008]","[9999.451338109962,9999.451338109962]","[0.03823122443844169,0.03823122443844169]","[0.10000000020804227,0.10000000020804227]","[2.8214475180874437,2.8214475180874437]","[0.009999992732884657,0.009999992732884657]","[1.329852660271587,1.329852660271587]","[9997.12487902603,9997.12487902603]","[2.6336441614941863,2.6336441614941863]","[2.845480874368302,2.845480874368302]","[0.08368440424692247,0.08368440424692247]","[EU,EU]","[9084.344062428474,9084.344062428474]","[0.06022960116082621,0.06022960116082621]","[2.629068183227053,2.629068183227053]","[2.8072985829968363E-5,2.8072985829968363E-5]","[2.472098613685105E-4,2.472098613685105E-4]","[1507.8643165876142,1507.8643165876142]","[2.69062384469256E-4,2.69062384469256E-4]","[0.1399374759566528,0.1399374759566528]"
100000,100000,1.6384603632886102E-4,9971.33930617476,5107.537753042523,0.4320735920088338,1.009229295342611,0.07781782762057397,0.8428613097905259,log-normal,3.4834312062829087E-4,0.043281903203294454,2.6847340322226603,2.589576183632998,7585.9588150144145,1.2952950745295981,2.977785071114075,0.01,0.10000148229156644,9999.738383794212,2.8185302962811138E-5,2.0248531974879453,0.29328123706170195,31.995341394553353,0.06031609266757377,1,99987,"[1.009229295342611]","[0.29328123706170195]","[log-normal]","[31.995341394553353]","[0.8428613097905259]","[-3739897968941177700]","[9999.738383794212]","[0.043281903203294454]","[0.10000148229156644]","[2.0248531974879453]","[0.01]","[1.2952950745295981]","[9971.33930617476]","[2.977785071114075]","[2.589576183632998]","[0.4320735920088338]","[EU]","[7585.9588150144145]","[0.06031609266757377]","[2.6847340322226603]","[2.8185302962811138E-5]","[3.4834312062829087E-4]","[5107.537753042523]","[1.6384603632886102E-4]","[0.07781782762057397]"
100000,100000,1.1277440713243657E-4,9981.574829266912,1332.6959554753023,0.1567065115389598,1.4882819048921998,0.13995221696113683,0.8239850257761533,log-normal,2.336987758780883E-4,0.03849551045726574,2.6575753010944108,2.5816736775460747,9365.377818482857,1.3260118932286,2.534151462099798,0.01,0.10000067661280967,9999.849495332433,2.3837212009672712E-5,2.889812705489338,0.6359612493355482,31.95936558483907,0.06037861343920062,3,97765,"[1.4882819048921998,1.4882819048921998,1.4882819048921998]","[0.6359612493355482,0.6359612493355482,0.6359612493355482]","[log-normal,log-normal,log-normal]","[31.959365585551442,31.959344633732012,31.95936558483907]","[0.8239850257761533,0.8239850257761533,0.8239850257761533]","[2452253974878447816,1083841906029460473,5368000641808752719]","[9999.849495332433,9999.849495332433,9999.849495332433]","[0.03849551045726574,0.03849551045726574,0.03849551045726574]","[0.10000067661280967,0.10000067661280967,0.10000067661280967]","[2.889812705489338,2.889812705489338,2.889812705489338]","[0.01,0.01,0.01]","[1.3260118932286,1.3260118932286,1.3260118932286]","[9981.574829266912,9981.574829266912,9981.574829266912]","[2.534151462099798,2.534151462099798,2.534151462099798]","[2.5816736775460747,2.5816736775460747,2.5816736775460747]","[0.1567065115389598,0.1567065115389598,0.1567065115389598]","[EU,EU,EU]","[9365.377818482857,9365.377818482857,9365.377818482857]","[0.060378613441535965,0.06037849760862698,0.06037861343920062]","[2.6575753010944108,2.6575753010944108,2.6575753010944108]","[2.3837212009672712E-5,2.3837212009672712E-5,2.3837212009672712E-5]","[2.336987758780883E-4,2.336987758780883E-4,2.336987758780883E-4]","[1332.6959554753023,1332.6959554753023,1332.6959554753023]","[1.1277440713243657E-4,1.1277440713243657E-4,1.1277440713243657E-4]","[0.13995221696113683,0.13995221696113683,0.13995221696113683]"
100000,100000,3.6542679008605617E-4,10000.0,1455.4376567166405,0.013947308363376522,1.4289224905032905,0.11685320856554655,0.8010166431549026,log-normal,2.3992253928695892E-4,0.03611678434371804,2.602240603367941,2.9960327946148277,8439.823897814449,1.3442557358698948,2.4956383326102096,0.00999999999984346,0.1,9999.99801388596,2.575119080600041E-5,2.9569135420355095,0.6454127678687931,32.18953061511165,0.060203320506344624,2,98624,"[1.4289224905032905,1.4289224905032905]","[0.6454127678687931,0.6454127678687931]","[log-normal,log-normal]","[32.18953061579818,32.18953061442512]","[0.8010166431549026,0.8010166431549026]","[-8103484451478146843,6639566020276184735]","[9999.99801388596,9999.99801388596]","[0.03611678434371804,0.03611678434371804]","[0.1,0.1]","[2.9569135420355095,2.9569135420355095]","[0.00999999999984346,0.00999999999984346]","[1.3442557358698948,1.3442557358698948]","[10000.0,10000.0]","[2.4956383326102096,2.4956383326102096]","[2.9960327946148277,2.9960327946148277]","[0.013947308363376522,0.013947308363376522]","[EU,EU]","[8439.823897814449,8439.823897814449]","[0.06020332052074715,0.060203320491942096]","[2.602240603367941,2.602240603367941]","[2.575119080600041E-5,2.575119080600041E-5]","[2.3992253928695892E-4,2.3992253928695892E-4]","[1455.4376567166405,1455.4376567166405]","[3.6542679008605617E-4,3.6542679008605617E-4]","[0.11685320856554655,0.11685320856554655]"
100000,100000,1.3495728938101308E-4,10000.0,4888.361293882838,0.5,1.2709934239638667,0.07481656459386869,0.8699354407192398,log-normal,3.3342467541061695E-4,0.043536019558658524,2.748483985972729,2.501656390354939,7565.394380118792,1.2875265943803438,2.9616066087886095,0.01,0.10000000919921086,9999.966937873309,2.9761938123881873E-5,2.115980440996859,0.29801931725618935,31.973978360365397,0.06034975918145687,1,99774,"[1.2709934239638667]","[0.29801931725618935]","[log-normal]","[31.973978360365397]","[0.8699354407192398]","[-626791349511034999]","[9999.966937873309]","[0.043536019558658524]","[0.10000000919921086]","[2.115980440996859]","[0.01]","[1.2875265943803438]","[10000.0]","[2.9616066087886095]","[2.501656390354939]","[0.5]","[EU]","[7565.394380118792]","[0.06034975918145687]","[2.748483985972729]","[2.9761938123881873E-5]","[3.3342467541061695E-4]","[4888.361293882838]","[1.3495728938101308E-4]","[0.07481656459386869]"
100000,100000,1.913507832709201E-4,9970.192977569182,2296.871616231642,0.39880747905767094,1.9309198110454,0.1347965023853291,0.8432853680963555,normal,2.6220766349449316E-4,0.0356732694733312,2.636260683013775,2.659247073438256,8089.350515809762,1.3254160693576331,2.8394834000138864,0.01,0.10000010044042687,9999.954487677196,2.8128071317833193E-5,2.8788026231618424,0.6484407047052465,32.0167951371087,0.06028777050490432,1,98354,"[1.9309198110454]","[0.6484407047052465]","[normal]","[32.0167951371087]","[0.8432853680963555]","[-2433739496468842125]","[9999.954487677196]","[0.0356732694733312]","[0.10000010044042687]","[2.8788026231618424]","[0.01]","[1.3254160693576331]","[9970.192977569182]","[2.8394834000138864]","[2.659247073438256]","[0.39880747905767094]","[EU]","[8089.350515809762]","[0.06028777050490432]","[2.636260683013775]","[2.8128071317833193E-5]","[2.6220766349449316E-4]","[2296.871616231642]","[1.913507832709201E-4]","[0.1347965023853291]"
100000,100000,7.085659845553628E-5,10000.0,3690.7286100196934,0.46585785500921084,1.112821660874148,0.012124823058621021,0.8708562732997134,log-normal,3.874288866275959E-4,0.04071881280534139,2.791765667780595,2.4227016430158876,6960.376314387819,1.2865597958966837,2.9419923615735017,0.009999999541209932,0.10001481059961376,9999.630556045153,3.032863198489407E-5,2.548749543472757,0.5157911693666098,31.934524879353173,0.06044039061791736,3,96279,"[1.112821660874148,1.112821660874148,1.112821660874148]","[0.5157911693666098,0.5157911693666098,0.5157911693666098]","[log-normal,log-normal,log-normal]","[31.934518222661712,31.934524879353173,31.93452553345862]","[0.8708562732997134,0.8708562732997134,0.8708562732997134]","[-8341521771488481229,-5846996277570306763,7095994243016714626]","[9999.630556045153,9999.630556045153,9999.630556045153]","[0.04071881280534139,0.04071881280534139,0.04071881280534139]","[0.10001481059961376,0.10001481059961376,0.10001481059961376]","[2.548749543472757,2.548749543472757,2.548749543472757]","[0.009999999541209932,0.009999999541209932,0.009999999541209932]","[1.2865597958966837,1.2865597958966837,1.2865597958966837]","[10000.0,10000.0,10000.0]","[2.9419923615735017,2.9419923615735017,2.9419923615735017]","[2.4227016430158876,2.4227016430158876,2.4227016430158876]","[0.46585785500921084,0.46585785500921084,0.46585785500921084]","[EU,EU,EU]","[6960.376314387819,6960.376314387819,6960.376314387819]","[0.060440388314380464,0.0604403916732899,0.06044039061791736]","[2.791765667780595,2.791765667780595,2.791765667780595]","[3.032863198489407E-5,3.032863198489407E-5,3.032863198489407E-5]","[3.874288866275959E-4,3.874288866275959E-4,3.874288866275959E-4]","[3690.7286100196934,3690.7286100196934,3690.7286100196934]","[7.085659845553628E-5,7.085659845553628E-5,7.085659845553628E-5]","[0.012124823058621021,0.012124823058621021,0.012124823058621021]"
100000,100000,3.309396747421766E-5,9325.135033263701,3056.0526711280163,0.4554699544049553,1.0424960634930542,0.059298739996985775,0.8909505910151664,normal,3.556971440174243E-4,0.04069673864516699,2.782466833819346,2.2939071485351534,7692.988488528769,1.2879450325318547,2.992112535898543,0.01,0.10000149996942867,9998.642502737443,2.9909611546733746E-5,2.4181629590130442,0.5850807210315287,31.91571549070806,0.06050455600642621,1,99993,"[1.0424960634930542]","[0.5850807210315287]","[normal]","[31.91571549070806]","[0.8909505910151664]","[-4835813059316056786]","[9998.642502737443]","[0.04069673864516699]","[0.10000149996942867]","[2.4181629590130442]","[0.01]","[1.2879450325318547]","[9325.135033263701]","[2.992112535898543]","[2.2939071485351534]","[0.4554699544049553]","[EU]","[7692.988488528769]","[0.06050455600642621]","[2.782466833819346]","[2.9909611546733746E-5]","[3.556971440174243E-4]","[3056.0526711280163]","[3.309396747421766E-5]","[0.059298739996985775]"
100000,100000,2.5017345761129794E-4,9988.583462849398,1963.0544510081083,0.0684477879978907,1.6475350213288635,0.12842013955062154,0.8039201581564964,normal,2.35839674058199E-4,0.03824589729018146,2.670080095603663,2.6688006788981786,9457.865343375799,1.3345268199645144,2.476875058659565,0.01,0.10000000234764408,9999.642959126853,2.3377926806599358E-5,2.8383985410505415,0.6451638531936802,32.068326442595946,0.06024090355424322,1,99873,"[1.6475350213288635]","[0.6451638531936802]","[normal]","[32.068326442595946]","[0.8039201581564964]","[1364750140362910915]","[9999.642959126853]","[0.03824589729018146]","[0.10000000234764408]","[2.8383985410505415]","[0.01]","[1.3345268199645144]","[9988.583462849398]","[2.476875058659565]","[2.6688006788981786]","[0.0684477879978907]","[EU]","[9457.865343375799]","[0.06024090355424322]","[2.670080095603663]","[2.3377926806599358E-5]","[2.35839674058199E-4]","[1963.0544510081083]","[2.5017345761129794E-4]","[0.12842013955062154]"
100000,100000,1.3286541756830033E-4,9989.876769417904,6257.857479089368,0.5,1.2128342504558078,0.03577385989483369,0.8806780819076149,normal,3.3334832839619107E-4,0.04432602269395796,2.7707386314806675,2.4933147942174596,7148.803389641164,1.2905019322879427,2.9944898605359906,0.009999339789704907,0.1,9999.95546907131,2.9162789759964043E-5,2.2015656061882574,0.45486629531586664,31.972491397744992,0.06035318887786613,1,97347,"[1.2128342504558078]","[0.45486629531586664]","[normal]","[31.972491397744992]","[0.8806780819076149]","[6204482186125995521]","[9999.95546907131]","[0.04432602269395796]","[0.1]","[2.2015656061882574]","[0.009999339789704907]","[1.2905019322879427]","[9989.876769417904]","[2.9944898605359906]","[2.4933147942174596]","[0.5]","[EU]","[7148.803389641164]","[0.06035318887786613]","[2.7707386314806675]","[2.9162789759964043E-5]","[3.3334832839619107E-4]","[6257.857479089368]","[1.3286541756830033E-4]","[0.03577385989483369]"
100000,100000,3.3121439034529724E-4,9999.217916062675,1259.6421461762825,0.010919449872076513,1.4052517638396351,0.3040024901518344,0.7950095583913458,log-normal,2.4020804459195432E-4,0.03545311385289116,2.6189685617190697,2.9875195799162393,8667.38721137101,1.3445948230997806,2.5245161849042543,0.01,0.10000010901830944,9999.025871772143,2.4994613711741675E-5,3.0,0.6454713758621456,32.151164460365216,0.06020699556006528,1,99691,"[1.4052517638396351]","[0.6454713758621456]","[log-normal]","[32.151164460365216]","[0.7950095583913458]","[2417538560402748596]","[9999.025871772143]","[0.03545311385289116]","[0.10000010901830944]","[3.0]","[0.01]","[1.3445948230997806]","[9999.217916062675]","[2.5245161849042543]","[2.9875195799162393]","[0.010919449872076513]","[EU]","[8667.38721137101]","[0.06020699556006528]","[2.6189685617190697]","[2.4994613711741675E-5]","[2.4020804459195432E-4]","[1259.6421461762825]","[3.3121439034529724E-4]","[0.3040024901518344]"
100000,100000,2.2232602242537042E-5,9229.63874198387,3433.418922979925,0.352822128284855,0.28413847052252084,0.1592910205866317,0.8744159014252426,log-normal,3.445386078928966E-4,0.03881580332391155,2.696148931812465,2.9907918855731106,7038.869309236981,1.2909861775081808,2.9459084967103264,0.009999768952720948,0.10000002089733426,10000.0,5.699025802904212E-5,2.7273631808603747,0.5359940422446389,31.910892070738242,0.060524440262224324,1,99469,"[0.28413847052252084]","[0.5359940422446389]","[log-normal]","[31.910892070738242]","[0.8744159014252426]","[-5004341109675137060]","[10000.0]","[0.03881580332391155]","[0.10000002089733426]","[2.7273631808603747]","[0.009999768952720948]","[1.2909861775081808]","[9229.63874198387]","[2.9459084967103264]","[2.9907918855731106]","[0.352822128284855]","[EU]","[7038.869309236981]","[0.060524440262224324]","[2.696148931812465]","[5.699025802904212E-5]","[3.445386078928966E-4]","[3433.418922979925]","[2.2232602242537042E-5]","[0.1592910205866317]"
100000,100000,3.2370330258105207E-4,9999.95250312046,1467.4403780352368,0.06640477981011386,1.4994268367235466,0.12032406911181771,0.7766978360475773,normal,2.4612242188333343E-4,0.03715831221274177,2.6193850173222226,2.942319681031303,9063.664977151704,1.3362993105571546,2.5409983439288726,0.009999999086789875,0.100000750371023,9999.760295536793,2.9282696931962172E-5,2.969952199362744,0.6302944063092079,32.14250304194446,0.06020861908292867,1,99972,"[1.4994268367235466]","[0.6302944063092079]","[normal]","[32.14250304194446]","[0.7766978360475773]","[-2553434380859901535]","[9999.760295536793]","[0.03715831221274177]","[0.100000750371023]","[2.969952199362744]","[0.009999999086789875]","[1.3362993105571546]","[9999.95250312046]","[2.5409983439288726]","[2.942319681031303]","[0.06640477981011386]","[EU]","[9063.664977151704]","[0.06020861908292867]","[2.6193850173222226]","[2.9282696931962172E-5]","[2.4612242188333343E-4]","[1467.4403780352368]","[3.2370330258105207E-4]","[0.12032406911181771]"
100000,100000,3.074491070806198E-4,9999.990847047076,1696.1902607617897,0.0344536107174457,1.3773678263957485,0.1123755546336242,0.7803902449474441,log-normal,2.4759913500449124E-4,0.036727419723996076,2.6035310743759292,2.9505677491858933,9060.655101719232,1.336829674102285,2.6068972618339394,0.00999999989115553,0.10000026707965491,9999.823481037154,2.5308938920585807E-5,2.9562121416549005,0.6479234052430498,32.12558822746945,0.060213144509741225,2,98083,"[1.3773678263957485,1.3773678263957485]","[0.6479234052430498,0.6479234052430498]","[log-normal,log-normal]","[32.12558822744938,32.12558822748953]","[0.7803902449474441,0.7803902449474441]","[5581787928027030162,-1264128273315830698]","[9999.823481037154,9999.823481037154]","[0.036727419723996076,0.036727419723996076]","[0.10000026707965491,0.10000026707965491]","[2.9562121416549005,2.9562121416549005]","[0.00999999989115553,0.00999999989115553]","[1.336829674102285,1.336829674102285]","[9999.990847047076,9999.990847047076]","[2.6068972618339394,2.6068972618339394]","[2.9505677491858933,2.9505677491858933]","[0.0344536107174457,0.0344536107174457]","[EU,EU]","[9060.655101719232,9060.655101719232]","[0.060213144509587084,0.060213144509895365]","[2.6035310743759292,2.6035310743759292]","[2.5308938920585807E-5,2.5308938920585807E-5]","[2.4759913500449124E-4,2.4759913500449124E-4]","[1696.1902607617897,1696.1902607617897]","[3.074491070806198E-4,3.074491070806198E-4]","[0.1123755546336242,0.1123755546336242]"
100000,100000,3.25714707356006E-4,9996.63968078842,1224.5612587922503,0.04207570181591479,1.3802855770179165,0.11557228927205217,0.787095654821516,log-normal,2.4737932970835935E-4,0.037205933791462725,2.6066206397707354,2.938276321975332,8928.828610432405,1.3371745330834266,2.569672458579275,0.01,0.10000028308027013,9999.790715101304,2.4030497635135907E-5,2.989837771021633,0.6773093189490218,32.14504570442602,0.06020789771944726,2,98401,"[1.3802855770179165,1.3802855770179165]","[0.6773093189490218,0.6773093189490218]","[log-normal,log-normal]","[32.145039406785244,32.14505200206679]","[0.787095654821516,0.787095654821516]","[-715966490009902072,-3519101526776713181]","[9999.790715101304,9999.790715101304]","[0.037205933791462725,0.037205933791462725]","[0.10000028308027013,0.10000028308027013]","[2.989837771021633,2.989837771021633]","[0.01,0.01]","[1.3371745330834266,1.3371745330834266]","[9996.63968078842,9996.63968078842]","[2.569672458579275,2.569672458579275]","[2.938276321975332,2.938276321975332]","[0.04207570181591479,0.04207570181591479]","[EU,EU]","[8928.828610432405,8928.828610432405]","[0.060207721224602724,0.0602080742142918]","[2.6066206397707354,2.6066206397707354]","[2.4030497635135907E-5,2.4030497635135907E-5]","[2.4737932970835935E-4,2.4737932970835935E-4]","[1224.5612587922503,1224.5612587922503]","[3.25714707356006E-4,3.25714707356006E-4]","[0.11557228927205217,0.11557228927205217]"
100000,100000,2.8753593999807648E-5,8379.389801215251,2289.34508564088,0.48584777108373356,0.1,0.07018750424983249,1.1056487968157087,normal,0.0011551740500874476,0.049869556597922304,0.6298564854868196,2.9974682640649943,4929.468902176626,1.2736189586799043,2.9832464264458864,0.009780483538106602,0.10000332046010015,9999.965481293058,2.529505628244334E-5,1.676334061512431,0.7544086244270476,31.775758984739664,0.0607269630072469,1,99204,"[0.1]","[0.7544086244270476]","[normal]","[31.775758984739664]","[1.1056487968157087]","[5473201541543749850]","[9999.965481293058]","[0.049869556597922304]","[0.10000332046010015]","[1.676334061512431]","[0.009780483538106602]","[1.2736189586799043]","[8379.389801215251]","[2.9832464264458864]","[2.9974682640649943]","[0.48584777108373356]","[EU]","[4929.468902176626]","[0.0607269630072469]","[0.6298564854868196]","[2.529505628244334E-5]","[0.0011551740500874476]","[2289.34508564088]","[2.8753593999807648E-5]","[0.07018750424983249]"
100000,100000,1.478710196531928E-4,9998.130116040134,5216.093435712539,0.5,1.2375217606542763,0.0722606752932778,0.8702666958877736,normal,3.243726205656603E-4,0.04837705460005851,2.764430889332567,2.479100560614768,7547.860627726565,1.288468717223807,2.9373044362000775,0.009999767064717401,0.10000040850082133,9999.999538124355,2.5294704250721313E-5,2.1426951108624457,0.32603237450047684,31.983047608929024,0.060333996803363085,3,97310,"[1.2375217606542763,1.2375217606542763,1.2375217606542763]","[0.32603237450047684,0.32603237450047684,0.32603237450047684]","[normal,normal,normal]","[31.983047608929024,31.98304830189341,31.983040430216377]","[0.8702666958877736,0.8702666958877736,0.8702666958877736]","[-5793441763340787628,-2502817453636193027,-6175907138642904455]","[9999.999538124355,9999.999538124355,9999.999538124355]","[0.04837705460005851,0.04837705460005851,0.04837705460005851]","[0.10000040850082133,0.10000040850082133,0.10000040850082133]","[2.1426951108624457,2.1426951108624457,2.1426951108624457]","[0.009999767064717401,0.009999767064717401,0.009999767064717401]","[1.288468717223807,1.288468717223807,1.288468717223807]","[9998.130116040134,9998.130116040134,9998.130116040134]","[2.9373044362000775,2.9373044362000775,2.9373044362000775]","[2.479100560614768,2.479100560614768,2.479100560614768]","[0.5,0.5,0.5]","[EU,EU,EU]","[7547.860627726565,7547.860627726565,7547.860627726565]","[0.060333996803363085,0.06033401240101781,0.060333980397985994]","[2.764430889332567,2.764430889332567,2.764430889332567]","[2.5294704250721313E-5,2.5294704250721313E-5,2.5294704250721313E-5]","[3.243726205656603E-4,3.243726205656603E-4,3.243726205656603E-4]","[5216.093435712539,5216.093435712539,5216.093435712539]","[1.478710196531928E-4,1.478710196531928E-4,1.478710196531928E-4]","[0.0722606752932778,0.0722606752932778,0.0722606752932778]"
100000,100000,1.5326904889075439E-4,9980.267836795476,5242.622411703509,0.5,1.2340828640782093,0.06904434650518032,0.8782001590625451,normal,3.3006075568689736E-4,0.04497986137660091,2.7602401629624245,2.530099814995942,7581.819797329359,1.2890994613502524,2.947377563181356,0.009999999937166331,0.10000005311800016,10000.0,2.9773536724820998E-5,2.156623436447815,0.339509894245398,31.986958397980725,0.060327629870631026,1,96960,"[1.2340828640782093]","[0.339509894245398]","[normal]","[31.986958397980725]","[0.8782001590625451]","[-774528075808280332]","[10000.0]","[0.04497986137660091]","[0.10000005311800016]","[2.156623436447815]","[0.009999999937166331]","[1.2890994613502524]","[9980.267836795476]","[2.947377563181356]","[2.530099814995942]","[0.5]","[EU]","[7581.819797329359]","[0.060327629870631026]","[2.7602401629624245]","[2.9773536724820998E-5]","[3.3006075568689736E-4]","[5242.622411703509]","[1.5326904889075439E-4]","[0.06904434650518032]"
100000,100000,6.850527498404672E-5,10000.0,3813.0304821769196,0.4548826705436866,1.099800606724173,0.010772806369115822,0.871209993560293,normal,3.928642999213774E-4,0.04063969482274827,2.8120760023903064,2.443446244456159,7014.35222276698,1.2840203903021237,2.934911427552742,0.01,0.10001909510069369,9999.66112192714,3.072557852176787E-5,2.5497802802242675,0.5077787018183371,31.933168044488422,0.06044417877830358,1,99065,"[1.099800606724173]","[0.5077787018183371]","[normal]","[31.933168044488422]","[0.871209993560293]","[-3253658022804921252]","[9999.66112192714]","[0.04063969482274827]","[0.10001909510069369]","[2.5497802802242675]","[0.01]","[1.2840203903021237]","[10000.0]","[2.934911427552742]","[2.443446244456159]","[0.4548826705436866]","[EU]","[7014.35222276698]","[0.06044417877830358]","[2.8120760023903064]","[3.072557852176787E-5]","[3.928642999213774E-4]","[3813.0304821769196]","[6.850527498404672E-5]","[0.010772806369115822]"
100000,100000,7.303320789707712E-5,10000.0,3692.7120300948663,0.46799915157783173,1.1223518974926499,0.0151590846860626,0.8701688376579068,log-normal,3.970188689189301E-4,0.0407058877411757,2.8030793541343324,2.437197161927612,7030.886326308746,1.284468230384415,2.9448324100748393,0.009999999996815962,0.10001954045027972,9999.66097660751,3.09037969216871E-5,2.547395758451817,0.5080320839743493,31.935667590769604,0.060437069324238486,1,98909,"[1.1223518974926499]","[0.5080320839743493]","[log-normal]","[31.935667590769604]","[0.8701688376579068]","[6290287927876936000]","[9999.66097660751]","[0.0407058877411757]","[0.10001954045027972]","[2.547395758451817]","[0.009999999996815962]","[1.284468230384415]","[10000.0]","[2.9448324100748393]","[2.437197161927612]","[0.46799915157783173]","[EU]","[7030.886326308746]","[0.060437069324238486]","[2.8030793541343324]","[3.09037969216871E-5]","[3.970188689189301E-4]","[3692.7120300948663]","[7.303320789707712E-5]","[0.0151590846860626]"
100000,100000,2.613140104537538E-4,9992.697300223706,1525.8163441931486,0.09434088416995372,1.687457911516257,0.14509765274956732,0.8112468547506385,log-normal,2.4715410730804274E-4,0.038116061678348995,2.6219385740639427,2.841316170601925,9030.505027162733,1.3291020308112405,2.650953822432643,0.01,0.1,9999.409130575299,2.6290536942606687E-5,2.835476588133303,0.6647521031449634,32.07889413114311,0.06023392213337388,1,99347,"[1.687457911516257]","[0.6647521031449634]","[log-normal]","[32.07889413114311]","[0.8112468547506385]","[-289155986612327013]","[9999.409130575299]","[0.038116061678348995]","[0.1]","[2.835476588133303]","[0.01]","[1.3291020308112405]","[9992.697300223706]","[2.650953822432643]","[2.841316170601925]","[0.09434088416995372]","[EU]","[9030.505027162733]","[0.06023392213337388]","[2.6219385740639427]","[2.6290536942606687E-5]","[2.4715410730804274E-4]","[1525.8163441931486]","[2.613140104537538E-4]","[0.14509765274956732]"
100000,100000,2.2334973153004045E-4,9993.356943297977,1470.2832789432523,0.1351939559525277,1.454039595190781,0.1519327221351108,0.8193697130712768,log-normal,2.345974875709498E-4,0.03916267184103179,2.637637137623253,2.637205118798458,9182.987786891259,1.331614504455096,2.475473454435438,0.009999999629311074,0.10000002573289742,9999.703927345055,2.4691495724015952E-5,2.726085736847746,0.6353747768864526,32.04386685467202,0.060259959162312776,1,98448,"[1.454039595190781]","[0.6353747768864526]","[log-normal]","[32.04386685467202]","[0.8193697130712768]","[5192467010968812005]","[9999.703927345055]","[0.03916267184103179]","[0.10000002573289742]","[2.726085736847746]","[0.009999999629311074]","[1.331614504455096]","[9993.356943297977]","[2.475473454435438]","[2.637205118798458]","[0.1351939559525277]","[EU]","[9182.987786891259]","[0.060259959162312776]","[2.637637137623253]","[2.4691495724015952E-5]","[2.345974875709498E-4]","[1470.2832789432523]","[2.2334973153004045E-4]","[0.1519327221351108]"
100000,100000,2.5682285597693975E-4,9999.277014698755,2124.400685147266,0.10669095802991393,1.6634284365455223,0.12736056794931402,0.8022566975647752,normal,2.3473974299796673E-4,0.03814089826421143,2.682197636749857,2.671646964072411,9440.392168153676,1.3376107102041583,2.5382215019011576,0.009999999687555005,0.10000000264535366,9999.673961437877,2.3202973343480057E-5,2.8396951813216225,0.6390099853903086,32.07470500658431,0.06023637050855423,1,99590,"[1.6634284365455223]","[0.6390099853903086]","[normal]","[32.07470500658431]","[0.8022566975647752]","[-2982606478263749835]","[9999.673961437877]","[0.03814089826421143]","[0.10000000264535366]","[2.8396951813216225]","[0.009999999687555005]","[1.3376107102041583]","[9999.277014698755]","[2.5382215019011576]","[2.671646964072411]","[0.10669095802991393]","[EU]","[9440.392168153676]","[0.06023637050855423]","[2.682197636749857]","[2.3202973343480057E-5]","[2.3473974299796673E-4]","[2124.400685147266]","[2.5682285597693975E-4]","[0.12736056794931402]"
100000,100000,2.3866116045467958E-4,9995.9182969566,1292.0951969136229,0.09359159549270474,1.4644304132720312,0.15616334806491178,0.820867796955561,normal,2.3134012170097527E-4,0.039534231974608355,2.6254824638649965,2.6447589554387663,9011.854653249247,1.3337941645272613,2.5120773259539755,0.009999999991720979,0.1,9999.717905510135,2.4703710913556468E-5,2.7337318371182433,0.639988032019806,32.05759939929917,0.06024827279737556,1,99037,"[1.4644304132720312]","[0.639988032019806]","[normal]","[32.05759939929917]","[0.820867796955561]","[4631968923228864293]","[9999.717905510135]","[0.039534231974608355]","[0.1]","[2.7337318371182433]","[0.009999999991720979]","[1.3337941645272613]","[9995.9182969566]","[2.5120773259539755]","[2.6447589554387663]","[0.09359159549270474]","[EU]","[9011.854653249247]","[0.06024827279737556]","[2.6254824638649965]","[2.4703710913556468E-5]","[2.3134012170097527E-4]","[1292.0951969136229]","[2.3866116045467958E-4]","[0.15616334806491178]"
100000,100000,2.4115421848746596E-4,9968.210414226156,1750.4490014807757,0.08993296164177733,1.6782449275593077,0.12703225859987088,0.8131117138326912,log-normal,2.349344708364512E-4,0.0385596710270929,2.6762588473559163,2.677561028276009,9397.068142773174,1.3336738666184842,2.516940715317715,0.0099990703266738,0.10000001723752917,9999.641655148853,2.3595353251001625E-5,2.7641433403646367,0.6641158614007681,32.059874301979306,0.0602481879706482,1,99440,"[1.6782449275593077]","[0.6641158614007681]","[log-normal]","[32.059874301979306]","[0.8131117138326912]","[-991529202236491229]","[9999.641655148853]","[0.0385596710270929]","[0.10000001723752917]","[2.7641433403646367]","[0.0099990703266738]","[1.3336738666184842]","[9968.210414226156]","[2.516940715317715]","[2.677561028276009]","[0.08993296164177733]","[EU]","[9397.068142773174]","[0.0602481879706482]","[2.6762588473559163]","[2.3595353251001625E-5]","[2.349344708364512E-4]","[1750.4490014807757]","[2.4115421848746596E-4]","[0.12703225859987088]"
100000,100000,1.629611841248463E-5,7596.64006403246,4246.158362329404,0.48453648507719504,1.2337728658543698,0.21097695697463947,0.7332717431534082,log-normal,3.9682004590846414E-4,0.010474601092541074,2.817379995378106,2.9969212865250836,9971.28219620576,1.3554544769645418,2.984501395948245,0.009999989216898575,0.10000513303343507,9999.99995036431,9.11136334612695E-5,1.0307141062452545,0.10790597082388725,31.908342427383058,0.06053620612775353,1,99604,"[1.2337728658543698]","[0.10790597082388725]","[log-normal]","[31.908342427383058]","[0.7332717431534082]","[5875805841807373748]","[9999.99995036431]","[0.010474601092541074]","[0.10000513303343507]","[1.0307141062452545]","[0.009999989216898575]","[1.3554544769645418]","[7596.64006403246]","[2.984501395948245]","[2.9969212865250836]","[0.48453648507719504]","[EU]","[9971.28219620576]","[0.06053620612775353]","[2.817379995378106]","[9.11136334612695E-5]","[3.9682004590846414E-4]","[4246.158362329404]","[1.629611841248463E-5]","[0.21097695697463947]"
100000,100000,2.481627645400384E-4,9996.77821624116,1332.920705378051,0.09600907365762136,1.4637732715915572,0.16156886551658867,0.8223246574211844,log-normal,2.3401969130538403E-4,0.03952934568338082,2.613249264444166,2.6431824749195183,8991.386645462791,1.3349960014197484,2.50196996411987,0.009999999990438643,0.1,9999.722918087493,2.4487187933048404E-5,2.7268744606042925,0.6328714804724676,32.06643613227021,0.060241861478755,6,96998,"[1.4637732715915572,1.4637732715915572,1.4637732715915572,1.4637732715915572,1.4637732715915572,1.4637732715915572]","[0.6328714804724676,0.6328714804724676,0.6328714804724676,0.6328714804724676,0.6328714804724676,0.6328714804724676]","[log-normal,log-normal,log-normal,log-normal,log-normal,log-normal]","[32.06643553101377,32.06643551446553,32.06643673352666,32.06643538016782,32.06643700272094,32.06647900034439]","[0.8223246574211844,0.8223246574211844,0.8223246574211844,0.8223246574211844,0.8223246574211844,0.8223246574211844]","[-9035979226856529319,2972287716676662387,-1863574563820047954,2251029899675367087,2572064029898602687,-5552770477275357174]","[9999.722918087493,9999.722918087493,9999.722918087493,9999.722918087493,9999.722918087493,9999.722918087493]","[0.03952934568338082,0.03952934568338082,0.03952934568338082,0.03952934568338082,0.03952934568338082,0.03952934568338082]","[0.1,0.1,0.1,0.1,0.1,0.1]","[2.7268744606042925,2.7268744606042925,2.7268744606042925,2.7268744606042925,2.7268744606042925,2.7268744606042925]","[0.009999999990438643,0.009999999990438643,0.009999999990438643,0.009999999990438643,0.009999999990438643,0.009999999990438643]","[1.3349960014197484,1.3349960014197484,1.3349960014197484,1.3349960014197484,1.3349960014197484,1.3349960014197484]","[9996.77821624116,9996.77821624116,9996.77821624116,9996.77821624116,9996.77821624116,9996.77821624116]","[2.50196996411987,2.50196996411987,2.50196996411987,2.50196996411987,2.50196996411987,2.50196996411987]","[2.6431824749195183,2.6431824749195183,2.6431824749195183,2.6431824749195183,2.6431824749195183,2.6431824749195183]","[0.09600907365762136,0.09600907365762136,0.09600907365762136,0.09600907365762136,0.09600907365762136,0.09600907365762136]","[EU,EU,EU,EU,EU,EU]","[8991.386645462791,8991.386645462791,8991.386645462791,8991.386645462791,8991.386645462791,8991.386645462791]","[0.06024186118966191,0.06024186047326627,0.06024187458135769,0.0602418617678481,0.06024185446173542,0.06024209766829833]","[2.613249264444166,2.613249264444166,2.613249264444166,2.613249264444166,2.613249264444166,2.613249264444166]","[2.4487187933048404E-5,2.4487187933048404E-5,2.4487187933048404E-5,2.4487187933048404E-5,2.4487187933048404E-5,2.4487187933048404E-5]","[2.3401969130538403E-4,2.3401969130538403E-4,2.3401969130538403E-4,2.3401969130538403E-4,2.3401969130538403E-4,2.3401969130538403E-4]","[1332.920705378051,1332.920705378051,1332.920705378051,1332.920705378051,1332.920705378051,1332.920705378051]","[2.481627645400384E-4,2.481627645400384E-4,2.481627645400384E-4,2.481627645400384E-4,2.481627645400384E-4,2.481627645400384E-4]","[0.16156886551658867,0.16156886551658867,0.16156886551658867,0.16156886551658867,0.16156886551658867,0.16156886551658867]"
100000,100000,1.9319378444532373E-4,9968.849485856437,2232.818312250179,0.39883893985835656,1.909567688588798,0.13469435368669402,0.843094267340113,normal,2.6169486479851983E-4,0.03567380215322485,2.6371045581640016,2.6596150926898345,8065.665849030386,1.3275092396011248,2.8410234790163615,0.01,0.10000009901689215,9999.954311301124,2.8096691368060878E-5,2.878647398831942,0.6471312367417237,32.01862827934463,0.060286245361283713,1,99009,"[1.909567688588798]","[0.6471312367417237]","[normal]","[32.01862827934463]","[0.843094267340113]","[3064229847583912184]","[9999.954311301124]","[0.03567380215322485]","[0.10000009901689215]","[2.878647398831942]","[0.01]","[1.3275092396011248]","[9968.849485856437]","[2.8410234790163615]","[2.6596150926898345]","[0.39883893985835656]","[EU]","[8065.665849030386]","[0.060286245361283713]","[2.6371045581640016]","[2.8096691368060878E-5]","[2.6169486479851983E-4]","[2232.818312250179]","[1.9319378444532373E-4]","[0.13469435368669402]"
100000,100000,3.243034977233782E-5,9312.639252163724,3080.6127834285207,0.45642288181566987,1.0447782586284151,0.0591704496828353,0.8798216938238288,normal,3.4504773625857783E-4,0.04077337467114341,2.755802253902676,2.280194991504958,7427.426734491338,1.288446203350949,2.990915729776014,0.009998031290887109,0.10000143970931652,9999.999524194787,2.9928324494116194E-5,2.4436606869662376,0.5833703303840032,31.91533880980361,0.06050891982895215,1,99794,"[1.0447782586284151]","[0.5833703303840032]","[normal]","[31.91533880980361]","[0.8798216938238288]","[-6381514457617174570]","[9999.999524194787]","[0.04077337467114341]","[0.10000143970931652]","[2.4436606869662376]","[0.009998031290887109]","[1.288446203350949]","[9312.639252163724]","[2.990915729776014]","[2.280194991504958]","[0.45642288181566987]","[EU]","[7427.426734491338]","[0.06050891982895215]","[2.755802253902676]","[2.9928324494116194E-5]","[3.4504773625857783E-4]","[3080.6127834285207]","[3.243034977233782E-5]","[0.0591704496828353]"
100000,100000,2.6014687434720423E-4,9995.748804110082,1506.8619659476349,0.0821772792232381,1.685891019951401,0.13980153911464366,0.8117107728330794,normal,2.45730842489902E-4,0.038209514893819956,2.560242837850314,2.845646570229684,9138.651807998987,1.3273705485152625,2.644348698536579,0.01,0.10000008596546771,9999.444434186067,2.8085271855264706E-5,2.815164298034614,0.6712389205164285,32.07731972951807,0.060234648916297935,1,99588,"[1.685891019951401]","[0.6712389205164285]","[normal]","[32.07731972951807]","[0.8117107728330794]","[186857969683655637]","[9999.444434186067]","[0.038209514893819956]","[0.10000008596546771]","[2.815164298034614]","[0.01]","[1.3273705485152625]","[9995.748804110082]","[2.644348698536579]","[2.845646570229684]","[0.0821772792232381]","[EU]","[9138.651807998987]","[0.060234648916297935]","[2.560242837850314]","[2.8085271855264706E-5]","[2.45730842489902E-4]","[1506.8619659476349]","[2.6014687434720423E-4]","[0.13980153911464366]"
100000,100000,3.4975130896776726E-4,10000.0,1462.4021708359326,0.02603324478274628,1.4042577740800415,0.11647597118518477,0.8031378528351432,log-normal,2.3772689932173439E-4,0.03607613570677785,2.6022825137755294,2.9999458756540296,8441.197309636307,1.345287835019369,2.459920898610715,0.01,0.10000000015074215,9999.999964868563,2.5722075650224507E-5,2.960389281069467,0.6431554725668568,32.17162108723326,0.06020416870471955,1,99482,"[1.4042577740800415]","[0.6431554725668568]","[log-normal]","[32.17162108723326]","[0.8031378528351432]","[31881169878481711]","[9999.999964868563]","[0.03607613570677785]","[0.10000000015074215]","[2.960389281069467]","[0.01]","[1.345287835019369]","[10000.0]","[2.459920898610715]","[2.9999458756540296]","[0.02603324478274628]","[EU]","[8441.197309636307]","[0.06020416870471955]","[2.6022825137755294]","[2.5722075650224507E-5]","[2.3772689932173439E-4]","[1462.4021708359326]","[3.4975130896776726E-4]","[0.11647597118518477]"
100000,100000,2.1932307134472608E-4,9994.76173649631,1320.3928368656277,0.13105480778077805,1.4673200415158045,0.15965987413020744,0.8204188646766266,log-normal,2.383916469580657E-4,0.03942860054699841,2.6373542293385683,2.6586783134516425,9040.15055338225,1.3335593401310866,2.490985211165874,0.009999999791414511,0.10000006377949384,9999.70569748721,2.4642198412553937E-5,2.7479193583665773,0.6370302564858417,32.0402943302443,0.0602627549316413,1,99289,"[1.4673200415158045]","[0.6370302564858417]","[log-normal]","[32.0402943302443]","[0.8204188646766266]","[-5290921785292292236]","[9999.70569748721]","[0.03942860054699841]","[0.10000006377949384]","[2.7479193583665773]","[0.009999999791414511]","[1.3335593401310866]","[9994.76173649631]","[2.490985211165874]","[2.6586783134516425]","[0.13105480778077805]","[EU]","[9040.15055338225]","[0.0602627549316413]","[2.6373542293385683]","[2.4642198412553937E-5]","[2.383916469580657E-4]","[1320.3928368656277]","[2.1932307134472608E-4]","[0.15965987413020744]"
100000,100000,1.285413592992299E-4,9963.645283577509,4663.205649926869,0.5,1.30123733572741,0.07635613320638779,0.892272819547355,log-normal,3.323004361920546E-4,0.04340321162523383,2.5341255942371514,2.541550689951453,7835.170123686681,1.2888193442742655,2.9429538029654148,0.01,0.1,9999.968872451405,2.968302848163186E-5,2.142676259762234,0.2577692235984062,31.969578833098947,0.06035785566592083,1,99496,"[1.30123733572741]","[0.2577692235984062]","[log-normal]","[31.969578833098947]","[0.892272819547355]","[4207514763493437491]","[9999.968872451405]","[0.04340321162523383]","[0.1]","[2.142676259762234]","[0.01]","[1.2888193442742655]","[9963.645283577509]","[2.9429538029654148]","[2.541550689951453]","[0.5]","[EU]","[7835.170123686681]","[0.06035785566592083]","[2.5341255942371514]","[2.968302848163186E-5]","[3.323004361920546E-4]","[4663.205649926869]","[1.285413592992299E-4]","[0.07635613320638779]"
100000,100000,3.5192348178976425E-4,9999.998941152808,1224.2591804773513,0.03157335786452357,1.3949564583686767,0.11611499424723425,0.7991370737634058,normal,2.4272203772991442E-4,0.035445257597926126,2.6027684816327645,2.988140608280441,8469.538721869145,1.343841954021419,2.514843960805992,0.009999999678557058,0.10000000043555952,9998.788353048716,2.522753988659107E-5,2.988853437299304,0.6575362643748359,32.174117643406966,0.06020403667842806,1,99538,"[1.3949564583686767]","[0.6575362643748359]","[normal]","[32.174117643406966]","[0.7991370737634058]","[6259292310988087757]","[9998.788353048716]","[0.035445257597926126]","[0.10000000043555952]","[2.988853437299304]","[0.009999999678557058]","[1.343841954021419]","[9999.998941152808]","[2.514843960805992]","[2.988140608280441]","[0.03157335786452357]","[EU]","[8469.538721869145]","[0.06020403667842806]","[2.6027684816327645]","[2.522753988659107E-5]","[2.4272203772991442E-4]","[1224.2591804773513]","[3.5192348178976425E-4]","[0.11611499424723425]"
100000,100000,3.4432393451510663E-4,10000.0,1487.0592446926378,0.01,1.4280196189109475,0.11662830210425817,0.8001297938495288,log-normal,2.37523916240118E-4,0.03597671140958216,2.601228170820045,3.0,8456.51074223485,1.344794920441488,2.4679246738912255,0.009999999999999998,0.1,10000.0,2.5644354769176978E-5,2.965575726147058,0.6435983715434423,32.16551269961914,0.06020476093235629,4,98752,"[1.4280196189109475,1.4280196189109475,1.4280196189109475,1.4280196189109475]","[0.6435983715434423,0.6435983715434423,0.6435983715434423,0.6435983715434423]","[log-normal,log-normal,log-normal,log-normal]","[32.16551269950499,32.16551269961914,32.16551269961914,32.16551269961914]","[0.8001297938495288,0.8001297938495288,0.8001297938495288,0.8001297938495288]","[2731030227411298178,-8629626946190645622,-8616731505523038825,8240877125147943372]","[10000.0,10000.0,10000.0,10000.0]","[0.03597671140958216,0.03597671140958216,0.03597671140958216,0.03597671140958216]","[0.1,0.1,0.1,0.1]","[2.965575726147058,2.965575726147058,2.965575726147058,2.965575726147058]","[0.009999999999999998,0.009999999999999998,0.009999999999999998,0.009999999999999998]","[1.344794920441488,1.344794920441488,1.344794920441488,1.344794920441488]","[10000.0,10000.0,10000.0,10000.0]","[2.4679246738912255,2.4679246738912255,2.4679246738912255,2.4679246738912255]","[3.0,3.0,3.0,3.0]","[0.01,0.01,0.01,0.01]","[EU,EU,EU,EU]","[8456.51074223485,8456.51074223485,8456.51074223485,8456.51074223485]","[0.06020476093236088,0.06020476093235629,0.06020476093235629,0.06020476093235629]","[2.601228170820045,2.601228170820045,2.601228170820045,2.601228170820045]","[2.5644354769176978E-5,2.5644354769176978E-5,2.5644354769176978E-5,2.5644354769176978E-5]","[2.37523916240118E-4,2.37523916240118E-4,2.37523916240118E-4,2.37523916240118E-4]","[1487.0592446926378,1487.0592446926378,1487.0592446926378,1487.0592446926378]","[3.4432393451510663E-4,3.4432393451510663E-4,3.4432393451510663E-4,3.4432393451510663E-4]","[0.11662830210425817,0.11662830210425817,0.11662830210425817,0.11662830210425817]"
100000,100000,1.6699110211227316E-4,9967.217090009779,4817.929595055555,0.4394343045291575,1.3417218604410917,0.07369042026535325,0.8937510232118998,normal,3.403325098059612E-4,0.04305041762018719,2.7646600269977184,2.5637182530132807,7506.47873830838,1.2915793719630726,3.0,0.009999967406312744,0.10000149277036582,9999.998393985556,3.0236597191011838E-5,2.093660790648024,0.3351212331508946,31.997222407468108,0.06031247436078728,1,99827,"[1.3417218604410917]","[0.3351212331508946]","[normal]","[31.997222407468108]","[0.8937510232118998]","[-5929099212987271770]","[9999.998393985556]","[0.04305041762018719]","[0.10000149277036582]","[2.093660790648024]","[0.009999967406312744]","[1.2915793719630726]","[9967.217090009779]","[3.0]","[2.5637182530132807]","[0.4394343045291575]","[EU]","[7506.47873830838]","[0.06031247436078728]","[2.7646600269977184]","[3.0236597191011838E-5]","[3.403325098059612E-4]","[4817.929595055555]","[1.6699110211227316E-4]","[0.07369042026535325]"
100000,100000,2.834118545459316E-4,9999.327922733344,1258.8762743796078,0.01,1.387313448374653,0.1171184657393525,0.7867521980961814,log-normal,2.602353601371892E-4,0.03657944455206447,2.576940304438536,2.9629882828101652,8188.530155518074,1.3340638179256106,2.5467808252031117,0.009999999624884457,0.10000028189096163,9999.675936217152,2.542718032881717E-5,2.631004899181237,0.6576642904991269,32.100735177075116,0.06022242119234031,1,97796,"[1.387313448374653]","[0.6576642904991269]","[log-normal]","[32.100735177075116]","[0.7867521980961814]","[1364402580437302327]","[9999.675936217152]","[0.03657944455206447]","[0.10000028189096163]","[2.631004899181237]","[0.009999999624884457]","[1.3340638179256106]","[9999.327922733344]","[2.5467808252031117]","[2.9629882828101652]","[0.01]","[EU]","[8188.530155518074]","[0.06022242119234031]","[2.576940304438536]","[2.542718032881717E-5]","[2.602353601371892E-4]","[1258.8762743796078]","[2.834118545459316E-4]","[0.1171184657393525]"
100000,100000,0.0,9451.31594814454,5377.399884125689,0.4997973479651969,1.440858729460375,0.0795188757465626,0.753316806620194,normal,3.0164860276250143E-4,0.03828615433767759,2.7488549119825367,2.515725445825621,7653.226581158017,1.2960657944205976,2.9990552677869613,0.00994976953585252,0.1,9999.999250818106,2.594216902220633E-5,2.1671167275507983,0.725473058280663,31.901367196487136,0.06065011164785036,1,99616,"[1.440858729460375]","[0.725473058280663]","[normal]","[31.901367196487136]","[0.753316806620194]","[9008176733280533629]","[9999.999250818106]","[0.03828615433767759]","[0.1]","[2.1671167275507983]","[0.00994976953585252]","[1.2960657944205976]","[9451.31594814454]","[2.9990552677869613]","[2.515725445825621]","[0.4997973479651969]","[EU]","[7653.226581158017]","[0.06065011164785036]","[2.7488549119825367]","[2.594216902220633E-5]","[3.0164860276250143E-4]","[5377.399884125689]","[0.0]","[0.0795188757465626]"
100000,100000,2.4412436116555635E-5,9083.988682526453,3379.3393304576175,0.3566929735970155,0.30940390560191133,0.140871412173632,0.8758303804216744,log-normal,3.686655930112237E-4,0.03760968187398881,2.652006442380287,2.9698589627957106,6991.413003423087,1.2845102361051552,2.962598254736631,0.00999999995811213,0.10000682844926284,9999.999365102549,6.954852074600733E-5,2.6510490764764048,0.5720361757081699,31.91197826435137,0.06052088666512438,1,99809,"[0.30940390560191133]","[0.5720361757081699]","[log-normal]","[31.91197826435137]","[0.8758303804216744]","[7732014279548403705]","[9999.999365102549]","[0.03760968187398881]","[0.10000682844926284]","[2.6510490764764048]","[0.00999999995811213]","[1.2845102361051552]","[9083.988682526453]","[2.962598254736631]","[2.9698589627957106]","[0.3566929735970155]","[EU]","[6991.413003423087]","[0.06052088666512438]","[2.652006442380287]","[6.954852074600733E-5]","[3.686655930112237E-4]","[3379.3393304576175]","[2.4412436116555635E-5]","[0.140871412173632]"
100000,100000,1.0346747542743187E-4,9949.695467531137,3713.2984964578172,0.4998793844036729,1.0343891327631782,0.06138499018083342,0.8628134073159127,log-normal,3.352821183430854E-4,0.04317498418000609,2.8158779486749217,2.604677770970406,6937.567833098218,1.2880950520345256,2.98797244078095,0.01,0.10001627387692517,10000.0,2.979770794042314E-5,2.1033774049070195,0.5633941339361417,31.953306290947964,0.060391792117054297,1,99659,"[1.0343891327631782]","[0.5633941339361417]","[log-normal]","[31.953306290947964]","[0.8628134073159127]","[-6905583885224550381]","[10000.0]","[0.04317498418000609]","[0.10001627387692517]","[2.1033774049070195]","[0.01]","[1.2880950520345256]","[9949.695467531137]","[2.98797244078095]","[2.604677770970406]","[0.4998793844036729]","[EU]","[6937.567833098218]","[0.060391792117054297]","[2.8158779486749217]","[2.979770794042314E-5]","[3.352821183430854E-4]","[3713.2984964578172]","[1.0346747542743187E-4]","[0.06138499018083342]"
100000,100000,1.3057308263292824E-4,9942.600622404649,3434.617369448594,0.4900656671732112,1.057644575925767,0.018082358659903725,0.8541883357646085,log-normal,3.549268492353286E-4,0.04380927950549416,2.7430735704265397,2.6408767389572154,6792.98405583189,1.2854410970414545,2.979297323541138,0.009999999999999997,0.10002009823117881,9999.711891675986,2.9021581963888896E-5,2.0728363111679586,0.539410726451436,31.970923134255337,0.060355483167963436,1,98036,"[1.057644575925767]","[0.539410726451436]","[log-normal]","[31.970923134255337]","[0.8541883357646085]","[-8995269654880949090]","[9999.711891675986]","[0.04380927950549416]","[0.10002009823117881]","[2.0728363111679586]","[0.009999999999999997]","[1.2854410970414545]","[9942.600622404649]","[2.979297323541138]","[2.6408767389572154]","[0.4900656671732112]","[EU]","[6792.98405583189]","[0.060355483167963436]","[2.7430735704265397]","[2.9021581963888896E-5]","[3.549268492353286E-4]","[3434.617369448594]","[1.3057308263292824E-4]","[0.018082358659903725]"
100000,100000,0.0,9273.537235731925,4807.212324913669,0.49867672621674863,1.081226780767699,0.1421508260555939,0.8269042766159854,normal,3.094457664682435E-4,0.03999644117631085,2.686746463312705,2.5411157040234147,7778.884954891518,1.2923331941555425,3.0,0.009952778562953148,0.1000000135630936,9999.996724813256,2.55695936244629E-5,2.24409024327813,0.7148096971871181,31.901405182816333,0.06064504613941116,4,97022,"[1.081226780767699,1.081226780767699,1.081226780767699,1.081226780767699]","[0.7148096971871181,0.7148096971871181,0.7148096971871181,0.7148096971871181]","[normal,normal,normal,normal]","[31.901405182816333,31.901405182816333,31.901405182816333,31.901405182816333]","[0.8269042766159854,0.8269042766159854,0.8269042766159854,0.8269042766159854]","[-5524256316084585883,6724977747366177993,1105151477983438924,2084063894797345114]","[9999.996724813256,9999.996724813256,9999.996724813256,9999.996724813256]","[0.03999644117631085,0.03999644117631085,0.03999644117631085,0.03999644117631085]","[0.1000000135630936,0.1000000135630936,0.1000000135630936,0.1000000135630936]","[2.24409024327813,2.24409024327813,2.24409024327813,2.24409024327813]","[0.009952778562953148,0.009952778562953148,0.009952778562953148,0.009952778562953148]","[1.2923331941555425,1.2923331941555425,1.2923331941555425,1.2923331941555425]","[9273.537235731925,9273.537235731925,9273.537235731925,9273.537235731925]","[3.0,3.0,3.0,3.0]","[2.5411157040234147,2.5411157040234147,2.5411157040234147,2.5411157040234147]","[0.49867672621674863,0.49867672621674863,0.49867672621674863,0.49867672621674863]","[EU,EU,EU,EU]","[7778.884954891518,7778.884954891518,7778.884954891518,7778.884954891518]","[0.06064504613941116,0.06064504613941116,0.06064504613941116,0.06064504613941116]","[2.686746463312705,2.686746463312705,2.686746463312705,2.686746463312705]","[2.55695936244629E-5,2.55695936244629E-5,2.55695936244629E-5,2.55695936244629E-5]","[3.094457664682435E-4,3.094457664682435E-4,3.094457664682435E-4,3.094457664682435E-4]","[4807.212324913669,4807.212324913669,4807.212324913669,4807.212324913669]","[0.0,0.0,0.0,0.0]","[0.1421508260555939,0.1421508260555939,0.1421508260555939,0.1421508260555939]"
100000,100000,1.9773976612562808E-5,9187.852419211984,3428.816296103657,0.3533906753124439,0.2850249066102722,0.16071058619668294,0.8729240488119284,log-normal,3.521183509323052E-4,0.039250443907097816,2.710022331041894,2.982706580425009,7092.19245144559,1.2901316417984896,2.94431760227863,0.009997633965630262,0.1,9999.927768812493,5.672747778910644E-5,2.7457708428355776,0.5502890210329487,31.909847387013453,0.06053255847697079,1,99539,"[0.2850249066102722]","[0.5502890210329487]","[log-normal]","[31.909847387013453]","[0.8729240488119284]","[-3093803679264212256]","[9999.927768812493]","[0.039250443907097816]","[0.1]","[2.7457708428355776]","[0.009997633965630262]","[1.2901316417984896]","[9187.852419211984]","[2.94431760227863]","[2.982706580425009]","[0.3533906753124439]","[EU]","[7092.19245144559]","[0.06053255847697079]","[2.710022331041894]","[5.672747778910644E-5]","[3.521183509323052E-4]","[3428.816296103657]","[1.9773976612562808E-5]","[0.16071058619668294]"
100000,100000,1.4406056509910049E-5,7561.331512746295,4235.456981957273,0.48354262342095433,1.2296069315700044,0.20690422884132184,0.7316045639020061,log-normal,4.0049789723644143E-4,0.010833936534447326,2.8153555157926786,3.0,9992.875320895428,1.3567931672216131,2.9834102665582383,0.01,0.10000509453318955,10000.0,8.94874273460045E-5,1.0818644151540862,0.11653526466379202,31.907695914393972,0.06053957542335952,1,98607,"[1.2296069315700044]","[0.11653526466379202]","[log-normal]","[31.907695914393972]","[0.7316045639020061]","[6219071925804005041]","[10000.0]","[0.010833936534447326]","[0.10000509453318955]","[1.0818644151540862]","[0.01]","[1.3567931672216131]","[7561.331512746295]","[2.9834102665582383]","[3.0]","[0.48354262342095433]","[EU]","[9992.875320895428]","[0.06053957542335952]","[2.8153555157926786]","[8.94874273460045E-5]","[4.0049789723644143E-4]","[4235.456981957273]","[1.4406056509910049E-5]","[0.20690422884132184]"
100000,100000,2.211452920387678E-4,9995.085884914077,1491.9529535277554,0.15123605431297354,1.452425565382962,0.14959474930012248,0.8199027789404173,log-normal,2.355339804345078E-4,0.039218621040051076,2.6375878414462814,2.6399930410098804,9225.764724142806,1.331669365177314,2.4690897074058746,0.01,0.1,9999.697554426637,2.4602581018066622E-5,2.726819605217027,0.635721493180255,32.04191047857984,0.06026166054119827,1,99986,"[1.452425565382962]","[0.635721493180255]","[log-normal]","[32.04191047857984]","[0.8199027789404173]","[-1811535364572287611]","[9999.697554426637]","[0.039218621040051076]","[0.1]","[2.726819605217027]","[0.01]","[1.331669365177314]","[9995.085884914077]","[2.4690897074058746]","[2.6399930410098804]","[0.15123605431297354]","[EU]","[9225.764724142806]","[0.06026166054119827]","[2.6375878414462814]","[2.4602581018066622E-5]","[2.355339804345078E-4]","[1491.9529535277554]","[2.211452920387678E-4]","[0.14959474930012248]"
100000,100000,0.0,9365.51997209562,4459.361580499343,0.48942466444573546,1.231004445413738,0.07159652364319237,0.7874973016873446,normal,2.9669455380629045E-4,0.041429810089393726,2.5662114701500904,3.0,7469.077280531763,1.2920510217497245,2.9867188898443153,0.00992846805348967,0.1,9999.914304525335,1.4297912449429026E-5,2.0593719434695346,0.7135850161872916,31.901148608411656,0.06068588553178418,4,98380,"[1.231004445413738,1.231004445413738,1.231004445413738,1.231004445413738]","[0.7135850161872916,0.7135850161872916,0.7135850161872916,0.7135850161872916]","[normal,normal,normal,normal]","[31.901148608411656,31.901148608411656,31.901148608411656,31.901148608411656]","[0.7874973016873446,0.7874973016873446,0.7874973016873446,0.7874973016873446]","[8077581328449634088,4212831495347695559,6330409963574359408,-1984758296992350338]","[9999.914304525335,9999.914304525335,9999.914304525335,9999.914304525335]","[0.041429810089393726,0.041429810089393726,0.041429810089393726,0.041429810089393726]","[0.1,0.1,0.1,0.1]","[2.0593719434695346,2.0593719434695346,2.0593719434695346,2.0593719434695346]","[0.00992846805348967,0.00992846805348967,0.00992846805348967,0.00992846805348967]","[1.2920510217497245,1.2920510217497245,1.2920510217497245,1.2920510217497245]","[9365.51997209562,9365.51997209562,9365.51997209562,9365.51997209562]","[2.9867188898443153,2.9867188898443153,2.9867188898443153,2.9867188898443153]","[3.0,3.0,3.0,3.0]","[0.48942466444573546,0.48942466444573546,0.48942466444573546,0.48942466444573546]","[EU,EU,EU,EU]","[7469.077280531763,7469.077280531763,7469.077280531763,7469.077280531763]","[0.06068588553178418,0.06068588553178418,0.06068588553178418,0.06068588553178418]","[2.5662114701500904,2.5662114701500904,2.5662114701500904,2.5662114701500904]","[1.4297912449429026E-5,1.4297912449429026E-5,1.4297912449429026E-5,1.4297912449429026E-5]","[2.9669455380629045E-4,2.9669455380629045E-4,2.9669455380629045E-4,2.9669455380629045E-4]","[4459.361580499343,4459.361580499343,4459.361580499343,4459.361580499343]","[0.0,0.0,0.0,0.0]","[0.07159652364319237,0.07159652364319237,0.07159652364319237,0.07159652364319237]"
100000,100000,1.9946094426637725E-5,9190.150585081172,3444.7815494970923,0.3537498233069629,0.2834167069208343,0.15891343758515325,0.8740034501033715,normal,3.447009672136362E-4,0.038973455837357625,2.6983104878896618,2.982570273682833,7047.090969464618,1.2899823611287256,2.944506876802072,0.009999759349897015,0.1,9999.928538401904,5.6594549136847255E-5,2.7231818031261037,0.5404557967184527,31.909920631053623,0.06052869627673003,1,99664,"[0.2834167069208343]","[0.5404557967184527]","[normal]","[31.909920631053623]","[0.8740034501033715]","[-7374644593237793261]","[9999.928538401904]","[0.038973455837357625]","[0.1]","[2.7231818031261037]","[0.009999759349897015]","[1.2899823611287256]","[9190.150585081172]","[2.944506876802072]","[2.982570273682833]","[0.3537498233069629]","[EU]","[7047.090969464618]","[0.06052869627673003]","[2.6983104878896618]","[5.6594549136847255E-5]","[3.447009672136362E-4]","[3444.7815494970923]","[1.9946094426637725E-5]","[0.15891343758515325]"
100000,100000,1.0936852553969321E-4,10000.0,1558.7234553595492,0.1040232102585893,1.4804774092704855,0.14416113451600507,0.8407358833924836,log-normal,2.275935890169147E-4,0.03895287282994204,2.5941270937449867,2.591494703753613,9196.946984777216,1.326123318862728,2.544016365738066,0.01,0.10000065651919425,10000.0,2.3879231600227748E-5,2.943400669607739,0.6366779167664036,31.957198535214904,0.06038324452938971,1,99422,"[1.4804774092704855]","[0.6366779167664036]","[log-normal]","[31.957198535214904]","[0.8407358833924836]","[-2895016992872993316]","[10000.0]","[0.03895287282994204]","[0.10000065651919425]","[2.943400669607739]","[0.01]","[1.326123318862728]","[10000.0]","[2.544016365738066]","[2.591494703753613]","[0.1040232102585893]","[EU]","[9196.946984777216]","[0.06038324452938971]","[2.5941270937449867]","[2.3879231600227748E-5]","[2.275935890169147E-4]","[1558.7234553595492]","[1.0936852553969321E-4]","[0.14416113451600507]"
100000,100000,1.569620306625994E-4,9959.988012635951,5115.706975052635,0.49225335382660185,1.253362053272199,0.0629723114143117,0.8892813970873015,log-normal,3.3786690137462645E-4,0.045007801028287976,2.770860083409561,2.5230910989490463,7544.955350872488,1.291252052565323,2.9833432336421177,0.01,0.10000196526115945,9995.894411629495,2.9455708624371653E-5,2.1320648952493686,0.3371224945654304,31.98979036249407,0.0603236967776344,3,98486,"[1.253362053272199,1.253362053272199,1.253362053272199]","[0.3371224945654304,0.3371224945654304,0.3371224945654304]","[log-normal,log-normal,log-normal]","[31.98979585813872,31.989789323567134,31.98979036249407]","[0.8892813970873015,0.8892813970873015,0.8892813970873015]","[5631538820757190638,-3174186000048361894,1555841515112005416]","[9995.894411629495,9995.894411629495,9995.894411629495]","[0.045007801028287976,0.045007801028287976,0.045007801028287976]","[0.10000196526115945,0.10000196526115945,0.10000196526115945]","[2.1320648952493686,2.1320648952493686,2.1320648952493686]","[0.01,0.01,0.01]","[1.291252052565323,1.291252052565323,1.291252052565323]","[9959.988012635951,9959.988012635951,9959.988012635951]","[2.9833432336421177,2.9833432336421177,2.9833432336421177]","[2.5230910989490463,2.5230910989490463,2.5230910989490463]","[0.49225335382660185,0.49225335382660185,0.49225335382660185]","[EU,EU,EU]","[7544.955350872488,7544.955350872488,7544.955350872488]","[0.06032369744385748,0.06032368762861034,0.0603236967776344]","[2.770860083409561,2.770860083409561,2.770860083409561]","[2.9455708624371653E-5,2.9455708624371653E-5,2.9455708624371653E-5]","[3.3786690137462645E-4,3.3786690137462645E-4,3.3786690137462645E-4]","[5115.706975052635,5115.706975052635,5115.706975052635]","[1.569620306625994E-4,1.569620306625994E-4,1.569620306625994E-4]","[0.0629723114143117,0.0629723114143117,0.0629723114143117]"
100000,100000,2.8030799825016193E-4,10000.0,1613.0059750004984,0.07748755554926595,1.7001413836803514,0.14980005683503972,0.8107124883760349,log-normal,2.3853578127226057E-4,0.03817776582104257,2.6226158356404388,2.8408008834076317,9143.572742045526,1.329539857257938,2.6547567856325798,0.009999992294398796,0.1,9999.381877032161,2.6290792350287975E-5,2.8304021179934997,0.6672390760657906,32.09754546333589,0.060224229787970346,1,99622,"[1.7001413836803514]","[0.6672390760657906]","[log-normal]","[32.09754546333589]","[0.8107124883760349]","[-7826358130416157074]","[9999.381877032161]","[0.03817776582104257]","[0.1]","[2.8304021179934997]","[0.009999992294398796]","[1.329539857257938]","[10000.0]","[2.6547567856325798]","[2.8408008834076317]","[0.07748755554926595]","[EU]","[9143.572742045526]","[0.060224229787970346]","[2.6226158356404388]","[2.6290792350287975E-5]","[2.3853578127226057E-4]","[1613.0059750004984]","[2.8030799825016193E-4]","[0.14980005683503972]"
100000,100000,1.6823520289360015E-4,9948.093835189937,4816.589345542566,0.4396417051145115,1.3466008053007568,0.0737184949559818,0.9008898142659789,log-normal,3.3952446786762454E-4,0.04361707350311645,2.7629822996440665,2.5633598567812497,7520.313112104333,1.2917621219678574,3.0,0.01,0.10000157838562575,9999.999140143465,3.1194862082335856E-5,2.0941845113301842,0.326808864624637,31.99821300336422,0.06031113942749191,5,97194,"[1.3466008053007568,1.3466008053007568,1.3466008053007568,1.3466008053007568,1.3466008053007568]","[0.326808864624637,0.326808864624637,0.326808864624637,0.326808864624637,0.326808864624637]","[log-normal,log-normal,log-normal,log-normal,log-normal]","[31.9982141431231,31.998212045204067,31.998212313879673,31.99821300336422,31.99822004742413]","[0.9008898142659789,0.9008898142659789,0.9008898142659789,0.9008898142659789,0.9008898142659789]","[-5005344219550679264,-5839249044603999346,5015323684491754857,-1553759382285031153,6004356757116381596]","[9999.999140143465,9999.999140143465,9999.999140143465,9999.999140143465,9999.999140143465]","[0.04361707350311645,0.04361707350311645,0.04361707350311645,0.04361707350311645,0.04361707350311645]","[0.10000157838562575,0.10000157838562575,0.10000157838562575,0.10000157838562575,0.10000157838562575]","[2.0941845113301842,2.0941845113301842,2.0941845113301842,2.0941845113301842,2.0941845113301842]","[0.01,0.01,0.01,0.01,0.01]","[1.2917621219678574,1.2917621219678574,1.2917621219678574,1.2917621219678574,1.2917621219678574]","[9948.093835189937,9948.093835189937,9948.093835189937,9948.093835189937,9948.093835189937]","[3.0,3.0,3.0,3.0,3.0]","[2.5633598567812497,2.5633598567812497,2.5633598567812497,2.5633598567812497,2.5633598567812497]","[0.4396417051145115,0.4396417051145115,0.4396417051145115,0.4396417051145115,0.4396417051145115]","[EU,EU,EU,EU,EU]","[7520.313112104333,7520.313112104333,7520.313112104333,7520.313112104333,7520.313112104333]","[0.06031113942749191,0.060311126640174795,0.06031109594147921,0.06031114577447039,0.060311186879476224]","[2.7629822996440665,2.7629822996440665,2.7629822996440665,2.7629822996440665,2.7629822996440665]","[3.1194862082335856E-5,3.1194862082335856E-5,3.1194862082335856E-5,3.1194862082335856E-5,3.1194862082335856E-5]","[3.3952446786762454E-4,3.3952446786762454E-4,3.3952446786762454E-4,3.3952446786762454E-4,3.3952446786762454E-4]","[4816.589345542566,4816.589345542566,4816.589345542566,4816.589345542566,4816.589345542566]","[1.6823520289360015E-4,1.6823520289360015E-4,1.6823520289360015E-4,1.6823520289360015E-4,1.6823520289360015E-4]","[0.0737184949559818,0.0737184949559818,0.0737184949559818,0.0737184949559818,0.0737184949559818]"
100000,100000,1.5121121861381444E-4,9980.033257106561,5151.455598035089,0.5,1.2350068034103756,0.06753999114305274,0.8802707379593947,log-normal,3.2687274508102473E-4,0.04670169864296135,2.7581380148544827,2.5407115818909847,7634.604116378545,1.2891355653180903,2.945333864638891,0.009999999938509198,0.10000005483604311,9999.999999290152,2.979678354796726E-5,2.148559973691661,0.3495871475133654,31.985451392962815,0.06032983974099906,1,99980,"[1.2350068034103756]","[0.3495871475133654]","[log-normal]","[31.985451392962815]","[0.8802707379593947]","[3885507867621326838]","[9999.999999290152]","[0.04670169864296135]","[0.10000005483604311]","[2.148559973691661]","[0.009999999938509198]","[1.2891355653180903]","[9980.033257106561]","[2.945333864638891]","[2.5407115818909847]","[0.5]","[EU]","[7634.604116378545]","[0.06032983974099906]","[2.7581380148544827]","[2.979678354796726E-5]","[3.2687274508102473E-4]","[5151.455598035089]","[1.5121121861381444E-4]","[0.06753999114305274]"
100000,100000,1.5555810957963823E-4,10000.0,5197.487255488641,0.5,1.2461288306359104,0.07221924384948845,0.8735678558719853,log-normal,3.252355191286459E-4,0.04806689520453471,2.764321624836866,2.482581222905238,7555.083248928361,1.2885740840322453,2.9389681548272044,0.01,0.10000061602778572,9999.984488903265,2.5161677392860156E-5,2.1310866886373723,0.33702214712961764,31.98864755044543,0.06032476647105966,1,99765,"[1.2461288306359104]","[0.33702214712961764]","[log-normal]","[31.98864755044543]","[0.8735678558719853]","[-7481938953498003265]","[9999.984488903265]","[0.04806689520453471]","[0.10000061602778572]","[2.1310866886373723]","[0.01]","[1.2885740840322453]","[10000.0]","[2.9389681548272044]","[2.482581222905238]","[0.5]","[EU]","[7555.083248928361]","[0.06032476647105966]","[2.764321624836866]","[2.5161677392860156E-5]","[3.252355191286459E-4]","[5197.487255488641]","[1.5555810957963823E-4]","[0.07221924384948845]"
100000,100000,1.0503618726826966E-4,9976.411807225095,1551.486207016193,0.15004425151569326,1.4824228821404128,0.14230672807711148,0.8263622257407678,log-normal,2.4041088029940703E-4,0.03867487739402995,2.65522290131638,2.5807283258258273,9401.736074025848,1.3249576996560544,2.550440815967685,0.009999999888403048,0.10000067658649592,9999.84512890996,2.351894093139379E-5,2.871797576973675,0.6388354117013242,31.954425811229026,0.06038915471129367,1,99762,"[1.4824228821404128]","[0.6388354117013242]","[log-normal]","[31.954425811229026]","[0.8263622257407678]","[1250062519698487924]","[9999.84512890996]","[0.03867487739402995]","[0.10000067658649592]","[2.871797576973675]","[0.009999999888403048]","[1.3249576996560544]","[9976.411807225095]","[2.550440815967685]","[2.5807283258258273]","[0.15004425151569326]","[EU]","[9401.736074025848]","[0.06038915471129367]","[2.65522290131638]","[2.351894093139379E-5]","[2.4041088029940703E-4]","[1551.486207016193]","[1.0503618726826966E-4]","[0.14230672807711148]"
100000,100000,2.8482567390897527E-5,8320.353578412754,2299.063850112383,0.49550463635918307,0.14387575015336512,0.07212012653304999,1.107747583024398,normal,0.001151038030984528,0.04998757722053934,0.6292783481685824,2.9931786415554544,5157.935543092636,1.2797291368403088,2.9941735487840937,0.009772446645058006,0.100003233132094,9999.970367637206,2.530453029835606E-5,1.6340689023042962,0.7521367775563728,31.770162491768684,0.060735283306070385,1,99710,"[0.14387575015336512]","[0.7521367775563728]","[normal]","[31.770162491768684]","[1.107747583024398]","[-851661852638485362]","[9999.970367637206]","[0.04998757722053934]","[0.100003233132094]","[1.6340689023042962]","[0.009772446645058006]","[1.2797291368403088]","[8320.353578412754]","[2.9941735487840937]","[2.9931786415554544]","[0.49550463635918307]","[EU]","[5157.935543092636]","[0.060735283306070385]","[0.6292783481685824]","[2.530453029835606E-5]","[0.001151038030984528]","[2299.063850112383]","[2.8482567390897527E-5]","[0.07212012653304999]"
100000,100000,3.0412766361780883E-4,9987.734045258105,1287.2438352892702,0.017479651424310228,1.3695164675491445,0.11636891601451896,0.7865111287722538,normal,2.3783777896094012E-4,0.03716563402851448,2.5513413967396437,2.9436528422381705,9046.620378876456,1.3333750113289085,2.591852797665064,0.00999999644605076,0.10000022693752723,9999.785423298428,2.5469596619834225E-5,2.9997261998544635,0.658219320851598,32.12200684391904,0.06021487934920372,1,99830,"[1.3695164675491445]","[0.658219320851598]","[normal]","[32.12200684391904]","[0.7865111287722538]","[-6822013829656353395]","[9999.785423298428]","[0.03716563402851448]","[0.10000022693752723]","[2.9997261998544635]","[0.00999999644605076]","[1.3333750113289085]","[9987.734045258105]","[2.591852797665064]","[2.9436528422381705]","[0.017479651424310228]","[EU]","[9046.620378876456]","[0.06021487934920372]","[2.5513413967396437]","[2.5469596619834225E-5]","[2.3783777896094012E-4]","[1287.2438352892702]","[3.0412766361780883E-4]","[0.11636891601451896]"
100000,100000,3.4300375656108373E-4,10000.0,1223.1295792855642,0.027739785368242127,1.4059595116269257,0.3075075264440547,0.7973803598309054,log-normal,2.4177885283352816E-4,0.03529045592864188,2.618166452765489,2.990783901815772,8713.317469011978,1.3433224249677183,2.523240747741565,0.01,0.10000009732049013,9999.014274128418,2.5952602859153154E-5,2.9928909509132953,0.6418396077552274,32.16406380735043,0.06020497942643532,3,95444,"[1.4059595116269257,1.4059595116269257,1.4059595116269257]","[0.6418396077552274,0.6418396077552274,0.6418396077552274]","[log-normal,log-normal,log-normal]","[32.16406380735043,32.16406380735043,32.16406380735043]","[0.7973803598309054,0.7973803598309054,0.7973803598309054]","[-4653684246244263518,-4035460054247967941,-5731967636196333230]","[9999.014274128418,9999.014274128418,9999.014274128418]","[0.03529045592864188,0.03529045592864188,0.03529045592864188]","[0.10000009732049013,0.10000009732049013,0.10000009732049013]","[2.9928909509132953,2.9928909509132953,2.9928909509132953]","[0.01,0.01,0.01]","[1.3433224249677183,1.3433224249677183,1.3433224249677183]","[10000.0,10000.0,10000.0]","[2.523240747741565,2.523240747741565,2.523240747741565]","[2.990783901815772,2.990783901815772,2.990783901815772]","[0.027739785368242127,0.027739785368242127,0.027739785368242127]","[EU,EU,EU]","[8713.317469011978,8713.317469011978,8713.317469011978]","[0.06020497942643532,0.06020497942643532,0.06020497942643532]","[2.618166452765489,2.618166452765489,2.618166452765489]","[2.5952602859153154E-5,2.5952602859153154E-5,2.5952602859153154E-5]","[2.4177885283352816E-4,2.4177885283352816E-4,2.4177885283352816E-4]","[1223.1295792855642,1223.1295792855642,1223.1295792855642]","[3.4300375656108373E-4,3.4300375656108373E-4,3.4300375656108373E-4]","[0.3075075264440547,0.3075075264440547,0.3075075264440547]"
100000,100000,1.5952590386387954E-4,9944.537924367034,4978.321078404368,0.4988467796108747,1.2461224104383397,0.06690125236196381,0.889037346405522,log-normal,3.397284559393921E-4,0.044807231396623036,2.768272583428586,2.523849008730979,7520.318386799703,1.2912361329678939,3.0,0.009999895462739484,0.10000181492951361,9996.328564058429,2.954126310030944E-5,2.241472492788349,0.3662789267299963,31.99172634081512,0.06032108188241713,4,97006,"[1.2461224104383397,1.2461224104383397,1.2461224104383397,1.2461224104383397]","[0.3662789267299963,0.3662789267299963,0.3662789267299963,0.3662789267299963]","[log-normal,log-normal,log-normal,log-normal]","[31.991732423890898,31.99172631537499,31.991725737128135,31.99172636625525]","[0.889037346405522,0.889037346405522,0.889037346405522,0.889037346405522]","[884085892957791496,-6503279986476849646,-437996485329260033,-4699148275759682224]","[9996.328564058429,9996.328564058429,9996.328564058429,9996.328564058429]","[0.044807231396623036,0.044807231396623036,0.044807231396623036,0.044807231396623036]","[0.10000181492951361,0.10000181492951361,0.10000181492951361,0.10000181492951361]","[2.241472492788349,2.241472492788349,2.241472492788349,2.241472492788349]","[0.009999895462739484,0.009999895462739484,0.009999895462739484,0.009999895462739484]","[1.2912361329678939,1.2912361329678939,1.2912361329678939,1.2912361329678939]","[9944.537924367034,9944.537924367034,9944.537924367034,9944.537924367034]","[3.0,3.0,3.0,3.0]","[2.523849008730979,2.523849008730979,2.523849008730979,2.523849008730979]","[0.4988467796108747,0.4988467796108747,0.4988467796108747,0.4988467796108747]","[EU,EU,EU,EU]","[7520.318386799703,7520.318386799703,7520.318386799703,7520.318386799703]","[0.060321132478803836,0.06032106994350692,0.060321085580977506,0.060321078183856756]","[2.768272583428586,2.768272583428586,2.768272583428586,2.768272583428586]","[2.954126310030944E-5,2.954126310030944E-5,2.954126310030944E-5,2.954126310030944E-5]","[3.397284559393921E-4,3.397284559393921E-4,3.397284559393921E-4,3.397284559393921E-4]","[4978.321078404368,4978.321078404368,4978.321078404368,4978.321078404368]","[1.5952590386387954E-4,1.5952590386387954E-4,1.5952590386387954E-4,1.5952590386387954E-4]","[0.06690125236196381,0.06690125236196381,0.06690125236196381,0.06690125236196381]"
100000,100000,3.0524259965388867E-4,9979.6984111964,1245.823801016324,0.017108848575384993,1.3737428411269237,0.11581480263841143,0.7874328763346768,log-normal,2.479187842346E-4,0.037189326169217295,2.5508081823094275,2.9408106150659323,9007.660510573183,1.3350224614702697,2.5827256689610483,0.009999996606974029,0.10000027574213678,9999.785828201459,2.3900397713314557E-5,2.9995856341627953,0.6632705717050158,32.12315939637862,0.060213943791688526,1,97984,"[1.3737428411269237]","[0.6632705717050158]","[log-normal]","[32.12315939637862]","[0.7874328763346768]","[830301634991027489]","[9999.785828201459]","[0.037189326169217295]","[0.10000027574213678]","[2.9995856341627953]","[0.009999996606974029]","[1.3350224614702697]","[9979.6984111964]","[2.5827256689610483]","[2.9408106150659323]","[0.017108848575384993]","[EU]","[9007.660510573183]","[0.060213943791688526]","[2.5508081823094275]","[2.3900397713314557E-5]","[2.479187842346E-4]","[1245.823801016324]","[3.0524259965388867E-4]","[0.11581480263841143]"
100000,100000,1.493562128919978E-4,9999.643098100143,5237.180030379695,0.5,1.240935774887541,0.07219048938644468,0.8810718890742851,log-normal,3.2503941760876886E-4,0.0483544120900922,2.764286858076453,2.4801342208836603,7535.342875048118,1.2903267200746686,2.9355666831157805,0.00999999748575113,0.10000137519316853,10000.0,2.5180144577175257E-5,2.1136863715190843,0.3349352985463241,31.984238528218057,0.060331919275260465,1,99948,"[1.240935774887541]","[0.3349352985463241]","[log-normal]","[31.984238528218057]","[0.8810718890742851]","[6392099810995072010]","[10000.0]","[0.0483544120900922]","[0.10000137519316853]","[2.1136863715190843]","[0.00999999748575113]","[1.2903267200746686]","[9999.643098100143]","[2.9355666831157805]","[2.4801342208836603]","[0.5]","[EU]","[7535.342875048118]","[0.060331919275260465]","[2.764286858076453]","[2.5180144577175257E-5]","[3.2503941760876886E-4]","[5237.180030379695]","[1.493562128919978E-4]","[0.07219048938644468]"
100000,100000,1.1107628888898155E-4,9989.807104715352,6238.18181589503,0.48871393987548833,1.2144321707917787,0.035804665502886385,0.8803427225993851,normal,3.317077149227908E-4,0.044524276023706295,2.773489018167515,2.4939982415389403,7135.910960787117,1.289951481833165,2.9942914699182754,0.00999937316120447,0.1,9999.955401993971,2.9229122118715806E-5,2.1985130358178644,0.45294767258170854,31.958094432183668,0.06038173900634545,1,99940,"[1.2144321707917787]","[0.45294767258170854]","[normal]","[31.958094432183668]","[0.8803427225993851]","[-1663020465798192497]","[9999.955401993971]","[0.044524276023706295]","[0.1]","[2.1985130358178644]","[0.00999937316120447]","[1.289951481833165]","[9989.807104715352]","[2.9942914699182754]","[2.4939982415389403]","[0.48871393987548833]","[EU]","[7135.910960787117]","[0.06038173900634545]","[2.773489018167515]","[2.9229122118715806E-5]","[3.317077149227908E-4]","[6238.18181589503]","[1.1107628888898155E-4]","[0.035804665502886385]"
100000,100000,1.9847431685964957E-4,9984.741897652391,2290.7591377717968,0.41284292958561625,1.9262572213881728,0.1336200482709698,0.8389191565213423,log-normal,2.6516740630924457E-4,0.03567582077766053,2.636102218630025,2.6797200404384314,8270.303636324361,1.32090946577954,2.8373168292160673,0.00999999999956442,0.1,9999.9612728715,2.77667525849322E-5,2.869083693452771,0.6333758228442684,32.02237876811435,0.060280998882407566,4,97234,"[1.9262572213881728,1.9262572213881728,1.9262572213881728,1.9262572213881728]","[0.6333758228442684,0.6333758228442684,0.6333758228442684,0.6333758228442684]","[log-normal,log-normal,log-normal,log-normal]","[32.0223315428798,32.02239701280468,32.02237214330356,32.022385392925145]","[0.8389191565213423,0.8389191565213423,0.8389191565213423,0.8389191565213423]","[-1219457324048353743,1895214392671468464,-911235931257768471,-8082615085472648008]","[9999.9612728715,9999.9612728715,9999.9612728715,9999.9612728715]","[0.03567582077766053,0.03567582077766053,0.03567582077766053,0.03567582077766053]","[0.1,0.1,0.1,0.1]","[2.869083693452771,2.869083693452771,2.869083693452771,2.869083693452771]","[0.00999999999956442,0.00999999999956442,0.00999999999956442,0.00999999999956442]","[1.32090946577954,1.32090946577954,1.32090946577954,1.32090946577954]","[9984.741897652391,9984.741897652391,9984.741897652391,9984.741897652391]","[2.8373168292160673,2.8373168292160673,2.8373168292160673,2.8373168292160673]","[2.6797200404384314,2.6797200404384314,2.6797200404384314,2.6797200404384314]","[0.41284292958561625,0.41284292958561625,0.41284292958561625,0.41284292958561625]","[EU,EU,EU,EU]","[8270.303636324361,8270.303636324361,8270.303636324361,8270.303636324361]","[0.060280850656066504,0.06028105492195374,0.0602809537849349,0.06028104397988023]","[2.636102218630025,2.636102218630025,2.636102218630025,2.636102218630025]","[2.77667525849322E-5,2.77667525849322E-5,2.77667525849322E-5,2.77667525849322E-5]","[2.6516740630924457E-4,2.6516740630924457E-4,2.6516740630924457E-4,2.6516740630924457E-4]","[2290.7591377717968,2290.7591377717968,2290.7591377717968,2290.7591377717968]","[1.9847431685964957E-4,1.9847431685964957E-4,1.9847431685964957E-4,1.9847431685964957E-4]","[0.1336200482709698,0.1336200482709698,0.1336200482709698,0.1336200482709698]"
100000,100000,0.0,9314.63658846696,4929.860358659396,0.4697212398248971,1.2885213334466052,0.07507789456786614,0.8055274796490638,log-normal,3.2641904931580463E-4,0.04042723632043548,2.612349409806608,2.5290271279123977,7254.488063940238,1.289275072515478,2.9774117962256255,0.009961030730461333,0.10000000754561506,9999.917246896419,2.488724728982187E-5,2.154028561051699,0.7429604690816164,31.901517331028387,0.06063119088727184,1,98413,"[1.2885213334466052]","[0.7429604690816164]","[log-normal]","[31.901517331028387]","[0.8055274796490638]","[2220941026443584201]","[9999.917246896419]","[0.04042723632043548]","[0.10000000754561506]","[2.154028561051699]","[0.009961030730461333]","[1.289275072515478]","[9314.63658846696]","[2.9774117962256255]","[2.5290271279123977]","[0.4697212398248971]","[EU]","[7254.488063940238]","[0.06063119088727184]","[2.612349409806608]","[2.488724728982187E-5]","[3.2641904931580463E-4]","[4929.860358659396]","[0.0]","[0.07507789456786614]"
100000,100000,2.814815443591365E-4,9942.693923354644,1214.3723282181754,0.06727265288279875,1.3915995641630028,0.11719250305303872,0.8142685344946263,normal,2.4238427649635373E-4,0.037776212334673376,2.597574211856533,2.73449639681428,9120.550256138977,1.333970069423643,2.5739545683511644,0.01,0.10000013836585435,9999.914617736536,2.6108846634343532E-5,2.867828011760115,0.6366235998543919,32.09877237352684,0.06022367746592587,1,99934,"[1.3915995641630028]","[0.6366235998543919]","[normal]","[32.09877237352684]","[0.8142685344946263]","[7526937908410966478]","[9999.914617736536]","[0.037776212334673376]","[0.10000013836585435]","[2.867828011760115]","[0.01]","[1.333970069423643]","[9942.693923354644]","[2.5739545683511644]","[2.73449639681428]","[0.06727265288279875]","[EU]","[9120.550256138977]","[0.06022367746592587]","[2.597574211856533]","[2.6108846634343532E-5]","[2.4238427649635373E-4]","[1214.3723282181754]","[2.814815443591365E-4]","[0.11719250305303872]"
100000,100000,1.0425325409580215E-5,9138.146932119307,3512.579942083414,0.38481548963777457,0.3219279444468135,0.15537539462980152,0.8795263489223839,log-normal,3.425648848781772E-4,0.039023262491755716,2.7382172367019715,3.0,7192.984766624385,1.2899686657388543,2.94413676603094,0.009999999999999998,0.1,10000.0,6.27816420965823E-5,2.719173504693691,0.5735880663998405,31.906018071928063,0.060546063525816936,1,99846,"[0.3219279444468135]","[0.5735880663998405]","[log-normal]","[31.906018071928063]","[0.8795263489223839]","[2162223484419567372]","[10000.0]","[0.039023262491755716]","[0.1]","[2.719173504693691]","[0.009999999999999998]","[1.2899686657388543]","[9138.146932119307]","[2.94413676603094]","[3.0]","[0.38481548963777457]","[EU]","[7192.984766624385]","[0.060546063525816936]","[2.7382172367019715]","[6.27816420965823E-5]","[3.425648848781772E-4]","[3512.579942083414]","[1.0425325409580215E-5]","[0.15537539462980152]"
100000,100000,0.0,9310.141678963526,4915.7534384396195,0.46965323352128274,1.2987171229482448,0.0766647285743943,0.8056907715332717,normal,3.276030204924246E-4,0.04030344887934276,2.6159492190584026,2.5265680901138983,7251.121259773481,1.289224837069994,2.9774072913545035,0.009961387037329105,0.1000001370761298,9999.91725431278,2.4871915935226742E-5,2.152524991416058,0.7665520767026474,31.901521567629768,0.06063059715585506,1,99974,"[1.2987171229482448]","[0.7665520767026474]","[normal]","[31.901521567629768]","[0.8056907715332717]","[8711890404483853959]","[9999.91725431278]","[0.04030344887934276]","[0.1000001370761298]","[2.152524991416058]","[0.009961387037329105]","[1.289224837069994]","[9310.141678963526]","[2.9774072913545035]","[2.5265680901138983]","[0.46965323352128274]","[EU]","[7251.121259773481]","[0.06063059715585506]","[2.6159492190584026]","[2.4871915935226742E-5]","[3.276030204924246E-4]","[4915.7534384396195]","[0.0]","[0.0766647285743943]"
100000,100000,1.9913357055504184E-4,9984.796385798774,2285.3080843012576,0.414976135567629,1.9334902534191685,0.13343614866134304,0.8378621459289113,normal,2.6517897853881327E-4,0.03566835777114371,2.6360128387545707,2.6694759944120876,8273.022389497239,1.3209392695880233,2.8322526448051466,0.009999999999554685,0.1,9999.959201629048,2.7833715200621656E-5,2.870007672280008,0.6329955260478484,32.02290221288809,0.06028029387919652,1,99983,"[1.9334902534191685]","[0.6329955260478484]","[normal]","[32.02290221288809]","[0.8378621459289113]","[-5288664433820369099]","[9999.959201629048]","[0.03566835777114371]","[0.1]","[2.870007672280008]","[0.009999999999554685]","[1.3209392695880233]","[9984.796385798774]","[2.8322526448051466]","[2.6694759944120876]","[0.414976135567629]","[EU]","[8273.022389497239]","[0.06028029387919652]","[2.6360128387545707]","[2.7833715200621656E-5]","[2.6517897853881327E-4]","[2285.3080843012576]","[1.9913357055504184E-4]","[0.13343614866134304]"
100000,100000,8.50713123689178E-5,9935.988711627395,3252.394341121289,0.48607744726879365,0.8911736979177249,0.026793959932134008,0.8938349995549979,log-normal,4.5120559135814777E-4,0.043157464328943865,2.6138994331628544,2.5367939137799893,6806.5482637897785,1.2730435019263016,2.9845839113099943,0.009999505475619577,0.10000181925748826,9999.938954015093,2.9140384991207475E-5,2.8697460371922254,0.5059578514626696,31.94237112788257,0.06041907914428354,1,99981,"[0.8911736979177249]","[0.5059578514626696]","[log-normal]","[31.94237112788257]","[0.8938349995549979]","[1598859079085422527]","[9999.938954015093]","[0.043157464328943865]","[0.10000181925748826]","[2.8697460371922254]","[0.009999505475619577]","[1.2730435019263016]","[9935.988711627395]","[2.9845839113099943]","[2.5367939137799893]","[0.48607744726879365]","[EU]","[6806.5482637897785]","[0.06041907914428354]","[2.6138994331628544]","[2.9140384991207475E-5]","[4.5120559135814777E-4]","[3252.394341121289]","[8.50713123689178E-5]","[0.026793959932134008]"
