evolution$generation,evolution$evaluated,innovationWeight,innovationGravityDecay,innovationInnovationDecay,innovationMutationRate,innovationNewInnovationHierarchy,innovationEarlyAdoptersRate,innovationUtilityStd,innovationUtilityDistrib,ecoWeight,ecoMultiplier,ecoSizeEffectOnDemand,ecoSizeEffectOnSupply,ecoGravityDecay,ecoWealthToPopulationExponent,ecoPopulationToWealthExponent,coevolWeight,coevolGamma,coevolGravityDecay,coevolNetworkGmax,coevolNetworkExponent,coevolNetworkThresholdQuantile,objective$logmse,objective$mselog,evolution$samples,evolution$generated,innovationNewInnovationHierarchy,coevolNetworkThresholdQuantile,innovationUtilityDistrib,logmse,innovationUtilityStd,replication,coevolGravityDecay,ecoMultiplier,coevolGamma,coevolNetworkExponent,coevolWeight,ecoWealthToPopulationExponent,innovationGravityDecay,ecoPopulationToWealthExponent,ecoSizeEffectOnSupply,innovationMutationRate,urbanSystem,ecoGravityDecay,mselog,ecoSizeEffectOnDemand,coevolNetworkGmax,ecoWeight,innovationInnovationDecay,innovationWeight,innovationEarlyAdoptersRate
78000,78000,0.00355285868128664,9930.60490322067,7365.414596164525,0.48873170132548893,0.6150605468132385,0.9,0.7259419148422536,log-normal,0.008732750037728873,0.008355089432092847,2.8376777633958317,0.44750982057545896,5456.189525011053,1.4104465762468659,3.0,0.0099983139235246,0.10000030602600057,8379.060350483438,5.3143407151293196E-6,1.3653108241917062,0.43671404319477747,33.445746987737735,1.149652977054447,8,75240,"[0.6150605468132385,0.6150605468132385,0.6150605468132385,0.6150605468132385,0.6150605468132385,0.6150605468132385,0.6150605468132385,0.6150605468132385]","[0.43671404319477747,0.43671404319477747,0.43671404319477747,0.43671404319477747,0.43671404319477747,0.43671404319477747,0.43671404319477747,0.43671404319477747]","[log-normal,log-normal,log-normal,log-normal,log-normal,log-normal,log-normal,log-normal]","[33.44565679312725,33.445724686932785,33.44570693010092,33.44571383222492,33.44576928854269,33.44589073857659,33.445794863254235,33.44585161336492]","[0.7259419148422536,0.7259419148422536,0.7259419148422536,0.7259419148422536,0.7259419148422536,0.7259419148422536,0.7259419148422536,0.7259419148422536]","[-8873546379147351617,-4372536020999079593,8267862441329356773,-4734555839444846969,-8489419046893160936,6680859308470232489,-1604937194041017584,854919061844490523]","[8379.060350483438,8379.060350483438,8379.060350483438,8379.060350483438,8379.060350483438,8379.060350483438,8379.060350483438,8379.060350483438]","[0.008355089432092847,0.008355089432092847,0.008355089432092847,0.008355089432092847,0.008355089432092847,0.008355089432092847,0.008355089432092847,0.008355089432092847]","[0.10000030602600057,0.10000030602600057,0.10000030602600057,0.10000030602600057,0.10000030602600057,0.10000030602600057,0.10000030602600057,0.10000030602600057]","[1.3653108241917062,1.3653108241917062,1.3653108241917062,1.3653108241917062,1.3653108241917062,1.3653108241917062,1.3653108241917062,1.3653108241917062]","[0.0099983139235246,0.0099983139235246,0.0099983139235246,0.0099983139235246,0.0099983139235246,0.0099983139235246,0.0099983139235246,0.0099983139235246]","[1.4104465762468659,1.4104465762468659,1.4104465762468659,1.4104465762468659,1.4104465762468659,1.4104465762468659,1.4104465762468659,1.4104465762468659]","[9930.60490322067,9930.60490322067,9930.60490322067,9930.60490322067,9930.60490322067,9930.60490322067,9930.60490322067,9930.60490322067]","[3.0,3.0,3.0,3.0,3.0,3.0,3.0,3.0]","[0.44750982057545896,0.44750982057545896,0.44750982057545896,0.44750982057545896,0.44750982057545896,0.44750982057545896,0.44750982057545896,0.44750982057545896]","[0.48873170132548893,0.48873170132548893,0.48873170132548893,0.48873170132548893,0.48873170132548893,0.48873170132548893,0.48873170132548893,0.48873170132548893]","[CN,CN,CN,CN,CN,CN,CN,CN]","[5456.189525011053,5456.189525011053,5456.189525011053,5456.189525011053,5456.189525011053,5456.189525011053,5456.189525011053,5456.189525011053]","[1.1496511837235595,1.1496524033666176,1.1496523783173176,1.1496524208435492,1.1496535332653448,1.149656522796333,1.149655178906176,1.1496562741351344]","[2.8376777633958317,2.8376777633958317,2.8376777633958317,2.8376777633958317,2.8376777633958317,2.8376777633958317,2.8376777633958317,2.8376777633958317]","[5.3143407151293196E-6,5.3143407151293196E-6,5.3143407151293196E-6,5.3143407151293196E-6,5.3143407151293196E-6,5.3143407151293196E-6,5.3143407151293196E-6,5.3143407151293196E-6]","[0.008732750037728873,0.008732750037728873,0.008732750037728873,0.008732750037728873,0.008732750037728873,0.008732750037728873,0.008732750037728873,0.008732750037728873]","[7365.414596164525,7365.414596164525,7365.414596164525,7365.414596164525,7365.414596164525,7365.414596164525,7365.414596164525,7365.414596164525]","[0.00355285868128664,0.00355285868128664,0.00355285868128664,0.00355285868128664,0.00355285868128664,0.00355285868128664,0.00355285868128664,0.00355285868128664]","[0.9,0.9,0.9,0.9,0.9,0.9,0.9,0.9]"
78000,78000,0.0035630164118610093,9928.057850387586,7357.91771512801,0.48872378572544467,0.6148097996223602,0.9,0.7497717596385561,log-normal,0.008707076470896935,0.008394316360654968,2.8379897054204375,0.447628663519249,5474.144988910476,1.4104751348900075,3.0,0.00999827262922732,0.10038543836151523,8367.98813649617,5.318305832117686E-6,1.3641808636798003,0.4362861139626686,33.446398787538456,1.1495606408710461,10,62685,"[0.6148097996223602,0.6148097996223602,0.6148097996223602,0.6148097996223602,0.6148097996223602,0.6148097996223602,0.6148097996223602,0.6148097996223602,0.6148097996223602,0.6148097996223602]","[0.4362861139626686,0.4362861139626686,0.4362861139626686,0.4362861139626686,0.4362861139626686,0.4362861139626686,0.4362861139626686,0.4362861139626686,0.4362861139626686,0.4362861139626686]","[log-normal,log-normal,log-normal,log-normal,log-normal,log-normal,log-normal,log-normal,log-normal,log-normal]","[33.44630103444329,33.446546984396555,33.44631539084434,33.446243219193626,33.446387415705345,33.446410159371574,33.44635116879717,33.44642303273188,33.446470117015146,33.44650958036243]","[0.7497717596385561,0.7497717596385561,0.7497717596385561,0.7497717596385561,0.7497717596385561,0.7497717596385561,0.7497717596385561,0.7497717596385561,0.7497717596385561,0.7497717596385561]","[48168251028535873,6869523631305455046,810742322445611398,-6321340116519361933,-8670592342638205251,5441429732438665250,-988566747418494369,-6875786435204121454,8474584135445837471,-3507612703410883562]","[8367.98813649617,8367.98813649617,8367.98813649617,8367.98813649617,8367.98813649617,8367.98813649617,8367.98813649617,8367.98813649617,8367.98813649617,8367.98813649617]","[0.008394316360654968,0.008394316360654968,0.008394316360654968,0.008394316360654968,0.008394316360654968,0.008394316360654968,0.008394316360654968,0.008394316360654968,0.008394316360654968,0.008394316360654968]","[0.10038543836151523,0.10038543836151523,0.10038543836151523,0.10038543836151523,0.10038543836151523,0.10038543836151523,0.10038543836151523,0.10038543836151523,0.10038543836151523,0.10038543836151523]","[1.3641808636798003,1.3641808636798003,1.3641808636798003,1.3641808636798003,1.3641808636798003,1.3641808636798003,1.3641808636798003,1.3641808636798003,1.3641808636798003,1.3641808636798003]","[0.00999827262922732,0.00999827262922732,0.00999827262922732,0.00999827262922732,0.00999827262922732,0.00999827262922732,0.00999827262922732,0.00999827262922732,0.00999827262922732,0.00999827262922732]","[1.4104751348900075,1.4104751348900075,1.4104751348900075,1.4104751348900075,1.4104751348900075,1.4104751348900075,1.4104751348900075,1.4104751348900075,1.4104751348900075,1.4104751348900075]","[9928.057850387586,9928.057850387586,9928.057850387586,9928.057850387586,9928.057850387586,9928.057850387586,9928.057850387586,9928.057850387586,9928.057850387586,9928.057850387586]","[3.0,3.0,3.0,3.0,3.0,3.0,3.0,3.0,3.0,3.0]","[0.447628663519249,0.447628663519249,0.447628663519249,0.447628663519249,0.447628663519249,0.447628663519249,0.447628663519249,0.447628663519249,0.447628663519249,0.447628663519249]","[0.48872378572544467,0.48872378572544467,0.48872378572544467,0.48872378572544467,0.48872378572544467,0.48872378572544467,0.48872378572544467,0.48872378572544467,0.48872378572544467,0.48872378572544467]","[CN,CN,CN,CN,CN,CN,CN,CN,CN,CN]","[5474.144988910476,5474.144988910476,5474.144988910476,5474.144988910476,5474.144988910476,5474.144988910476,5474.144988910476,5474.144988910476,5474.144988910476,5474.144988910476]","[1.1495595409843982,1.1495633936390706,1.149559703372429,1.1495582124539911,1.1495603065245334,1.149561383925033,1.149560288481785,1.1495609752175586,1.149561954701097,1.1495645653408681]","[2.8379897054204375,2.8379897054204375,2.8379897054204375,2.8379897054204375,2.8379897054204375,2.8379897054204375,2.8379897054204375,2.8379897054204375,2.8379897054204375,2.8379897054204375]","[5.318305832117686E-6,5.318305832117686E-6,5.318305832117686E-6,5.318305832117686E-6,5.318305832117686E-6,5.318305832117686E-6,5.318305832117686E-6,5.318305832117686E-6,5.318305832117686E-6,5.318305832117686E-6]","[0.008707076470896935,0.008707076470896935,0.008707076470896935,0.008707076470896935,0.008707076470896935,0.008707076470896935,0.008707076470896935,0.008707076470896935,0.008707076470896935,0.008707076470896935]","[7357.91771512801,7357.91771512801,7357.91771512801,7357.91771512801,7357.91771512801,7357.91771512801,7357.91771512801,7357.91771512801,7357.91771512801,7357.91771512801]","[0.0035630164118610093,0.0035630164118610093,0.0035630164118610093,0.0035630164118610093,0.0035630164118610093,0.0035630164118610093,0.0035630164118610093,0.0035630164118610093,0.0035630164118610093,0.0035630164118610093]","[0.9,0.9,0.9,0.9,0.9,0.9,0.9,0.9,0.9,0.9]"
78000,78000,0.009580614609953379,9941.546512155324,4405.485898899659,0.46999647734258304,0.10014756294225297,0.24542836758984618,1.3545106757539362,normal,0.0075020580460761314,0.05,2.7462441125457424,0.36922559496066776,3610.246875968088,1.4529285577398607,2.9662746214319133,0.00998870941778488,0.10000677879530279,8328.10522609037,2.2041203864485733E-7,1.236773187375354,0.4308907652790005,35.69661673532159,1.0871664254718578,1,77888,"[0.10014756294225297]","[0.4308907652790005]","[normal]","[35.69661673532159]","[1.3545106757539362]","[368829435444031098]","[8328.10522609037]","[0.05]","[0.10000677879530279]","[1.236773187375354]","[0.00998870941778488]","[1.4529285577398607]","[9941.546512155324]","[2.9662746214319133]","[0.36922559496066776]","[0.46999647734258304]","[CN]","[3610.246875968088]","[1.0871664254718578]","[2.7462441125457424]","[2.2041203864485733E-7]","[0.0075020580460761314]","[4405.485898899659]","[0.009580614609953379]","[0.24542836758984618]"
78000,78000,0.009519553835390566,9941.436973840277,4390.320342836272,0.4701879757260922,0.1255801389852751,0.24575861369238017,1.3519158472587818,log-normal,0.007500766367202779,0.049625816208407725,2.7462130653632677,0.3685279288200407,3514.2341046751662,1.4528105021212494,2.9667018080747973,0.009988615947184386,0.10001154184355668,8354.078825511331,2.3969203120801293E-7,1.237456887247778,0.43002472876353326,35.6627831876789,1.0873416089158954,3,77223,"[0.1255801389852751,0.1255801389852751,0.1255801389852751]","[0.43002472876353326,0.43002472876353326,0.43002472876353326]","[log-normal,log-normal,log-normal]","[35.66275141375881,35.665980099541045,35.6627831876789]","[1.3519158472587818,1.3519158472587818,1.3519158472587818]","[-170748429579518828,4009289859520294133,-3200283591603986065]","[8354.078825511331,8354.078825511331,8354.078825511331]","[0.049625816208407725,0.049625816208407725,0.049625816208407725]","[0.10001154184355668,0.10001154184355668,0.10001154184355668]","[1.237456887247778,1.237456887247778,1.237456887247778]","[0.009988615947184386,0.009988615947184386,0.009988615947184386]","[1.4528105021212494,1.4528105021212494,1.4528105021212494]","[9941.436973840277,9941.436973840277,9941.436973840277]","[2.9667018080747973,2.9667018080747973,2.9667018080747973]","[0.3685279288200407,0.3685279288200407,0.3685279288200407]","[0.4701879757260922,0.4701879757260922,0.4701879757260922]","[CN,CN,CN]","[3514.2341046751662,3514.2341046751662,3514.2341046751662]","[1.0873212156280534,1.0873816359857458,1.0873416089158954]","[2.7462130653632677,2.7462130653632677,2.7462130653632677]","[2.3969203120801293E-7,2.3969203120801293E-7,2.3969203120801293E-7]","[0.007500766367202779,0.007500766367202779,0.007500766367202779]","[4390.320342836272,4390.320342836272,4390.320342836272]","[0.009519553835390566,0.009519553835390566,0.009519553835390566]","[0.24575861369238017,0.24575861369238017,0.24575861369238017]"
78000,78000,0.0058044129068568415,9916.48864800806,6613.993172783493,0.4972146348910574,0.5835573676239842,0.3443672726611376,1.2668853267003661,log-normal,0.006994243144693555,0.008688480128078204,2.718659455659208,0.32580834143703286,693.22171088121,1.4873963672527974,2.653309218598512,0.009999598637529375,0.10032582963506019,5894.660263677048,3.846586013088108E-6,1.1597207541647356,0.5247004032089116,34.23503385013443,1.116654041729375,6,75496,"[0.5835573676239842,0.5835573676239842,0.5835573676239842,0.5835573676239842,0.5835573676239842,0.5835573676239842]","[0.5247004032089116,0.5247004032089116,0.5247004032089116,0.5247004032089116,0.5247004032089116,0.5247004032089116]","[log-normal,log-normal,log-normal,log-normal,log-normal,log-normal]","[34.234978807079415,34.23508889318944,34.234925787211786,34.23520970955601,34.23452284634365,34.235709892440426]","[1.2668853267003661,1.2668853267003661,1.2668853267003661,1.2668853267003661,1.2668853267003661,1.2668853267003661]","[-4987414477106413630,2976933189272825455,-2401922626545290675,5417652854428169220,-1280357090584987703,6319576686212050792]","[5894.660263677048,5894.660263677048,5894.660263677048,5894.660263677048,5894.660263677048,5894.660263677048]","[0.008688480128078204,0.008688480128078204,0.008688480128078204,0.008688480128078204,0.008688480128078204,0.008688480128078204]","[0.10032582963506019,0.10032582963506019,0.10032582963506019,0.10032582963506019,0.10032582963506019,0.10032582963506019]","[1.1597207541647356,1.1597207541647356,1.1597207541647356,1.1597207541647356,1.1597207541647356,1.1597207541647356]","[0.009999598637529375,0.009999598637529375,0.009999598637529375,0.009999598637529375,0.009999598637529375,0.009999598637529375]","[1.4873963672527974,1.4873963672527974,1.4873963672527974,1.4873963672527974,1.4873963672527974,1.4873963672527974]","[9916.48864800806,9916.48864800806,9916.48864800806,9916.48864800806,9916.48864800806,9916.48864800806]","[2.653309218598512,2.653309218598512,2.653309218598512,2.653309218598512,2.653309218598512,2.653309218598512]","[0.32580834143703286,0.32580834143703286,0.32580834143703286,0.32580834143703286,0.32580834143703286,0.32580834143703286]","[0.4972146348910574,0.4972146348910574,0.4972146348910574,0.4972146348910574,0.4972146348910574,0.4972146348910574]","[CN,CN,CN,CN,CN,CN]","[693.22171088121,693.22171088121,693.22171088121,693.22171088121,693.22171088121,693.22171088121]","[1.1166535191680804,1.1166545642906696,1.1166535091215655,1.116655476004797,1.1166483266320664,1.1166601847062745]","[2.718659455659208,2.718659455659208,2.718659455659208,2.718659455659208,2.718659455659208,2.718659455659208]","[3.846586013088108E-6,3.846586013088108E-6,3.846586013088108E-6,3.846586013088108E-6,3.846586013088108E-6,3.846586013088108E-6]","[0.006994243144693555,0.006994243144693555,0.006994243144693555,0.006994243144693555,0.006994243144693555,0.006994243144693555]","[6613.993172783493,6613.993172783493,6613.993172783493,6613.993172783493,6613.993172783493,6613.993172783493]","[0.0058044129068568415,0.0058044129068568415,0.0058044129068568415,0.0058044129068568415,0.0058044129068568415,0.0058044129068568415]","[0.3443672726611376,0.3443672726611376,0.3443672726611376,0.3443672726611376,0.3443672726611376,0.3443672726611376]"
78000,78000,0.009219068839588387,9932.091742451857,4539.985483383867,0.4686241598144766,0.1201319953531167,0.22831137886125805,1.330210526005736,normal,0.007683322902875976,0.045324049646586526,2.743687910928629,0.3762956425344246,2048.60933221706,1.4512388695416119,2.9748215721649047,0.009998879952439631,0.10000099398265755,8418.737288466364,0.0,1.238578490660391,0.42635166470555774,35.56855928052342,1.0883680337439985,4,75826,"[0.1201319953531167,0.1201319953531167,0.1201319953531167,0.1201319953531167]","[0.42635166470555774,0.42635166470555774,0.42635166470555774,0.42635166470555774]","[normal,normal,normal,normal]","[35.56792200781642,35.568846314578124,35.5682722464687,35.569261020353046]","[1.330210526005736,1.330210526005736,1.330210526005736,1.330210526005736]","[3657076777133696559,6816669618660834463,2172764885811034376,-7681987366968986171]","[8418.737288466364,8418.737288466364,8418.737288466364,8418.737288466364]","[0.045324049646586526,0.045324049646586526,0.045324049646586526,0.045324049646586526]","[0.10000099398265755,0.10000099398265755,0.10000099398265755,0.10000099398265755]","[1.238578490660391,1.238578490660391,1.238578490660391,1.238578490660391]","[0.009998879952439631,0.009998879952439631,0.009998879952439631,0.009998879952439631]","[1.4512388695416119,1.4512388695416119,1.4512388695416119,1.4512388695416119]","[9932.091742451857,9932.091742451857,9932.091742451857,9932.091742451857]","[2.9748215721649047,2.9748215721649047,2.9748215721649047,2.9748215721649047]","[0.3762956425344246,0.3762956425344246,0.3762956425344246,0.3762956425344246]","[0.4686241598144766,0.4686241598144766,0.4686241598144766,0.4686241598144766]","[CN,CN,CN,CN]","[2048.60933221706,2048.60933221706,2048.60933221706,2048.60933221706]","[1.088359381127167,1.08837668636083,1.0883586200497495,1.0883774663589687]","[2.743687910928629,2.743687910928629,2.743687910928629,2.743687910928629]","[0.0,0.0,0.0,0.0]","[0.007683322902875976,0.007683322902875976,0.007683322902875976,0.007683322902875976]","[4539.985483383867,4539.985483383867,4539.985483383867,4539.985483383867]","[0.009219068839588387,0.009219068839588387,0.009219068839588387,0.009219068839588387]","[0.22831137886125805,0.22831137886125805,0.22831137886125805,0.22831137886125805]"
78000,78000,0.003993855555498924,9891.746094335427,7561.625122107175,0.48908637556376405,0.5851604665040794,0.8780377035424156,0.846195686135606,normal,0.00864790765223666,0.008386211895318046,2.8287352862537736,0.44607940763657816,5064.980937640555,1.4106360594453335,2.999961358602675,0.009999986893091829,0.10067993654002129,8389.287227304549,5.610202155365786E-6,1.4054877088359197,0.3519293028405367,33.70785221007183,1.1417174187804966,7,65862,"[0.5851604665040794,0.5851604665040794,0.5851604665040794,0.5851604665040794,0.5851604665040794,0.5851604665040794,0.5851604665040794]","[0.3519293028405367,0.3519293028405367,0.3519293028405367,0.3519293028405367,0.3519293028405367,0.3519293028405367,0.3519293028405367]","[normal,normal,normal,normal,normal,normal,normal]","[33.70785221007183,33.708151045271585,33.70738496351926,33.707731267872454,33.708441128687284,33.7077502221118,33.70827561623093]","[0.846195686135606,0.846195686135606,0.846195686135606,0.846195686135606,0.846195686135606,0.846195686135606,0.846195686135606]","[-2922319440053604364,6519954033916305640,-2611635504063086966,-4971260601498933058,-2678834455017560777,543211517220844307,-8290120889254447908]","[8389.287227304549,8389.287227304549,8389.287227304549,8389.287227304549,8389.287227304549,8389.287227304549,8389.287227304549]","[0.008386211895318046,0.008386211895318046,0.008386211895318046,0.008386211895318046,0.008386211895318046,0.008386211895318046,0.008386211895318046]","[0.10067993654002129,0.10067993654002129,0.10067993654002129,0.10067993654002129,0.10067993654002129,0.10067993654002129,0.10067993654002129]","[1.4054877088359197,1.4054877088359197,1.4054877088359197,1.4054877088359197,1.4054877088359197,1.4054877088359197,1.4054877088359197]","[0.009999986893091829,0.009999986893091829,0.009999986893091829,0.009999986893091829,0.009999986893091829,0.009999986893091829,0.009999986893091829]","[1.4106360594453335,1.4106360594453335,1.4106360594453335,1.4106360594453335,1.4106360594453335,1.4106360594453335,1.4106360594453335]","[9891.746094335427,9891.746094335427,9891.746094335427,9891.746094335427,9891.746094335427,9891.746094335427,9891.746094335427]","[2.999961358602675,2.999961358602675,2.999961358602675,2.999961358602675,2.999961358602675,2.999961358602675,2.999961358602675]","[0.44607940763657816,0.44607940763657816,0.44607940763657816,0.44607940763657816,0.44607940763657816,0.44607940763657816,0.44607940763657816]","[0.48908637556376405,0.48908637556376405,0.48908637556376405,0.48908637556376405,0.48908637556376405,0.48908637556376405,0.48908637556376405]","[CN,CN,CN,CN,CN,CN,CN]","[5064.980937640555,5064.980937640555,5064.980937640555,5064.980937640555,5064.980937640555,5064.980937640555,5064.980937640555]","[1.1417165344561293,1.1417190173563203,1.1417150480195446,1.1417174187804966,1.141720262134867,1.1417169632613924,1.1417190232354122]","[2.8287352862537736,2.8287352862537736,2.8287352862537736,2.8287352862537736,2.8287352862537736,2.8287352862537736,2.8287352862537736]","[5.610202155365786E-6,5.610202155365786E-6,5.610202155365786E-6,5.610202155365786E-6,5.610202155365786E-6,5.610202155365786E-6,5.610202155365786E-6]","[0.00864790765223666,0.00864790765223666,0.00864790765223666,0.00864790765223666,0.00864790765223666,0.00864790765223666,0.00864790765223666]","[7561.625122107175,7561.625122107175,7561.625122107175,7561.625122107175,7561.625122107175,7561.625122107175,7561.625122107175]","[0.003993855555498924,0.003993855555498924,0.003993855555498924,0.003993855555498924,0.003993855555498924,0.003993855555498924,0.003993855555498924]","[0.8780377035424156,0.8780377035424156,0.8780377035424156,0.8780377035424156,0.8780377035424156,0.8780377035424156,0.8780377035424156]"
78000,78000,0.007156083779584245,9859.04471806001,5339.1005810031,0.45512427051814647,0.36389348876739713,0.10786852640295583,1.3265371720238912,normal,0.008442368467261699,0.024937493448788813,2.7710698964724543,0.37265019473198424,2154.5997058723524,1.4394334617179947,3.0,0.009998678448159819,0.10005157213962997,8282.000729549125,7.265916720682723E-8,1.2168603868350365,0.39387774512730844,34.79217997254393,1.1046006737535055,9,72344,"[0.36389348876739713,0.36389348876739713,0.36389348876739713,0.36389348876739713,0.36389348876739713,0.36389348876739713,0.36389348876739713,0.36389348876739713,0.36389348876739713]","[0.39387774512730844,0.39387774512730844,0.39387774512730844,0.39387774512730844,0.39387774512730844,0.39387774512730844,0.39387774512730844,0.39387774512730844,0.39387774512730844]","[normal,normal,normal,normal,normal,normal,normal,normal,normal]","[34.79212477512236,34.79216350349797,34.79236963556478,34.79217997254393,34.79210215467756,34.792149315062645,34.79232145465234,34.79218995603185,34.792525574354954]","[1.3265371720238912,1.3265371720238912,1.3265371720238912,1.3265371720238912,1.3265371720238912,1.3265371720238912,1.3265371720238912,1.3265371720238912,1.3265371720238912]","[698147168222111584,-8057289553325394600,8487976957110252246,1508121786927905049,-4556304217299882117,804264131917542997,-6533877712221380297,4440551832577506580,-2378489883364663004]","[8282.000729549125,8282.000729549125,8282.000729549125,8282.000729549125,8282.000729549125,8282.000729549125,8282.000729549125,8282.000729549125,8282.000729549125]","[0.024937493448788813,0.024937493448788813,0.024937493448788813,0.024937493448788813,0.024937493448788813,0.024937493448788813,0.024937493448788813,0.024937493448788813,0.024937493448788813]","[0.10005157213962997,0.10005157213962997,0.10005157213962997,0.10005157213962997,0.10005157213962997,0.10005157213962997,0.10005157213962997,0.10005157213962997,0.10005157213962997]","[1.2168603868350365,1.2168603868350365,1.2168603868350365,1.2168603868350365,1.2168603868350365,1.2168603868350365,1.2168603868350365,1.2168603868350365,1.2168603868350365]","[0.009998678448159819,0.009998678448159819,0.009998678448159819,0.009998678448159819,0.009998678448159819,0.009998678448159819,0.009998678448159819,0.009998678448159819,0.009998678448159819]","[1.4394334617179947,1.4394334617179947,1.4394334617179947,1.4394334617179947,1.4394334617179947,1.4394334617179947,1.4394334617179947,1.4394334617179947,1.4394334617179947]","[9859.04471806001,9859.04471806001,9859.04471806001,9859.04471806001,9859.04471806001,9859.04471806001,9859.04471806001,9859.04471806001,9859.04471806001]","[3.0,3.0,3.0,3.0,3.0,3.0,3.0,3.0,3.0]","[0.37265019473198424,0.37265019473198424,0.37265019473198424,0.37265019473198424,0.37265019473198424,0.37265019473198424,0.37265019473198424,0.37265019473198424,0.37265019473198424]","[0.45512427051814647,0.45512427051814647,0.45512427051814647,0.45512427051814647,0.45512427051814647,0.45512427051814647,0.45512427051814647,0.45512427051814647,0.45512427051814647]","[CN,CN,CN,CN,CN,CN,CN,CN,CN]","[2154.5997058723524,2154.5997058723524,2154.5997058723524,2154.5997058723524,2154.5997058723524,2154.5997058723524,2154.5997058723524,2154.5997058723524,2154.5997058723524]","[1.104601301577326,1.1045986673328205,1.1046056871560515,1.1045996936303926,1.1046023426787774,1.1046006737535055,1.104598990296165,1.1046004353906462,1.1046050929910078]","[2.7710698964724543,2.7710698964724543,2.7710698964724543,2.7710698964724543,2.7710698964724543,2.7710698964724543,2.7710698964724543,2.7710698964724543,2.7710698964724543]","[7.265916720682723E-8,7.265916720682723E-8,7.265916720682723E-8,7.265916720682723E-8,7.265916720682723E-8,7.265916720682723E-8,7.265916720682723E-8,7.265916720682723E-8,7.265916720682723E-8]","[0.008442368467261699,0.008442368467261699,0.008442368467261699,0.008442368467261699,0.008442368467261699,0.008442368467261699,0.008442368467261699,0.008442368467261699,0.008442368467261699]","[5339.1005810031,5339.1005810031,5339.1005810031,5339.1005810031,5339.1005810031,5339.1005810031,5339.1005810031,5339.1005810031,5339.1005810031]","[0.007156083779584245,0.007156083779584245,0.007156083779584245,0.007156083779584245,0.007156083779584245,0.007156083779584245,0.007156083779584245,0.007156083779584245,0.007156083779584245]","[0.10786852640295583,0.10786852640295583,0.10786852640295583,0.10786852640295583,0.10786852640295583,0.10786852640295583,0.10786852640295583,0.10786852640295583,0.10786852640295583]"
78000,78000,0.005775601294015161,9928.57020482376,6417.584277564601,0.49909586061143,0.5811570701658656,0.3029319221793333,1.3615583962447397,log-normal,0.007381615681275603,0.007818821921503,2.763843435939035,0.3396486069068507,1248.1330322214735,1.4789195171594347,2.9999747730402735,0.009999999904776706,0.10049934859120468,5295.767946245944,3.5612412227124336E-6,1.259848236620461,0.5455213052608032,34.20095111248608,1.1168999773690196,5,74524,"[0.5811570701658656,0.5811570701658656,0.5811570701658656,0.5811570701658656,0.5811570701658656]","[0.5455213052608032,0.5455213052608032,0.5455213052608032,0.5455213052608032,0.5455213052608032]","[log-normal,log-normal,log-normal,log-normal,log-normal]","[34.20096719019344,34.20046254157251,34.20095111248608,34.20137575100113,34.20065718341043]","[1.3615583962447397,1.3615583962447397,1.3615583962447397,1.3615583962447397,1.3615583962447397]","[-3680593141141346187,-6416853373278357823,7921767071183921465,5313353755857973325,-5461034592483479580]","[5295.767946245944,5295.767946245944,5295.767946245944,5295.767946245944,5295.767946245944]","[0.007818821921503,0.007818821921503,0.007818821921503,0.007818821921503,0.007818821921503]","[0.10049934859120468,0.10049934859120468,0.10049934859120468,0.10049934859120468,0.10049934859120468]","[1.259848236620461,1.259848236620461,1.259848236620461,1.259848236620461,1.259848236620461]","[0.009999999904776706,0.009999999904776706,0.009999999904776706,0.009999999904776706,0.009999999904776706]","[1.4789195171594347,1.4789195171594347,1.4789195171594347,1.4789195171594347,1.4789195171594347]","[9928.57020482376,9928.57020482376,9928.57020482376,9928.57020482376,9928.57020482376]","[2.9999747730402735,2.9999747730402735,2.9999747730402735,2.9999747730402735,2.9999747730402735]","[0.3396486069068507,0.3396486069068507,0.3396486069068507,0.3396486069068507,0.3396486069068507]","[0.49909586061143,0.49909586061143,0.49909586061143,0.49909586061143,0.49909586061143]","[CN,CN,CN,CN,CN]","[1248.1330322214735,1248.1330322214735,1248.1330322214735,1248.1330322214735,1248.1330322214735]","[1.1169012352739054,1.1168949590689337,1.1168999773690196,1.116903251606494,1.1168987017117122]","[2.763843435939035,2.763843435939035,2.763843435939035,2.763843435939035,2.763843435939035]","[3.5612412227124336E-6,3.5612412227124336E-6,3.5612412227124336E-6,3.5612412227124336E-6,3.5612412227124336E-6]","[0.007381615681275603,0.007381615681275603,0.007381615681275603,0.007381615681275603,0.007381615681275603]","[6417.584277564601,6417.584277564601,6417.584277564601,6417.584277564601,6417.584277564601]","[0.005775601294015161,0.005775601294015161,0.005775601294015161,0.005775601294015161,0.005775601294015161]","[0.3029319221793333,0.3029319221793333,0.3029319221793333,0.3029319221793333,0.3029319221793333]"
78000,78000,0.0051878487195551205,9908.69879897366,6447.803836992153,0.4975662773473826,0.5797894361915525,0.24310227591733236,1.4284817081266876,normal,0.006664864907577413,0.0073479737966016595,2.7682182948372724,0.3424513431277027,1054.1066115828633,1.472221411700546,3.0,0.00999998517676334,0.10000566449982526,6150.932282811935,3.7919628993214275E-6,1.2409733683051365,0.5256906572139889,34.03150993136215,1.1232342807699591,6,71646,"[0.5797894361915525,0.5797894361915525,0.5797894361915525,0.5797894361915525,0.5797894361915525,0.5797894361915525]","[0.5256906572139889,0.5256906572139889,0.5256906572139889,0.5256906572139889,0.5256906572139889,0.5256906572139889]","[normal,normal,normal,normal,normal,normal]","[34.03142721593572,34.03133139499782,34.031630695139675,34.03160218396378,34.03126947862824,34.031592646788575]","[1.4284817081266876,1.4284817081266876,1.4284817081266876,1.4284817081266876,1.4284817081266876,1.4284817081266876]","[980071714860393838,416646662131349766,6702675179344323567,9188624574973698086,5589906292678160122,-553296642069499514]","[6150.932282811935,6150.932282811935,6150.932282811935,6150.932282811935,6150.932282811935,6150.932282811935]","[0.0073479737966016595,0.0073479737966016595,0.0073479737966016595,0.0073479737966016595,0.0073479737966016595,0.0073479737966016595]","[0.10000566449982526,0.10000566449982526,0.10000566449982526,0.10000566449982526,0.10000566449982526,0.10000566449982526]","[1.2409733683051365,1.2409733683051365,1.2409733683051365,1.2409733683051365,1.2409733683051365,1.2409733683051365]","[0.00999998517676334,0.00999998517676334,0.00999998517676334,0.00999998517676334,0.00999998517676334,0.00999998517676334]","[1.472221411700546,1.472221411700546,1.472221411700546,1.472221411700546,1.472221411700546,1.472221411700546]","[9908.69879897366,9908.69879897366,9908.69879897366,9908.69879897366,9908.69879897366,9908.69879897366]","[3.0,3.0,3.0,3.0,3.0,3.0]","[0.3424513431277027,0.3424513431277027,0.3424513431277027,0.3424513431277027,0.3424513431277027,0.3424513431277027]","[0.4975662773473826,0.4975662773473826,0.4975662773473826,0.4975662773473826,0.4975662773473826,0.4975662773473826]","[CN,CN,CN,CN,CN,CN]","[1054.1066115828633,1054.1066115828633,1054.1066115828633,1054.1066115828633,1054.1066115828633,1054.1066115828633]","[1.1232338725427147,1.123232507910248,1.1232381226228327,1.1232369227830294,1.123231281853324,1.1232346889972036]","[2.7682182948372724,2.7682182948372724,2.7682182948372724,2.7682182948372724,2.7682182948372724,2.7682182948372724]","[3.7919628993214275E-6,3.7919628993214275E-6,3.7919628993214275E-6,3.7919628993214275E-6,3.7919628993214275E-6,3.7919628993214275E-6]","[0.006664864907577413,0.006664864907577413,0.006664864907577413,0.006664864907577413,0.006664864907577413,0.006664864907577413]","[6447.803836992153,6447.803836992153,6447.803836992153,6447.803836992153,6447.803836992153,6447.803836992153]","[0.0051878487195551205,0.0051878487195551205,0.0051878487195551205,0.0051878487195551205,0.0051878487195551205,0.0051878487195551205]","[0.24310227591733236,0.24310227591733236,0.24310227591733236,0.24310227591733236,0.24310227591733236,0.24310227591733236]"
78000,78000,0.0050433229867137145,9934.659799276938,6271.053064589997,0.49887715112810377,0.6064344485739908,0.25465798663991324,1.408378444157175,log-normal,0.006475469471998792,0.006950867884029307,2.76499624990252,0.3321910269167485,1263.044086428142,1.4716103359471673,3.0,0.009999963834003315,0.10022848828398571,5860.558956602648,3.8529577481310324E-6,1.2581576844488442,0.5380844919060533,33.99336106592543,1.1249262240860574,5,77221,"[0.6064344485739908,0.6064344485739908,0.6064344485739908,0.6064344485739908,0.6064344485739908]","[0.5380844919060533,0.5380844919060533,0.5380844919060533,0.5380844919060533,0.5380844919060533]","[log-normal,log-normal,log-normal,log-normal,log-normal]","[33.994187687992316,33.99336106592543,33.993325188740066,33.99326103154105,33.99439942496755]","[1.408378444157175,1.408378444157175,1.408378444157175,1.408378444157175,1.408378444157175]","[5300608758921033674,8930898104647647104,3153721023639222866,7633334911525479221,-5670564887858715166]","[5860.558956602648,5860.558956602648,5860.558956602648,5860.558956602648,5860.558956602648]","[0.006950867884029307,0.006950867884029307,0.006950867884029307,0.006950867884029307,0.006950867884029307]","[0.10022848828398571,0.10022848828398571,0.10022848828398571,0.10022848828398571,0.10022848828398571]","[1.2581576844488442,1.2581576844488442,1.2581576844488442,1.2581576844488442,1.2581576844488442]","[0.009999963834003315,0.009999963834003315,0.009999963834003315,0.009999963834003315,0.009999963834003315]","[1.4716103359471673,1.4716103359471673,1.4716103359471673,1.4716103359471673,1.4716103359471673]","[9934.659799276938,9934.659799276938,9934.659799276938,9934.659799276938,9934.659799276938]","[3.0,3.0,3.0,3.0,3.0]","[0.3321910269167485,0.3321910269167485,0.3321910269167485,0.3321910269167485,0.3321910269167485]","[0.49887715112810377,0.49887715112810377,0.49887715112810377,0.49887715112810377,0.49887715112810377]","[CN,CN,CN,CN,CN]","[1263.044086428142,1263.044086428142,1263.044086428142,1263.044086428142,1263.044086428142]","[1.1249327378920835,1.1249240702558447,1.1249262240860574,1.124926137653809,1.1249424014992089]","[2.76499624990252,2.76499624990252,2.76499624990252,2.76499624990252,2.76499624990252]","[3.8529577481310324E-6,3.8529577481310324E-6,3.8529577481310324E-6,3.8529577481310324E-6,3.8529577481310324E-6]","[0.006475469471998792,0.006475469471998792,0.006475469471998792,0.006475469471998792,0.006475469471998792]","[6271.053064589997,6271.053064589997,6271.053064589997,6271.053064589997,6271.053064589997]","[0.0050433229867137145,0.0050433229867137145,0.0050433229867137145,0.0050433229867137145,0.0050433229867137145]","[0.25465798663991324,0.25465798663991324,0.25465798663991324,0.25465798663991324,0.25465798663991324]"
78000,78000,0.007153096212481227,9852.429496580893,5753.024694228155,0.4709781635304968,0.33552612280336647,0.2652288756681804,1.2532365159492025,normal,0.008407568981336806,0.02410808068888633,2.79547569740547,0.36945247772092793,1121.959616649946,1.4415616483702092,2.9988359965140474,0.009999024083850602,0.10016663098828758,8353.432897568515,0.0,1.2980560943853108,0.3964278154560983,34.814655624717766,1.1035300764201277,9,71678,"[0.33552612280336647,0.33552612280336647,0.33552612280336647,0.33552612280336647,0.33552612280336647,0.33552612280336647,0.33552612280336647,0.33552612280336647,0.33552612280336647]","[0.3964278154560983,0.3964278154560983,0.3964278154560983,0.3964278154560983,0.3964278154560983,0.3964278154560983,0.3964278154560983,0.3964278154560983,0.3964278154560983]","[normal,normal,normal,normal,normal,normal,normal,normal,normal]","[34.814655624717766,34.81474806502105,34.814817224793444,34.81435802120139,34.814191053695446,34.81462652702085,34.81490951280542,34.814838854339065,34.81461418465312]","[1.2532365159492025,1.2532365159492025,1.2532365159492025,1.2532365159492025,1.2532365159492025,1.2532365159492025,1.2532365159492025,1.2532365159492025,1.2532365159492025]","[-3793368880207593826,1131503952999051584,3170439693941010704,7542499718826032016,-1716986847947134612,-7578690901061669957,4066320861096207225,-5267131980104768859,4467208775048554041]","[8353.432897568515,8353.432897568515,8353.432897568515,8353.432897568515,8353.432897568515,8353.432897568515,8353.432897568515,8353.432897568515,8353.432897568515]","[0.02410808068888633,0.02410808068888633,0.02410808068888633,0.02410808068888633,0.02410808068888633,0.02410808068888633,0.02410808068888633,0.02410808068888633,0.02410808068888633]","[0.10016663098828758,0.10016663098828758,0.10016663098828758,0.10016663098828758,0.10016663098828758,0.10016663098828758,0.10016663098828758,0.10016663098828758,0.10016663098828758]","[1.2980560943853108,1.2980560943853108,1.2980560943853108,1.2980560943853108,1.2980560943853108,1.2980560943853108,1.2980560943853108,1.2980560943853108,1.2980560943853108]","[0.009999024083850602,0.009999024083850602,0.009999024083850602,0.009999024083850602,0.009999024083850602,0.009999024083850602,0.009999024083850602,0.009999024083850602,0.009999024083850602]","[1.4415616483702092,1.4415616483702092,1.4415616483702092,1.4415616483702092,1.4415616483702092,1.4415616483702092,1.4415616483702092,1.4415616483702092,1.4415616483702092]","[9852.429496580893,9852.429496580893,9852.429496580893,9852.429496580893,9852.429496580893,9852.429496580893,9852.429496580893,9852.429496580893,9852.429496580893]","[2.9988359965140474,2.9988359965140474,2.9988359965140474,2.9988359965140474,2.9988359965140474,2.9988359965140474,2.9988359965140474,2.9988359965140474,2.9988359965140474]","[0.36945247772092793,0.36945247772092793,0.36945247772092793,0.36945247772092793,0.36945247772092793,0.36945247772092793,0.36945247772092793,0.36945247772092793,0.36945247772092793]","[0.4709781635304968,0.4709781635304968,0.4709781635304968,0.4709781635304968,0.4709781635304968,0.4709781635304968,0.4709781635304968,0.4709781635304968,0.4709781635304968]","[CN,CN,CN,CN,CN,CN,CN,CN,CN]","[1121.959616649946,1121.959616649946,1121.959616649946,1121.959616649946,1121.959616649946,1121.959616649946,1121.959616649946,1121.959616649946,1121.959616649946]","[1.1035311040144786,1.1035321105817035,1.1035315152805578,1.1035276747606828,1.103526549175572,1.1035296022225871,1.103531545285951,1.1035243310054297,1.1035300764201277]","[2.79547569740547,2.79547569740547,2.79547569740547,2.79547569740547,2.79547569740547,2.79547569740547,2.79547569740547,2.79547569740547,2.79547569740547]","[0.0,0.0,0.0,0.0,0.0,0.0,0.0,0.0,0.0]","[0.008407568981336806,0.008407568981336806,0.008407568981336806,0.008407568981336806,0.008407568981336806,0.008407568981336806,0.008407568981336806,0.008407568981336806,0.008407568981336806]","[5753.024694228155,5753.024694228155,5753.024694228155,5753.024694228155,5753.024694228155,5753.024694228155,5753.024694228155,5753.024694228155,5753.024694228155]","[0.007153096212481227,0.007153096212481227,0.007153096212481227,0.007153096212481227,0.007153096212481227,0.007153096212481227,0.007153096212481227,0.007153096212481227,0.007153096212481227]","[0.2652288756681804,0.2652288756681804,0.2652288756681804,0.2652288756681804,0.2652288756681804,0.2652288756681804,0.2652288756681804,0.2652288756681804,0.2652288756681804]"
78000,78000,0.003654670686050972,9896.39414019839,7497.853687316296,0.48835402175169396,0.5765611218936284,0.8837980021738202,0.8776992521333069,normal,0.008588074274644393,0.008439107222069548,2.832072036233121,0.4486894803820878,5074.081435082855,1.4090533431820154,3.0,0.009999014212099252,0.10039914949431794,8552.620333592988,5.5624934497414824E-6,1.404882286557688,0.359983125277639,33.47152923044403,1.1469546532512487,4,74434,"[0.5765611218936284,0.5765611218936284,0.5765611218936284,0.5765611218936284]","[0.359983125277639,0.359983125277639,0.359983125277639,0.359983125277639]","[normal,normal,normal,normal]","[33.47149131926669,33.471567141621364,33.47140803557595,33.47187833241033]","[0.8776992521333069,0.8776992521333069,0.8776992521333069,0.8776992521333069]","[-6944474945483506296,-6077212732598590988,-1674730464149541393,-5384964511144116350]","[8552.620333592988,8552.620333592988,8552.620333592988,8552.620333592988]","[0.008439107222069548,0.008439107222069548,0.008439107222069548,0.008439107222069548]","[0.10039914949431794,0.10039914949431794,0.10039914949431794,0.10039914949431794]","[1.404882286557688,1.404882286557688,1.404882286557688,1.404882286557688]","[0.009999014212099252,0.009999014212099252,0.009999014212099252,0.009999014212099252]","[1.4090533431820154,1.4090533431820154,1.4090533431820154,1.4090533431820154]","[9896.39414019839,9896.39414019839,9896.39414019839,9896.39414019839]","[3.0,3.0,3.0,3.0]","[0.4486894803820878,0.4486894803820878,0.4486894803820878,0.4486894803820878]","[0.48835402175169396,0.48835402175169396,0.48835402175169396,0.48835402175169396]","[CN,CN,CN,CN]","[5074.081435082855,5074.081435082855,5074.081435082855,5074.081435082855]","[1.146954787497655,1.1469545190048427,1.146952959470354,1.1469596102318431]","[2.832072036233121,2.832072036233121,2.832072036233121,2.832072036233121]","[5.5624934497414824E-6,5.5624934497414824E-6,5.5624934497414824E-6,5.5624934497414824E-6]","[0.008588074274644393,0.008588074274644393,0.008588074274644393,0.008588074274644393]","[7497.853687316296,7497.853687316296,7497.853687316296,7497.853687316296]","[0.003654670686050972,0.003654670686050972,0.003654670686050972,0.003654670686050972]","[0.8837980021738202,0.8837980021738202,0.8837980021738202,0.8837980021738202]"
78000,78000,0.005301943258314147,9919.75829405323,6583.728932525892,0.4964875982871673,0.5339906018780693,0.24752461537072862,1.4117779590214248,normal,0.0074349413414597585,0.006808536104152283,2.76596482421499,0.32968943701355496,1478.8510393545446,1.473600500845265,3.0,0.01,0.1002494183055863,5212.450096526703,4.181259564415544E-6,1.252359956570574,0.512132777618595,34.06212791637183,1.1218906577127812,2,75513,"[0.5339906018780693,0.5339906018780693]","[0.512132777618595,0.512132777618595]","[normal,normal]","[34.06191060587361,34.06234522687005]","[1.4117779590214248,1.4117779590214248]","[-4840176805678974698,-716822125595002162]","[5212.450096526703,5212.450096526703]","[0.006808536104152283,0.006808536104152283]","[0.1002494183055863,0.1002494183055863]","[1.252359956570574,1.252359956570574]","[0.01,0.01]","[1.473600500845265,1.473600500845265]","[9919.75829405323,9919.75829405323]","[3.0,3.0]","[0.32968943701355496,0.32968943701355496]","[0.4964875982871673,0.4964875982871673]","[CN,CN]","[1478.8510393545446,1478.8510393545446]","[1.1218903496763102,1.1218909657492524]","[2.76596482421499,2.76596482421499]","[4.181259564415544E-6,4.181259564415544E-6]","[0.0074349413414597585,0.0074349413414597585]","[6583.728932525892,6583.728932525892]","[0.005301943258314147,0.005301943258314147]","[0.24752461537072862,0.24752461537072862]"
78000,78000,0.00892636704521216,9919.786159273073,4494.489639146706,0.4692474754696864,0.15421343856384834,0.21796713740628712,1.3587983851206271,log-normal,0.007663461457818178,0.04314089123683476,2.742972216830628,0.3765176934534141,2105.719137596924,1.4493456336001236,2.994049155108644,0.009998601718393528,0.1,8276.606244842591,2.146596901053493E-7,1.2516055125082644,0.42773893200919044,35.38416445361983,1.0910046842086945,8,73268,"[0.15421343856384834,0.15421343856384834,0.15421343856384834,0.15421343856384834,0.15421343856384834,0.15421343856384834,0.15421343856384834,0.15421343856384834]","[0.42773893200919044,0.42773893200919044,0.42773893200919044,0.42773893200919044,0.42773893200919044,0.42773893200919044,0.42773893200919044,0.42773893200919044]","[log-normal,log-normal,log-normal,log-normal,log-normal,log-normal,log-normal,log-normal]","[35.38427918144798,35.38345597635682,35.385037310763906,35.38465513065349,35.384049725791684,35.38495513469654,35.383121020618184,35.38335003890294]","[1.3587983851206271,1.3587983851206271,1.3587983851206271,1.3587983851206271,1.3587983851206271,1.3587983851206271,1.3587983851206271,1.3587983851206271]","[4443880778913608212,-2998108325294511312,8447486803164756872,-787245261088524858,7462216309629936627,1525649458156957309,-3077586087359873321,-3878198428243760088]","[8276.606244842591,8276.606244842591,8276.606244842591,8276.606244842591,8276.606244842591,8276.606244842591,8276.606244842591,8276.606244842591]","[0.04314089123683476,0.04314089123683476,0.04314089123683476,0.04314089123683476,0.04314089123683476,0.04314089123683476,0.04314089123683476,0.04314089123683476]","[0.1,0.1,0.1,0.1,0.1,0.1,0.1,0.1]","[1.2516055125082644,1.2516055125082644,1.2516055125082644,1.2516055125082644,1.2516055125082644,1.2516055125082644,1.2516055125082644,1.2516055125082644]","[0.009998601718393528,0.009998601718393528,0.009998601718393528,0.009998601718393528,0.009998601718393528,0.009998601718393528,0.009998601718393528,0.009998601718393528]","[1.4493456336001236,1.4493456336001236,1.4493456336001236,1.4493456336001236,1.4493456336001236,1.4493456336001236,1.4493456336001236,1.4493456336001236]","[9919.786159273073,9919.786159273073,9919.786159273073,9919.786159273073,9919.786159273073,9919.786159273073,9919.786159273073,9919.786159273073]","[2.994049155108644,2.994049155108644,2.994049155108644,2.994049155108644,2.994049155108644,2.994049155108644,2.994049155108644,2.994049155108644]","[0.3765176934534141,0.3765176934534141,0.3765176934534141,0.3765176934534141,0.3765176934534141,0.3765176934534141,0.3765176934534141,0.3765176934534141]","[0.4692474754696864,0.4692474754696864,0.4692474754696864,0.4692474754696864,0.4692474754696864,0.4692474754696864,0.4692474754696864,0.4692474754696864]","[CN,CN,CN,CN,CN,CN,CN,CN]","[2105.719137596924,2105.719137596924,2105.719137596924,2105.719137596924,2105.719137596924,2105.719137596924,2105.719137596924,2105.719137596924]","[1.0910058851443059,1.091001422560068,1.091022172506568,1.0910012024498215,1.0910083090697313,1.0910200749513932,1.091002240635201,1.0910034832730833]","[2.742972216830628,2.742972216830628,2.742972216830628,2.742972216830628,2.742972216830628,2.742972216830628,2.742972216830628,2.742972216830628]","[2.146596901053493E-7,2.146596901053493E-7,2.146596901053493E-7,2.146596901053493E-7,2.146596901053493E-7,2.146596901053493E-7,2.146596901053493E-7,2.146596901053493E-7]","[0.007663461457818178,0.007663461457818178,0.007663461457818178,0.007663461457818178,0.007663461457818178,0.007663461457818178,0.007663461457818178,0.007663461457818178]","[4494.489639146706,4494.489639146706,4494.489639146706,4494.489639146706,4494.489639146706,4494.489639146706,4494.489639146706,4494.489639146706]","[0.00892636704521216,0.00892636704521216,0.00892636704521216,0.00892636704521216,0.00892636704521216,0.00892636704521216,0.00892636704521216,0.00892636704521216]","[0.21796713740628712,0.21796713740628712,0.21796713740628712,0.21796713740628712,0.21796713740628712,0.21796713740628712,0.21796713740628712,0.21796713740628712]"
78000,78000,0.00363065105298753,9997.8041914507,7387.623895896338,0.4892565354342807,0.6091005102237451,0.8305537213031297,0.7,normal,0.008752900944003493,0.008274432647077015,2.832931461584592,0.44632355853083916,4696.135941324685,1.4101106373025185,2.999998858258525,0.009999351426696543,0.10033636094306875,8423.170968974071,5.4527649332206185E-6,1.3579320090415046,0.42713529427945895,33.458427204356845,1.1477968102465004,3,74587,"[0.6091005102237451,0.6091005102237451,0.6091005102237451]","[0.42713529427945895,0.42713529427945895,0.42713529427945895]","[normal,normal,normal]","[33.458427204356845,33.458500164754355,33.45837748752725]","[0.7,0.7,0.7]","[1954049697680784146,1887870126660249760,8982076886144906253]","[8423.170968974071,8423.170968974071,8423.170968974071]","[0.008274432647077015,0.008274432647077015,0.008274432647077015]","[0.10033636094306875,0.10033636094306875,0.10033636094306875]","[1.3579320090415046,1.3579320090415046,1.3579320090415046]","[0.009999351426696543,0.009999351426696543,0.009999351426696543]","[1.4101106373025185,1.4101106373025185,1.4101106373025185]","[9997.8041914507,9997.8041914507,9997.8041914507]","[2.999998858258525,2.999998858258525,2.999998858258525]","[0.44632355853083916,0.44632355853083916,0.44632355853083916]","[0.4892565354342807,0.4892565354342807,0.4892565354342807]","[CN,CN,CN]","[4696.135941324685,4696.135941324685,4696.135941324685]","[1.1477968102465004,1.1477986599931922,1.1477967134734934]","[2.832931461584592,2.832931461584592,2.832931461584592]","[5.4527649332206185E-6,5.4527649332206185E-6,5.4527649332206185E-6]","[0.008752900944003493,0.008752900944003493,0.008752900944003493]","[7387.623895896338,7387.623895896338,7387.623895896338]","[0.00363065105298753,0.00363065105298753,0.00363065105298753]","[0.8305537213031297,0.8305537213031297,0.8305537213031297]"
78000,78000,0.0042484139139432955,9775.937170375,7194.4528637459925,0.4978224596116055,0.6493710164948046,0.3039737083192922,1.4568815307382124,normal,0.006951291381060557,0.005926634051092566,2.7677125713065376,0.32481649266517176,625.915741046155,1.4621012434929532,2.632944406213438,0.009988558096305977,0.10000005700942013,6024.22740116389,3.1573327397301086E-6,1.1761254791469011,0.5177370097302896,33.82041092392872,1.135519261565681,10,69384,"[0.6493710164948046,0.6493710164948046,0.6493710164948046,0.6493710164948046,0.6493710164948046,0.6493710164948046,0.6493710164948046,0.6493710164948046,0.6493710164948046,0.6493710164948046]","[0.5177370097302896,0.5177370097302896,0.5177370097302896,0.5177370097302896,0.5177370097302896,0.5177370097302896,0.5177370097302896,0.5177370097302896,0.5177370097302896,0.5177370097302896]","[normal,normal,normal,normal,normal,normal,normal,normal,normal,normal]","[33.820335472459725,33.82041866972643,33.820352890439516,33.820503274843254,33.820595951731384,33.82036771832538,33.82040317813101,33.820680641825554,33.820424210350474,33.82037666261114]","[1.4568815307382124,1.4568815307382124,1.4568815307382124,1.4568815307382124,1.4568815307382124,1.4568815307382124,1.4568815307382124,1.4568815307382124,1.4568815307382124,1.4568815307382124]","[530156283923753142,-8427438627016870754,8900690281203659603,7294768863158564565,-762929303548364516,867856717635414571,6536586099811711172,-3755189719912652495,588237802437975,-821622641617214041]","[6024.22740116389,6024.22740116389,6024.22740116389,6024.22740116389,6024.22740116389,6024.22740116389,6024.22740116389,6024.22740116389,6024.22740116389,6024.22740116389]","[0.005926634051092566,0.005926634051092566,0.005926634051092566,0.005926634051092566,0.005926634051092566,0.005926634051092566,0.005926634051092566,0.005926634051092566,0.005926634051092566,0.005926634051092566]","[0.10000005700942013,0.10000005700942013,0.10000005700942013,0.10000005700942013,0.10000005700942013,0.10000005700942013,0.10000005700942013,0.10000005700942013,0.10000005700942013,0.10000005700942013]","[1.1761254791469011,1.1761254791469011,1.1761254791469011,1.1761254791469011,1.1761254791469011,1.1761254791469011,1.1761254791469011,1.1761254791469011,1.1761254791469011,1.1761254791469011]","[0.009988558096305977,0.009988558096305977,0.009988558096305977,0.009988558096305977,0.009988558096305977,0.009988558096305977,0.009988558096305977,0.009988558096305977,0.009988558096305977,0.009988558096305977]","[1.4621012434929532,1.4621012434929532,1.4621012434929532,1.4621012434929532,1.4621012434929532,1.4621012434929532,1.4621012434929532,1.4621012434929532,1.4621012434929532,1.4621012434929532]","[9775.937170375,9775.937170375,9775.937170375,9775.937170375,9775.937170375,9775.937170375,9775.937170375,9775.937170375,9775.937170375,9775.937170375]","[2.632944406213438,2.632944406213438,2.632944406213438,2.632944406213438,2.632944406213438,2.632944406213438,2.632944406213438,2.632944406213438,2.632944406213438,2.632944406213438]","[0.32481649266517176,0.32481649266517176,0.32481649266517176,0.32481649266517176,0.32481649266517176,0.32481649266517176,0.32481649266517176,0.32481649266517176,0.32481649266517176,0.32481649266517176]","[0.4978224596116055,0.4978224596116055,0.4978224596116055,0.4978224596116055,0.4978224596116055,0.4978224596116055,0.4978224596116055,0.4978224596116055,0.4978224596116055,0.4978224596116055]","[CN,CN,CN,CN,CN,CN,CN,CN,CN,CN]","[625.915741046155,625.915741046155,625.915741046155,625.915741046155,625.915741046155,625.915741046155,625.915741046155,625.915741046155,625.915741046155,625.915741046155]","[1.1355186385703562,1.1355195178520037,1.135518606193528,1.135520477715706,1.135521260788074,1.1355184945992245,1.135519799824171,1.1355241823311497,1.1355190052793585,1.1355180804622136]","[2.7677125713065376,2.7677125713065376,2.7677125713065376,2.7677125713065376,2.7677125713065376,2.7677125713065376,2.7677125713065376,2.7677125713065376,2.7677125713065376,2.7677125713065376]","[3.1573327397301086E-6,3.1573327397301086E-6,3.1573327397301086E-6,3.1573327397301086E-6,3.1573327397301086E-6,3.1573327397301086E-6,3.1573327397301086E-6,3.1573327397301086E-6,3.1573327397301086E-6,3.1573327397301086E-6]","[0.006951291381060557,0.006951291381060557,0.006951291381060557,0.006951291381060557,0.006951291381060557,0.006951291381060557,0.006951291381060557,0.006951291381060557,0.006951291381060557,0.006951291381060557]","[7194.4528637459925,7194.4528637459925,7194.4528637459925,7194.4528637459925,7194.4528637459925,7194.4528637459925,7194.4528637459925,7194.4528637459925,7194.4528637459925,7194.4528637459925]","[0.0042484139139432955,0.0042484139139432955,0.0042484139139432955,0.0042484139139432955,0.0042484139139432955,0.0042484139139432955,0.0042484139139432955,0.0042484139139432955,0.0042484139139432955,0.0042484139139432955]","[0.3039737083192922,0.3039737083192922,0.3039737083192922,0.3039737083192922,0.3039737083192922,0.3039737083192922,0.3039737083192922,0.3039737083192922,0.3039737083192922,0.3039737083192922]"
78000,78000,0.0035578351831743755,9918.166828728075,7347.602713626922,0.48868852072004454,0.6137948333932135,0.898797170842018,0.7347623226516201,normal,0.008707020941003825,0.008394712763219275,2.8377529479199333,0.44768512729660226,5474.367689827701,1.408118053194561,3.0,0.00999828415163883,0.10000256136948317,8367.324166964188,5.322994746021017E-6,1.3648072832612743,0.43319672776534324,33.4466680330805,1.1485169328632936,7,74963,"[0.6137948333932135,0.6137948333932135,0.6137948333932135,0.6137948333932135,0.6137948333932135,0.6137948333932135,0.6137948333932135]","[0.43319672776534324,0.43319672776534324,0.43319672776534324,0.43319672776534324,0.43319672776534324,0.43319672776534324,0.43319672776534324]","[normal,normal,normal,normal,normal,normal,normal]","[33.446674325297586,33.44669182928808,33.4466680330805,33.44632149731387,33.446911615664064,33.446667956451925,33.446341919943436]","[0.7347623226516201,0.7347623226516201,0.7347623226516201,0.7347623226516201,0.7347623226516201,0.7347623226516201,0.7347623226516201]","[328509180836442882,-7952863834429365331,7889952872568742188,-7021002078535156710,1785045323822265742,-4219603304767751543,-8974995898582765420]","[8367.324166964188,8367.324166964188,8367.324166964188,8367.324166964188,8367.324166964188,8367.324166964188,8367.324166964188]","[0.008394712763219275,0.008394712763219275,0.008394712763219275,0.008394712763219275,0.008394712763219275,0.008394712763219275,0.008394712763219275]","[0.10000256136948317,0.10000256136948317,0.10000256136948317,0.10000256136948317,0.10000256136948317,0.10000256136948317,0.10000256136948317]","[1.3648072832612743,1.3648072832612743,1.3648072832612743,1.3648072832612743,1.3648072832612743,1.3648072832612743,1.3648072832612743]","[0.00999828415163883,0.00999828415163883,0.00999828415163883,0.00999828415163883,0.00999828415163883,0.00999828415163883,0.00999828415163883]","[1.408118053194561,1.408118053194561,1.408118053194561,1.408118053194561,1.408118053194561,1.408118053194561,1.408118053194561]","[9918.166828728075,9918.166828728075,9918.166828728075,9918.166828728075,9918.166828728075,9918.166828728075,9918.166828728075]","[3.0,3.0,3.0,3.0,3.0,3.0,3.0]","[0.44768512729660226,0.44768512729660226,0.44768512729660226,0.44768512729660226,0.44768512729660226,0.44768512729660226,0.44768512729660226]","[0.48868852072004454,0.48868852072004454,0.48868852072004454,0.48868852072004454,0.48868852072004454,0.48868852072004454,0.48868852072004454]","[CN,CN,CN,CN,CN,CN,CN]","[5474.367689827701,5474.367689827701,5474.367689827701,5474.367689827701,5474.367689827701,5474.367689827701,5474.367689827701]","[1.1485171034842312,1.1485176356602067,1.1485169328632936,1.1485126820021008,1.148521182191815,1.1485165647224378,1.148512416330592]","[2.8377529479199333,2.8377529479199333,2.8377529479199333,2.8377529479199333,2.8377529479199333,2.8377529479199333,2.8377529479199333]","[5.322994746021017E-6,5.322994746021017E-6,5.322994746021017E-6,5.322994746021017E-6,5.322994746021017E-6,5.322994746021017E-6,5.322994746021017E-6]","[0.008707020941003825,0.008707020941003825,0.008707020941003825,0.008707020941003825,0.008707020941003825,0.008707020941003825,0.008707020941003825]","[7347.602713626922,7347.602713626922,7347.602713626922,7347.602713626922,7347.602713626922,7347.602713626922,7347.602713626922]","[0.0035578351831743755,0.0035578351831743755,0.0035578351831743755,0.0035578351831743755,0.0035578351831743755,0.0035578351831743755,0.0035578351831743755]","[0.898797170842018,0.898797170842018,0.898797170842018,0.898797170842018,0.898797170842018,0.898797170842018,0.898797170842018]"
78000,78000,0.0035700629466397372,9927.985811872853,7352.58921475099,0.48934629444740824,0.6103236211125114,0.8513512858544506,0.7513448921936505,log-normal,0.008707779076793706,0.008338751156479895,2.837604902406074,0.4470075579944046,5597.812404528847,1.4104479044343607,3.0,0.00999827497865662,0.1003827488966614,8367.95842663861,5.3587330189716325E-6,1.3634572979508088,0.4347794739001418,33.44654032712894,1.1491948436660477,2,75948,"[0.6103236211125114,0.6103236211125114]","[0.4347794739001418,0.4347794739001418]","[log-normal,log-normal]","[33.446513157309035,33.44656749694885]","[0.7513448921936505,0.7513448921936505]","[-5019089206944636314,-3979962383846278946]","[8367.95842663861,8367.95842663861]","[0.008338751156479895,0.008338751156479895]","[0.1003827488966614,0.1003827488966614]","[1.3634572979508088,1.3634572979508088]","[0.00999827497865662,0.00999827497865662]","[1.4104479044343607,1.4104479044343607]","[9927.985811872853,9927.985811872853]","[3.0,3.0]","[0.4470075579944046,0.4470075579944046]","[0.48934629444740824,0.48934629444740824]","[CN,CN]","[5597.812404528847,5597.812404528847]","[1.1491939864281664,1.1491957009039293]","[2.837604902406074,2.837604902406074]","[5.3587330189716325E-6,5.3587330189716325E-6]","[0.008707779076793706,0.008707779076793706]","[7352.58921475099,7352.58921475099]","[0.0035700629466397372,0.0035700629466397372]","[0.8513512858544506,0.8513512858544506]"
78000,78000,0.008236809297522936,9884.446474533066,5312.468358515487,0.463858471220919,0.39081783254556746,0.11172089303736503,1.3222491677992168,normal,0.008843264576772427,0.028835581160756976,2.7664733061616564,0.37814942552588626,2287.9614514550008,1.4482349813230937,2.989057046770636,0.009998745592738134,0.10019593183927913,8318.032946402393,4.347528851215682E-7,1.2143817249748001,0.3676458328144112,35.27372955048078,1.0954887527773054,6,72610,"[0.39081783254556746,0.39081783254556746,0.39081783254556746,0.39081783254556746,0.39081783254556746,0.39081783254556746]","[0.3676458328144112,0.3676458328144112,0.3676458328144112,0.3676458328144112,0.3676458328144112,0.3676458328144112]","[normal,normal,normal,normal,normal,normal]","[35.27353083803348,35.27377099297299,35.273544520193056,35.274064218685886,35.27486208991661,35.27368810798856]","[1.3222491677992168,1.3222491677992168,1.3222491677992168,1.3222491677992168,1.3222491677992168,1.3222491677992168]","[7880621679072934614,1152364121688367869,5495436537263652298,-9209386584668177151,1305944699650206382,8970221199830513549]","[8318.032946402393,8318.032946402393,8318.032946402393,8318.032946402393,8318.032946402393,8318.032946402393]","[0.028835581160756976,0.028835581160756976,0.028835581160756976,0.028835581160756976,0.028835581160756976,0.028835581160756976]","[0.10019593183927913,0.10019593183927913,0.10019593183927913,0.10019593183927913,0.10019593183927913,0.10019593183927913]","[1.2143817249748001,1.2143817249748001,1.2143817249748001,1.2143817249748001,1.2143817249748001,1.2143817249748001]","[0.009998745592738134,0.009998745592738134,0.009998745592738134,0.009998745592738134,0.009998745592738134,0.009998745592738134]","[1.4482349813230937,1.4482349813230937,1.4482349813230937,1.4482349813230937,1.4482349813230937,1.4482349813230937]","[9884.446474533066,9884.446474533066,9884.446474533066,9884.446474533066,9884.446474533066,9884.446474533066]","[2.989057046770636,2.989057046770636,2.989057046770636,2.989057046770636,2.989057046770636,2.989057046770636]","[0.37814942552588626,0.37814942552588626,0.37814942552588626,0.37814942552588626,0.37814942552588626,0.37814942552588626]","[0.463858471220919,0.463858471220919,0.463858471220919,0.463858471220919,0.463858471220919,0.463858471220919]","[CN,CN,CN,CN,CN,CN]","[2287.9614514550008,2287.9614514550008,2287.9614514550008,2287.9614514550008,2287.9614514550008,2287.9614514550008]","[1.0954867495233878,1.095488122532206,1.0954875730461804,1.0954925075067325,1.095494461472995,1.0954893830224048]","[2.7664733061616564,2.7664733061616564,2.7664733061616564,2.7664733061616564,2.7664733061616564,2.7664733061616564]","[4.347528851215682E-7,4.347528851215682E-7,4.347528851215682E-7,4.347528851215682E-7,4.347528851215682E-7,4.347528851215682E-7]","[0.008843264576772427,0.008843264576772427,0.008843264576772427,0.008843264576772427,0.008843264576772427,0.008843264576772427]","[5312.468358515487,5312.468358515487,5312.468358515487,5312.468358515487,5312.468358515487,5312.468358515487]","[0.008236809297522936,0.008236809297522936,0.008236809297522936,0.008236809297522936,0.008236809297522936,0.008236809297522936]","[0.11172089303736503,0.11172089303736503,0.11172089303736503,0.11172089303736503,0.11172089303736503,0.11172089303736503]"
78000,78000,0.00874563133872119,9919.734548356639,4452.870068283823,0.46938708644748084,0.15346680458199458,0.21724472603074993,1.3582314920757168,normal,0.007632098648443775,0.04174842062048162,2.74235174530899,0.3760391139664365,2094.5379452317025,1.4492316222446002,2.9941413866766564,0.009998674423798964,0.1,8326.498597925774,2.672940926776745E-7,1.2513547126606852,0.42835399196810564,35.33850627955732,1.093311344773904,6,76333,"[0.15346680458199458,0.15346680458199458,0.15346680458199458,0.15346680458199458,0.15346680458199458,0.15346680458199458]","[0.42835399196810564,0.42835399196810564,0.42835399196810564,0.42835399196810564,0.42835399196810564,0.42835399196810564]","[normal,normal,normal,normal,normal,normal]","[35.33833882343602,35.33967025494452,35.337975729186276,35.337021545651574,35.33867373567862,35.33892471874087]","[1.3582314920757168,1.3582314920757168,1.3582314920757168,1.3582314920757168,1.3582314920757168,1.3582314920757168]","[3177229213989038310,-5945587348632015571,-1691405007707407853,-4306306479606206116,4730892405227814408,-7744598341243705557]","[8326.498597925774,8326.498597925774,8326.498597925774,8326.498597925774,8326.498597925774,8326.498597925774]","[0.04174842062048162,0.04174842062048162,0.04174842062048162,0.04174842062048162,0.04174842062048162,0.04174842062048162]","[0.1,0.1,0.1,0.1,0.1,0.1]","[1.2513547126606852,1.2513547126606852,1.2513547126606852,1.2513547126606852,1.2513547126606852,1.2513547126606852]","[0.009998674423798964,0.009998674423798964,0.009998674423798964,0.009998674423798964,0.009998674423798964,0.009998674423798964]","[1.4492316222446002,1.4492316222446002,1.4492316222446002,1.4492316222446002,1.4492316222446002,1.4492316222446002]","[9919.734548356639,9919.734548356639,9919.734548356639,9919.734548356639,9919.734548356639,9919.734548356639]","[2.9941413866766564,2.9941413866766564,2.9941413866766564,2.9941413866766564,2.9941413866766564,2.9941413866766564]","[0.3760391139664365,0.3760391139664365,0.3760391139664365,0.3760391139664365,0.3760391139664365,0.3760391139664365]","[0.46938708644748084,0.46938708644748084,0.46938708644748084,0.46938708644748084,0.46938708644748084,0.46938708644748084]","[CN,CN,CN,CN,CN,CN]","[2094.5379452317025,2094.5379452317025,2094.5379452317025,2094.5379452317025,2094.5379452317025,2094.5379452317025]","[1.0933426946680864,1.0934290675090013,1.0932445838861704,1.0932595356079085,1.093314450374439,1.093308239173369]","[2.74235174530899,2.74235174530899,2.74235174530899,2.74235174530899,2.74235174530899,2.74235174530899]","[2.672940926776745E-7,2.672940926776745E-7,2.672940926776745E-7,2.672940926776745E-7,2.672940926776745E-7,2.672940926776745E-7]","[0.007632098648443775,0.007632098648443775,0.007632098648443775,0.007632098648443775,0.007632098648443775,0.007632098648443775]","[4452.870068283823,4452.870068283823,4452.870068283823,4452.870068283823,4452.870068283823,4452.870068283823]","[0.00874563133872119,0.00874563133872119,0.00874563133872119,0.00874563133872119,0.00874563133872119,0.00874563133872119]","[0.21724472603074993,0.21724472603074993,0.21724472603074993,0.21724472603074993,0.21724472603074993,0.21724472603074993]"
78000,78000,0.008187758954679656,9882.748214774143,5486.908339721888,0.4633771566294307,0.3811539042249671,0.12503199058586503,1.325968420449863,normal,0.008769291234796922,0.029583112901543324,2.764587688455022,0.3753035859791628,2326.7174281716157,1.4479799905506747,2.990634441721292,0.009998626547713323,0.1001975311277172,8281.709207298036,4.826222199456589E-7,1.211285596324262,0.37268446302474956,35.206157757127684,1.0952116489520036,2,77316,"[0.3811539042249671,0.3811539042249671]","[0.37268446302474956,0.37268446302474956]","[normal,normal]","[35.20613457748698,35.206180936768384]","[1.325968420449863,1.325968420449863]","[5933231232971008623,-2214093806803715810]","[8281.709207298036,8281.709207298036]","[0.029583112901543324,0.029583112901543324]","[0.1001975311277172,0.1001975311277172]","[1.211285596324262,1.211285596324262]","[0.009998626547713323,0.009998626547713323]","[1.4479799905506747,1.4479799905506747]","[9882.748214774143,9882.748214774143]","[2.990634441721292,2.990634441721292]","[0.3753035859791628,0.3753035859791628]","[0.4633771566294307,0.4633771566294307]","[CN,CN]","[2326.7174281716157,2326.7174281716157]","[1.0952119555599387,1.0952113423440684]","[2.764587688455022,2.764587688455022]","[4.826222199456589E-7,4.826222199456589E-7]","[0.008769291234796922,0.008769291234796922]","[5486.908339721888,5486.908339721888]","[0.008187758954679656,0.008187758954679656]","[0.12503199058586503,0.12503199058586503]"
78000,78000,0.009143890548404919,9938.553419601072,4538.4087634143425,0.4704985141338526,0.11340900403838047,0.24205754354127013,1.3366982782393153,normal,0.007717542474811363,0.04434457368477824,2.7447866276923194,0.37776983867347425,2385.1372164029253,1.4507036935991384,2.9674317096066463,0.00999890409945725,0.1000304936145476,8407.955553534695,2.4441439044122904E-7,1.2445185511716912,0.43328248717247886,35.550465929237134,1.0892938426729515,2,74721,"[0.11340900403838047,0.11340900403838047]","[0.43328248717247886,0.43328248717247886]","[normal,normal]","[35.55130468775294,35.54962717072132]","[1.3366982782393153,1.3366982782393153]","[8055880298633486962,4510861310325158046]","[8407.955553534695,8407.955553534695]","[0.04434457368477824,0.04434457368477824]","[0.1000304936145476,0.1000304936145476]","[1.2445185511716912,1.2445185511716912]","[0.00999890409945725,0.00999890409945725]","[1.4507036935991384,1.4507036935991384]","[9938.553419601072,9938.553419601072]","[2.9674317096066463,2.9674317096066463]","[0.37776983867347425,0.37776983867347425]","[0.4704985141338526,0.4704985141338526]","[CN,CN]","[2385.1372164029253,2385.1372164029253]","[1.0893076180065004,1.0892800673394025]","[2.7447866276923194,2.7447866276923194]","[2.4441439044122904E-7,2.4441439044122904E-7]","[0.007717542474811363,0.007717542474811363]","[4538.4087634143425,4538.4087634143425]","[0.009143890548404919,0.009143890548404919]","[0.24205754354127013,0.24205754354127013]"
78000,78000,0.009239584477442154,9932.111912973638,4557.541895213689,0.46865242743249397,0.11580926316457028,0.22676251285691912,1.3302469575801776,log-normal,0.007688161792264553,0.04574434554067799,2.7434008760994386,0.37634308053876764,2051.0499911458114,1.451072670019023,2.9746564471689383,0.009998880015834216,0.10000166955278025,8418.265000640304,1.6564062388810702E-9,1.236235890741811,0.4266397791132225,35.57657326183837,1.0883173115967677,3,77238,"[0.11580926316457028,0.11580926316457028,0.11580926316457028]","[0.4266397791132225,0.4266397791132225,0.4266397791132225]","[log-normal,log-normal,log-normal]","[35.57538404717701,35.577214396021056,35.57657326183837]","[1.3302469575801776,1.3302469575801776,1.3302469575801776]","[-7864208467780669510,-2329385935228573388,3963682475526023335]","[8418.265000640304,8418.265000640304,8418.265000640304]","[0.04574434554067799,0.04574434554067799,0.04574434554067799]","[0.10000166955278025,0.10000166955278025,0.10000166955278025]","[1.236235890741811,1.236235890741811,1.236235890741811]","[0.009998880015834216,0.009998880015834216,0.009998880015834216]","[1.451072670019023,1.451072670019023,1.451072670019023]","[9932.111912973638,9932.111912973638,9932.111912973638]","[2.9746564471689383,2.9746564471689383,2.9746564471689383]","[0.37634308053876764,0.37634308053876764,0.37634308053876764]","[0.46865242743249397,0.46865242743249397,0.46865242743249397]","[CN,CN,CN]","[2051.0499911458114,2051.0499911458114,2051.0499911458114]","[1.0883018662911224,1.0883362402553876,1.0883173115967677]","[2.7434008760994386,2.7434008760994386,2.7434008760994386]","[1.6564062388810702E-9,1.6564062388810702E-9,1.6564062388810702E-9]","[0.007688161792264553,0.007688161792264553,0.007688161792264553]","[4557.541895213689,4557.541895213689,4557.541895213689]","[0.009239584477442154,0.009239584477442154,0.009239584477442154]","[0.22676251285691912,0.22676251285691912,0.22676251285691912]"
78000,78000,0.00902664412015474,9935.919205916283,4471.966469204021,0.4700249046555616,0.10964336342050368,0.23364390378066272,1.3327977667255069,log-normal,0.00770502179343995,0.0427494014026821,2.7439363125505456,0.3757768401826017,2455.483184745931,1.4513605698340628,2.9693617104892738,0.00999887240764982,0.10003146898288474,8492.417226348176,1.5106131314182572E-7,1.2445454733914658,0.4264469282357891,35.505257959461694,1.0899409261806778,4,76346,"[0.10964336342050368,0.10964336342050368,0.10964336342050368,0.10964336342050368]","[0.4264469282357891,0.4264469282357891,0.4264469282357891,0.4264469282357891]","[log-normal,log-normal,log-normal,log-normal]","[35.50593314131047,35.50673063012113,35.50458277761292,35.50418689283667]","[1.3327977667255069,1.3327977667255069,1.3327977667255069,1.3327977667255069]","[-7186020007613568794,-7555139748101948799,7580729043335932649,-5813377314749843621]","[8492.417226348176,8492.417226348176,8492.417226348176,8492.417226348176]","[0.0427494014026821,0.0427494014026821,0.0427494014026821,0.0427494014026821]","[0.10003146898288474,0.10003146898288474,0.10003146898288474,0.10003146898288474]","[1.2445454733914658,1.2445454733914658,1.2445454733914658,1.2445454733914658]","[0.00999887240764982,0.00999887240764982,0.00999887240764982,0.00999887240764982]","[1.4513605698340628,1.4513605698340628,1.4513605698340628,1.4513605698340628]","[9935.919205916283,9935.919205916283,9935.919205916283,9935.919205916283]","[2.9693617104892738,2.9693617104892738,2.9693617104892738,2.9693617104892738]","[0.3757768401826017,0.3757768401826017,0.3757768401826017,0.3757768401826017]","[0.4700249046555616,0.4700249046555616,0.4700249046555616,0.4700249046555616]","[CN,CN,CN,CN]","[2455.483184745931,2455.483184745931,2455.483184745931,2455.483184745931]","[1.0899371277583807,1.089959795455348,1.0899402483203442,1.0899416040410115]","[2.7439363125505456,2.7439363125505456,2.7439363125505456,2.7439363125505456]","[1.5106131314182572E-7,1.5106131314182572E-7,1.5106131314182572E-7,1.5106131314182572E-7]","[0.00770502179343995,0.00770502179343995,0.00770502179343995,0.00770502179343995]","[4471.966469204021,4471.966469204021,4471.966469204021,4471.966469204021]","[0.00902664412015474,0.00902664412015474,0.00902664412015474,0.00902664412015474]","[0.23364390378066272,0.23364390378066272,0.23364390378066272,0.23364390378066272]"
78000,78000,0.009434345456271157,9945.926871012953,4363.560004933897,0.4670529437925554,0.13736074161913517,0.25135653197424235,1.351299764553307,log-normal,0.007425493533480565,0.05,2.7459324687255746,0.36998645637491034,3499.926138190524,1.4524450338625163,2.9667841076952817,0.00998689461981657,0.10000043713324706,8328.371773286366,0.0,1.240783060100161,0.4326546213232346,35.63126956828579,1.0881087464514332,1,77766,"[0.13736074161913517]","[0.4326546213232346]","[log-normal]","[35.63126956828579]","[1.351299764553307]","[-5003598629954913201]","[8328.371773286366]","[0.05]","[0.10000043713324706]","[1.240783060100161]","[0.00998689461981657]","[1.4524450338625163]","[9945.926871012953]","[2.9667841076952817]","[0.36998645637491034]","[0.4670529437925554]","[CN]","[3499.926138190524]","[1.0881087464514332]","[2.7459324687255746]","[0.0]","[0.007425493533480565]","[4363.560004933897]","[0.009434345456271157]","[0.25135653197424235]"
78000,78000,0.00810514643722876,9884.671782517766,5468.715281873644,0.4637734049709738,0.38075179994115294,0.12584932634125212,1.322995247349383,log-normal,0.008781131267531678,0.029197613582042547,2.7664752135834125,0.3744931517057858,2285.314043870587,1.4475627149979036,2.9898267294580787,0.009998640534712954,0.10020047865380292,8250.547796879937,4.891568784661415E-7,1.2135489618402955,0.37245075792920723,35.174950977527864,1.0958269928270996,3,75965,"[0.38075179994115294,0.38075179994115294,0.38075179994115294]","[0.37245075792920723,0.37245075792920723,0.37245075792920723]","[log-normal,log-normal,log-normal]","[35.17444489175707,35.17649240012804,35.174950977527864]","[1.322995247349383,1.322995247349383,1.322995247349383]","[-8966459487903747578,59452704509130003,1063877038694164407]","[8250.547796879937,8250.547796879937,8250.547796879937]","[0.029197613582042547,0.029197613582042547,0.029197613582042547]","[0.10020047865380292,0.10020047865380292,0.10020047865380292]","[1.2135489618402955,1.2135489618402955,1.2135489618402955]","[0.009998640534712954,0.009998640534712954,0.009998640534712954]","[1.4475627149979036,1.4475627149979036,1.4475627149979036]","[9884.671782517766,9884.671782517766,9884.671782517766]","[2.9898267294580787,2.9898267294580787,2.9898267294580787]","[0.3744931517057858,0.3744931517057858,0.3744931517057858]","[0.4637734049709738,0.4637734049709738,0.4637734049709738]","[CN,CN,CN]","[2285.314043870587,2285.314043870587,2285.314043870587]","[1.0958196755755938,1.095852479367737,1.0958269928270996]","[2.7664752135834125,2.7664752135834125,2.7664752135834125]","[4.891568784661415E-7,4.891568784661415E-7,4.891568784661415E-7]","[0.008781131267531678,0.008781131267531678,0.008781131267531678]","[5468.715281873644,5468.715281873644,5468.715281873644]","[0.00810514643722876,0.00810514643722876,0.00810514643722876]","[0.12584932634125212,0.12584932634125212,0.12584932634125212]"
78000,78000,0.008190538219793814,9889.682700322233,5441.006714823475,0.4675094639614989,0.40005903660617137,0.1252584553767795,1.3279493983888822,log-normal,0.008827830163629447,0.02930179987148533,2.7689702320514433,0.37262330368305796,2003.2844856236875,1.4482458189341123,2.9958235993096234,0.009998512112757858,0.10040342540368974,8276.00466803515,2.947351736738679E-7,1.2359149029065712,0.35516801947059895,35.13796749447402,1.096030666667059,3,77574,"[0.40005903660617137,0.40005903660617137,0.40005903660617137]","[0.35516801947059895,0.35516801947059895,0.35516801947059895]","[log-normal,log-normal,log-normal]","[35.13819258110756,35.1375222600209,35.13796749447402]","[1.3279493983888822,1.3279493983888822,1.3279493983888822]","[8362670598079184331,-2153811016488623686,810095536684132901]","[8276.00466803515,8276.00466803515,8276.00466803515]","[0.02930179987148533,0.02930179987148533,0.02930179987148533]","[0.10040342540368974,0.10040342540368974,0.10040342540368974]","[1.2359149029065712,1.2359149029065712,1.2359149029065712]","[0.009998512112757858,0.009998512112757858,0.009998512112757858]","[1.4482458189341123,1.4482458189341123,1.4482458189341123]","[9889.682700322233,9889.682700322233,9889.682700322233]","[2.9958235993096234,2.9958235993096234,2.9958235993096234]","[0.37262330368305796,0.37262330368305796,0.37262330368305796]","[0.4675094639614989,0.4675094639614989,0.4675094639614989]","[CN,CN,CN]","[2003.2844856236875,2003.2844856236875,2003.2844856236875]","[1.096036684622064,1.0960238672939049,1.096030666667059]","[2.7689702320514433,2.7689702320514433,2.7689702320514433]","[2.947351736738679E-7,2.947351736738679E-7,2.947351736738679E-7]","[0.008827830163629447,0.008827830163629447,0.008827830163629447]","[5441.006714823475,5441.006714823475,5441.006714823475]","[0.008190538219793814,0.008190538219793814,0.008190538219793814]","[0.1252584553767795,0.1252584553767795,0.1252584553767795]"
78000,78000,0.006230438169516254,9916.520752076489,6274.412063600127,0.4997683533236565,0.5961913882950236,0.3419556823490972,1.2898470375551725,normal,0.006846927542741619,0.009315483868084283,2.713161973371906,0.3326972677833294,916.2123870112689,1.4943271304187586,2.648103738069344,0.009999326633218153,0.10039855817657299,5707.78799694136,3.1280407689751027E-6,1.1572246206892953,0.5041603278835737,34.41256227884807,1.113171309806194,2,76853,"[0.5961913882950236,0.5961913882950236]","[0.5041603278835737,0.5041603278835737]","[normal,normal]","[34.41262822508538,34.412496332610765]","[1.2898470375551725,1.2898470375551725]","[-5386527804102968872,-1185218058911811189]","[5707.78799694136,5707.78799694136]","[0.009315483868084283,0.009315483868084283]","[0.10039855817657299,0.10039855817657299]","[1.1572246206892953,1.1572246206892953]","[0.009999326633218153,0.009999326633218153]","[1.4943271304187586,1.4943271304187586]","[9916.520752076489,9916.520752076489]","[2.648103738069344,2.648103738069344]","[0.3326972677833294,0.3326972677833294]","[0.4997683533236565,0.4997683533236565]","[CN,CN]","[916.2123870112689,916.2123870112689]","[1.1131724087374242,1.113170210874964]","[2.713161973371906,2.713161973371906]","[3.1280407689751027E-6,3.1280407689751027E-6]","[0.006846927542741619,0.006846927542741619]","[6274.412063600127,6274.412063600127]","[0.006230438169516254,0.006230438169516254]","[0.3419556823490972,0.3419556823490972]"
78000,78000,0.007349981672028522,9836.078441392052,5663.507340519289,0.4707766632883479,0.35175051553985337,0.28923942932064245,1.2885930948948516,normal,0.008543371980675956,0.023826212699416933,2.786173370457397,0.36220861193051423,1270.402515970309,1.4453384417709336,3.0,0.00999894652933729,0.10017481956736418,8367.104896244009,2.621392663674178E-7,1.2863304199996826,0.3736493919444769,34.8864368291142,1.1016470045421731,2,76818,"[0.35175051553985337,0.35175051553985337]","[0.3736493919444769,0.3736493919444769]","[normal,normal]","[34.88637856939657,34.88649508883183]","[1.2885930948948516,1.2885930948948516]","[-8116523002306300653,-7940867006849813030]","[8367.104896244009,8367.104896244009]","[0.023826212699416933,0.023826212699416933]","[0.10017481956736418,0.10017481956736418]","[1.2863304199996826,1.2863304199996826]","[0.00999894652933729,0.00999894652933729]","[1.4453384417709336,1.4453384417709336]","[9836.078441392052,9836.078441392052]","[3.0,3.0]","[0.36220861193051423,0.36220861193051423]","[0.4707766632883479,0.4707766632883479]","[CN,CN]","[1270.402515970309,1270.402515970309]","[1.1016464832440567,1.1016475258402894]","[2.786173370457397,2.786173370457397]","[2.621392663674178E-7,2.621392663674178E-7]","[0.008543371980675956,0.008543371980675956]","[5663.507340519289,5663.507340519289]","[0.007349981672028522,0.007349981672028522]","[0.28923942932064245,0.28923942932064245]"
78000,78000,0.006201024697101253,9916.980672640164,6284.668066827781,0.4999671638933611,0.5963893795066292,0.3327770413116109,1.2590082538512257,log-normal,0.00687509316029871,0.009262417654620778,2.7126771354760564,0.33141532215680536,810.202926331458,1.4944298343465248,2.6452346724833724,0.009999326825381133,0.10039835956198076,5757.943852899005,3.0077425872472057E-6,1.1594926388278164,0.5035482324971338,34.38537624380782,1.1133084069625765,3,75785,"[0.5963893795066292,0.5963893795066292,0.5963893795066292]","[0.5035482324971338,0.5035482324971338,0.5035482324971338]","[log-normal,log-normal,log-normal]","[34.385309624434164,34.38566219424369,34.38537624380782]","[1.2590082538512257,1.2590082538512257,1.2590082538512257]","[-7136971889735670807,6935084091763682408,-7215744893345863773]","[5757.943852899005,5757.943852899005,5757.943852899005]","[0.009262417654620778,0.009262417654620778,0.009262417654620778]","[0.10039835956198076,0.10039835956198076,0.10039835956198076]","[1.1594926388278164,1.1594926388278164,1.1594926388278164]","[0.009999326825381133,0.009999326825381133,0.009999326825381133]","[1.4944298343465248,1.4944298343465248,1.4944298343465248]","[9916.980672640164,9916.980672640164,9916.980672640164]","[2.6452346724833724,2.6452346724833724,2.6452346724833724]","[0.33141532215680536,0.33141532215680536,0.33141532215680536]","[0.4999671638933611,0.4999671638933611,0.4999671638933611]","[CN,CN,CN]","[810.202926331458,810.202926331458,810.202926331458]","[1.113305970726505,1.11330943164545,1.1133084069625765]","[2.7126771354760564,2.7126771354760564,2.7126771354760564]","[3.0077425872472057E-6,3.0077425872472057E-6,3.0077425872472057E-6]","[0.00687509316029871,0.00687509316029871,0.00687509316029871]","[6284.668066827781,6284.668066827781,6284.668066827781]","[0.006201024697101253,0.006201024697101253,0.006201024697101253]","[0.3327770413116109,0.3327770413116109,0.3327770413116109]"
78000,78000,0.00890102670006875,9920.175276420601,4544.974999038763,0.4689014787488952,0.1528199471989779,0.21270697536119054,1.3566151347966457,log-normal,0.007726347202687051,0.04331223828861903,2.743020411247129,0.37638512709304917,2065.813971358692,1.4491309959495016,2.999858210387662,0.009995927369489331,0.10000379656485732,8262.170985098624,1.928845823961315E-7,1.2472216936806724,0.4271467983851306,35.3696635180937,1.0915412699714273,2,77050,"[0.1528199471989779,0.1528199471989779]","[0.4271467983851306,0.4271467983851306]","[log-normal,log-normal]","[35.36954514877073,35.369781887416664]","[1.3566151347966457,1.3566151347966457]","[-5992131659024995870,-4333366757689299350]","[8262.170985098624,8262.170985098624]","[0.04331223828861903,0.04331223828861903]","[0.10000379656485732,0.10000379656485732]","[1.2472216936806724,1.2472216936806724]","[0.009995927369489331,0.009995927369489331]","[1.4491309959495016,1.4491309959495016]","[9920.175276420601,9920.175276420601]","[2.999858210387662,2.999858210387662]","[0.37638512709304917,0.37638512709304917]","[0.4689014787488952,0.4689014787488952]","[CN,CN]","[2065.813971358692,2065.813971358692]","[1.0916092175677459,1.091473322375109]","[2.743020411247129,2.743020411247129]","[1.928845823961315E-7,1.928845823961315E-7]","[0.007726347202687051,0.007726347202687051]","[4544.974999038763,4544.974999038763]","[0.00890102670006875,0.00890102670006875]","[0.21270697536119054,0.21270697536119054]"
78000,78000,0.00739632465284265,9841.312486751047,5675.0928870003945,0.47119286333804344,0.3499617642466353,0.28928424113985246,1.2899659578338984,log-normal,0.00851299606740885,0.023615720189946815,2.7870279122902644,0.3621629251817232,1270.04028130148,1.445191644133956,3.0,0.009998917093758622,0.10017484274232603,8390.96437851307,3.188899192439247E-7,1.282112850051041,0.37002026291066414,34.91692658487913,1.1012948728095717,1,77762,"[0.3499617642466353]","[0.37002026291066414]","[log-normal]","[34.91692658487913]","[1.2899659578338984]","[-6764960277053938782]","[8390.96437851307]","[0.023615720189946815]","[0.10017484274232603]","[1.282112850051041]","[0.009998917093758622]","[1.445191644133956]","[9841.312486751047]","[3.0]","[0.3621629251817232]","[0.47119286333804344]","[CN]","[1270.04028130148]","[1.1012948728095717]","[2.7870279122902644]","[3.188899192439247E-7]","[0.00851299606740885]","[5675.0928870003945]","[0.00739632465284265]","[0.28928424113985246]"
78000,78000,0.003814439687375504,9895.260205663433,7538.732190233564,0.48830059923532165,0.5764894169170025,0.8515067828031451,0.8818492865367238,normal,0.008608092236561294,0.008439126044735918,2.8324120368578916,0.44810575669241337,5088.165963496537,1.4040870453891288,2.999999942020769,0.009999014436793139,0.10039747726348153,8684.65039609986,5.581834842142784E-6,1.4007209565876027,0.3648957672505512,33.63607046763063,1.1430328397924354,10,72603,"[0.5764894169170025,0.5764894169170025,0.5764894169170025,0.5764894169170025,0.5764894169170025,0.5764894169170025,0.5764894169170025,0.5764894169170025,0.5764894169170025,0.5764894169170025]","[0.3648957672505512,0.3648957672505512,0.3648957672505512,0.3648957672505512,0.3648957672505512,0.3648957672505512,0.3648957672505512,0.3648957672505512,0.3648957672505512,0.3648957672505512]","[normal,normal,normal,normal,normal,normal,normal,normal,normal,normal]","[33.63633591152118,33.63654510483918,33.63603676337212,33.63597051831106,33.636104171889144,33.63572196102773,33.63595563210355,33.63543804159733,33.63650329298168,33.63617504179968]","[0.8818492865367238,0.8818492865367238,0.8818492865367238,0.8818492865367238,0.8818492865367238,0.8818492865367238,0.8818492865367238,0.8818492865367238,0.8818492865367238,0.8818492865367238]","[615467981573947334,901482421785520302,4113787346514635183,8500710837095592860,341219584358645508,8352695987144750672,-7137959780551263740,6163838091977194650,8949939265643838721,-8611763801096064508]","[8684.65039609986,8684.65039609986,8684.65039609986,8684.65039609986,8684.65039609986,8684.65039609986,8684.65039609986,8684.65039609986,8684.65039609986,8684.65039609986]","[0.008439126044735918,0.008439126044735918,0.008439126044735918,0.008439126044735918,0.008439126044735918,0.008439126044735918,0.008439126044735918,0.008439126044735918,0.008439126044735918,0.008439126044735918]","[0.10039747726348153,0.10039747726348153,0.10039747726348153,0.10039747726348153,0.10039747726348153,0.10039747726348153,0.10039747726348153,0.10039747726348153,0.10039747726348153,0.10039747726348153]","[1.4007209565876027,1.4007209565876027,1.4007209565876027,1.4007209565876027,1.4007209565876027,1.4007209565876027,1.4007209565876027,1.4007209565876027,1.4007209565876027,1.4007209565876027]","[0.009999014436793139,0.009999014436793139,0.009999014436793139,0.009999014436793139,0.009999014436793139,0.009999014436793139,0.009999014436793139,0.009999014436793139,0.009999014436793139,0.009999014436793139]","[1.4040870453891288,1.4040870453891288,1.4040870453891288,1.4040870453891288,1.4040870453891288,1.4040870453891288,1.4040870453891288,1.4040870453891288,1.4040870453891288,1.4040870453891288]","[9895.260205663433,9895.260205663433,9895.260205663433,9895.260205663433,9895.260205663433,9895.260205663433,9895.260205663433,9895.260205663433,9895.260205663433,9895.260205663433]","[2.999999942020769,2.999999942020769,2.999999942020769,2.999999942020769,2.999999942020769,2.999999942020769,2.999999942020769,2.999999942020769,2.999999942020769,2.999999942020769]","[0.44810575669241337,0.44810575669241337,0.44810575669241337,0.44810575669241337,0.44810575669241337,0.44810575669241337,0.44810575669241337,0.44810575669241337,0.44810575669241337,0.44810575669241337]","[0.48830059923532165,0.48830059923532165,0.48830059923532165,0.48830059923532165,0.48830059923532165,0.48830059923532165,0.48830059923532165,0.48830059923532165,0.48830059923532165,0.48830059923532165]","[CN,CN,CN,CN,CN,CN,CN,CN,CN,CN]","[5088.165963496537,5088.165963496537,5088.165963496537,5088.165963496537,5088.165963496537,5088.165963496537,5088.165963496537,5088.165963496537,5088.165963496537,5088.165963496537]","[1.143033100155093,1.1430360859338635,1.143031983870937,1.1430311143898682,1.1430328233084635,1.143030458424283,1.1430329955993024,1.1430285170081635,1.143035506989558,1.1430328562764072]","[2.8324120368578916,2.8324120368578916,2.8324120368578916,2.8324120368578916,2.8324120368578916,2.8324120368578916,2.8324120368578916,2.8324120368578916,2.8324120368578916,2.8324120368578916]","[5.581834842142784E-6,5.581834842142784E-6,5.581834842142784E-6,5.581834842142784E-6,5.581834842142784E-6,5.581834842142784E-6,5.581834842142784E-6,5.581834842142784E-6,5.581834842142784E-6,5.581834842142784E-6]","[0.008608092236561294,0.008608092236561294,0.008608092236561294,0.008608092236561294,0.008608092236561294,0.008608092236561294,0.008608092236561294,0.008608092236561294,0.008608092236561294,0.008608092236561294]","[7538.732190233564,7538.732190233564,7538.732190233564,7538.732190233564,7538.732190233564,7538.732190233564,7538.732190233564,7538.732190233564,7538.732190233564,7538.732190233564]","[0.003814439687375504,0.003814439687375504,0.003814439687375504,0.003814439687375504,0.003814439687375504,0.003814439687375504,0.003814439687375504,0.003814439687375504,0.003814439687375504,0.003814439687375504]","[0.8515067828031451,0.8515067828031451,0.8515067828031451,0.8515067828031451,0.8515067828031451,0.8515067828031451,0.8515067828031451,0.8515067828031451,0.8515067828031451,0.8515067828031451]"
78000,78000,0.007652133367809332,9884.216734635993,5441.606483701079,0.4626011842611356,0.36007688674567206,0.1037662441262312,1.3261951870389965,log-normal,0.008366852938944472,0.028445706809432626,2.7650740578636994,0.3819231556263455,2173.424973369667,1.4427863286910025,3.0,0.009998793834136406,0.10013272184287501,8193.016589809418,1.3659629644728896E-7,1.200621952026905,0.3893338214220964,34.96748508417389,1.100621227389408,2,77794,"[0.36007688674567206,0.36007688674567206]","[0.3893338214220964,0.3893338214220964]","[log-normal,log-normal]","[34.96732407977606,34.967646088571705]","[1.3261951870389965,1.3261951870389965]","[7016344889465726143,-2504798403904511428]","[8193.016589809418,8193.016589809418]","[0.028445706809432626,0.028445706809432626]","[0.10013272184287501,0.10013272184287501]","[1.200621952026905,1.200621952026905]","[0.009998793834136406,0.009998793834136406]","[1.4427863286910025,1.4427863286910025]","[9884.216734635993,9884.216734635993]","[3.0,3.0]","[0.3819231556263455,0.3819231556263455]","[0.4626011842611356,0.4626011842611356]","[CN,CN]","[2173.424973369667,2173.424973369667]","[1.1006212919012184,1.1006211628775977]","[2.7650740578636994,2.7650740578636994]","[1.3659629644728896E-7,1.3659629644728896E-7]","[0.008366852938944472,0.008366852938944472]","[5441.606483701079,5441.606483701079]","[0.007652133367809332,0.007652133367809332]","[0.1037662441262312,0.1037662441262312]"
78000,78000,0.005820663387896826,9928.214991196577,6427.953499977241,0.49871955338365165,0.5854789558958002,0.30944567501430753,1.3606531582760475,normal,0.007410975745337489,0.007955882481844603,2.7636462019666252,0.3402606602914413,1236.2192252599027,1.4787552123621053,2.999983988167862,0.009999989986357429,0.1005108921382157,5397.588287621439,3.5401441166207626E-6,1.2604116505241556,0.5425514201553624,34.21449409998995,1.1164346996287668,2,77315,"[0.5854789558958002,0.5854789558958002]","[0.5425514201553624,0.5425514201553624]","[normal,normal]","[34.21444764100372,34.214540558976175]","[1.3606531582760475,1.3606531582760475]","[2860775143757151253,-1142260869295802852]","[5397.588287621439,5397.588287621439]","[0.007955882481844603,0.007955882481844603]","[0.1005108921382157,0.1005108921382157]","[1.2604116505241556,1.2604116505241556]","[0.009999989986357429,0.009999989986357429]","[1.4787552123621053,1.4787552123621053]","[9928.214991196577,9928.214991196577]","[2.999983988167862,2.999983988167862]","[0.3402606602914413,0.3402606602914413]","[0.49871955338365165,0.49871955338365165]","[CN,CN]","[1236.2192252599027,1236.2192252599027]","[1.1164333116061635,1.11643608765137]","[2.7636462019666252,2.7636462019666252]","[3.5401441166207626E-6,3.5401441166207626E-6]","[0.007410975745337489,0.007410975745337489]","[6427.953499977241,6427.953499977241]","[0.005820663387896826,0.005820663387896826]","[0.30944567501430753,0.30944567501430753]"
78000,78000,0.009438915867848448,9949.910472539466,4574.558396362306,0.4698111898693543,0.17160940724577087,0.20415079185147794,1.3525342168264909,normal,0.007751682224862783,0.04870639758465433,2.746837645018246,0.3738655513407323,3620.990596876763,1.4505327588232926,2.9550199557430274,0.009995024850471825,0.1000256483553852,8283.178311363845,1.5095549838680744E-7,1.2356569557885164,0.430494497609074,35.69199636969866,1.0885891292131007,10,72920,"[0.17160940724577087,0.17160940724577087,0.17160940724577087,0.17160940724577087,0.17160940724577087,0.17160940724577087,0.17160940724577087,0.17160940724577087,0.17160940724577087,0.17160940724577087]","[0.430494497609074,0.430494497609074,0.430494497609074,0.430494497609074,0.430494497609074,0.430494497609074,0.430494497609074,0.430494497609074,0.430494497609074,0.430494497609074]","[normal,normal,normal,normal,normal,normal,normal,normal,normal,normal]","[35.69081207287541,35.692622968483526,35.69473883698647,35.69136977091378,35.694305923426114,35.69358253401712,35.693925354485266,35.69114921012598,35.690316887149336,35.691041127318584]","[1.3525342168264909,1.3525342168264909,1.3525342168264909,1.3525342168264909,1.3525342168264909,1.3525342168264909,1.3525342168264909,1.3525342168264909,1.3525342168264909,1.3525342168264909]","[2425730064232806468,-8753753256022672945,2654619040341451770,-7791410273581959286,2652907086962025334,-5354138090345923047,1338125323278022359,3239787648009136880,-2970048389818125621,4535404276694082033]","[8283.178311363845,8283.178311363845,8283.178311363845,8283.178311363845,8283.178311363845,8283.178311363845,8283.178311363845,8283.178311363845,8283.178311363845,8283.178311363845]","[0.04870639758465433,0.04870639758465433,0.04870639758465433,0.04870639758465433,0.04870639758465433,0.04870639758465433,0.04870639758465433,0.04870639758465433,0.04870639758465433,0.04870639758465433]","[0.1000256483553852,0.1000256483553852,0.1000256483553852,0.1000256483553852,0.1000256483553852,0.1000256483553852,0.1000256483553852,0.1000256483553852,0.1000256483553852,0.1000256483553852]","[1.2356569557885164,1.2356569557885164,1.2356569557885164,1.2356569557885164,1.2356569557885164,1.2356569557885164,1.2356569557885164,1.2356569557885164,1.2356569557885164,1.2356569557885164]","[0.009995024850471825,0.009995024850471825,0.009995024850471825,0.009995024850471825,0.009995024850471825,0.009995024850471825,0.009995024850471825,0.009995024850471825,0.009995024850471825,0.009995024850471825]","[1.4505327588232926,1.4505327588232926,1.4505327588232926,1.4505327588232926,1.4505327588232926,1.4505327588232926,1.4505327588232926,1.4505327588232926,1.4505327588232926,1.4505327588232926]","[9949.910472539466,9949.910472539466,9949.910472539466,9949.910472539466,9949.910472539466,9949.910472539466,9949.910472539466,9949.910472539466,9949.910472539466,9949.910472539466]","[2.9550199557430274,2.9550199557430274,2.9550199557430274,2.9550199557430274,2.9550199557430274,2.9550199557430274,2.9550199557430274,2.9550199557430274,2.9550199557430274,2.9550199557430274]","[0.3738655513407323,0.3738655513407323,0.3738655513407323,0.3738655513407323,0.3738655513407323,0.3738655513407323,0.3738655513407323,0.3738655513407323,0.3738655513407323,0.3738655513407323]","[0.4698111898693543,0.4698111898693543,0.4698111898693543,0.4698111898693543,0.4698111898693543,0.4698111898693543,0.4698111898693543,0.4698111898693543,0.4698111898693543,0.4698111898693543]","[CN,CN,CN,CN,CN,CN,CN,CN,CN,CN]","[3620.990596876763,3620.990596876763,3620.990596876763,3620.990596876763,3620.990596876763,3620.990596876763,3620.990596876763,3620.990596876763,3620.990596876763,3620.990596876763]","[1.0885677339995903,1.0886035992570031,1.0886224322428713,1.0885796933238794,1.0886156830943843,1.088598565102322,1.0886352247673696,1.088567906647697,1.0885715325479173,1.0885631380805731]","[2.746837645018246,2.746837645018246,2.746837645018246,2.746837645018246,2.746837645018246,2.746837645018246,2.746837645018246,2.746837645018246,2.746837645018246,2.746837645018246]","[1.5095549838680744E-7,1.5095549838680744E-7,1.5095549838680744E-7,1.5095549838680744E-7,1.5095549838680744E-7,1.5095549838680744E-7,1.5095549838680744E-7,1.5095549838680744E-7,1.5095549838680744E-7,1.5095549838680744E-7]","[0.007751682224862783,0.007751682224862783,0.007751682224862783,0.007751682224862783,0.007751682224862783,0.007751682224862783,0.007751682224862783,0.007751682224862783,0.007751682224862783,0.007751682224862783]","[4574.558396362306,4574.558396362306,4574.558396362306,4574.558396362306,4574.558396362306,4574.558396362306,4574.558396362306,4574.558396362306,4574.558396362306,4574.558396362306]","[0.009438915867848448,0.009438915867848448,0.009438915867848448,0.009438915867848448,0.009438915867848448,0.009438915867848448,0.009438915867848448,0.009438915867848448,0.009438915867848448,0.009438915867848448]","[0.20415079185147794,0.20415079185147794,0.20415079185147794,0.20415079185147794,0.20415079185147794,0.20415079185147794,0.20415079185147794,0.20415079185147794,0.20415079185147794,0.20415079185147794]"
78000,78000,0.0075904045563431255,9889.941140625537,5526.043784965133,0.46403334695752924,0.35969696740142876,0.053327727193922814,1.3510622885663628,normal,0.008381989263786811,0.027392693002363827,2.766087151906815,0.3791081402281753,2226.2940153072163,1.443085873522266,3.0,0.009998590605777414,0.1001371317560239,8205.923418580362,1.0738690588421106E-7,1.1979535750635362,0.36485115115993316,34.94492412615853,1.1009823839715653,1,77919,"[0.35969696740142876]","[0.36485115115993316]","[normal]","[34.94492412615853]","[1.3510622885663628]","[7076417254694023824]","[8205.923418580362]","[0.027392693002363827]","[0.1001371317560239]","[1.1979535750635362]","[0.009998590605777414]","[1.443085873522266]","[9889.941140625537]","[3.0]","[0.3791081402281753]","[0.46403334695752924]","[CN]","[2226.2940153072163]","[1.1009823839715653]","[2.766087151906815]","[1.0738690588421106E-7]","[0.008381989263786811]","[5526.043784965133]","[0.0075904045563431255]","[0.053327727193922814]"
78000,78000,0.006550362464772934,9938.121789948076,6502.419629053311,0.49853528102752964,0.5615440237479178,0.3310361143000145,1.3130167941312036,normal,0.0069925632548448,0.010125470565130024,2.7060754649301955,0.32855151087868717,197.7269893129137,1.4973285225583315,2.6369179160680916,0.00999976536135977,0.10000064053569524,5676.421337163339,3.8119754030878813E-6,1.182709815823684,0.5362396182682135,34.556935841831596,1.1104199911856831,2,76317,"[0.5615440237479178,0.5615440237479178]","[0.5362396182682135,0.5362396182682135]","[normal,normal]","[34.557569348231816,34.556302335431376]","[1.3130167941312036,1.3130167941312036]","[4045263583111639313,4405238721858399400]","[5676.421337163339,5676.421337163339]","[0.010125470565130024,0.010125470565130024]","[0.10000064053569524,0.10000064053569524]","[1.182709815823684,1.182709815823684]","[0.00999976536135977,0.00999976536135977]","[1.4973285225583315,1.4973285225583315]","[9938.121789948076,9938.121789948076]","[2.6369179160680916,2.6369179160680916]","[0.32855151087868717,0.32855151087868717]","[0.49853528102752964,0.49853528102752964]","[CN,CN]","[197.7269893129137,197.7269893129137]","[1.1104264620283768,1.1104135203429892]","[2.7060754649301955,2.7060754649301955]","[3.8119754030878813E-6,3.8119754030878813E-6]","[0.0069925632548448,0.0069925632548448]","[6502.419629053311,6502.419629053311]","[0.006550362464772934,0.006550362464772934]","[0.3310361143000145,0.3310361143000145]"
78000,78000,0.006727600095026226,9929.22142205799,6394.98093504794,0.49989299272441556,0.5603280478105951,0.3591881476920377,1.3238992747936618,log-normal,0.006885269400047161,0.010615503474869137,2.702310633254805,0.3306557959425629,273.8556483806645,1.5008400228882928,2.6360644716073174,0.009998108488247684,0.1000000281040103,5926.590186546155,3.0452714526038126E-6,1.1825783591682735,0.49270610840716256,34.61738106926959,1.1094265426453134,3,76286,"[0.5603280478105951,0.5603280478105951,0.5603280478105951]","[0.49270610840716256,0.49270610840716256,0.49270610840716256]","[log-normal,log-normal,log-normal]","[34.61729659707278,34.617642223359844,34.61738106926959]","[1.3238992747936618,1.3238992747936618,1.3238992747936618]","[5805823733231317707,3473265892027526904,-2956118269888994823]","[5926.590186546155,5926.590186546155,5926.590186546155]","[0.010615503474869137,0.010615503474869137,0.010615503474869137]","[0.1000000281040103,0.1000000281040103,0.1000000281040103]","[1.1825783591682735,1.1825783591682735,1.1825783591682735]","[0.009998108488247684,0.009998108488247684,0.009998108488247684]","[1.5008400228882928,1.5008400228882928,1.5008400228882928]","[9929.22142205799,9929.22142205799,9929.22142205799]","[2.6360644716073174,2.6360644716073174,2.6360644716073174]","[0.3306557959425629,0.3306557959425629,0.3306557959425629]","[0.49989299272441556,0.49989299272441556,0.49989299272441556]","[CN,CN,CN]","[273.8556483806645,273.8556483806645,273.8556483806645]","[1.1094239220955515,1.1094294225183505,1.1094265426453134]","[2.702310633254805,2.702310633254805,2.702310633254805]","[3.0452714526038126E-6,3.0452714526038126E-6,3.0452714526038126E-6]","[0.006885269400047161,0.006885269400047161,0.006885269400047161]","[6394.98093504794,6394.98093504794,6394.98093504794]","[0.006727600095026226,0.006727600095026226,0.006727600095026226]","[0.3591881476920377,0.3591881476920377,0.3591881476920377]"
78000,78000,0.008142524851556756,9889.958579377382,5416.357424496889,0.4676503914024774,0.39667283675818465,0.13031636768297514,1.326917866736589,normal,0.008838850982586114,0.02892603737255477,2.769090551359447,0.37450098832877476,2068.5916938983496,1.4488534022768538,3.0,0.009998423015679034,0.10038825203721051,8372.9839987815,3.2832096400728826E-7,1.2348551928769613,0.3534946643804264,35.10486153860247,1.0963380281470676,2,77279,"[0.39667283675818465,0.39667283675818465]","[0.3534946643804264,0.3534946643804264]","[normal,normal]","[35.10484790777577,35.10487516942917]","[1.326917866736589,1.326917866736589]","[-4166432138679195296,7658277642856917666]","[8372.9839987815,8372.9839987815]","[0.02892603737255477,0.02892603737255477]","[0.10038825203721051,0.10038825203721051]","[1.2348551928769613,1.2348551928769613]","[0.009998423015679034,0.009998423015679034]","[1.4488534022768538,1.4488534022768538]","[9889.958579377382,9889.958579377382]","[3.0,3.0]","[0.37450098832877476,0.37450098832877476]","[0.4676503914024774,0.4676503914024774]","[CN,CN]","[2068.5916938983496,2068.5916938983496]","[1.0963366672419959,1.0963393890521393]","[2.769090551359447,2.769090551359447]","[3.2832096400728826E-7,3.2832096400728826E-7]","[0.008838850982586114,0.008838850982586114]","[5416.357424496889,5416.357424496889]","[0.008142524851556756,0.008142524851556756]","[0.13031636768297514,0.13031636768297514]"
78000,78000,0.003976374566359948,9899.133935746157,7541.477858025589,0.48930794383570575,0.5871362801443089,0.9,0.9050323567445541,log-normal,0.008663003940171103,0.008317059066993315,2.8297550025342177,0.446678813873125,5317.654746557979,1.4090892723277963,3.0,0.00999890933601638,0.10000366492022883,8358.348430654729,5.355007675152504E-6,1.4019759456118412,0.3622385784781793,33.72502591282816,1.1415662502171413,2,77129,"[0.5871362801443089,0.5871362801443089]","[0.3622385784781793,0.3622385784781793]","[log-normal,log-normal]","[33.72476220229488,33.72528962336143]","[0.9050323567445541,0.9050323567445541]","[-3050807542223312983,6183329401956072082]","[8358.348430654729,8358.348430654729]","[0.008317059066993315,0.008317059066993315]","[0.10000366492022883,0.10000366492022883]","[1.4019759456118412,1.4019759456118412]","[0.00999890933601638,0.00999890933601638]","[1.4090892723277963,1.4090892723277963]","[9899.133935746157,9899.133935746157]","[3.0,3.0]","[0.446678813873125,0.446678813873125]","[0.48930794383570575,0.48930794383570575]","[CN,CN]","[5317.654746557979,5317.654746557979]","[1.1415665895286242,1.1415659109056582]","[2.8297550025342177,2.8297550025342177]","[5.355007675152504E-6,5.355007675152504E-6]","[0.008663003940171103,0.008663003940171103]","[7541.477858025589,7541.477858025589]","[0.003976374566359948,0.003976374566359948]","[0.9,0.9]"
78000,78000,0.007259950213467481,9833.264056905835,5706.196328611947,0.47237931220456586,0.3647663434735119,0.2703335767329682,1.2607595174000878,log-normal,0.00850431394767346,0.023735410643048894,2.790534981567536,0.3659515695302159,1163.866773734316,1.4439486062027247,3.0,0.01,0.1001667511246464,8251.427318587115,0.0,1.2891468874408538,0.37080552641052655,34.851768066355845,1.1024605593221017,2,76472,"[0.3647663434735119,0.3647663434735119]","[0.37080552641052655,0.37080552641052655]","[log-normal,log-normal]","[34.85188687815123,34.85164925456047]","[1.2607595174000878,1.2607595174000878]","[1982773152549463294,-2375332996722529033]","[8251.427318587115,8251.427318587115]","[0.023735410643048894,0.023735410643048894]","[0.1001667511246464,0.1001667511246464]","[1.2891468874408538,1.2891468874408538]","[0.01,0.01]","[1.4439486062027247,1.4439486062027247]","[9833.264056905835,9833.264056905835]","[3.0,3.0]","[0.3659515695302159,0.3659515695302159]","[0.47237931220456586,0.47237931220456586]","[CN,CN]","[1163.866773734316,1163.866773734316]","[1.1024609039813686,1.1024602146628346]","[2.790534981567536,2.790534981567536]","[0.0,0.0]","[0.00850431394767346,0.00850431394767346]","[5706.196328611947,5706.196328611947]","[0.007259950213467481,0.007259950213467481]","[0.2703335767329682,0.2703335767329682]"
78000,78000,0.006261930449371063,9927.898247748992,6514.472430566993,0.4998256580923801,0.5253489023030523,0.32931253783505016,1.30320901565193,log-normal,0.006827003210625248,0.01019668662501869,2.709348386156489,0.3283936811062789,317.2170146445299,1.49214360336849,2.6390716719368323,0.009999981626434644,0.1000161846305853,5650.276098559902,3.729038696221159E-6,1.1838962918836207,0.5269736438641699,34.43965709371816,1.112603243481145,1,77348,"[0.5253489023030523]","[0.5269736438641699]","[log-normal]","[34.43965709371816]","[1.30320901565193]","[8972331411034827623]","[5650.276098559902]","[0.01019668662501869]","[0.1000161846305853]","[1.1838962918836207]","[0.009999981626434644]","[1.49214360336849]","[9927.898247748992]","[2.6390716719368323]","[0.3283936811062789]","[0.4998256580923801]","[CN]","[317.2170146445299]","[1.112603243481145]","[2.709348386156489]","[3.729038696221159E-6]","[0.006827003210625248]","[6514.472430566993]","[0.006261930449371063]","[0.32931253783505016]"
78000,78000,0.0061037718413372325,9921.287336329813,6466.031286828095,0.49890045738348154,0.5933809081824284,0.32952123757439195,1.3106935527296404,normal,0.007072205597056798,0.009210546759551708,2.7187457747456696,0.3296211981271802,648.2352073842659,1.4906837163613063,2.6426732146996508,0.00999959965567976,0.1000082302915389,5984.122550993611,3.664272739797021E-6,1.1901089887628804,0.5198199743693132,34.34921897010413,1.1140265519249006,7,72701,"[0.5933809081824284,0.5933809081824284,0.5933809081824284,0.5933809081824284,0.5933809081824284,0.5933809081824284,0.5933809081824284]","[0.5198199743693132,0.5198199743693132,0.5198199743693132,0.5198199743693132,0.5198199743693132,0.5198199743693132,0.5198199743693132]","[normal,normal,normal,normal,normal,normal,normal]","[34.34931266311944,34.34921897010413,34.3483947350478,34.348629705638814,34.34924881681135,34.3481097207223,34.35025146264084]","[1.3106935527296404,1.3106935527296404,1.3106935527296404,1.3106935527296404,1.3106935527296404,1.3106935527296404,1.3106935527296404]","[2565467081905108430,229161738437785612,-3759175713788037502,-6310971448333638404,-8114378143469209263,-8129299735599453252,8014855444154413708]","[5984.122550993611,5984.122550993611,5984.122550993611,5984.122550993611,5984.122550993611,5984.122550993611,5984.122550993611]","[0.009210546759551708,0.009210546759551708,0.009210546759551708,0.009210546759551708,0.009210546759551708,0.009210546759551708,0.009210546759551708]","[0.1000082302915389,0.1000082302915389,0.1000082302915389,0.1000082302915389,0.1000082302915389,0.1000082302915389,0.1000082302915389]","[1.1901089887628804,1.1901089887628804,1.1901089887628804,1.1901089887628804,1.1901089887628804,1.1901089887628804,1.1901089887628804]","[0.00999959965567976,0.00999959965567976,0.00999959965567976,0.00999959965567976,0.00999959965567976,0.00999959965567976,0.00999959965567976]","[1.4906837163613063,1.4906837163613063,1.4906837163613063,1.4906837163613063,1.4906837163613063,1.4906837163613063,1.4906837163613063]","[9921.287336329813,9921.287336329813,9921.287336329813,9921.287336329813,9921.287336329813,9921.287336329813,9921.287336329813]","[2.6426732146996508,2.6426732146996508,2.6426732146996508,2.6426732146996508,2.6426732146996508,2.6426732146996508,2.6426732146996508]","[0.3296211981271802,0.3296211981271802,0.3296211981271802,0.3296211981271802,0.3296211981271802,0.3296211981271802,0.3296211981271802]","[0.49890045738348154,0.49890045738348154,0.49890045738348154,0.49890045738348154,0.49890045738348154,0.49890045738348154,0.49890045738348154]","[CN,CN,CN,CN,CN,CN,CN]","[648.2352073842659,648.2352073842659,648.2352073842659,648.2352073842659,648.2352073842659,648.2352073842659,648.2352073842659]","[1.1140292386032764,1.1140277551146511,1.1140218212592994,1.1140248535936472,1.1140265519249006,1.1140181456546634,1.1140381779734718]","[2.7187457747456696,2.7187457747456696,2.7187457747456696,2.7187457747456696,2.7187457747456696,2.7187457747456696,2.7187457747456696]","[3.664272739797021E-6,3.664272739797021E-6,3.664272739797021E-6,3.664272739797021E-6,3.664272739797021E-6,3.664272739797021E-6,3.664272739797021E-6]","[0.007072205597056798,0.007072205597056798,0.007072205597056798,0.007072205597056798,0.007072205597056798,0.007072205597056798,0.007072205597056798]","[6466.031286828095,6466.031286828095,6466.031286828095,6466.031286828095,6466.031286828095,6466.031286828095,6466.031286828095]","[0.0061037718413372325,0.0061037718413372325,0.0061037718413372325,0.0061037718413372325,0.0061037718413372325,0.0061037718413372325,0.0061037718413372325]","[0.32952123757439195,0.32952123757439195,0.32952123757439195,0.32952123757439195,0.32952123757439195,0.32952123757439195,0.32952123757439195]"
78000,78000,0.008092389707798494,9897.973348394675,5407.210718501527,0.4668388537271338,0.3950269819460148,0.11741838995877911,1.3240646923935726,normal,0.008858272324097317,0.02831502343628117,2.7682700917065057,0.3734105696842024,2111.059617680057,1.4484423584630026,3.0,0.009998621588230696,0.1004007594828598,8411.147163783096,3.473921426608551E-7,1.2391207022156259,0.35638543912159226,35.08935825136302,1.0966165424170655,1,77676,"[0.3950269819460148]","[0.35638543912159226]","[normal]","[35.08935825136302]","[1.3240646923935726]","[-8392344756570227966]","[8411.147163783096]","[0.02831502343628117]","[0.1004007594828598]","[1.2391207022156259]","[0.009998621588230696]","[1.4484423584630026]","[9897.973348394675]","[3.0]","[0.3734105696842024]","[0.4668388537271338]","[CN]","[2111.059617680057]","[1.0966165424170655]","[2.7682700917065057]","[3.473921426608551E-7]","[0.008858272324097317]","[5407.210718501527]","[0.008092389707798494]","[0.11741838995877911]"
78000,78000,0.003907746141200972,9893.807734866417,7523.042657508979,0.48862084258548044,0.5913635460770623,0.880946532594424,0.9273923327664448,log-normal,0.008573100604133915,0.008581829563383695,2.833291187488486,0.44885866476903236,5152.562182493633,1.4066541300167563,2.999991484638692,0.009998951063699113,0.10038947117367476,8539.73211290116,5.983788642306954E-6,1.4018425801701346,0.3557099509170264,33.67227973662136,1.1423408925623422,1,77783,"[0.5913635460770623]","[0.3557099509170264]","[log-normal]","[33.67227973662136]","[0.9273923327664448]","[-412492888666310697]","[8539.73211290116]","[0.008581829563383695]","[0.10038947117367476]","[1.4018425801701346]","[0.009998951063699113]","[1.4066541300167563]","[9893.807734866417]","[2.999991484638692]","[0.44885866476903236]","[0.48862084258548044]","[CN]","[5152.562182493633]","[1.1423408925623422]","[2.833291187488486]","[5.983788642306954E-6]","[0.008573100604133915]","[7523.042657508979]","[0.003907746141200972]","[0.880946532594424]"
78000,78000,0.003978603837486828,9891.455706181825,7584.708681911256,0.4890407497690834,0.5908377306204805,0.8782609070383794,0.8395579006292279,log-normal,0.00864564878490333,0.008383418141342983,2.829096796447685,0.4461599317240824,5078.461061247862,1.4110821153343676,2.9999480156789846,0.01,0.10030868139736403,8399.443034183952,5.550043177662699E-6,1.4073783205329333,0.35197956278393394,33.68363865758222,1.14205494706904,4,70271,"[0.5908377306204805,0.5908377306204805,0.5908377306204805,0.5908377306204805]","[0.35197956278393394,0.35197956278393394,0.35197956278393394,0.35197956278393394]","[log-normal,log-normal,log-normal,log-normal]","[33.683734513826415,33.684324869203536,33.68313174377124,33.68354280133803]","[0.8395579006292279,0.8395579006292279,0.8395579006292279,0.8395579006292279]","[-3354415328414339280,-4660933805781812326,6915559886424996825,7077296412342547673]","[8399.443034183952,8399.443034183952,8399.443034183952,8399.443034183952]","[0.008383418141342983,0.008383418141342983,0.008383418141342983,0.008383418141342983]","[0.10030868139736403,0.10030868139736403,0.10030868139736403,0.10030868139736403]","[1.4073783205329333,1.4073783205329333,1.4073783205329333,1.4073783205329333]","[0.01,0.01,0.01,0.01]","[1.4110821153343676,1.4110821153343676,1.4110821153343676,1.4110821153343676]","[9891.455706181825,9891.455706181825,9891.455706181825,9891.455706181825]","[2.9999480156789846,2.9999480156789846,2.9999480156789846,2.9999480156789846]","[0.4461599317240824,0.4461599317240824,0.4461599317240824,0.4461599317240824]","[0.4890407497690834,0.4890407497690834,0.4890407497690834,0.4890407497690834]","[CN,CN,CN,CN]","[5078.461061247862,5078.461061247862,5078.461061247862,5078.461061247862]","[1.1420545768004031,1.1420598840086431,1.1420515232781248,1.142055317337677]","[2.829096796447685,2.829096796447685,2.829096796447685,2.829096796447685]","[5.550043177662699E-6,5.550043177662699E-6,5.550043177662699E-6,5.550043177662699E-6]","[0.00864564878490333,0.00864564878490333,0.00864564878490333,0.00864564878490333]","[7584.708681911256,7584.708681911256,7584.708681911256,7584.708681911256]","[0.003978603837486828,0.003978603837486828,0.003978603837486828,0.003978603837486828]","[0.8782609070383794,0.8782609070383794,0.8782609070383794,0.8782609070383794]"
78000,78000,0.008132040669535311,9882.968367306985,5400.585467751052,0.4639567406067062,0.3670780529342631,0.12258813892566552,1.3168341314707876,log-normal,0.008740934576314158,0.030282030650190812,2.7652049953078817,0.3758698887440073,2317.010653327823,1.4463978245839144,2.984813654519869,0.00999765892587914,0.10020303136526648,8113.682692109351,3.038642963193085E-7,1.2111956250602556,0.38246695108745654,35.181159549454144,1.095647235808124,3,76641,"[0.3670780529342631,0.3670780529342631,0.3670780529342631]","[0.38246695108745654,0.38246695108745654,0.38246695108745654]","[log-normal,log-normal,log-normal]","[35.182600050296735,35.180647843273654,35.181159549454144]","[1.3168341314707876,1.3168341314707876,1.3168341314707876]","[-3248580796571885536,5681118997133950927,-6226461527338619341]","[8113.682692109351,8113.682692109351,8113.682692109351]","[0.030282030650190812,0.030282030650190812,0.030282030650190812]","[0.10020303136526648,0.10020303136526648,0.10020303136526648]","[1.2111956250602556,1.2111956250602556,1.2111956250602556]","[0.00999765892587914,0.00999765892587914,0.00999765892587914]","[1.4463978245839144,1.4463978245839144,1.4463978245839144]","[9882.968367306985,9882.968367306985,9882.968367306985]","[2.984813654519869,2.984813654519869,2.984813654519869]","[0.3758698887440073,0.3758698887440073,0.3758698887440073]","[0.4639567406067062,0.4639567406067062,0.4639567406067062]","[CN,CN,CN]","[2317.010653327823,2317.010653327823,2317.010653327823]","[1.0956705019408999,1.0956452342461325,1.095647235808124]","[2.7652049953078817,2.7652049953078817,2.7652049953078817]","[3.038642963193085E-7,3.038642963193085E-7,3.038642963193085E-7]","[0.008740934576314158,0.008740934576314158,0.008740934576314158]","[5400.585467751052,5400.585467751052,5400.585467751052]","[0.008132040669535311,0.008132040669535311,0.008132040669535311]","[0.12258813892566552,0.12258813892566552,0.12258813892566552]"
78000,78000,0.009011751047640109,9921.239150186597,4489.230155166811,0.4686493877417676,0.11542305813062265,0.21648444353171264,1.3568849525738844,normal,0.00764871433294257,0.04343192082653679,2.743411226486205,0.37658672818518,2072.951704485271,1.4502989200329726,3.0,0.009998464571828342,0.10000050504886478,8276.665212697128,1.757530587460524E-7,1.2512027662034502,0.42855628824180014,35.394144517430696,1.0899713083552567,2,77431,"[0.11542305813062265,0.11542305813062265]","[0.42855628824180014,0.42855628824180014]","[normal,normal]","[35.393960647399965,35.39432838746143]","[1.3568849525738844,1.3568849525738844]","[-668592557518396236,-6420091989452259632]","[8276.665212697128,8276.665212697128]","[0.04343192082653679,0.04343192082653679]","[0.10000050504886478,0.10000050504886478]","[1.2512027662034502,1.2512027662034502]","[0.009998464571828342,0.009998464571828342]","[1.4502989200329726,1.4502989200329726]","[9921.239150186597,9921.239150186597]","[3.0,3.0]","[0.37658672818518,0.37658672818518]","[0.4686493877417676,0.4686493877417676]","[CN,CN]","[2072.951704485271,2072.951704485271]","[1.0899650963474061,1.0899775203631075]","[2.743411226486205,2.743411226486205]","[1.757530587460524E-7,1.757530587460524E-7]","[0.00764871433294257,0.00764871433294257]","[4489.230155166811,4489.230155166811]","[0.009011751047640109,0.009011751047640109]","[0.21648444353171264,0.21648444353171264]"
78000,78000,0.006374405831997242,9920.665254167823,6504.4330012842875,0.4974739516229475,0.5420108380870132,0.3301054146777266,1.3121207536389883,log-normal,0.006870553350015791,0.010044517255893752,2.7018719654457017,0.3265485200100601,171.99767267152038,1.4945983465540476,2.6407760136776743,0.009999780454809731,0.10000847041537615,5692.314559745547,3.620335416369361E-6,1.176788462223767,0.5223583286074056,34.48716517448553,1.1115415598167195,3,76508,"[0.5420108380870132,0.5420108380870132,0.5420108380870132]","[0.5223583286074056,0.5223583286074056,0.5223583286074056]","[log-normal,log-normal,log-normal]","[34.488574566685266,34.48716517448553,34.48706154635138]","[1.3121207536389883,1.3121207536389883,1.3121207536389883]","[4439373220507842974,4918864255646787431,-6709959520002737195]","[5692.314559745547,5692.314559745547,5692.314559745547]","[0.010044517255893752,0.010044517255893752,0.010044517255893752]","[0.10000847041537615,0.10000847041537615,0.10000847041537615]","[1.176788462223767,1.176788462223767,1.176788462223767]","[0.009999780454809731,0.009999780454809731,0.009999780454809731]","[1.4945983465540476,1.4945983465540476,1.4945983465540476]","[9920.665254167823,9920.665254167823,9920.665254167823]","[2.6407760136776743,2.6407760136776743,2.6407760136776743]","[0.3265485200100601,0.3265485200100601,0.3265485200100601]","[0.4974739516229475,0.4974739516229475,0.4974739516229475]","[CN,CN,CN]","[171.99767267152038,171.99767267152038,171.99767267152038]","[1.111557122864466,1.1115415598167195,1.1115412765124153]","[2.7018719654457017,2.7018719654457017,2.7018719654457017]","[3.620335416369361E-6,3.620335416369361E-6,3.620335416369361E-6]","[0.006870553350015791,0.006870553350015791,0.006870553350015791]","[6504.4330012842875,6504.4330012842875,6504.4330012842875]","[0.006374405831997242,0.006374405831997242,0.006374405831997242]","[0.3301054146777266,0.3301054146777266,0.3301054146777266]"
78000,78000,0.008975406181873005,9919.84315585697,4477.901703424762,0.4686467072934267,0.14817596079840864,0.21824102166731996,1.3580844641834795,normal,0.0076860501163316785,0.04216343842640587,2.7427258959165215,0.3763166683374083,2114.4493733363415,1.450391772804581,2.994064124655127,0.009998556407264039,0.10000000054314677,8277.099375382459,1.8475147557166191E-7,1.2516056485560678,0.4312276207660335,35.41337646920964,1.0907614146988784,8,73161,"[0.14817596079840864,0.14817596079840864,0.14817596079840864,0.14817596079840864,0.14817596079840864,0.14817596079840864,0.14817596079840864,0.14817596079840864]","[0.4312276207660335,0.4312276207660335,0.4312276207660335,0.4312276207660335,0.4312276207660335,0.4312276207660335,0.4312276207660335,0.4312276207660335]","[normal,normal,normal,normal,normal,normal,normal,normal]","[35.41267818906227,35.413161282096226,35.41544226064224,35.41409129059647,35.41205091533873,35.41359165632304,35.41309019074294,35.414801820066046]","[1.3580844641834795,1.3580844641834795,1.3580844641834795,1.3580844641834795,1.3580844641834795,1.3580844641834795,1.3580844641834795,1.3580844641834795]","[4902014551840451063,5077354698073301861,9101310755151208947,-409614837711377370,-8530820311574185770,-114612949538707355,-1401357952338238937,-4035368442656097196]","[8277.099375382459,8277.099375382459,8277.099375382459,8277.099375382459,8277.099375382459,8277.099375382459,8277.099375382459,8277.099375382459]","[0.04216343842640587,0.04216343842640587,0.04216343842640587,0.04216343842640587,0.04216343842640587,0.04216343842640587,0.04216343842640587,0.04216343842640587]","[0.10000000054314677,0.10000000054314677,0.10000000054314677,0.10000000054314677,0.10000000054314677,0.10000000054314677,0.10000000054314677,0.10000000054314677]","[1.2516056485560678,1.2516056485560678,1.2516056485560678,1.2516056485560678,1.2516056485560678,1.2516056485560678,1.2516056485560678,1.2516056485560678]","[0.009998556407264039,0.009998556407264039,0.009998556407264039,0.009998556407264039,0.009998556407264039,0.009998556407264039,0.009998556407264039,0.009998556407264039]","[1.450391772804581,1.450391772804581,1.450391772804581,1.450391772804581,1.450391772804581,1.450391772804581,1.450391772804581,1.450391772804581]","[9919.84315585697,9919.84315585697,9919.84315585697,9919.84315585697,9919.84315585697,9919.84315585697,9919.84315585697,9919.84315585697]","[2.994064124655127,2.994064124655127,2.994064124655127,2.994064124655127,2.994064124655127,2.994064124655127,2.994064124655127,2.994064124655127]","[0.3763166683374083,0.3763166683374083,0.3763166683374083,0.3763166683374083,0.3763166683374083,0.3763166683374083,0.3763166683374083,0.3763166683374083]","[0.4686467072934267,0.4686467072934267,0.4686467072934267,0.4686467072934267,0.4686467072934267,0.4686467072934267,0.4686467072934267,0.4686467072934267]","[CN,CN,CN,CN,CN,CN,CN,CN]","[2114.4493733363415,2114.4493733363415,2114.4493733363415,2114.4493733363415,2114.4493733363415,2114.4493733363415,2114.4493733363415,2114.4493733363415]","[1.0907590885028349,1.0907570188856914,1.0908039449430391,1.0907666449232283,1.090744627252347,1.090763740894922,1.0907556710396304,1.0907828978328624]","[2.7427258959165215,2.7427258959165215,2.7427258959165215,2.7427258959165215,2.7427258959165215,2.7427258959165215,2.7427258959165215,2.7427258959165215]","[1.8475147557166191E-7,1.8475147557166191E-7,1.8475147557166191E-7,1.8475147557166191E-7,1.8475147557166191E-7,1.8475147557166191E-7,1.8475147557166191E-7,1.8475147557166191E-7]","[0.0076860501163316785,0.0076860501163316785,0.0076860501163316785,0.0076860501163316785,0.0076860501163316785,0.0076860501163316785,0.0076860501163316785,0.0076860501163316785]","[4477.901703424762,4477.901703424762,4477.901703424762,4477.901703424762,4477.901703424762,4477.901703424762,4477.901703424762,4477.901703424762]","[0.008975406181873005,0.008975406181873005,0.008975406181873005,0.008975406181873005,0.008975406181873005,0.008975406181873005,0.008975406181873005,0.008975406181873005]","[0.21824102166731996,0.21824102166731996,0.21824102166731996,0.21824102166731996,0.21824102166731996,0.21824102166731996,0.21824102166731996,0.21824102166731996]"
78000,78000,0.007379094732738198,9838.159546883084,5641.1526790953285,0.47086981263817146,0.36258974712765213,0.2891040274765953,1.284544519353335,normal,0.008531962051016894,0.023580952917669897,2.7858212375321787,0.3617350705203747,1270.719628085637,1.4442248163011195,2.9999999999999996,0.009998940586298173,0.10016668662689164,8281.615296507018,1.342602356530288E-7,1.2883397282779951,0.3744186797235801,34.9219035312053,1.1015305839695753,2,76378,"[0.36258974712765213,0.36258974712765213]","[0.3744186797235801,0.3744186797235801]","[normal,normal]","[34.92169969454651,34.922107367864086]","[1.284544519353335,1.284544519353335]","[-5894925226454516212,-4789679596560258945]","[8281.615296507018,8281.615296507018]","[0.023580952917669897,0.023580952917669897]","[0.10016668662689164,0.10016668662689164]","[1.2883397282779951,1.2883397282779951]","[0.009998940586298173,0.009998940586298173]","[1.4442248163011195,1.4442248163011195]","[9838.159546883084,9838.159546883084]","[2.9999999999999996,2.9999999999999996]","[0.3617350705203747,0.3617350705203747]","[0.47086981263817146,0.47086981263817146]","[CN,CN]","[1270.719628085637,1270.719628085637]","[1.101527612546795,1.1015335553923553]","[2.7858212375321787,2.7858212375321787]","[1.342602356530288E-7,1.342602356530288E-7]","[0.008531962051016894,0.008531962051016894]","[5641.1526790953285,5641.1526790953285]","[0.007379094732738198,0.007379094732738198]","[0.2891040274765953,0.2891040274765953]"
78000,78000,0.0039827071701494425,9894.789024904458,7706.007614919598,0.488795504442703,0.6033434743415076,0.8916167938974249,0.9039324693315157,normal,0.008733666756868555,0.008281622550415233,2.825713985048876,0.4460132924154593,5031.251034548504,1.4085560252442733,3.0,0.00999900292861953,0.1,8533.778198228465,5.583959883462092E-6,1.4186161478232386,0.3510257248276363,33.73817641637025,1.1413973137256104,2,74146,"[0.6033434743415076,0.6033434743415076]","[0.3510257248276363,0.3510257248276363]","[normal,normal]","[33.73798690673383,33.738365926006665]","[0.9039324693315157,0.9039324693315157]","[2481700601718176721,-1101838057883108788]","[8533.778198228465,8533.778198228465]","[0.008281622550415233,0.008281622550415233]","[0.1,0.1]","[1.4186161478232386,1.4186161478232386]","[0.00999900292861953,0.00999900292861953]","[1.4085560252442733,1.4085560252442733]","[9894.789024904458,9894.789024904458]","[3.0,3.0]","[0.4460132924154593,0.4460132924154593]","[0.488795504442703,0.488795504442703]","[CN,CN]","[5031.251034548504,5031.251034548504]","[1.1413956814275465,1.1413989460236742]","[2.825713985048876,2.825713985048876]","[5.583959883462092E-6,5.583959883462092E-6]","[0.008733666756868555,0.008733666756868555]","[7706.007614919598,7706.007614919598]","[0.0039827071701494425,0.0039827071701494425]","[0.8916167938974249,0.8916167938974249]"
78000,78000,0.008021859960059883,9898.164206973239,5414.367804722076,0.4664642698002905,0.39818789646456,0.12036430005068033,1.324552741741742,normal,0.008852048739476606,0.02837081991508908,2.7683102475295622,0.37342109429458836,2136.1379106517506,1.447668335190673,2.999999997151039,0.00999861459373287,0.1003902839279099,8406.924768507375,3.1274433805988845E-7,1.2389033694587057,0.35381454488384434,35.06522441522971,1.0972569989478775,2,77631,"[0.39818789646456,0.39818789646456]","[0.35381454488384434,0.35381454488384434]","[normal,normal]","[35.06515970846902,35.06528912199039]","[1.324552741741742,1.324552741741742]","[7809621137315033020,8060308310110824551]","[8406.924768507375,8406.924768507375]","[0.02837081991508908,0.02837081991508908]","[0.1003902839279099,0.1003902839279099]","[1.2389033694587057,1.2389033694587057]","[0.00999861459373287,0.00999861459373287]","[1.447668335190673,1.447668335190673]","[9898.164206973239,9898.164206973239]","[2.999999997151039,2.999999997151039]","[0.37342109429458836,0.37342109429458836]","[0.4664642698002905,0.4664642698002905]","[CN,CN]","[2136.1379106517506,2136.1379106517506]","[1.0972539122371534,1.0972600856586014]","[2.7683102475295622,2.7683102475295622]","[3.1274433805988845E-7,3.1274433805988845E-7]","[0.008852048739476606,0.008852048739476606]","[5414.367804722076,5414.367804722076]","[0.008021859960059883,0.008021859960059883]","[0.12036430005068033,0.12036430005068033]"
78000,78000,0.0038111688704946653,9895.131754660992,7554.725452416322,0.4882440223962247,0.5758421145512626,0.8799814370758373,0.882422203673678,normal,0.008600679958068933,0.008424706487930882,2.8310125882894677,0.4483081479005614,5138.5797184946205,1.4090494154388262,3.0,0.009999017058146127,0.10040852644899262,8557.890412815996,5.58332646342244E-6,1.4074171672364035,0.3591523910061253,33.56324824186973,1.144284952706072,10,64789,"[0.5758421145512626,0.5758421145512626,0.5758421145512626,0.5758421145512626,0.5758421145512626,0.5758421145512626,0.5758421145512626,0.5758421145512626,0.5758421145512626,0.5758421145512626]","[0.3591523910061253,0.3591523910061253,0.3591523910061253,0.3591523910061253,0.3591523910061253,0.3591523910061253,0.3591523910061253,0.3591523910061253,0.3591523910061253,0.3591523910061253]","[normal,normal,normal,normal,normal,normal,normal,normal,normal,normal]","[33.5630627390354,33.563559899625425,33.56312872630365,33.56330501716533,33.56332930637045,33.5626114851443,33.56324700776752,33.56233624106426,33.56324947597193,33.56343861221975]","[0.882422203673678,0.882422203673678,0.882422203673678,0.882422203673678,0.882422203673678,0.882422203673678,0.882422203673678,0.882422203673678,0.882422203673678,0.882422203673678]","[2990037296165807480,6032177054499078037,530589499855239943,-7624854382112807000,1894958183409053898,7695658714919596547,-7104715205515871284,5287768972905183581,-410566536070465149,6169827584194933131]","[8557.890412815996,8557.890412815996,8557.890412815996,8557.890412815996,8557.890412815996,8557.890412815996,8557.890412815996,8557.890412815996,8557.890412815996,8557.890412815996]","[0.008424706487930882,0.008424706487930882,0.008424706487930882,0.008424706487930882,0.008424706487930882,0.008424706487930882,0.008424706487930882,0.008424706487930882,0.008424706487930882,0.008424706487930882]","[0.10040852644899262,0.10040852644899262,0.10040852644899262,0.10040852644899262,0.10040852644899262,0.10040852644899262,0.10040852644899262,0.10040852644899262,0.10040852644899262,0.10040852644899262]","[1.4074171672364035,1.4074171672364035,1.4074171672364035,1.4074171672364035,1.4074171672364035,1.4074171672364035,1.4074171672364035,1.4074171672364035,1.4074171672364035,1.4074171672364035]","[0.009999017058146127,0.009999017058146127,0.009999017058146127,0.009999017058146127,0.009999017058146127,0.009999017058146127,0.009999017058146127,0.009999017058146127,0.009999017058146127,0.009999017058146127]","[1.4090494154388262,1.4090494154388262,1.4090494154388262,1.4090494154388262,1.4090494154388262,1.4090494154388262,1.4090494154388262,1.4090494154388262,1.4090494154388262,1.4090494154388262]","[9895.131754660992,9895.131754660992,9895.131754660992,9895.131754660992,9895.131754660992,9895.131754660992,9895.131754660992,9895.131754660992,9895.131754660992,9895.131754660992]","[3.0,3.0,3.0,3.0,3.0,3.0,3.0,3.0,3.0,3.0]","[0.4483081479005614,0.4483081479005614,0.4483081479005614,0.4483081479005614,0.4483081479005614,0.4483081479005614,0.4483081479005614,0.4483081479005614,0.4483081479005614,0.4483081479005614]","[0.4882440223962247,0.4882440223962247,0.4882440223962247,0.4882440223962247,0.4882440223962247,0.4882440223962247,0.4882440223962247,0.4882440223962247,0.4882440223962247,0.4882440223962247]","[CN,CN,CN,CN,CN,CN,CN,CN,CN,CN]","[5138.5797184946205,5138.5797184946205,5138.5797184946205,5138.5797184946205,5138.5797184946205,5138.5797184946205,5138.5797184946205,5138.5797184946205,5138.5797184946205,5138.5797184946205]","[1.1442847687801538,1.1442889149531563,1.1442843109816958,1.144287132261178,1.1442860756823359,1.144281997980709,1.14428513663199,1.144280749470551,1.1442843274107073,1.1442862897799446]","[2.8310125882894677,2.8310125882894677,2.8310125882894677,2.8310125882894677,2.8310125882894677,2.8310125882894677,2.8310125882894677,2.8310125882894677,2.8310125882894677,2.8310125882894677]","[5.58332646342244E-6,5.58332646342244E-6,5.58332646342244E-6,5.58332646342244E-6,5.58332646342244E-6,5.58332646342244E-6,5.58332646342244E-6,5.58332646342244E-6,5.58332646342244E-6,5.58332646342244E-6]","[0.008600679958068933,0.008600679958068933,0.008600679958068933,0.008600679958068933,0.008600679958068933,0.008600679958068933,0.008600679958068933,0.008600679958068933,0.008600679958068933,0.008600679958068933]","[7554.725452416322,7554.725452416322,7554.725452416322,7554.725452416322,7554.725452416322,7554.725452416322,7554.725452416322,7554.725452416322,7554.725452416322,7554.725452416322]","[0.0038111688704946653,0.0038111688704946653,0.0038111688704946653,0.0038111688704946653,0.0038111688704946653,0.0038111688704946653,0.0038111688704946653,0.0038111688704946653,0.0038111688704946653,0.0038111688704946653]","[0.8799814370758373,0.8799814370758373,0.8799814370758373,0.8799814370758373,0.8799814370758373,0.8799814370758373,0.8799814370758373,0.8799814370758373,0.8799814370758373,0.8799814370758373]"
78000,78000,0.006286409022131606,9925.476721543746,6481.757780172706,0.4996951125756239,0.5130567828967227,0.36653947627406464,1.3074069379141329,log-normal,0.0069224566344045484,0.009026105007318319,2.711426436868747,0.32822873354535864,479.77911554922787,1.4976844229793815,2.6251197621415887,0.009999582904658386,0.10002567668675028,5224.575248602097,3.716989521645895E-6,1.1650777927555986,0.5246944980112073,34.426903331312744,1.1128985854072475,1,77054,"[0.5130567828967227]","[0.5246944980112073]","[log-normal]","[34.426903331312744]","[1.3074069379141329]","[96528986820146202]","[5224.575248602097]","[0.009026105007318319]","[0.10002567668675028]","[1.1650777927555986]","[0.009999582904658386]","[1.4976844229793815]","[9925.476721543746]","[2.6251197621415887]","[0.32822873354535864]","[0.4996951125756239]","[CN]","[479.77911554922787]","[1.1128985854072475]","[2.711426436868747]","[3.716989521645895E-6]","[0.0069224566344045484]","[6481.757780172706]","[0.006286409022131606]","[0.36653947627406464]"
78000,78000,0.007836425929678807,9886.85070009294,5531.756589031215,0.4635285699651881,0.3705021302730658,0.12121824229970192,1.3209308774301443,log-normal,0.00841918784641367,0.02874175517800893,2.7666087560599197,0.37347885043981277,2378.9675896538647,1.445097988983459,2.9877496613379755,0.00999859567909852,0.10014498277968376,8433.917478677286,4.1459803013905435E-7,1.2109928010172382,0.38240747909310646,35.11971133875011,1.0984922254642928,10,69011,"[0.3705021302730658,0.3705021302730658,0.3705021302730658,0.3705021302730658,0.3705021302730658,0.3705021302730658,0.3705021302730658,0.3705021302730658,0.3705021302730658,0.3705021302730658]","[0.38240747909310646,0.38240747909310646,0.38240747909310646,0.38240747909310646,0.38240747909310646,0.38240747909310646,0.38240747909310646,0.38240747909310646,0.38240747909310646,0.38240747909310646]","[log-normal,log-normal,log-normal,log-normal,log-normal,log-normal,log-normal,log-normal,log-normal,log-normal]","[35.12027543244891,35.119640634111754,35.11978544351051,35.12143339138516,35.12044177580879,35.11957176679501,35.119482508873,35.11952807044548,35.11978204338847,35.11928339117875]","[1.3209308774301443,1.3209308774301443,1.3209308774301443,1.3209308774301443,1.3209308774301443,1.3209308774301443,1.3209308774301443,1.3209308774301443,1.3209308774301443,1.3209308774301443]","[-6902367272059278551,-1616828411369004993,6351967405393865784,-293764680083969180,-7561585465359702878,8572031166794884389,6611317889388870234,-2675739700736859218,-2262292820618086649,-2908070470194110231]","[8433.917478677286,8433.917478677286,8433.917478677286,8433.917478677286,8433.917478677286,8433.917478677286,8433.917478677286,8433.917478677286,8433.917478677286,8433.917478677286]","[0.02874175517800893,0.02874175517800893,0.02874175517800893,0.02874175517800893,0.02874175517800893,0.02874175517800893,0.02874175517800893,0.02874175517800893,0.02874175517800893,0.02874175517800893]","[0.10014498277968376,0.10014498277968376,0.10014498277968376,0.10014498277968376,0.10014498277968376,0.10014498277968376,0.10014498277968376,0.10014498277968376,0.10014498277968376,0.10014498277968376]","[1.2109928010172382,1.2109928010172382,1.2109928010172382,1.2109928010172382,1.2109928010172382,1.2109928010172382,1.2109928010172382,1.2109928010172382,1.2109928010172382,1.2109928010172382]","[0.00999859567909852,0.00999859567909852,0.00999859567909852,0.00999859567909852,0.00999859567909852,0.00999859567909852,0.00999859567909852,0.00999859567909852,0.00999859567909852,0.00999859567909852]","[1.445097988983459,1.445097988983459,1.445097988983459,1.445097988983459,1.445097988983459,1.445097988983459,1.445097988983459,1.445097988983459,1.445097988983459,1.445097988983459]","[9886.85070009294,9886.85070009294,9886.85070009294,9886.85070009294,9886.85070009294,9886.85070009294,9886.85070009294,9886.85070009294,9886.85070009294,9886.85070009294]","[2.9877496613379755,2.9877496613379755,2.9877496613379755,2.9877496613379755,2.9877496613379755,2.9877496613379755,2.9877496613379755,2.9877496613379755,2.9877496613379755,2.9877496613379755]","[0.37347885043981277,0.37347885043981277,0.37347885043981277,0.37347885043981277,0.37347885043981277,0.37347885043981277,0.37347885043981277,0.37347885043981277,0.37347885043981277,0.37347885043981277]","[0.4635285699651881,0.4635285699651881,0.4635285699651881,0.4635285699651881,0.4635285699651881,0.4635285699651881,0.4635285699651881,0.4635285699651881,0.4635285699651881,0.4635285699651881]","[CN,CN,CN,CN,CN,CN,CN,CN,CN,CN]","[2378.9675896538647,2378.9675896538647,2378.9675896538647,2378.9675896538647,2378.9675896538647,2378.9675896538647,2378.9675896538647,2378.9675896538647,2378.9675896538647,2378.9675896538647]","[1.0985037044962953,1.0984983113212485,1.0984920008769365,1.0985236695309872,1.0984927336390573,1.098492450051649,1.0984867482578158,1.098488200053523,1.098485471167554,1.0984872105779697]","[2.7666087560599197,2.7666087560599197,2.7666087560599197,2.7666087560599197,2.7666087560599197,2.7666087560599197,2.7666087560599197,2.7666087560599197,2.7666087560599197,2.7666087560599197]","[4.1459803013905435E-7,4.1459803013905435E-7,4.1459803013905435E-7,4.1459803013905435E-7,4.1459803013905435E-7,4.1459803013905435E-7,4.1459803013905435E-7,4.1459803013905435E-7,4.1459803013905435E-7,4.1459803013905435E-7]","[0.00841918784641367,0.00841918784641367,0.00841918784641367,0.00841918784641367,0.00841918784641367,0.00841918784641367,0.00841918784641367,0.00841918784641367,0.00841918784641367,0.00841918784641367]","[5531.756589031215,5531.756589031215,5531.756589031215,5531.756589031215,5531.756589031215,5531.756589031215,5531.756589031215,5531.756589031215,5531.756589031215,5531.756589031215]","[0.007836425929678807,0.007836425929678807,0.007836425929678807,0.007836425929678807,0.007836425929678807,0.007836425929678807,0.007836425929678807,0.007836425929678807,0.007836425929678807,0.007836425929678807]","[0.12121824229970192,0.12121824229970192,0.12121824229970192,0.12121824229970192,0.12121824229970192,0.12121824229970192,0.12121824229970192,0.12121824229970192,0.12121824229970192,0.12121824229970192]"
78000,78000,0.006758256705608068,9929.762331354235,6414.451275407547,0.5,0.5608911954940609,0.36473129918186514,1.3186087258186896,log-normal,0.0068604732294519875,0.010589849907644574,2.7016716193891357,0.330911095533833,273.8697092618522,1.5015047039473532,2.6355260881545033,0.00999940928102081,0.1,5967.591984298531,2.992869980145075E-6,1.1832034706174828,0.492653680975762,34.63087979917965,1.1092228070567025,3,76145,"[0.5608911954940609,0.5608911954940609,0.5608911954940609]","[0.492653680975762,0.492653680975762,0.492653680975762]","[log-normal,log-normal,log-normal]","[34.631552165057556,34.63087979917965,34.630720228300746]","[1.3186087258186896,1.3186087258186896,1.3186087258186896]","[-5779783762885353226,-7867968108625759597,-8053451747226622472]","[5967.591984298531,5967.591984298531,5967.591984298531]","[0.010589849907644574,0.010589849907644574,0.010589849907644574]","[0.1,0.1,0.1]","[1.1832034706174828,1.1832034706174828,1.1832034706174828]","[0.00999940928102081,0.00999940928102081,0.00999940928102081]","[1.5015047039473532,1.5015047039473532,1.5015047039473532]","[9929.762331354235,9929.762331354235,9929.762331354235]","[2.6355260881545033,2.6355260881545033,2.6355260881545033]","[0.330911095533833,0.330911095533833,0.330911095533833]","[0.5,0.5,0.5]","[CN,CN,CN]","[273.8697092618522,273.8697092618522,273.8697092618522]","[1.1092285360436864,1.1092228070567025,1.1092219723088395]","[2.7016716193891357,2.7016716193891357,2.7016716193891357]","[2.992869980145075E-6,2.992869980145075E-6,2.992869980145075E-6]","[0.0068604732294519875,0.0068604732294519875,0.0068604732294519875]","[6414.451275407547,6414.451275407547,6414.451275407547]","[0.006758256705608068,0.006758256705608068,0.006758256705608068]","[0.36473129918186514,0.36473129918186514,0.36473129918186514]"
78000,78000,0.007716334734256924,9888.900198728981,5459.974977332247,0.4612183326825217,0.3479762568162789,0.10613092485499606,1.327750013870166,log-normal,0.008554300468798357,0.027905419963611646,2.770345490473286,0.3832893855323173,2314.452529611146,1.4440115111514362,3.0,0.009998645595423588,0.1002877120692586,8303.079666798565,5.538673636969309E-7,1.2043020059686416,0.3833637842831171,34.98965625436228,1.1003345573653167,1,77498,"[0.3479762568162789]","[0.3833637842831171]","[log-normal]","[34.98965625436228]","[1.327750013870166]","[6280397015033936149]","[8303.079666798565]","[0.027905419963611646]","[0.1002877120692586]","[1.2043020059686416]","[0.009998645595423588]","[1.4440115111514362]","[9888.900198728981]","[3.0]","[0.3832893855323173]","[0.4612183326825217]","[CN]","[2314.452529611146]","[1.1003345573653167]","[2.770345490473286]","[5.538673636969309E-7]","[0.008554300468798357]","[5459.974977332247]","[0.007716334734256924]","[0.10613092485499606]"
78000,78000,0.006083940216558829,9921.79879542328,6470.863637785575,0.49892151690349607,0.590400192419844,0.32973163356981616,1.3139770499487355,normal,0.0070706250925835325,0.009219096766579908,2.7196309787853843,0.3297727869536452,653.1010474030528,1.49128041765698,2.6558956759384227,0.009999661705067529,0.10000209047073427,5960.734606585886,3.6715868218093896E-6,1.1865851712692437,0.5203788104496495,34.33422991488377,1.1142724713471601,7,73917,"[0.590400192419844,0.590400192419844,0.590400192419844,0.590400192419844,0.590400192419844,0.590400192419844,0.590400192419844]","[0.5203788104496495,0.5203788104496495,0.5203788104496495,0.5203788104496495,0.5203788104496495,0.5203788104496495,0.5203788104496495]","[normal,normal,normal,normal,normal,normal,normal]","[34.333813469103866,34.334700496387335,34.33403162212521,34.33422991488377,34.334249667917476,34.334120448609795,34.334609704966205]","[1.3139770499487355,1.3139770499487355,1.3139770499487355,1.3139770499487355,1.3139770499487355,1.3139770499487355,1.3139770499487355]","[7457894611475261816,-7815167695408597366,-822223555087113490,7339640260382813107,6151605391777849466,7919049119520980481,-8795311932269206732]","[5960.734606585886,5960.734606585886,5960.734606585886,5960.734606585886,5960.734606585886,5960.734606585886,5960.734606585886]","[0.009219096766579908,0.009219096766579908,0.009219096766579908,0.009219096766579908,0.009219096766579908,0.009219096766579908,0.009219096766579908]","[0.10000209047073427,0.10000209047073427,0.10000209047073427,0.10000209047073427,0.10000209047073427,0.10000209047073427,0.10000209047073427]","[1.1865851712692437,1.1865851712692437,1.1865851712692437,1.1865851712692437,1.1865851712692437,1.1865851712692437,1.1865851712692437]","[0.009999661705067529,0.009999661705067529,0.009999661705067529,0.009999661705067529,0.009999661705067529,0.009999661705067529,0.009999661705067529]","[1.49128041765698,1.49128041765698,1.49128041765698,1.49128041765698,1.49128041765698,1.49128041765698,1.49128041765698]","[9921.79879542328,9921.79879542328,9921.79879542328,9921.79879542328,9921.79879542328,9921.79879542328,9921.79879542328]","[2.6558956759384227,2.6558956759384227,2.6558956759384227,2.6558956759384227,2.6558956759384227,2.6558956759384227,2.6558956759384227]","[0.3297727869536452,0.3297727869536452,0.3297727869536452,0.3297727869536452,0.3297727869536452,0.3297727869536452,0.3297727869536452]","[0.49892151690349607,0.49892151690349607,0.49892151690349607,0.49892151690349607,0.49892151690349607,0.49892151690349607,0.49892151690349607]","[CN,CN,CN,CN,CN,CN,CN]","[653.1010474030528,653.1010474030528,653.1010474030528,653.1010474030528,653.1010474030528,653.1010474030528,653.1010474030528]","[1.1142681286627998,1.114276558384437,1.1142706299057692,1.114272589204902,1.1142724713471601,1.1142707863610586,1.114274258450059]","[2.7196309787853843,2.7196309787853843,2.7196309787853843,2.7196309787853843,2.7196309787853843,2.7196309787853843,2.7196309787853843]","[3.6715868218093896E-6,3.6715868218093896E-6,3.6715868218093896E-6,3.6715868218093896E-6,3.6715868218093896E-6,3.6715868218093896E-6,3.6715868218093896E-6]","[0.0070706250925835325,0.0070706250925835325,0.0070706250925835325,0.0070706250925835325,0.0070706250925835325,0.0070706250925835325,0.0070706250925835325]","[6470.863637785575,6470.863637785575,6470.863637785575,6470.863637785575,6470.863637785575,6470.863637785575,6470.863637785575]","[0.006083940216558829,0.006083940216558829,0.006083940216558829,0.006083940216558829,0.006083940216558829,0.006083940216558829,0.006083940216558829]","[0.32973163356981616,0.32973163356981616,0.32973163356981616,0.32973163356981616,0.32973163356981616,0.32973163356981616,0.32973163356981616]"
78000,78000,0.00708380442523774,9852.713274964208,5314.58614244521,0.4563378766359585,0.3606352412121536,0.10203580247347685,1.3015299371114655,normal,0.008421961307560585,0.02389075171547856,2.7717519250607006,0.3727567109659329,2252.583714530581,1.4396871104915603,2.999165265490611,0.009998468544820331,0.10005129590657026,8266.651085763437,1.8949832492343008E-7,1.2141871320979507,0.397197766028655,34.76758818518168,1.1051368310231813,2,74384,"[0.3606352412121536,0.3606352412121536]","[0.397197766028655,0.397197766028655]","[normal,normal]","[34.76789197440346,34.7672843959599]","[1.3015299371114655,1.3015299371114655]","[6072543702068229702,5614937427534183576]","[8266.651085763437,8266.651085763437]","[0.02389075171547856,0.02389075171547856]","[0.10005129590657026,0.10005129590657026]","[1.2141871320979507,1.2141871320979507]","[0.009998468544820331,0.009998468544820331]","[1.4396871104915603,1.4396871104915603]","[9852.713274964208,9852.713274964208]","[2.999165265490611,2.999165265490611]","[0.3727567109659329,0.3727567109659329]","[0.4563378766359585,0.4563378766359585]","[CN,CN]","[2252.583714530581,2252.583714530581]","[1.1051432390286091,1.1051304230177537]","[2.7717519250607006,2.7717519250607006]","[1.8949832492343008E-7,1.8949832492343008E-7]","[0.008421961307560585,0.008421961307560585]","[5314.58614244521,5314.58614244521]","[0.00708380442523774,0.00708380442523774]","[0.10203580247347685,0.10203580247347685]"
78000,78000,0.0037250789684720614,9895.088802294256,7520.612898562109,0.48923919766945684,0.5676345378454631,0.8836099909077043,0.9019842134975752,log-normal,0.0085949209205247,0.008474915446834076,2.8320382555234622,0.4489716983430301,5292.6767895641615,1.4047708014575628,3.0,0.009999990152549364,0.10040550167844049,8430.28023182236,5.618238330801193E-6,1.3948572394175631,0.35531694323052554,33.54904511861406,1.1445736441169148,7,68962,"[0.5676345378454631,0.5676345378454631,0.5676345378454631,0.5676345378454631,0.5676345378454631,0.5676345378454631,0.5676345378454631]","[0.35531694323052554,0.35531694323052554,0.35531694323052554,0.35531694323052554,0.35531694323052554,0.35531694323052554,0.35531694323052554]","[log-normal,log-normal,log-normal,log-normal,log-normal,log-normal,log-normal]","[33.54908765435072,33.54923434990802,33.548712618333035,33.54904511861406,33.548689783243766,33.54984536558951,33.548484946808784]","[0.9019842134975752,0.9019842134975752,0.9019842134975752,0.9019842134975752,0.9019842134975752,0.9019842134975752,0.9019842134975752]","[8474896121609680774,-5357021620601920535,-1647163030955104707,1880982079014272206,8806923336817537740,3591153059826065790,5442383550675381039]","[8430.28023182236,8430.28023182236,8430.28023182236,8430.28023182236,8430.28023182236,8430.28023182236,8430.28023182236]","[0.008474915446834076,0.008474915446834076,0.008474915446834076,0.008474915446834076,0.008474915446834076,0.008474915446834076,0.008474915446834076]","[0.10040550167844049,0.10040550167844049,0.10040550167844049,0.10040550167844049,0.10040550167844049,0.10040550167844049,0.10040550167844049]","[1.3948572394175631,1.3948572394175631,1.3948572394175631,1.3948572394175631,1.3948572394175631,1.3948572394175631,1.3948572394175631]","[0.009999990152549364,0.009999990152549364,0.009999990152549364,0.009999990152549364,0.009999990152549364,0.009999990152549364,0.009999990152549364]","[1.4047708014575628,1.4047708014575628,1.4047708014575628,1.4047708014575628,1.4047708014575628,1.4047708014575628,1.4047708014575628]","[9895.088802294256,9895.088802294256,9895.088802294256,9895.088802294256,9895.088802294256,9895.088802294256,9895.088802294256]","[3.0,3.0,3.0,3.0,3.0,3.0,3.0]","[0.4489716983430301,0.4489716983430301,0.4489716983430301,0.4489716983430301,0.4489716983430301,0.4489716983430301,0.4489716983430301]","[0.48923919766945684,0.48923919766945684,0.48923919766945684,0.48923919766945684,0.48923919766945684,0.48923919766945684,0.48923919766945684]","[CN,CN,CN,CN,CN,CN,CN]","[5292.6767895641615,5292.6767895641615,5292.6767895641615,5292.6767895641615,5292.6767895641615,5292.6767895641615,5292.6767895641615]","[1.1445736441169148,1.1445744118857653,1.144571239481873,1.1445752571854504,1.1445713993363145,1.144581367173546,1.1445704640301484]","[2.8320382555234622,2.8320382555234622,2.8320382555234622,2.8320382555234622,2.8320382555234622,2.8320382555234622,2.8320382555234622]","[5.618238330801193E-6,5.618238330801193E-6,5.618238330801193E-6,5.618238330801193E-6,5.618238330801193E-6,5.618238330801193E-6,5.618238330801193E-6]","[0.0085949209205247,0.0085949209205247,0.0085949209205247,0.0085949209205247,0.0085949209205247,0.0085949209205247,0.0085949209205247]","[7520.612898562109,7520.612898562109,7520.612898562109,7520.612898562109,7520.612898562109,7520.612898562109,7520.612898562109]","[0.0037250789684720614,0.0037250789684720614,0.0037250789684720614,0.0037250789684720614,0.0037250789684720614,0.0037250789684720614,0.0037250789684720614]","[0.8836099909077043,0.8836099909077043,0.8836099909077043,0.8836099909077043,0.8836099909077043,0.8836099909077043,0.8836099909077043]"
78000,78000,0.003825120991119754,9896.033048730935,7521.610480873737,0.48861227194026574,0.5782732977878249,0.8672848090269583,0.872826624199494,normal,0.008527132999570036,0.008425817789642362,2.8314524861466026,0.44763844814894793,5111.998561002016,1.4078350798736075,3.0,0.009999038119902081,0.10039945037682736,8482.873493781615,5.554794578800825E-6,1.4093999837848339,0.35817120028829563,33.59806213954255,1.1435421619155621,2,75946,"[0.5782732977878249,0.5782732977878249]","[0.35817120028829563,0.35817120028829563]","[normal,normal]","[33.5975449661501,33.598579312935]","[0.872826624199494,0.872826624199494]","[-3468644985737021994,-1536681457158167392]","[8482.873493781615,8482.873493781615]","[0.008425817789642362,0.008425817789642362]","[0.10039945037682736,0.10039945037682736]","[1.4093999837848339,1.4093999837848339]","[0.009999038119902081,0.009999038119902081]","[1.4078350798736075,1.4078350798736075]","[9896.033048730935,9896.033048730935]","[3.0,3.0]","[0.44763844814894793,0.44763844814894793]","[0.48861227194026574,0.48861227194026574]","[CN,CN]","[5111.998561002016,5111.998561002016]","[1.1435396858889446,1.1435446379421796]","[2.8314524861466026,2.8314524861466026]","[5.554794578800825E-6,5.554794578800825E-6]","[0.008527132999570036,0.008527132999570036]","[7521.610480873737,7521.610480873737]","[0.003825120991119754,0.003825120991119754]","[0.8672848090269583,0.8672848090269583]"
78000,78000,0.005489559897565942,9919.82041708128,6452.889589591966,0.4959369374989964,0.5640709898339944,0.2773472177494978,1.4153713078593642,normal,0.0073742572559327806,0.007343638073988227,2.7632922093938017,0.3366598222599155,1393.0704393717924,1.4751287565758844,2.9998403928922426,0.00999999697211921,0.10023540898315113,7367.781443017393,3.761392262252729E-6,1.5952758082654743,0.5245077721381118,34.11473939175073,1.119904383106765,2,77177,"[0.5640709898339944,0.5640709898339944]","[0.5245077721381118,0.5245077721381118]","[normal,normal]","[34.11496961455802,34.114509168943435]","[1.4153713078593642,1.4153713078593642]","[6069843092802464625,5879483066048343210]","[7367.781443017393,7367.781443017393]","[0.007343638073988227,0.007343638073988227]","[0.10023540898315113,0.10023540898315113]","[1.5952758082654743,1.5952758082654743]","[0.00999999697211921,0.00999999697211921]","[1.4751287565758844,1.4751287565758844]","[9919.82041708128,9919.82041708128]","[2.9998403928922426,2.9998403928922426]","[0.3366598222599155,0.3366598222599155]","[0.4959369374989964,0.4959369374989964]","[CN,CN]","[1393.0704393717924,1393.0704393717924]","[1.1199103259209349,1.1198984402925949]","[2.7632922093938017,2.7632922093938017]","[3.761392262252729E-6,3.761392262252729E-6]","[0.0073742572559327806,0.0073742572559327806]","[6452.889589591966,6452.889589591966]","[0.005489559897565942,0.005489559897565942]","[0.2773472177494978,0.2773472177494978]"
78000,78000,0.007971339200586576,9889.987042423576,5511.802483316315,0.4661470862716632,0.384984360622589,0.13561648132840817,1.3074358085808502,normal,0.008835933958737482,0.027482970498669206,2.7687366356650855,0.37244698536852516,1889.8404797159328,1.4477987879180378,2.999860346032557,0.009998493769276386,0.10043701891563483,8392.866830687928,6.598043740295617E-7,1.2308445312443763,0.3501765137765286,35.04853220117816,1.0975713417781863,3,76027,"[0.384984360622589,0.384984360622589,0.384984360622589]","[0.3501765137765286,0.3501765137765286,0.3501765137765286]","[normal,normal,normal]","[35.04853220117816,35.04896362435406,35.04846662137991]","[1.3074358085808502,1.3074358085808502,1.3074358085808502]","[4076290260367436003,-282977214670344345,4638547447773395994]","[8392.866830687928,8392.866830687928,8392.866830687928]","[0.027482970498669206,0.027482970498669206,0.027482970498669206]","[0.10043701891563483,0.10043701891563483,0.10043701891563483]","[1.2308445312443763,1.2308445312443763,1.2308445312443763]","[0.009998493769276386,0.009998493769276386,0.009998493769276386]","[1.4477987879180378,1.4477987879180378,1.4477987879180378]","[9889.987042423576,9889.987042423576,9889.987042423576]","[2.999860346032557,2.999860346032557,2.999860346032557]","[0.37244698536852516,0.37244698536852516,0.37244698536852516]","[0.4661470862716632,0.4661470862716632,0.4661470862716632]","[CN,CN,CN]","[1889.8404797159328,1889.8404797159328,1889.8404797159328]","[1.0975713417781863,1.0975780035636664,1.0975704080640947]","[2.7687366356650855,2.7687366356650855,2.7687366356650855]","[6.598043740295617E-7,6.598043740295617E-7,6.598043740295617E-7]","[0.008835933958737482,0.008835933958737482,0.008835933958737482]","[5511.802483316315,5511.802483316315,5511.802483316315]","[0.007971339200586576,0.007971339200586576,0.007971339200586576]","[0.13561648132840817,0.13561648132840817,0.13561648132840817]"
78000,78000,0.006520987328290637,9933.696697119296,6514.075147587927,0.4990195503228164,0.5584901613952725,0.33216746034600314,1.3105500931029928,log-normal,0.006941260707552854,0.0099827612299138,2.7007351162217965,0.32731630029892556,150.3944215161835,1.4984287139406485,2.643338843885429,0.009999763901766288,0.1,5804.364215655837,3.8102736780530537E-6,1.1815954961452484,0.5272322228741811,34.539607969690046,1.1105945428189175,1,75764,"[0.5584901613952725]","[0.5272322228741811]","[log-normal]","[34.539607969690046]","[1.3105500931029928]","[-5775724063851811349]","[5804.364215655837]","[0.0099827612299138]","[0.1]","[1.1815954961452484]","[0.009999763901766288]","[1.4984287139406485]","[9933.696697119296]","[2.643338843885429]","[0.32731630029892556]","[0.4990195503228164]","[CN]","[150.3944215161835]","[1.1105945428189175]","[2.7007351162217965]","[3.8102736780530537E-6]","[0.006941260707552854]","[6514.075147587927]","[0.006520987328290637]","[0.33216746034600314]"
78000,78000,0.009162004923587503,9920.828136784427,4571.071297251456,0.469415700326092,0.16535821720976057,0.21355832081319098,1.3547483636621445,normal,0.0076875195575405,0.045107047177395894,2.743590518240591,0.37832628506591803,2066.372886514506,1.450551864697413,2.9992752007957937,0.009998892490014247,0.10000939238099572,8305.164052579723,2.9831332673855357E-7,1.2519074834332962,0.4229016615634602,35.44669560584062,1.0890046501211053,1,77804,"[0.16535821720976057]","[0.4229016615634602]","[normal]","[35.44669560584062]","[1.3547483636621445]","[3151102945823059177]","[8305.164052579723]","[0.045107047177395894]","[0.10000939238099572]","[1.2519074834332962]","[0.009998892490014247]","[1.450551864697413]","[9920.828136784427]","[2.9992752007957937]","[0.37832628506591803]","[0.469415700326092]","[CN]","[2066.372886514506]","[1.0890046501211053]","[2.743590518240591]","[2.9831332673855357E-7]","[0.0076875195575405]","[4571.071297251456]","[0.009162004923587503]","[0.21355832081319098]"
78000,78000,0.004012289837316648,9930.331477691498,7353.359855354319,0.4890947909982459,0.6096519646519091,0.8650295776095932,0.7128647775057378,log-normal,0.008691784044493854,0.008361481874550694,2.824177018839231,0.447778636675751,5561.979209664407,1.4092945645000412,3.0,0.00999910775611257,0.10035606169378522,8390.321529404815,5.327445762013138E-6,1.3562410630792499,0.43829689477341294,33.75293855459491,1.1412639887474891,10,61339,"[0.6096519646519091,0.6096519646519091,0.6096519646519091,0.6096519646519091,0.6096519646519091,0.6096519646519091,0.6096519646519091,0.6096519646519091,0.6096519646519091,0.6096519646519091]","[0.43829689477341294,0.43829689477341294,0.43829689477341294,0.43829689477341294,0.43829689477341294,0.43829689477341294,0.43829689477341294,0.43829689477341294,0.43829689477341294,0.43829689477341294]","[log-normal,log-normal,log-normal,log-normal,log-normal,log-normal,log-normal,log-normal,log-normal,log-normal]","[33.75276074131626,33.75219815943676,33.75236135366883,33.754380358641264,33.753265530773334,33.75334441675255,33.75241417013454,33.75311636787357,33.75233199267629,33.75327878987317]","[0.7128647775057378,0.7128647775057378,0.7128647775057378,0.7128647775057378,0.7128647775057378,0.7128647775057378,0.7128647775057378,0.7128647775057378,0.7128647775057378,0.7128647775057378]","[-2375049775663224845,3366259947302188545,-6958161204491066375,-5650407165041873554,8496017993218489037,-2410082172481183105,-4949906178299167145,-6973990223515192188,5647471530062118550,3192142860142867090]","[8390.321529404815,8390.321529404815,8390.321529404815,8390.321529404815,8390.321529404815,8390.321529404815,8390.321529404815,8390.321529404815,8390.321529404815,8390.321529404815]","[0.008361481874550694,0.008361481874550694,0.008361481874550694,0.008361481874550694,0.008361481874550694,0.008361481874550694,0.008361481874550694,0.008361481874550694,0.008361481874550694,0.008361481874550694]","[0.10035606169378522,0.10035606169378522,0.10035606169378522,0.10035606169378522,0.10035606169378522,0.10035606169378522,0.10035606169378522,0.10035606169378522,0.10035606169378522,0.10035606169378522]","[1.3562410630792499,1.3562410630792499,1.3562410630792499,1.3562410630792499,1.3562410630792499,1.3562410630792499,1.3562410630792499,1.3562410630792499,1.3562410630792499,1.3562410630792499]","[0.00999910775611257,0.00999910775611257,0.00999910775611257,0.00999910775611257,0.00999910775611257,0.00999910775611257,0.00999910775611257,0.00999910775611257,0.00999910775611257,0.00999910775611257]","[1.4092945645000412,1.4092945645000412,1.4092945645000412,1.4092945645000412,1.4092945645000412,1.4092945645000412,1.4092945645000412,1.4092945645000412,1.4092945645000412,1.4092945645000412]","[9930.331477691498,9930.331477691498,9930.331477691498,9930.331477691498,9930.331477691498,9930.331477691498,9930.331477691498,9930.331477691498,9930.331477691498,9930.331477691498]","[3.0,3.0,3.0,3.0,3.0,3.0,3.0,3.0,3.0,3.0]","[0.447778636675751,0.447778636675751,0.447778636675751,0.447778636675751,0.447778636675751,0.447778636675751,0.447778636675751,0.447778636675751,0.447778636675751,0.447778636675751]","[0.4890947909982459,0.4890947909982459,0.4890947909982459,0.4890947909982459,0.4890947909982459,0.4890947909982459,0.4890947909982459,0.4890947909982459,0.4890947909982459,0.4890947909982459]","[CN,CN,CN,CN,CN,CN,CN,CN,CN,CN]","[5561.979209664407,5561.979209664407,5561.979209664407,5561.979209664407,5561.979209664407,5561.979209664407,5561.979209664407,5561.979209664407,5561.979209664407,5561.979209664407]","[1.1412627908366857,1.141260923493601,1.1412615210060837,1.141274120590712,1.1412661423608221,1.1412664642263408,1.141261902605634,1.1412651866582926,1.1412611100009844,1.141265843798653]","[2.824177018839231,2.824177018839231,2.824177018839231,2.824177018839231,2.824177018839231,2.824177018839231,2.824177018839231,2.824177018839231,2.824177018839231,2.824177018839231]","[5.327445762013138E-6,5.327445762013138E-6,5.327445762013138E-6,5.327445762013138E-6,5.327445762013138E-6,5.327445762013138E-6,5.327445762013138E-6,5.327445762013138E-6,5.327445762013138E-6,5.327445762013138E-6]","[0.008691784044493854,0.008691784044493854,0.008691784044493854,0.008691784044493854,0.008691784044493854,0.008691784044493854,0.008691784044493854,0.008691784044493854,0.008691784044493854,0.008691784044493854]","[7353.359855354319,7353.359855354319,7353.359855354319,7353.359855354319,7353.359855354319,7353.359855354319,7353.359855354319,7353.359855354319,7353.359855354319,7353.359855354319]","[0.004012289837316648,0.004012289837316648,0.004012289837316648,0.004012289837316648,0.004012289837316648,0.004012289837316648,0.004012289837316648,0.004012289837316648,0.004012289837316648,0.004012289837316648]","[0.8650295776095932,0.8650295776095932,0.8650295776095932,0.8650295776095932,0.8650295776095932,0.8650295776095932,0.8650295776095932,0.8650295776095932,0.8650295776095932,0.8650295776095932]"
78000,78000,0.008184791612938478,9883.393241274533,5485.146797655102,0.46333219474394927,0.3813912916470782,0.11740015182577934,1.3264999321406132,log-normal,0.008771006885175762,0.02965494538068684,2.7649747981622412,0.37531254472808817,2320.906205277419,1.447977979708921,2.989788775667048,0.00999863645795168,0.10019643797400628,8275.880133516355,4.790457910520626E-7,1.2123897096347716,0.37271367791387455,35.20349596666857,1.095256152024616,2,75734,"[0.3813912916470782,0.3813912916470782]","[0.37271367791387455,0.37271367791387455]","[log-normal,log-normal]","[35.20291634357603,35.20407558976111]","[1.3264999321406132,1.3264999321406132]","[6850927080131421935,7250108853345025303]","[8275.880133516355,8275.880133516355]","[0.02965494538068684,0.02965494538068684]","[0.10019643797400628,0.10019643797400628]","[1.2123897096347716,1.2123897096347716]","[0.00999863645795168,0.00999863645795168]","[1.447977979708921,1.447977979708921]","[9883.393241274533,9883.393241274533]","[2.989788775667048,2.989788775667048]","[0.37531254472808817,0.37531254472808817]","[0.46333219474394927,0.46333219474394927]","[CN,CN]","[2320.906205277419,2320.906205277419]","[1.0952475644247421,1.0952647396244901]","[2.7649747981622412,2.7649747981622412]","[4.790457910520626E-7,4.790457910520626E-7]","[0.008771006885175762,0.008771006885175762]","[5485.146797655102,5485.146797655102]","[0.008184791612938478,0.008184791612938478]","[0.11740015182577934,0.11740015182577934]"
78000,78000,0.006164657195182613,9919.480150980318,6304.294175123712,0.4999591692966507,0.5968882382902494,0.3328541389968352,1.2556261827693782,log-normal,0.0068789152946853675,0.009395927590197492,2.713481004289317,0.331352197894199,820.7132261477954,1.4936082225484595,2.6451117096671917,0.009999678338800845,0.10038849525091731,5762.185161673514,2.9746252839806784E-6,1.1595186572860336,0.501703137386997,34.36305225234523,1.1136319869422524,10,70758,"[0.5968882382902494,0.5968882382902494,0.5968882382902494,0.5968882382902494,0.5968882382902494,0.5968882382902494,0.5968882382902494,0.5968882382902494,0.5968882382902494,0.5968882382902494]","[0.501703137386997,0.501703137386997,0.501703137386997,0.501703137386997,0.501703137386997,0.501703137386997,0.501703137386997,0.501703137386997,0.501703137386997,0.501703137386997]","[log-normal,log-normal,log-normal,log-normal,log-normal,log-normal,log-normal,log-normal,log-normal,log-normal]","[34.363190539606634,34.362694296678775,34.36313933693768,34.36320039157924,34.36289674983715,34.36250914264263,34.36303192858497,34.36313362206567,34.36256130139395,34.36307257610549]","[1.2556261827693782,1.2556261827693782,1.2556261827693782,1.2556261827693782,1.2556261827693782,1.2556261827693782,1.2556261827693782,1.2556261827693782,1.2556261827693782,1.2556261827693782]","[4369734461034850989,-7732666736307867791,-1721236655005962973,1577775074089335877,-6283393411804304338,2537669472933212828,1438836263052206948,4528122997654552398,1846652286950406156,6020842101947955783]","[5762.185161673514,5762.185161673514,5762.185161673514,5762.185161673514,5762.185161673514,5762.185161673514,5762.185161673514,5762.185161673514,5762.185161673514,5762.185161673514]","[0.009395927590197492,0.009395927590197492,0.009395927590197492,0.009395927590197492,0.009395927590197492,0.009395927590197492,0.009395927590197492,0.009395927590197492,0.009395927590197492,0.009395927590197492]","[0.10038849525091731,0.10038849525091731,0.10038849525091731,0.10038849525091731,0.10038849525091731,0.10038849525091731,0.10038849525091731,0.10038849525091731,0.10038849525091731,0.10038849525091731]","[1.1595186572860336,1.1595186572860336,1.1595186572860336,1.1595186572860336,1.1595186572860336,1.1595186572860336,1.1595186572860336,1.1595186572860336,1.1595186572860336,1.1595186572860336]","[0.009999678338800845,0.009999678338800845,0.009999678338800845,0.009999678338800845,0.009999678338800845,0.009999678338800845,0.009999678338800845,0.009999678338800845,0.009999678338800845,0.009999678338800845]","[1.4936082225484595,1.4936082225484595,1.4936082225484595,1.4936082225484595,1.4936082225484595,1.4936082225484595,1.4936082225484595,1.4936082225484595,1.4936082225484595,1.4936082225484595]","[9919.480150980318,9919.480150980318,9919.480150980318,9919.480150980318,9919.480150980318,9919.480150980318,9919.480150980318,9919.480150980318,9919.480150980318,9919.480150980318]","[2.6451117096671917,2.6451117096671917,2.6451117096671917,2.6451117096671917,2.6451117096671917,2.6451117096671917,2.6451117096671917,2.6451117096671917,2.6451117096671917,2.6451117096671917]","[0.331352197894199,0.331352197894199,0.331352197894199,0.331352197894199,0.331352197894199,0.331352197894199,0.331352197894199,0.331352197894199,0.331352197894199,0.331352197894199]","[0.4999591692966507,0.4999591692966507,0.4999591692966507,0.4999591692966507,0.4999591692966507,0.4999591692966507,0.4999591692966507,0.4999591692966507,0.4999591692966507,0.4999591692966507]","[CN,CN,CN,CN,CN,CN,CN,CN,CN,CN]","[820.7132261477954,820.7132261477954,820.7132261477954,820.7132261477954,820.7132261477954,820.7132261477954,820.7132261477954,820.7132261477954,820.7132261477954,820.7132261477954]","[1.113633562995651,1.1136325549252364,1.1136340552730282,1.1136300142237125,1.1136313749314999,1.1136265137310877,1.1136314189592684,1.1136334111292385,1.1136241669447877,1.1136330291721603]","[2.713481004289317,2.713481004289317,2.713481004289317,2.713481004289317,2.713481004289317,2.713481004289317,2.713481004289317,2.713481004289317,2.713481004289317,2.713481004289317]","[2.9746252839806784E-6,2.9746252839806784E-6,2.9746252839806784E-6,2.9746252839806784E-6,2.9746252839806784E-6,2.9746252839806784E-6,2.9746252839806784E-6,2.9746252839806784E-6,2.9746252839806784E-6,2.9746252839806784E-6]","[0.0068789152946853675,0.0068789152946853675,0.0068789152946853675,0.0068789152946853675,0.0068789152946853675,0.0068789152946853675,0.0068789152946853675,0.0068789152946853675,0.0068789152946853675,0.0068789152946853675]","[6304.294175123712,6304.294175123712,6304.294175123712,6304.294175123712,6304.294175123712,6304.294175123712,6304.294175123712,6304.294175123712,6304.294175123712,6304.294175123712]","[0.006164657195182613,0.006164657195182613,0.006164657195182613,0.006164657195182613,0.006164657195182613,0.006164657195182613,0.006164657195182613,0.006164657195182613,0.006164657195182613,0.006164657195182613]","[0.3328541389968352,0.3328541389968352,0.3328541389968352,0.3328541389968352,0.3328541389968352,0.3328541389968352,0.3328541389968352,0.3328541389968352,0.3328541389968352,0.3328541389968352]"
78000,78000,0.009475690035419572,9942.121484836747,4326.972103783702,0.4693038724622464,0.14613088605676117,0.2489770893606221,1.352124054015805,log-normal,0.007503479071011159,0.0496575702542333,2.7464917940811304,0.36954029147978695,3522.0788829235626,1.452417180931274,2.967653739885563,0.00998710027860941,0.10001153394600261,8324.189359389004,1.8704261760451379E-7,1.2391069918905873,0.43154915130104077,35.64282114470966,1.0875750156639545,3,75822,"[0.14613088605676117,0.14613088605676117,0.14613088605676117]","[0.43154915130104077,0.43154915130104077,0.43154915130104077]","[log-normal,log-normal,log-normal]","[35.64420367132542,35.64282114470966,35.64201003588555]","[1.352124054015805,1.352124054015805,1.352124054015805]","[-9116678485252149092,8315881857175223364,8483787925442880885]","[8324.189359389004,8324.189359389004,8324.189359389004]","[0.0496575702542333,0.0496575702542333,0.0496575702542333]","[0.10001153394600261,0.10001153394600261,0.10001153394600261]","[1.2391069918905873,1.2391069918905873,1.2391069918905873]","[0.00998710027860941,0.00998710027860941,0.00998710027860941]","[1.452417180931274,1.452417180931274,1.452417180931274]","[9942.121484836747,9942.121484836747,9942.121484836747]","[2.967653739885563,2.967653739885563,2.967653739885563]","[0.36954029147978695,0.36954029147978695,0.36954029147978695]","[0.4693038724622464,0.4693038724622464,0.4693038724622464]","[CN,CN,CN]","[3522.0788829235626,3522.0788829235626,3522.0788829235626]","[1.0875832957593135,1.0875750156639545,1.0875736397516382]","[2.7464917940811304,2.7464917940811304,2.7464917940811304]","[1.8704261760451379E-7,1.8704261760451379E-7,1.8704261760451379E-7]","[0.007503479071011159,0.007503479071011159,0.007503479071011159]","[4326.972103783702,4326.972103783702,4326.972103783702]","[0.009475690035419572,0.009475690035419572,0.009475690035419572]","[0.2489770893606221,0.2489770893606221,0.2489770893606221]"
78000,78000,0.005847787372101411,9927.192150215831,6541.662342593314,0.4986844067618556,0.6022493114920495,0.3348575914360652,1.3036151886623064,normal,0.006957079990263911,0.008481013286679764,2.719053812646188,0.3251541834591723,722.160028164878,1.4912286640207195,2.647743097863123,0.009999854024173702,0.10002804544451552,5938.344502069885,3.4739778970717334E-6,1.1772836257705888,0.5238105400309103,34.25046409728511,1.1164316612217196,1,77703,"[0.6022493114920495]","[0.5238105400309103]","[normal]","[34.25046409728511]","[1.3036151886623064]","[4876624883293055721]","[5938.344502069885]","[0.008481013286679764]","[0.10002804544451552]","[1.1772836257705888]","[0.009999854024173702]","[1.4912286640207195]","[9927.192150215831]","[2.647743097863123]","[0.3251541834591723]","[0.4986844067618556]","[CN]","[722.160028164878]","[1.1164316612217196]","[2.719053812646188]","[3.4739778970717334E-6]","[0.006957079990263911]","[6541.662342593314]","[0.005847787372101411]","[0.3348575914360652]"
78000,78000,0.007092660179498281,9884.153604245395,5270.55193247978,0.4639428414795067,0.33027441949713565,0.08128051645035561,1.2969850294829808,normal,0.008482635112718429,0.024555006184823158,2.7717715711584385,0.3728500683903577,2092.5486914565013,1.4364995523189419,3.0,0.009998761583786408,0.10004476431454462,8408.53998895542,1.2309637740432525E-7,1.2007288819090365,0.3810281396217582,34.78182967639147,1.1050787451733437,2,77268,"[0.33027441949713565,0.33027441949713565]","[0.3810281396217582,0.3810281396217582]","[normal,normal]","[34.78184663666921,34.78181271611372]","[1.2969850294829808,1.2969850294829808]","[-4195130646854277338,2414063596026326883]","[8408.53998895542,8408.53998895542]","[0.024555006184823158,0.024555006184823158]","[0.10004476431454462,0.10004476431454462]","[1.2007288819090365,1.2007288819090365]","[0.009998761583786408,0.009998761583786408]","[1.4364995523189419,1.4364995523189419]","[9884.153604245395,9884.153604245395]","[3.0,3.0]","[0.3728500683903577,0.3728500683903577]","[0.4639428414795067,0.4639428414795067]","[CN,CN]","[2092.5486914565013,2092.5486914565013]","[1.1050774529741085,1.1050800373725786]","[2.7717715711584385,2.7717715711584385]","[1.2309637740432525E-7,1.2309637740432525E-7]","[0.008482635112718429,0.008482635112718429]","[5270.55193247978,5270.55193247978]","[0.007092660179498281,0.007092660179498281]","[0.08128051645035561,0.08128051645035561]"
78000,78000,0.004004184795575386,9895.227150586326,7708.336127472223,0.4887915508406396,0.6033036512899149,0.891729343293277,0.897643536203169,log-normal,0.008734077435366352,0.008279431180749185,2.8256505822837816,0.44602896372951517,5030.828709419466,1.4085558905894655,2.99999999557797,0.009999008603750095,0.1,8530.743029577623,5.58406055130001E-6,1.4184239217290988,0.3512416087236365,33.76326775835394,1.1410770396780507,3,74317,"[0.6033036512899149,0.6033036512899149,0.6033036512899149]","[0.3512416087236365,0.3512416087236365,0.3512416087236365]","[log-normal,log-normal,log-normal]","[33.76326775835394,33.76364596675672,33.76246670130531]","[0.897643536203169,0.897643536203169,0.897643536203169]","[-2900686715252739320,-3619047562646588325,89737713451069096]","[8530.743029577623,8530.743029577623,8530.743029577623]","[0.008279431180749185,0.008279431180749185,0.008279431180749185]","[0.1,0.1,0.1]","[1.4184239217290988,1.4184239217290988,1.4184239217290988]","[0.009999008603750095,0.009999008603750095,0.009999008603750095]","[1.4085558905894655,1.4085558905894655,1.4085558905894655]","[9895.227150586326,9895.227150586326,9895.227150586326]","[2.99999999557797,2.99999999557797,2.99999999557797]","[0.44602896372951517,0.44602896372951517,0.44602896372951517]","[0.4887915508406396,0.4887915508406396,0.4887915508406396]","[CN,CN,CN]","[5030.828709419466,5030.828709419466,5030.828709419466]","[1.1410777912641143,1.1410770396780507,1.141070575039807]","[2.8256505822837816,2.8256505822837816,2.8256505822837816]","[5.58406055130001E-6,5.58406055130001E-6,5.58406055130001E-6]","[0.008734077435366352,0.008734077435366352,0.008734077435366352]","[7708.336127472223,7708.336127472223,7708.336127472223]","[0.004004184795575386,0.004004184795575386,0.004004184795575386]","[0.891729343293277,0.891729343293277,0.891729343293277]"
78000,78000,0.009123569502619075,9920.368912932767,4551.341620811556,0.4693785352502836,0.15893813755144326,0.2006103332545673,1.348757086684924,normal,0.0076551022501475646,0.04587403534020397,2.7441853861728522,0.3785191603808086,2021.8412470049172,1.449785197226413,2.999324490741463,0.009998882668193461,0.10000653225781242,8303.874411247074,6.326572819783074E-7,1.2560354402040683,0.42111830665641126,35.425086802106335,1.0893008683715686,1,77175,"[0.15893813755144326]","[0.42111830665641126]","[normal]","[35.425086802106335]","[1.348757086684924]","[-6419178237639952232]","[8303.874411247074]","[0.04587403534020397]","[0.10000653225781242]","[1.2560354402040683]","[0.009998882668193461]","[1.449785197226413]","[9920.368912932767]","[2.999324490741463]","[0.3785191603808086]","[0.4693785352502836]","[CN]","[2021.8412470049172]","[1.0893008683715686]","[2.7441853861728522]","[6.326572819783074E-7]","[0.0076551022501475646]","[4551.341620811556]","[0.009123569502619075]","[0.2006103332545673]"
78000,78000,0.006664413622434865,9928.647321647924,6341.044796758463,0.49992622050608515,0.5635826746154416,0.3596187585485955,1.3180557108365476,normal,0.006915709202862362,0.010639648291107454,2.6988349295941085,0.3305578477554649,267.5675860124198,1.4979747627884799,2.6404614472484718,0.009999423323297866,0.10000215162578027,5945.89099236244,3.0324813209119243E-6,1.1875423796867852,0.4912760117034073,34.599900279715115,1.109621993344578,2,75974,"[0.5635826746154416,0.5635826746154416]","[0.4912760117034073,0.4912760117034073]","[normal,normal]","[34.59988371939504,34.5999168400352]","[1.3180557108365476,1.3180557108365476]","[-6290500912571187375,7664391140870284735]","[5945.89099236244,5945.89099236244]","[0.010639648291107454,0.010639648291107454]","[0.10000215162578027,0.10000215162578027]","[1.1875423796867852,1.1875423796867852]","[0.009999423323297866,0.009999423323297866]","[1.4979747627884799,1.4979747627884799]","[9928.647321647924,9928.647321647924]","[2.6404614472484718,2.6404614472484718]","[0.3305578477554649,0.3305578477554649]","[0.49992622050608515,0.49992622050608515]","[CN,CN]","[267.5675860124198,267.5675860124198]","[1.1096217371366233,1.1096222495525327]","[2.6988349295941085,2.6988349295941085]","[3.0324813209119243E-6,3.0324813209119243E-6]","[0.006915709202862362,0.006915709202862362]","[6341.044796758463,6341.044796758463]","[0.006664413622434865,0.006664413622434865]","[0.3596187585485955,0.3596187585485955]"
78000,78000,0.0038928529866810815,9896.182651180312,7504.652481079535,0.48885776070533227,0.571910597571082,0.870179761397407,0.8990295218383717,normal,0.008535924136601545,0.008495529896603658,2.8278630409443473,0.44715275015583933,5124.765434048,1.4050103007425827,3.0,0.009998296655723713,0.1004047538074283,8480.43901950441,5.831232756863141E-6,1.4130488165281396,0.3566076617391316,33.700842876103856,1.1418878406833592,1,74859,"[0.571910597571082]","[0.3566076617391316]","[normal]","[33.700842876103856]","[0.8990295218383717]","[-5193607055377238399]","[8480.43901950441]","[0.008495529896603658]","[0.1004047538074283]","[1.4130488165281396]","[0.009998296655723713]","[1.4050103007425827]","[9896.182651180312]","[3.0]","[0.44715275015583933]","[0.48885776070533227]","[CN]","[5124.765434048]","[1.1418878406833592]","[2.8278630409443473]","[5.831232756863141E-6]","[0.008535924136601545]","[7504.652481079535]","[0.0038928529866810815]","[0.870179761397407]"
78000,78000,0.003847041968562374,9900.408009314231,7613.038968549493,0.4912574981958552,0.7377369653609918,0.7031491912534188,1.1806994652084413,log-normal,0.008204761229493793,0.008071838675420443,2.8539775142484327,0.407307379083209,5243.843234365904,1.4066566109836458,2.999997753774587,0.009999096108852563,0.10002165477146534,9067.8476914218,1.3355387663818967E-7,1.419571151172746,0.31604776372096294,33.777457990821105,1.1408792606541716,5,75927,"[0.7377369653609918,0.7377369653609918,0.7377369653609918,0.7377369653609918,0.7377369653609918]","[0.31604776372096294,0.31604776372096294,0.31604776372096294,0.31604776372096294,0.31604776372096294]","[log-normal,log-normal,log-normal,log-normal,log-normal]","[33.777742414502825,33.777457990821105,33.77769424512756,33.77733463535768,33.77738338774059]","[1.1806994652084413,1.1806994652084413,1.1806994652084413,1.1806994652084413,1.1806994652084413]","[1518450253562606730,-3135564572771090979,-3555220544901616272,7844894587511602370,8233699106770249186]","[9067.8476914218,9067.8476914218,9067.8476914218,9067.8476914218,9067.8476914218]","[0.008071838675420443,0.008071838675420443,0.008071838675420443,0.008071838675420443,0.008071838675420443]","[0.10002165477146534,0.10002165477146534,0.10002165477146534,0.10002165477146534,0.10002165477146534]","[1.419571151172746,1.419571151172746,1.419571151172746,1.419571151172746,1.419571151172746]","[0.009999096108852563,0.009999096108852563,0.009999096108852563,0.009999096108852563,0.009999096108852563]","[1.4066566109836458,1.4066566109836458,1.4066566109836458,1.4066566109836458,1.4066566109836458]","[9900.408009314231,9900.408009314231,9900.408009314231,9900.408009314231,9900.408009314231]","[2.999997753774587,2.999997753774587,2.999997753774587,2.999997753774587,2.999997753774587]","[0.407307379083209,0.407307379083209,0.407307379083209,0.407307379083209,0.407307379083209]","[0.4912574981958552,0.4912574981958552,0.4912574981958552,0.4912574981958552,0.4912574981958552]","[CN,CN,CN,CN,CN]","[5243.843234365904,5243.843234365904,5243.843234365904,5243.843234365904,5243.843234365904]","[1.140881800209853,1.1408792606541716,1.140881503157775,1.1408771510459552,1.1408779706679535]","[2.8539775142484327,2.8539775142484327,2.8539775142484327,2.8539775142484327,2.8539775142484327]","[1.3355387663818967E-7,1.3355387663818967E-7,1.3355387663818967E-7,1.3355387663818967E-7,1.3355387663818967E-7]","[0.008204761229493793,0.008204761229493793,0.008204761229493793,0.008204761229493793,0.008204761229493793]","[7613.038968549493,7613.038968549493,7613.038968549493,7613.038968549493,7613.038968549493]","[0.003847041968562374,0.003847041968562374,0.003847041968562374,0.003847041968562374,0.003847041968562374]","[0.7031491912534188,0.7031491912534188,0.7031491912534188,0.7031491912534188,0.7031491912534188]"
78000,78000,0.008052527017980348,9897.789911784826,5404.779586933639,0.46630337132554484,0.38877947007632774,0.11919341670259856,1.3247022854250803,log-normal,0.008868484788686045,0.02862860222051125,2.7682798586394255,0.373222214020713,2142.6217334561825,1.4477027654917205,3.0,0.009998525839362069,0.10038709290166775,8479.247485530666,2.9057770231004336E-7,1.2385920508909454,0.35414221216488595,35.07610109982494,1.0970390736603615,2,77105,"[0.38877947007632774,0.38877947007632774]","[0.35414221216488595,0.35414221216488595]","[log-normal,log-normal]","[35.07613588623985,35.07606631341004]","[1.3247022854250803,1.3247022854250803]","[-3898011030429638155,610758165913692217]","[8479.247485530666,8479.247485530666]","[0.02862860222051125,0.02862860222051125]","[0.10038709290166775,0.10038709290166775]","[1.2385920508909454,1.2385920508909454]","[0.009998525839362069,0.009998525839362069]","[1.4477027654917205,1.4477027654917205]","[9897.789911784826,9897.789911784826]","[3.0,3.0]","[0.373222214020713,0.373222214020713]","[0.46630337132554484,0.46630337132554484]","[CN,CN]","[2142.6217334561825,2142.6217334561825]","[1.0970376815091594,1.0970404658115636]","[2.7682798586394255,2.7682798586394255]","[2.9057770231004336E-7,2.9057770231004336E-7]","[0.008868484788686045,0.008868484788686045]","[5404.779586933639,5404.779586933639]","[0.008052527017980348,0.008052527017980348]","[0.11919341670259856,0.11919341670259856]"
78000,78000,0.005990302498114417,9924.640699823658,6474.837410536222,0.498904929835477,0.5988898005633592,0.33991920787567825,1.3160493292348785,normal,0.007014876938294212,0.009173071574092494,2.720277144092785,0.3305432589459823,679.1347956930425,1.4899547135781546,2.6519962692373675,0.009999888658228933,0.10000688613675045,5982.3321774936285,3.707722918966149E-6,1.1932550268961803,0.5172627097411164,34.29868822039133,1.1151047484185086,4,73134,"[0.5988898005633592,0.5988898005633592,0.5988898005633592,0.5988898005633592]","[0.5172627097411164,0.5172627097411164,0.5172627097411164,0.5172627097411164]","[normal,normal,normal,normal]","[34.29792378086793,34.29952799403708,34.2985740938079,34.298802346974746]","[1.3160493292348785,1.3160493292348785,1.3160493292348785,1.3160493292348785]","[7560561336992759321,2599720840813076915,8283444068752456273,-4364401016404282023]","[5982.3321774936285,5982.3321774936285,5982.3321774936285,5982.3321774936285]","[0.009173071574092494,0.009173071574092494,0.009173071574092494,0.009173071574092494]","[0.10000688613675045,0.10000688613675045,0.10000688613675045,0.10000688613675045]","[1.1932550268961803,1.1932550268961803,1.1932550268961803,1.1932550268961803]","[0.009999888658228933,0.009999888658228933,0.009999888658228933,0.009999888658228933]","[1.4899547135781546,1.4899547135781546,1.4899547135781546,1.4899547135781546]","[9924.640699823658,9924.640699823658,9924.640699823658,9924.640699823658]","[2.6519962692373675,2.6519962692373675,2.6519962692373675,2.6519962692373675]","[0.3305432589459823,0.3305432589459823,0.3305432589459823,0.3305432589459823]","[0.498904929835477,0.498904929835477,0.498904929835477,0.498904929835477]","[CN,CN,CN,CN]","[679.1347956930425,679.1347956930425,679.1347956930425,679.1347956930425]","[1.1150978117550496,1.1151143376377652,1.1151049045736874,1.1151045922633298]","[2.720277144092785,2.720277144092785,2.720277144092785,2.720277144092785]","[3.707722918966149E-6,3.707722918966149E-6,3.707722918966149E-6,3.707722918966149E-6]","[0.007014876938294212,0.007014876938294212,0.007014876938294212,0.007014876938294212]","[6474.837410536222,6474.837410536222,6474.837410536222,6474.837410536222]","[0.005990302498114417,0.005990302498114417,0.005990302498114417,0.005990302498114417]","[0.33991920787567825,0.33991920787567825,0.33991920787567825,0.33991920787567825]"
78000,78000,0.007292225500976578,9836.514907165747,5665.374724896436,0.47116515739971954,0.3576038875747304,0.2887547736495342,1.284408516071377,normal,0.008534112793753526,0.023461624485852105,2.7855479107605032,0.3617434544460063,1284.2574181584264,1.443831134381643,2.9996712237423306,0.009998931150118788,0.10012982625134827,8268.977934096802,1.4464952445882934E-7,1.2866499213198521,0.37333446183459507,34.86760031034053,1.1021119765992833,1,77023,"[0.3576038875747304]","[0.37333446183459507]","[normal]","[34.86760031034053]","[1.284408516071377]","[4704443439759096843]","[8268.977934096802]","[0.023461624485852105]","[0.10012982625134827]","[1.2866499213198521]","[0.009998931150118788]","[1.443831134381643]","[9836.514907165747]","[2.9996712237423306]","[0.3617434544460063]","[0.47116515739971954]","[CN]","[1284.2574181584264]","[1.1021119765992833]","[2.7855479107605032]","[1.4464952445882934E-7]","[0.008534112793753526]","[5665.374724896436]","[0.007292225500976578]","[0.2887547736495342]"
78000,78000,0.006010291289528764,9928.628909189749,6451.164279972584,0.4994376058444119,0.5950760322224656,0.33490718116046264,1.3000699384473156,log-normal,0.007012229328615566,0.008688444438292501,2.719998879705052,0.3252527006193986,285.0348338372884,1.4929435156303417,2.648073677351346,0.009999688798490879,0.10028773681006876,5738.374826700238,3.7882574943938805E-6,1.1539946908544065,0.5287951060876391,34.31059622360358,1.1148734619054081,10,68939,"[0.5950760322224656,0.5950760322224656,0.5950760322224656,0.5950760322224656,0.5950760322224656,0.5950760322224656,0.5950760322224656,0.5950760322224656,0.5950760322224656,0.5950760322224656]","[0.5287951060876391,0.5287951060876391,0.5287951060876391,0.5287951060876391,0.5287951060876391,0.5287951060876391,0.5287951060876391,0.5287951060876391,0.5287951060876391,0.5287951060876391]","[log-normal,log-normal,log-normal,log-normal,log-normal,log-normal,log-normal,log-normal,log-normal,log-normal]","[34.310709825856904,34.3103540716977,34.31025243934075,34.31034894224002,34.30977023854743,34.310576796385675,34.310980323072464,34.3106156508215,34.31128329926364,34.31073550707878]","[1.3000699384473156,1.3000699384473156,1.3000699384473156,1.3000699384473156,1.3000699384473156,1.3000699384473156,1.3000699384473156,1.3000699384473156,1.3000699384473156,1.3000699384473156]","[1588485606534085514,-495513441570853002,-4643325667045184513,-8724829577029033488,-5689207391691476405,-7207377776420885207,-1191107765082620027,2312901658813592647,1031089457360993678,5069993044618244866]","[5738.374826700238,5738.374826700238,5738.374826700238,5738.374826700238,5738.374826700238,5738.374826700238,5738.374826700238,5738.374826700238,5738.374826700238,5738.374826700238]","[0.008688444438292501,0.008688444438292501,0.008688444438292501,0.008688444438292501,0.008688444438292501,0.008688444438292501,0.008688444438292501,0.008688444438292501,0.008688444438292501,0.008688444438292501]","[0.10028773681006876,0.10028773681006876,0.10028773681006876,0.10028773681006876,0.10028773681006876,0.10028773681006876,0.10028773681006876,0.10028773681006876,0.10028773681006876,0.10028773681006876]","[1.1539946908544065,1.1539946908544065,1.1539946908544065,1.1539946908544065,1.1539946908544065,1.1539946908544065,1.1539946908544065,1.1539946908544065,1.1539946908544065,1.1539946908544065]","[0.009999688798490879,0.009999688798490879,0.009999688798490879,0.009999688798490879,0.009999688798490879,0.009999688798490879,0.009999688798490879,0.009999688798490879,0.009999688798490879,0.009999688798490879]","[1.4929435156303417,1.4929435156303417,1.4929435156303417,1.4929435156303417,1.4929435156303417,1.4929435156303417,1.4929435156303417,1.4929435156303417,1.4929435156303417,1.4929435156303417]","[9928.628909189749,9928.628909189749,9928.628909189749,9928.628909189749,9928.628909189749,9928.628909189749,9928.628909189749,9928.628909189749,9928.628909189749,9928.628909189749]","[2.648073677351346,2.648073677351346,2.648073677351346,2.648073677351346,2.648073677351346,2.648073677351346,2.648073677351346,2.648073677351346,2.648073677351346,2.648073677351346]","[0.3252527006193986,0.3252527006193986,0.3252527006193986,0.3252527006193986,0.3252527006193986,0.3252527006193986,0.3252527006193986,0.3252527006193986,0.3252527006193986,0.3252527006193986]","[0.4994376058444119,0.4994376058444119,0.4994376058444119,0.4994376058444119,0.4994376058444119,0.4994376058444119,0.4994376058444119,0.4994376058444119,0.4994376058444119,0.4994376058444119]","[CN,CN,CN,CN,CN,CN,CN,CN,CN,CN]","[285.0348338372884,285.0348338372884,285.0348338372884,285.0348338372884,285.0348338372884,285.0348338372884,285.0348338372884,285.0348338372884,285.0348338372884,285.0348338372884]","[1.1148731941623258,1.1148712510669998,1.114868530892702,1.1148764608013713,1.11486427366411,1.1148729974717806,1.1148768491919019,1.1148737296484905,1.1148784714874143,1.1148744313351202]","[2.719998879705052,2.719998879705052,2.719998879705052,2.719998879705052,2.719998879705052,2.719998879705052,2.719998879705052,2.719998879705052,2.719998879705052,2.719998879705052]","[3.7882574943938805E-6,3.7882574943938805E-6,3.7882574943938805E-6,3.7882574943938805E-6,3.7882574943938805E-6,3.7882574943938805E-6,3.7882574943938805E-6,3.7882574943938805E-6,3.7882574943938805E-6,3.7882574943938805E-6]","[0.007012229328615566,0.007012229328615566,0.007012229328615566,0.007012229328615566,0.007012229328615566,0.007012229328615566,0.007012229328615566,0.007012229328615566,0.007012229328615566,0.007012229328615566]","[6451.164279972584,6451.164279972584,6451.164279972584,6451.164279972584,6451.164279972584,6451.164279972584,6451.164279972584,6451.164279972584,6451.164279972584,6451.164279972584]","[0.006010291289528764,0.006010291289528764,0.006010291289528764,0.006010291289528764,0.006010291289528764,0.006010291289528764,0.006010291289528764,0.006010291289528764,0.006010291289528764,0.006010291289528764]","[0.33490718116046264,0.33490718116046264,0.33490718116046264,0.33490718116046264,0.33490718116046264,0.33490718116046264,0.33490718116046264,0.33490718116046264,0.33490718116046264,0.33490718116046264]"
78000,78000,0.006349331069730322,9924.655100980177,6553.8863851374945,0.4985276559947745,0.5376368003228018,0.324087706286612,1.3099907307368808,normal,0.006923556351444574,0.010084878097911991,2.7055037486831104,0.32664839062949236,182.49806150921992,1.4937747419213012,2.6431492418700255,0.009997426649572648,0.10000849375928725,5764.247786955382,3.7508087949903506E-6,1.178377424600594,0.5280710363027266,34.474176702060504,1.1118038326518302,4,73080,"[0.5376368003228018,0.5376368003228018,0.5376368003228018,0.5376368003228018]","[0.5280710363027266,0.5280710363027266,0.5280710363027266,0.5280710363027266]","[normal,normal,normal,normal]","[34.47387358342029,34.47458019716509,34.47447982070072,34.47359920498332]","[1.3099907307368808,1.3099907307368808,1.3099907307368808,1.3099907307368808]","[-3753086875776228120,-4018009580225566812,5019148267421759424,-5791318246672271715]","[5764.247786955382,5764.247786955382,5764.247786955382,5764.247786955382]","[0.010084878097911991,0.010084878097911991,0.010084878097911991,0.010084878097911991]","[0.10000849375928725,0.10000849375928725,0.10000849375928725,0.10000849375928725]","[1.178377424600594,1.178377424600594,1.178377424600594,1.178377424600594]","[0.009997426649572648,0.009997426649572648,0.009997426649572648,0.009997426649572648]","[1.4937747419213012,1.4937747419213012,1.4937747419213012,1.4937747419213012]","[9924.655100980177,9924.655100980177,9924.655100980177,9924.655100980177]","[2.6431492418700255,2.6431492418700255,2.6431492418700255,2.6431492418700255]","[0.32664839062949236,0.32664839062949236,0.32664839062949236,0.32664839062949236]","[0.4985276559947745,0.4985276559947745,0.4985276559947745,0.4985276559947745]","[CN,CN,CN,CN]","[182.49806150921992,182.49806150921992,182.49806150921992,182.49806150921992]","[1.1118018267566547,1.1118098205826863,1.1118058385470055,1.1117999791679052]","[2.7055037486831104,2.7055037486831104,2.7055037486831104,2.7055037486831104]","[3.7508087949903506E-6,3.7508087949903506E-6,3.7508087949903506E-6,3.7508087949903506E-6]","[0.006923556351444574,0.006923556351444574,0.006923556351444574,0.006923556351444574]","[6553.8863851374945,6553.8863851374945,6553.8863851374945,6553.8863851374945]","[0.006349331069730322,0.006349331069730322,0.006349331069730322,0.006349331069730322]","[0.324087706286612,0.324087706286612,0.324087706286612,0.324087706286612]"
78000,78000,0.005904844001815047,9901.527710507415,6381.882234982077,0.4999777503026877,0.5956116869141828,0.3299801144007561,1.2453335459600194,log-normal,0.006876153110265312,0.009065100999905904,2.715109791642085,0.3304637911940542,804.6908667557135,1.489859693786174,2.6507914929194847,0.00999942681802159,0.10076637806437788,5735.3041686450815,3.236411986764025E-6,1.1214209073438377,0.5040299806890726,34.27176505653969,1.116029162111749,1,77868,"[0.5956116869141828]","[0.5040299806890726]","[log-normal]","[34.27176505653969]","[1.2453335459600194]","[234988946381728687]","[5735.3041686450815]","[0.009065100999905904]","[0.10076637806437788]","[1.1214209073438377]","[0.00999942681802159]","[1.489859693786174]","[9901.527710507415]","[2.6507914929194847]","[0.3304637911940542]","[0.4999777503026877]","[CN]","[804.6908667557135]","[1.116029162111749]","[2.715109791642085]","[3.236411986764025E-6]","[0.006876153110265312]","[6381.882234982077]","[0.005904844001815047]","[0.3299801144007561]"
78000,78000,0.0039427981154836755,9899.295931313405,7644.492524524387,0.4896563764831385,0.5796030498942879,0.8959405679694603,0.9097568487300518,normal,0.008661832946054696,0.008546999134022945,2.8288990463922894,0.4472594637101278,5296.836846225655,1.4094055881678755,3.0,0.009998972554791253,0.100005087223919,8352.726102318184,5.466560695601139E-6,1.3938733213272136,0.35686109501404817,33.6550489010569,1.1424859010728938,5,70966,"[0.5796030498942879,0.5796030498942879,0.5796030498942879,0.5796030498942879,0.5796030498942879]","[0.35686109501404817,0.35686109501404817,0.35686109501404817,0.35686109501404817,0.35686109501404817]","[normal,normal,normal,normal,normal]","[33.65513390853867,33.6550489010569,33.654996533244876,33.65517908011865,33.654867062847956]","[0.9097568487300518,0.9097568487300518,0.9097568487300518,0.9097568487300518,0.9097568487300518]","[-8742697905039638575,4280097137503434132,-3697691048680032363,6880645043089012225,1552433342458560411]","[8352.726102318184,8352.726102318184,8352.726102318184,8352.726102318184,8352.726102318184]","[0.008546999134022945,0.008546999134022945,0.008546999134022945,0.008546999134022945,0.008546999134022945]","[0.100005087223919,0.100005087223919,0.100005087223919,0.100005087223919,0.100005087223919]","[1.3938733213272136,1.3938733213272136,1.3938733213272136,1.3938733213272136,1.3938733213272136]","[0.009998972554791253,0.009998972554791253,0.009998972554791253,0.009998972554791253,0.009998972554791253]","[1.4094055881678755,1.4094055881678755,1.4094055881678755,1.4094055881678755,1.4094055881678755]","[9899.295931313405,9899.295931313405,9899.295931313405,9899.295931313405,9899.295931313405]","[3.0,3.0,3.0,3.0,3.0]","[0.4472594637101278,0.4472594637101278,0.4472594637101278,0.4472594637101278,0.4472594637101278]","[0.4896563764831385,0.4896563764831385,0.4896563764831385,0.4896563764831385,0.4896563764831385]","[CN,CN,CN,CN,CN]","[5296.836846225655,5296.836846225655,5296.836846225655,5296.836846225655,5296.836846225655]","[1.1424891291359638,1.1424870321190828,1.1424850049471793,1.1424858687504498,1.1424859010728938]","[2.8288990463922894,2.8288990463922894,2.8288990463922894,2.8288990463922894,2.8288990463922894]","[5.466560695601139E-6,5.466560695601139E-6,5.466560695601139E-6,5.466560695601139E-6,5.466560695601139E-6]","[0.008661832946054696,0.008661832946054696,0.008661832946054696,0.008661832946054696,0.008661832946054696]","[7644.492524524387,7644.492524524387,7644.492524524387,7644.492524524387,7644.492524524387]","[0.0039427981154836755,0.0039427981154836755,0.0039427981154836755,0.0039427981154836755,0.0039427981154836755]","[0.8959405679694603,0.8959405679694603,0.8959405679694603,0.8959405679694603,0.8959405679694603]"
78000,78000,0.0038860844485080455,9899.345496030119,7604.13824660627,0.4893912010277929,0.5833504598834381,0.8990538781900556,0.9068696139289257,normal,0.008659729038073143,0.008386732184329102,2.8293195561162694,0.4463129555797055,5332.366695916669,1.4097181987323713,3.0,0.009998966803497166,0.10000539684282772,8351.687845565079,5.545002646832148E-6,1.3959371819521715,0.3573756384244088,33.6130812777979,1.1430920595957208,10,57149,"[0.5833504598834381,0.5833504598834381,0.5833504598834381,0.5833504598834381,0.5833504598834381,0.5833504598834381,0.5833504598834381,0.5833504598834381,0.5833504598834381,0.5833504598834381]","[0.3573756384244088,0.3573756384244088,0.3573756384244088,0.3573756384244088,0.3573756384244088,0.3573756384244088,0.3573756384244088,0.3573756384244088,0.3573756384244088,0.3573756384244088]","[normal,normal,normal,normal,normal,normal,normal,normal,normal,normal]","[33.61344927633505,33.6135911154885,33.613070125369504,33.613637235385035,33.6130924302263,33.61279841967635,33.613045718614956,33.612841202483004,33.613325655107076,33.6125038823745]","[0.9068696139289257,0.9068696139289257,0.9068696139289257,0.9068696139289257,0.9068696139289257,0.9068696139289257,0.9068696139289257,0.9068696139289257,0.9068696139289257,0.9068696139289257]","[-3829949396204915305,-2836769134146491212,1999571347089915136,2354755143105701416,-7816917294067124070,-2021731472373940904,-1450735552843814857,305311282986153365,5071117722102556128,-8400842428706266315]","[8351.687845565079,8351.687845565079,8351.687845565079,8351.687845565079,8351.687845565079,8351.687845565079,8351.687845565079,8351.687845565079,8351.687845565079,8351.687845565079]","[0.008386732184329102,0.008386732184329102,0.008386732184329102,0.008386732184329102,0.008386732184329102,0.008386732184329102,0.008386732184329102,0.008386732184329102,0.008386732184329102,0.008386732184329102]","[0.10000539684282772,0.10000539684282772,0.10000539684282772,0.10000539684282772,0.10000539684282772,0.10000539684282772,0.10000539684282772,0.10000539684282772,0.10000539684282772,0.10000539684282772]","[1.3959371819521715,1.3959371819521715,1.3959371819521715,1.3959371819521715,1.3959371819521715,1.3959371819521715,1.3959371819521715,1.3959371819521715,1.3959371819521715,1.3959371819521715]","[0.009998966803497166,0.009998966803497166,0.009998966803497166,0.009998966803497166,0.009998966803497166,0.009998966803497166,0.009998966803497166,0.009998966803497166,0.009998966803497166,0.009998966803497166]","[1.4097181987323713,1.4097181987323713,1.4097181987323713,1.4097181987323713,1.4097181987323713,1.4097181987323713,1.4097181987323713,1.4097181987323713,1.4097181987323713,1.4097181987323713]","[9899.345496030119,9899.345496030119,9899.345496030119,9899.345496030119,9899.345496030119,9899.345496030119,9899.345496030119,9899.345496030119,9899.345496030119,9899.345496030119]","[3.0,3.0,3.0,3.0,3.0,3.0,3.0,3.0,3.0,3.0]","[0.4463129555797055,0.4463129555797055,0.4463129555797055,0.4463129555797055,0.4463129555797055,0.4463129555797055,0.4463129555797055,0.4463129555797055,0.4463129555797055,0.4463129555797055]","[0.4893912010277929,0.4893912010277929,0.4893912010277929,0.4893912010277929,0.4893912010277929,0.4893912010277929,0.4893912010277929,0.4893912010277929,0.4893912010277929,0.4893912010277929]","[CN,CN,CN,CN,CN,CN,CN,CN,CN,CN]","[5332.366695916669,5332.366695916669,5332.366695916669,5332.366695916669,5332.366695916669,5332.366695916669,5332.366695916669,5332.366695916669,5332.366695916669,5332.366695916669]","[1.1430922471748481,1.1430937059895594,1.1430900113642972,1.1430930174025498,1.143092132614864,1.143089670925807,1.1430921828201057,1.1430904079744957,1.1430919865765776,1.143088634830509]","[2.8293195561162694,2.8293195561162694,2.8293195561162694,2.8293195561162694,2.8293195561162694,2.8293195561162694,2.8293195561162694,2.8293195561162694,2.8293195561162694,2.8293195561162694]","[5.545002646832148E-6,5.545002646832148E-6,5.545002646832148E-6,5.545002646832148E-6,5.545002646832148E-6,5.545002646832148E-6,5.545002646832148E-6,5.545002646832148E-6,5.545002646832148E-6,5.545002646832148E-6]","[0.008659729038073143,0.008659729038073143,0.008659729038073143,0.008659729038073143,0.008659729038073143,0.008659729038073143,0.008659729038073143,0.008659729038073143,0.008659729038073143,0.008659729038073143]","[7604.13824660627,7604.13824660627,7604.13824660627,7604.13824660627,7604.13824660627,7604.13824660627,7604.13824660627,7604.13824660627,7604.13824660627,7604.13824660627]","[0.0038860844485080455,0.0038860844485080455,0.0038860844485080455,0.0038860844485080455,0.0038860844485080455,0.0038860844485080455,0.0038860844485080455,0.0038860844485080455,0.0038860844485080455,0.0038860844485080455]","[0.8990538781900556,0.8990538781900556,0.8990538781900556,0.8990538781900556,0.8990538781900556,0.8990538781900556,0.8990538781900556,0.8990538781900556,0.8990538781900556,0.8990538781900556]"
78000,78000,0.0037040036389067604,9896.436095238632,7975.6215065464485,0.4928659471690491,0.5691058637686864,0.824370004899543,0.8392026829635599,log-normal,0.00866547603773611,0.00840340919914659,2.833334648166921,0.4482050158692914,4971.641008956257,1.406595004452225,2.9999920278211634,0.009998876426455049,0.100058521317631,8301.517176490614,5.449362702457085E-6,1.402314131693843,0.35807919209645045,33.5142800632306,1.1453572412795499,2,77399,"[0.5691058637686864,0.5691058637686864]","[0.35807919209645045,0.35807919209645045]","[log-normal,log-normal]","[33.51412931674051,33.5144308097207]","[0.8392026829635599,0.8392026829635599]","[2288914745118127118,-3152303796087621861]","[8301.517176490614,8301.517176490614]","[0.00840340919914659,0.00840340919914659]","[0.100058521317631,0.100058521317631]","[1.402314131693843,1.402314131693843]","[0.009998876426455049,0.009998876426455049]","[1.406595004452225,1.406595004452225]","[9896.436095238632,9896.436095238632]","[2.9999920278211634,2.9999920278211634]","[0.4482050158692914,0.4482050158692914]","[0.4928659471690491,0.4928659471690491]","[CN,CN]","[4971.641008956257,4971.641008956257]","[1.1453560209573421,1.1453584616017578]","[2.833334648166921,2.833334648166921]","[5.449362702457085E-6,5.449362702457085E-6]","[0.00866547603773611,0.00866547603773611]","[7975.6215065464485,7975.6215065464485]","[0.0037040036389067604,0.0037040036389067604]","[0.824370004899543,0.824370004899543]"
78000,78000,0.006056612674960763,9920.926823918213,6480.030089404524,0.4990773295807813,0.5919598261628383,0.33840360784802365,1.3128613663952498,log-normal,0.007011444189479585,0.009282157320586015,2.718483318820927,0.3306594411472724,689.946407471768,1.491456308754901,2.6503979134566475,0.009999713629638111,0.10001214202827899,5992.1243427205645,3.6990780174061185E-6,1.1877240236470543,0.5160547139354267,34.32275277882031,1.1146372837473235,1,77899,"[0.5919598261628383]","[0.5160547139354267]","[log-normal]","[34.32275277882031]","[1.3128613663952498]","[7712571830642504659]","[5992.1243427205645]","[0.009282157320586015]","[0.10001214202827899]","[1.1877240236470543]","[0.009999713629638111]","[1.491456308754901]","[9920.926823918213]","[2.6503979134566475]","[0.3306594411472724]","[0.4990773295807813]","[CN]","[689.946407471768]","[1.1146372837473235]","[2.718483318820927]","[3.6990780174061185E-6]","[0.007011444189479585]","[6480.030089404524]","[0.006056612674960763]","[0.33840360784802365]"
78000,78000,0.006297906190988427,9927.672675150998,6502.473518166533,0.4995735375561875,0.5473900055372496,0.338499374838436,1.3089158314266074,log-normal,0.00687349100206238,0.010000842141604826,2.7118729739157827,0.32854647894423744,403.0062840192178,1.4932691993546165,2.643235194887382,0.009999900017594203,0.10002217928290871,5657.30969318224,3.729274263634039E-6,1.1888889665777134,0.5296268326226393,34.456518031819044,1.1123410970326448,1,76831,"[0.5473900055372496]","[0.5296268326226393]","[log-normal]","[34.456518031819044]","[1.3089158314266074]","[-7508956038608029286]","[5657.30969318224]","[0.010000842141604826]","[0.10002217928290871]","[1.1888889665777134]","[0.009999900017594203]","[1.4932691993546165]","[9927.672675150998]","[2.643235194887382]","[0.32854647894423744]","[0.4995735375561875]","[CN]","[403.0062840192178]","[1.1123410970326448]","[2.7118729739157827]","[3.729274263634039E-6]","[0.00687349100206238]","[6502.473518166533]","[0.006297906190988427]","[0.338499374838436]"
78000,78000,0.00888790099780922,9924.573600939033,4497.123933679397,0.469595231367571,0.10752744284063737,0.21658418130197138,1.3581383538811838,log-normal,0.007676324163585291,0.041834595568035524,2.74152928533247,0.3754211222390713,2210.4816857352394,1.4509269291405018,2.9619857372879337,0.009998809185345466,0.1,8359.49352284954,2.9841021022826834E-7,1.2448855027713754,0.43065104188288494,35.47148802290509,1.0916389962279827,10,72964,"[0.10752744284063737,0.10752744284063737,0.10752744284063737,0.10752744284063737,0.10752744284063737,0.10752744284063737,0.10752744284063737,0.10752744284063737,0.10752744284063737,0.10752744284063737]","[0.43065104188288494,0.43065104188288494,0.43065104188288494,0.43065104188288494,0.43065104188288494,0.43065104188288494,0.43065104188288494,0.43065104188288494,0.43065104188288494,0.43065104188288494]","[log-normal,log-normal,log-normal,log-normal,log-normal,log-normal,log-normal,log-normal,log-normal,log-normal]","[35.47216426345843,35.47047904844031,35.47136276510012,35.47227289439885,35.471384130744795,35.471331209674524,35.47258898997323,35.471618771215674,35.47159191506538,35.471126443875704]","[1.3581383538811838,1.3581383538811838,1.3581383538811838,1.3581383538811838,1.3581383538811838,1.3581383538811838,1.3581383538811838,1.3581383538811838,1.3581383538811838,1.3581383538811838]","[-1899479063302348439,-7346098381601019994,7181860104540842737,579301309111627179,-4343088748527911412,-6837764832846712102,7658856253463421926,4612154220746997251,7393589848450167511,-5000835228693601358]","[8359.49352284954,8359.49352284954,8359.49352284954,8359.49352284954,8359.49352284954,8359.49352284954,8359.49352284954,8359.49352284954,8359.49352284954,8359.49352284954]","[0.041834595568035524,0.041834595568035524,0.041834595568035524,0.041834595568035524,0.041834595568035524,0.041834595568035524,0.041834595568035524,0.041834595568035524,0.041834595568035524,0.041834595568035524]","[0.1,0.1,0.1,0.1,0.1,0.1,0.1,0.1,0.1,0.1]","[1.2448855027713754,1.2448855027713754,1.2448855027713754,1.2448855027713754,1.2448855027713754,1.2448855027713754,1.2448855027713754,1.2448855027713754,1.2448855027713754,1.2448855027713754]","[0.009998809185345466,0.009998809185345466,0.009998809185345466,0.009998809185345466,0.009998809185345466,0.009998809185345466,0.009998809185345466,0.009998809185345466,0.009998809185345466,0.009998809185345466]","[1.4509269291405018,1.4509269291405018,1.4509269291405018,1.4509269291405018,1.4509269291405018,1.4509269291405018,1.4509269291405018,1.4509269291405018,1.4509269291405018,1.4509269291405018]","[9924.573600939033,9924.573600939033,9924.573600939033,9924.573600939033,9924.573600939033,9924.573600939033,9924.573600939033,9924.573600939033,9924.573600939033,9924.573600939033]","[2.9619857372879337,2.9619857372879337,2.9619857372879337,2.9619857372879337,2.9619857372879337,2.9619857372879337,2.9619857372879337,2.9619857372879337,2.9619857372879337,2.9619857372879337]","[0.3754211222390713,0.3754211222390713,0.3754211222390713,0.3754211222390713,0.3754211222390713,0.3754211222390713,0.3754211222390713,0.3754211222390713,0.3754211222390713,0.3754211222390713]","[0.469595231367571,0.469595231367571,0.469595231367571,0.469595231367571,0.469595231367571,0.469595231367571,0.469595231367571,0.469595231367571,0.469595231367571,0.469595231367571]","[CN,CN,CN,CN,CN,CN,CN,CN,CN,CN]","[2210.4816857352394,2210.4816857352394,2210.4816857352394,2210.4816857352394,2210.4816857352394,2210.4816857352394,2210.4816857352394,2210.4816857352394,2210.4816857352394,2210.4816857352394]","[1.0916213193834259,1.0916737872639153,1.0916826592705742,1.0916265747791052,1.0916215703597394,1.0915992154246548,1.0916461544512923,1.09167837569961,1.0916453504028203,1.091632642053145]","[2.74152928533247,2.74152928533247,2.74152928533247,2.74152928533247,2.74152928533247,2.74152928533247,2.74152928533247,2.74152928533247,2.74152928533247,2.74152928533247]","[2.9841021022826834E-7,2.9841021022826834E-7,2.9841021022826834E-7,2.9841021022826834E-7,2.9841021022826834E-7,2.9841021022826834E-7,2.9841021022826834E-7,2.9841021022826834E-7,2.9841021022826834E-7,2.9841021022826834E-7]","[0.007676324163585291,0.007676324163585291,0.007676324163585291,0.007676324163585291,0.007676324163585291,0.007676324163585291,0.007676324163585291,0.007676324163585291,0.007676324163585291,0.007676324163585291]","[4497.123933679397,4497.123933679397,4497.123933679397,4497.123933679397,4497.123933679397,4497.123933679397,4497.123933679397,4497.123933679397,4497.123933679397,4497.123933679397]","[0.00888790099780922,0.00888790099780922,0.00888790099780922,0.00888790099780922,0.00888790099780922,0.00888790099780922,0.00888790099780922,0.00888790099780922,0.00888790099780922,0.00888790099780922]","[0.21658418130197138,0.21658418130197138,0.21658418130197138,0.21658418130197138,0.21658418130197138,0.21658418130197138,0.21658418130197138,0.21658418130197138,0.21658418130197138,0.21658418130197138]"
78000,78000,0.006424056749320365,9945.883547449363,6508.336401001133,0.49928405741761467,0.5521927015419307,0.3338378623402813,1.3135386381131906,log-normal,0.006958411347478405,0.010101290628479684,2.7007839688005157,0.3269921982392089,147.59006977599256,1.4956065005523496,2.631398860644458,0.009999758608437275,0.10000175048530639,5673.710516535223,3.8042273753856446E-6,1.1824012580875456,0.5311742924716915,34.50247552428192,1.1114317796969042,1,75530,"[0.5521927015419307]","[0.5311742924716915]","[log-normal]","[34.50247552428192]","[1.3135386381131906]","[-558963838479863788]","[5673.710516535223]","[0.010101290628479684]","[0.10000175048530639]","[1.1824012580875456]","[0.009999758608437275]","[1.4956065005523496]","[9945.883547449363]","[2.631398860644458]","[0.3269921982392089]","[0.49928405741761467]","[CN]","[147.59006977599256]","[1.1114317796969042]","[2.7007839688005157]","[3.8042273753856446E-6]","[0.006958411347478405]","[6508.336401001133]","[0.006424056749320365]","[0.3338378623402813]"
78000,78000,0.003795864163679774,9895.103189801277,7496.341557975346,0.4886032807292387,0.5718575796188742,0.877749074056687,0.9047043796131743,normal,0.008571643407647437,0.008539836886720402,2.8328903892382318,0.44953651494603697,5179.813311470732,1.4065949713732375,2.9999996183376574,0.009998928112154522,0.10039032021698292,8554.997725318004,6.006291350912093E-6,1.4063394118342385,0.355842238701375,33.57627621663011,1.1439906949484229,10,71292,"[0.5718575796188742,0.5718575796188742,0.5718575796188742,0.5718575796188742,0.5718575796188742,0.5718575796188742,0.5718575796188742,0.5718575796188742,0.5718575796188742,0.5718575796188742]","[0.355842238701375,0.355842238701375,0.355842238701375,0.355842238701375,0.355842238701375,0.355842238701375,0.355842238701375,0.355842238701375,0.355842238701375,0.355842238701375]","[normal,normal,normal,normal,normal,normal,normal,normal,normal,normal]","[33.57668940689516,33.57606187615492,33.57510068622832,33.57652307318062,33.57623391554938,33.576244928098646,33.57637648108747,33.57631292840892,33.57630750516158,33.5751886546489]","[0.9047043796131743,0.9047043796131743,0.9047043796131743,0.9047043796131743,0.9047043796131743,0.9047043796131743,0.9047043796131743,0.9047043796131743,0.9047043796131743,0.9047043796131743]","[-1649655876113761645,2638558870675945795,-3731834641613684780,-4946121528550031910,7730032087874797459,-2797141886031564076,-889589233793107756,4018286600185508358,-8529094593675367071,-4262417795692042897]","[8554.997725318004,8554.997725318004,8554.997725318004,8554.997725318004,8554.997725318004,8554.997725318004,8554.997725318004,8554.997725318004,8554.997725318004,8554.997725318004]","[0.008539836886720402,0.008539836886720402,0.008539836886720402,0.008539836886720402,0.008539836886720402,0.008539836886720402,0.008539836886720402,0.008539836886720402,0.008539836886720402,0.008539836886720402]","[0.10039032021698292,0.10039032021698292,0.10039032021698292,0.10039032021698292,0.10039032021698292,0.10039032021698292,0.10039032021698292,0.10039032021698292,0.10039032021698292,0.10039032021698292]","[1.4063394118342385,1.4063394118342385,1.4063394118342385,1.4063394118342385,1.4063394118342385,1.4063394118342385,1.4063394118342385,1.4063394118342385,1.4063394118342385,1.4063394118342385]","[0.009998928112154522,0.009998928112154522,0.009998928112154522,0.009998928112154522,0.009998928112154522,0.009998928112154522,0.009998928112154522,0.009998928112154522,0.009998928112154522,0.009998928112154522]","[1.4065949713732375,1.4065949713732375,1.4065949713732375,1.4065949713732375,1.4065949713732375,1.4065949713732375,1.4065949713732375,1.4065949713732375,1.4065949713732375,1.4065949713732375]","[9895.103189801277,9895.103189801277,9895.103189801277,9895.103189801277,9895.103189801277,9895.103189801277,9895.103189801277,9895.103189801277,9895.103189801277,9895.103189801277]","[2.9999996183376574,2.9999996183376574,2.9999996183376574,2.9999996183376574,2.9999996183376574,2.9999996183376574,2.9999996183376574,2.9999996183376574,2.9999996183376574,2.9999996183376574]","[0.44953651494603697,0.44953651494603697,0.44953651494603697,0.44953651494603697,0.44953651494603697,0.44953651494603697,0.44953651494603697,0.44953651494603697,0.44953651494603697,0.44953651494603697]","[0.4886032807292387,0.4886032807292387,0.4886032807292387,0.4886032807292387,0.4886032807292387,0.4886032807292387,0.4886032807292387,0.4886032807292387,0.4886032807292387,0.4886032807292387]","[CN,CN,CN,CN,CN,CN,CN,CN,CN,CN]","[5179.813311470732,5179.813311470732,5179.813311470732,5179.813311470732,5179.813311470732,5179.813311470732,5179.813311470732,5179.813311470732,5179.813311470732,5179.813311470732]","[1.1439935258029037,1.1439898784210398,1.1439834557246618,1.1439915822558797,1.1439898427709263,1.1439919921294384,1.1439912512198047,1.1439912650191868,1.1439901386770412,1.1439840980242952]","[2.8328903892382318,2.8328903892382318,2.8328903892382318,2.8328903892382318,2.8328903892382318,2.8328903892382318,2.8328903892382318,2.8328903892382318,2.8328903892382318,2.8328903892382318]","[6.006291350912093E-6,6.006291350912093E-6,6.006291350912093E-6,6.006291350912093E-6,6.006291350912093E-6,6.006291350912093E-6,6.006291350912093E-6,6.006291350912093E-6,6.006291350912093E-6,6.006291350912093E-6]","[0.008571643407647437,0.008571643407647437,0.008571643407647437,0.008571643407647437,0.008571643407647437,0.008571643407647437,0.008571643407647437,0.008571643407647437,0.008571643407647437,0.008571643407647437]","[7496.341557975346,7496.341557975346,7496.341557975346,7496.341557975346,7496.341557975346,7496.341557975346,7496.341557975346,7496.341557975346,7496.341557975346,7496.341557975346]","[0.003795864163679774,0.003795864163679774,0.003795864163679774,0.003795864163679774,0.003795864163679774,0.003795864163679774,0.003795864163679774,0.003795864163679774,0.003795864163679774,0.003795864163679774]","[0.877749074056687,0.877749074056687,0.877749074056687,0.877749074056687,0.877749074056687,0.877749074056687,0.877749074056687,0.877749074056687,0.877749074056687,0.877749074056687]"
78000,78000,0.004585378188538442,9801.077791652802,7049.5949041056765,0.4999464993099835,0.6372078566599277,0.2623947321228234,1.4398476693208442,normal,0.006918168883922741,0.006977196354019165,2.7599956276008504,0.32034333852302316,1114.420753872075,1.464132335520794,2.635850214939157,0.009978753022264928,0.1,5829.675764750868,4.669103088070824E-6,1.140456984633776,0.5205644398308288,33.91173840451267,1.1310618140060376,2,77058,"[0.6372078566599277,0.6372078566599277]","[0.5205644398308288,0.5205644398308288]","[normal,normal]","[33.91191829080429,33.91155851822105]","[1.4398476693208442,1.4398476693208442]","[-5639191139872119759,3612291381616179917]","[5829.675764750868,5829.675764750868]","[0.006977196354019165,0.006977196354019165]","[0.1,0.1]","[1.140456984633776,1.140456984633776]","[0.009978753022264928,0.009978753022264928]","[1.464132335520794,1.464132335520794]","[9801.077791652802,9801.077791652802]","[2.635850214939157,2.635850214939157]","[0.32034333852302316,0.32034333852302316]","[0.4999464993099835,0.4999464993099835]","[CN,CN]","[1114.420753872075,1114.420753872075]","[1.1310638920223295,1.1310597359897454]","[2.7599956276008504,2.7599956276008504]","[4.669103088070824E-6,4.669103088070824E-6]","[0.006918168883922741,0.006918168883922741]","[7049.5949041056765,7049.5949041056765]","[0.004585378188538442,0.004585378188538442]","[0.2623947321228234,0.2623947321228234]"
78000,78000,0.0037094698293538364,9893.790918454668,7440.289966105182,0.4896675076091424,0.5807022195824895,0.8999540422843757,0.8956079448511909,normal,0.008623103948005665,0.0086083345743174,2.8342423350332138,0.448815329851586,5157.37719487344,1.4046411009944135,2.999999519028134,0.009998992976723596,0.10040501495124375,8482.758069704536,5.5443592510461755E-6,1.3983616099700942,0.35368922104598466,33.52699262532248,1.1450945007588675,4,76414,"[0.5807022195824895,0.5807022195824895,0.5807022195824895,0.5807022195824895]","[0.35368922104598466,0.35368922104598466,0.35368922104598466,0.35368922104598466]","[normal,normal,normal,normal]","[33.527891886401065,33.52700227643598,33.52698297420897,33.526344855111766]","[0.8956079448511909,0.8956079448511909,0.8956079448511909,0.8956079448511909]","[8773235104661201442,5506830418324913949,2202175205705769126,7063641815287460930]","[8482.758069704536,8482.758069704536,8482.758069704536,8482.758069704536]","[0.0086083345743174,0.0086083345743174,0.0086083345743174,0.0086083345743174]","[0.10040501495124375,0.10040501495124375,0.10040501495124375,0.10040501495124375]","[1.3983616099700942,1.3983616099700942,1.3983616099700942,1.3983616099700942]","[0.009998992976723596,0.009998992976723596,0.009998992976723596,0.009998992976723596]","[1.4046411009944135,1.4046411009944135,1.4046411009944135,1.4046411009944135]","[9893.790918454668,9893.790918454668,9893.790918454668,9893.790918454668]","[2.999999519028134,2.999999519028134,2.999999519028134,2.999999519028134]","[0.448815329851586,0.448815329851586,0.448815329851586,0.448815329851586]","[0.4896675076091424,0.4896675076091424,0.4896675076091424,0.4896675076091424]","[CN,CN,CN,CN]","[5157.37719487344,5157.37719487344,5157.37719487344,5157.37719487344]","[1.1451021499606882,1.1450943701712135,1.1450946313465213,1.1450908986004686]","[2.8342423350332138,2.8342423350332138,2.8342423350332138,2.8342423350332138]","[5.5443592510461755E-6,5.5443592510461755E-6,5.5443592510461755E-6,5.5443592510461755E-6]","[0.008623103948005665,0.008623103948005665,0.008623103948005665,0.008623103948005665]","[7440.289966105182,7440.289966105182,7440.289966105182,7440.289966105182]","[0.0037094698293538364,0.0037094698293538364,0.0037094698293538364,0.0037094698293538364]","[0.8999540422843757,0.8999540422843757,0.8999540422843757,0.8999540422843757]"
78000,78000,0.006912548877069953,9873.333917960874,5310.413956643051,0.4725017219065357,0.3848764336843349,0.11099332824392809,1.284565701272287,normal,0.008319846951394925,0.024063899337107522,2.7748756057585817,0.38127429403099455,1839.2057755185851,1.4364949358753896,2.9999999999999996,0.009998854523774905,0.1000516001660084,8202.860935039418,3.486106092737939E-9,1.2659785140389461,0.37549522990661377,34.710328605918534,1.106834221495801,1,77745,"[0.3848764336843349]","[0.37549522990661377]","[normal]","[34.710328605918534]","[1.284565701272287]","[-7030140791327563040]","[8202.860935039418]","[0.024063899337107522]","[0.1000516001660084]","[1.2659785140389461]","[0.009998854523774905]","[1.4364949358753896]","[9873.333917960874]","[2.9999999999999996]","[0.38127429403099455]","[0.4725017219065357]","[CN]","[1839.2057755185851]","[1.106834221495801]","[2.7748756057585817]","[3.486106092737939E-9]","[0.008319846951394925]","[5310.413956643051]","[0.006912548877069953]","[0.11099332824392809]"
78000,78000,0.007611375271016729,9890.405972256334,5523.1253973412695,0.46384687782129513,0.3563807636742604,0.04480743774923232,1.350717896235896,normal,0.008415948035868315,0.027363044115901628,2.7658104892486515,0.3793521586308015,2232.441158170184,1.4432212570742766,2.999528016557603,0.00999858840748863,0.1001321106200125,8207.951694084222,1.0763592700323303E-7,1.2029171892676245,0.36367381194874115,34.95471403802158,1.1008926284721257,1,77263,"[0.3563807636742604]","[0.36367381194874115]","[normal]","[34.95471403802158]","[1.350717896235896]","[-1132050268909373357]","[8207.951694084222]","[0.027363044115901628]","[0.1001321106200125]","[1.2029171892676245]","[0.00999858840748863]","[1.4432212570742766]","[9890.405972256334]","[2.999528016557603]","[0.3793521586308015]","[0.46384687782129513]","[CN]","[2232.441158170184]","[1.1008926284721257]","[2.7658104892486515]","[1.0763592700323303E-7]","[0.008415948035868315]","[5523.1253973412695]","[0.007611375271016729]","[0.04480743774923232]"
78000,78000,0.0066641557723118375,9928.395238854411,6375.0619430007455,0.49994217826811305,0.5627735534109907,0.3604610807100393,1.3171164881435227,normal,0.006884390559018861,0.010738005976586477,2.703050467663316,0.33157615848413835,246.67245737655304,1.4986291008592065,2.633920973849041,0.009999413896948564,0.1,5955.729031024481,2.9487196212047877E-6,1.184896995401814,0.4935245562357202,34.593033361482725,1.1098241944388754,10,67658,"[0.5627735534109907,0.5627735534109907,0.5627735534109907,0.5627735534109907,0.5627735534109907,0.5627735534109907,0.5627735534109907,0.5627735534109907,0.5627735534109907,0.5627735534109907]","[0.4935245562357202,0.4935245562357202,0.4935245562357202,0.4935245562357202,0.4935245562357202,0.4935245562357202,0.4935245562357202,0.4935245562357202,0.4935245562357202,0.4935245562357202]","[normal,normal,normal,normal,normal,normal,normal,normal,normal,normal]","[34.59308371266287,34.5931032610906,34.593132776961774,34.59250128492145,34.59281774284765,34.59273933564631,34.59324303219959,34.592983010302575,34.59333895728647,34.592832791926234]","[1.3171164881435227,1.3171164881435227,1.3171164881435227,1.3171164881435227,1.3171164881435227,1.3171164881435227,1.3171164881435227,1.3171164881435227,1.3171164881435227,1.3171164881435227]","[7457644581003423213,1225844058523070791,-2853720529916369288,1868246805298962732,-5909004524914383515,6238682902173904359,3286062196913304027,8713492894004273528,-6316361898582672489,-2119098397126525877]","[5955.729031024481,5955.729031024481,5955.729031024481,5955.729031024481,5955.729031024481,5955.729031024481,5955.729031024481,5955.729031024481,5955.729031024481,5955.729031024481]","[0.010738005976586477,0.010738005976586477,0.010738005976586477,0.010738005976586477,0.010738005976586477,0.010738005976586477,0.010738005976586477,0.010738005976586477,0.010738005976586477,0.010738005976586477]","[0.1,0.1,0.1,0.1,0.1,0.1,0.1,0.1,0.1,0.1]","[1.184896995401814,1.184896995401814,1.184896995401814,1.184896995401814,1.184896995401814,1.184896995401814,1.184896995401814,1.184896995401814,1.184896995401814,1.184896995401814]","[0.009999413896948564,0.009999413896948564,0.009999413896948564,0.009999413896948564,0.009999413896948564,0.009999413896948564,0.009999413896948564,0.009999413896948564,0.009999413896948564,0.009999413896948564]","[1.4986291008592065,1.4986291008592065,1.4986291008592065,1.4986291008592065,1.4986291008592065,1.4986291008592065,1.4986291008592065,1.4986291008592065,1.4986291008592065,1.4986291008592065]","[9928.395238854411,9928.395238854411,9928.395238854411,9928.395238854411,9928.395238854411,9928.395238854411,9928.395238854411,9928.395238854411,9928.395238854411,9928.395238854411]","[2.633920973849041,2.633920973849041,2.633920973849041,2.633920973849041,2.633920973849041,2.633920973849041,2.633920973849041,2.633920973849041,2.633920973849041,2.633920973849041]","[0.33157615848413835,0.33157615848413835,0.33157615848413835,0.33157615848413835,0.33157615848413835,0.33157615848413835,0.33157615848413835,0.33157615848413835,0.33157615848413835,0.33157615848413835]","[0.49994217826811305,0.49994217826811305,0.49994217826811305,0.49994217826811305,0.49994217826811305,0.49994217826811305,0.49994217826811305,0.49994217826811305,0.49994217826811305,0.49994217826811305]","[CN,CN,CN,CN,CN,CN,CN,CN,CN,CN]","[246.67245737655304,246.67245737655304,246.67245737655304,246.67245737655304,246.67245737655304,246.67245737655304,246.67245737655304,246.67245737655304,246.67245737655304,246.67245737655304]","[1.1098246183633313,1.109827443999721,1.1098231871090163,1.109816874417207,1.1098237705144194,1.1098228498810143,1.1098255149157532,1.109824868536869,1.1098318557420717,1.1098235906993612]","[2.703050467663316,2.703050467663316,2.703050467663316,2.703050467663316,2.703050467663316,2.703050467663316,2.703050467663316,2.703050467663316,2.703050467663316,2.703050467663316]","[2.9487196212047877E-6,2.9487196212047877E-6,2.9487196212047877E-6,2.9487196212047877E-6,2.9487196212047877E-6,2.9487196212047877E-6,2.9487196212047877E-6,2.9487196212047877E-6,2.9487196212047877E-6,2.9487196212047877E-6]","[0.006884390559018861,0.006884390559018861,0.006884390559018861,0.006884390559018861,0.006884390559018861,0.006884390559018861,0.006884390559018861,0.006884390559018861,0.006884390559018861,0.006884390559018861]","[6375.0619430007455,6375.0619430007455,6375.0619430007455,6375.0619430007455,6375.0619430007455,6375.0619430007455,6375.0619430007455,6375.0619430007455,6375.0619430007455,6375.0619430007455]","[0.0066641557723118375,0.0066641557723118375,0.0066641557723118375,0.0066641557723118375,0.0066641557723118375,0.0066641557723118375,0.0066641557723118375,0.0066641557723118375,0.0066641557723118375,0.0066641557723118375]","[0.3604610807100393,0.3604610807100393,0.3604610807100393,0.3604610807100393,0.3604610807100393,0.3604610807100393,0.3604610807100393,0.3604610807100393,0.3604610807100393,0.3604610807100393]"
78000,78000,0.006817436871356248,9872.64274426221,5251.535958382245,0.47274502815535885,0.3832149060264628,0.10466187544290388,1.28926895204989,log-normal,0.008319282300298655,0.02339529293696061,2.7736016618985935,0.38173908211342766,1859.9805248246869,1.4359217214529352,3.0,0.009998798196322836,0.10001813810900896,8198.755313902178,8.89109646964101E-9,1.2748257575208326,0.3635287022492598,34.677340060645506,1.1077829695559935,4,72205,"[0.3832149060264628,0.3832149060264628,0.3832149060264628,0.3832149060264628]","[0.3635287022492598,0.3635287022492598,0.3635287022492598,0.3635287022492598]","[log-normal,log-normal,log-normal,log-normal]","[34.67743504219167,34.67724507909934,34.67696487032202,34.677780690198745]","[1.28926895204989,1.28926895204989,1.28926895204989,1.28926895204989]","[3337763172113611482,-3507248339814319226,-3142220093527230131,4171432166944598264]","[8198.755313902178,8198.755313902178,8198.755313902178,8198.755313902178]","[0.02339529293696061,0.02339529293696061,0.02339529293696061,0.02339529293696061]","[0.10001813810900896,0.10001813810900896,0.10001813810900896,0.10001813810900896]","[1.2748257575208326,1.2748257575208326,1.2748257575208326,1.2748257575208326]","[0.009998798196322836,0.009998798196322836,0.009998798196322836,0.009998798196322836]","[1.4359217214529352,1.4359217214529352,1.4359217214529352,1.4359217214529352]","[9872.64274426221,9872.64274426221,9872.64274426221,9872.64274426221]","[3.0,3.0,3.0,3.0]","[0.38173908211342766,0.38173908211342766,0.38173908211342766,0.38173908211342766]","[0.47274502815535885,0.47274502815535885,0.47274502815535885,0.47274502815535885]","[CN,CN,CN,CN]","[1859.9805248246869,1859.9805248246869,1859.9805248246869,1859.9805248246869]","[1.1077851665372065,1.107780644148224,1.1077807725747804,1.1077851816606932]","[2.7736016618985935,2.7736016618985935,2.7736016618985935,2.7736016618985935]","[8.89109646964101E-9,8.89109646964101E-9,8.89109646964101E-9,8.89109646964101E-9]","[0.008319282300298655,0.008319282300298655,0.008319282300298655,0.008319282300298655]","[5251.535958382245,5251.535958382245,5251.535958382245,5251.535958382245]","[0.006817436871356248,0.006817436871356248,0.006817436871356248,0.006817436871356248]","[0.10466187544290388,0.10466187544290388,0.10466187544290388,0.10466187544290388]"
78000,78000,0.00657922592964771,9948.609893677578,6535.917600518266,0.4986329208508023,0.5606199208974962,0.3313822789743088,1.29211715288069,log-normal,0.006969826946779013,0.010248385503965106,2.7064251722957517,0.32774791425021116,293.8208159695388,1.4969980991561644,2.6455737369635455,0.009999762775758208,0.1,5619.100177923664,3.810206117057004E-6,1.182311589083601,0.5374821270258393,34.57742454391001,1.1100710636325923,1,77364,"[0.5606199208974962]","[0.5374821270258393]","[log-normal]","[34.57742454391001]","[1.29211715288069]","[-1552168666907151335]","[5619.100177923664]","[0.010248385503965106]","[0.1]","[1.182311589083601]","[0.009999762775758208]","[1.4969980991561644]","[9948.609893677578]","[2.6455737369635455]","[0.32774791425021116]","[0.4986329208508023]","[CN]","[293.8208159695388]","[1.1100710636325923]","[2.7064251722957517]","[3.810206117057004E-6]","[0.006969826946779013]","[6535.917600518266]","[0.00657922592964771]","[0.3313822789743088]"
78000,78000,0.0061813587700196414,9920.535314691617,6234.264347837056,0.4998832067846973,0.5977511672708711,0.31177856019180855,1.2677797022259636,log-normal,0.006832016715997329,0.009395786283599756,2.7133383390473838,0.3309259882535623,474.58897482187797,1.493900665726544,2.647613413916006,0.009999894015705177,0.10034942232280511,5705.303805937904,3.0193857863745717E-6,1.137940937156458,0.5012388119415975,34.37399161001335,1.113411824511481,4,75392,"[0.5977511672708711,0.5977511672708711,0.5977511672708711,0.5977511672708711]","[0.5012388119415975,0.5012388119415975,0.5012388119415975,0.5012388119415975]","[log-normal,log-normal,log-normal,log-normal]","[34.37340413296314,34.37367733173653,34.37430588829017,34.374639223190805]","[1.2677797022259636,1.2677797022259636,1.2677797022259636,1.2677797022259636]","[-8899422012502705912,-3666339105894567201,-3424371367228380755,2111652630874160451]","[5705.303805937904,5705.303805937904,5705.303805937904,5705.303805937904]","[0.009395786283599756,0.009395786283599756,0.009395786283599756,0.009395786283599756]","[0.10034942232280511,0.10034942232280511,0.10034942232280511,0.10034942232280511]","[1.137940937156458,1.137940937156458,1.137940937156458,1.137940937156458]","[0.009999894015705177,0.009999894015705177,0.009999894015705177,0.009999894015705177]","[1.493900665726544,1.493900665726544,1.493900665726544,1.493900665726544]","[9920.535314691617,9920.535314691617,9920.535314691617,9920.535314691617]","[2.647613413916006,2.647613413916006,2.647613413916006,2.647613413916006]","[0.3309259882535623,0.3309259882535623,0.3309259882535623,0.3309259882535623]","[0.4998832067846973,0.4998832067846973,0.4998832067846973,0.4998832067846973]","[CN,CN,CN,CN]","[474.58897482187797,474.58897482187797,474.58897482187797,474.58897482187797]","[1.1134059449708635,1.113406901311845,1.1134167477111172,1.1134228086197573]","[2.7133383390473838,2.7133383390473838,2.7133383390473838,2.7133383390473838]","[3.0193857863745717E-6,3.0193857863745717E-6,3.0193857863745717E-6,3.0193857863745717E-6]","[0.006832016715997329,0.006832016715997329,0.006832016715997329,0.006832016715997329]","[6234.264347837056,6234.264347837056,6234.264347837056,6234.264347837056]","[0.0061813587700196414,0.0061813587700196414,0.0061813587700196414,0.0061813587700196414]","[0.31177856019180855,0.31177856019180855,0.31177856019180855,0.31177856019180855]"
78000,78000,0.006842718086000715,9873.610810856908,5346.218901361277,0.472757478005903,0.37481311631692027,0.10175129273909994,1.287859955358058,normal,0.008318277317760586,0.023902226886399133,2.7744390137063677,0.38435224617623887,1849.7921955840636,1.4346678545939684,2.9999807876544584,0.00999878412663983,0.10004153011939555,8192.651073404233,1.7293478795834345E-7,1.2695311669022136,0.3668146933253007,34.68869706601609,1.1075300021513037,2,77876,"[0.37481311631692027,0.37481311631692027]","[0.3668146933253007,0.3668146933253007]","[normal,normal]","[34.68885648152067,34.6885376505115]","[1.287859955358058,1.287859955358058]","[7954487599326919880,-5195129711161773823]","[8192.651073404233,8192.651073404233]","[0.023902226886399133,0.023902226886399133]","[0.10004153011939555,0.10004153011939555]","[1.2695311669022136,1.2695311669022136]","[0.00999878412663983,0.00999878412663983]","[1.4346678545939684,1.4346678545939684]","[9873.610810856908,9873.610810856908]","[2.9999807876544584,2.9999807876544584]","[0.38435224617623887,0.38435224617623887]","[0.472757478005903,0.472757478005903]","[CN,CN]","[1849.7921955840636,1849.7921955840636]","[1.1075341305109543,1.107525873791653]","[2.7744390137063677,2.7744390137063677]","[1.7293478795834345E-7,1.7293478795834345E-7]","[0.008318277317760586,0.008318277317760586]","[5346.218901361277,5346.218901361277]","[0.006842718086000715,0.006842718086000715]","[0.10175129273909994,0.10175129273909994]"
78000,78000,0.0037575444191049207,9887.440536446991,7931.5539858759375,0.49133788332927,0.5667445421173376,0.8685021938333788,0.8475122130675674,normal,0.008622745831286128,0.008536046435618377,2.833599367320593,0.4486918929085314,4709.311602731909,1.4070778568112088,2.9999996505933892,0.009998180097918597,0.10005020186935239,8372.38494169781,5.776761851572532E-6,1.4025826190727781,0.3533665272178037,33.53705378005033,1.1448258652197498,10,69207,"[0.5667445421173376,0.5667445421173376,0.5667445421173376,0.5667445421173376,0.5667445421173376,0.5667445421173376,0.5667445421173376,0.5667445421173376,0.5667445421173376,0.5667445421173376]","[0.3533665272178037,0.3533665272178037,0.3533665272178037,0.3533665272178037,0.3533665272178037,0.3533665272178037,0.3533665272178037,0.3533665272178037,0.3533665272178037,0.3533665272178037]","[normal,normal,normal,normal,normal,normal,normal,normal,normal,normal]","[33.53717584991518,33.53726676233999,33.53680140259968,33.5368333220514,33.53707634674521,33.53686913889713,33.53702372993654,33.53703121335545,33.537179948235554,33.5370873048096]","[0.8475122130675674,0.8475122130675674,0.8475122130675674,0.8475122130675674,0.8475122130675674,0.8475122130675674,0.8475122130675674,0.8475122130675674,0.8475122130675674,0.8475122130675674]","[-3680468520728854711,976852021857943182,-4887833887333517232,741792573956684550,7433777354646940728,6306904896798975799,1699499926975996730,855107727221220899,-3420423016685046642,-7291426546546807382]","[8372.38494169781,8372.38494169781,8372.38494169781,8372.38494169781,8372.38494169781,8372.38494169781,8372.38494169781,8372.38494169781,8372.38494169781,8372.38494169781]","[0.008536046435618377,0.008536046435618377,0.008536046435618377,0.008536046435618377,0.008536046435618377,0.008536046435618377,0.008536046435618377,0.008536046435618377,0.008536046435618377,0.008536046435618377]","[0.10005020186935239,0.10005020186935239,0.10005020186935239,0.10005020186935239,0.10005020186935239,0.10005020186935239,0.10005020186935239,0.10005020186935239,0.10005020186935239,0.10005020186935239]","[1.4025826190727781,1.4025826190727781,1.4025826190727781,1.4025826190727781,1.4025826190727781,1.4025826190727781,1.4025826190727781,1.4025826190727781,1.4025826190727781,1.4025826190727781]","[0.009998180097918597,0.009998180097918597,0.009998180097918597,0.009998180097918597,0.009998180097918597,0.009998180097918597,0.009998180097918597,0.009998180097918597,0.009998180097918597,0.009998180097918597]","[1.4070778568112088,1.4070778568112088,1.4070778568112088,1.4070778568112088,1.4070778568112088,1.4070778568112088,1.4070778568112088,1.4070778568112088,1.4070778568112088,1.4070778568112088]","[9887.440536446991,9887.440536446991,9887.440536446991,9887.440536446991,9887.440536446991,9887.440536446991,9887.440536446991,9887.440536446991,9887.440536446991,9887.440536446991]","[2.9999996505933892,2.9999996505933892,2.9999996505933892,2.9999996505933892,2.9999996505933892,2.9999996505933892,2.9999996505933892,2.9999996505933892,2.9999996505933892,2.9999996505933892]","[0.4486918929085314,0.4486918929085314,0.4486918929085314,0.4486918929085314,0.4486918929085314,0.4486918929085314,0.4486918929085314,0.4486918929085314,0.4486918929085314,0.4486918929085314]","[0.49133788332927,0.49133788332927,0.49133788332927,0.49133788332927,0.49133788332927,0.49133788332927,0.49133788332927,0.49133788332927,0.49133788332927,0.49133788332927]","[CN,CN,CN,CN,CN,CN,CN,CN,CN,CN]","[4709.311602731909,4709.311602731909,4709.311602731909,4709.311602731909,4709.311602731909,4709.311602731909,4709.311602731909,4709.311602731909,4709.311602731909,4709.311602731909]","[1.144826818646965,1.1448284655943495,1.144824335572086,1.1448253967039417,1.1448263812836426,1.144823899084623,1.1448262931698603,1.1448253649645623,1.1448256666594157,1.144826063780084]","[2.833599367320593,2.833599367320593,2.833599367320593,2.833599367320593,2.833599367320593,2.833599367320593,2.833599367320593,2.833599367320593,2.833599367320593,2.833599367320593]","[5.776761851572532E-6,5.776761851572532E-6,5.776761851572532E-6,5.776761851572532E-6,5.776761851572532E-6,5.776761851572532E-6,5.776761851572532E-6,5.776761851572532E-6,5.776761851572532E-6,5.776761851572532E-6]","[0.008622745831286128,0.008622745831286128,0.008622745831286128,0.008622745831286128,0.008622745831286128,0.008622745831286128,0.008622745831286128,0.008622745831286128,0.008622745831286128,0.008622745831286128]","[7931.5539858759375,7931.5539858759375,7931.5539858759375,7931.5539858759375,7931.5539858759375,7931.5539858759375,7931.5539858759375,7931.5539858759375,7931.5539858759375,7931.5539858759375]","[0.0037575444191049207,0.0037575444191049207,0.0037575444191049207,0.0037575444191049207,0.0037575444191049207,0.0037575444191049207,0.0037575444191049207,0.0037575444191049207,0.0037575444191049207,0.0037575444191049207]","[0.8685021938333788,0.8685021938333788,0.8685021938333788,0.8685021938333788,0.8685021938333788,0.8685021938333788,0.8685021938333788,0.8685021938333788,0.8685021938333788,0.8685021938333788]"
78000,78000,0.005526165526240438,9184.907202817682,6521.010929983708,0.49846258426249057,0.5878382457295089,0.3019003965886685,1.4071886767345085,log-normal,0.007317105171420557,0.0073304236656544135,2.7589796492921117,0.3385533866765255,1318.4011930516454,1.4777659528298577,3.0,0.01,0.10000661041380282,5326.29776242839,3.572690034762579E-6,1.260736444325863,0.5362699457775085,34.13081682406883,1.119600325366164,1,76937,"[0.5878382457295089]","[0.5362699457775085]","[log-normal]","[34.13081682406883]","[1.4071886767345085]","[4877415436875199708]","[5326.29776242839]","[0.0073304236656544135]","[0.10000661041380282]","[1.260736444325863]","[0.01]","[1.4777659528298577]","[9184.907202817682]","[3.0]","[0.3385533866765255]","[0.49846258426249057]","[CN]","[1318.4011930516454]","[1.119600325366164]","[2.7589796492921117]","[3.572690034762579E-6]","[0.007317105171420557]","[6521.010929983708]","[0.005526165526240438]","[0.3019003965886685]"
78000,78000,0.0038128808752495255,9909.630115993396,7505.158522591294,0.4881536177219202,0.5759959193802593,0.8639850582421322,0.8781803856232291,normal,0.008582499871797532,0.008409148112437361,2.831448786229598,0.44760291854756284,5018.867468039109,1.4076514176215147,3.0,0.009998985308719536,0.10041616578667048,8471.494208220054,5.589881530224409E-6,1.4052927628688114,0.34648217221747313,33.58620927946531,1.1437616469592373,3,77380,"[0.5759959193802593,0.5759959193802593,0.5759959193802593]","[0.34648217221747313,0.34648217221747313,0.34648217221747313]","[normal,normal,normal]","[33.58620927946531,33.586041518963235,33.58746446901671]","[0.8781803856232291,0.8781803856232291,0.8781803856232291]","[7400325947160913717,4517838263248776996,4441244504257488633]","[8471.494208220054,8471.494208220054,8471.494208220054]","[0.008409148112437361,0.008409148112437361,0.008409148112437361]","[0.10041616578667048,0.10041616578667048,0.10041616578667048]","[1.4052927628688114,1.4052927628688114,1.4052927628688114]","[0.009998985308719536,0.009998985308719536,0.009998985308719536]","[1.4076514176215147,1.4076514176215147,1.4076514176215147]","[9909.630115993396,9909.630115993396,9909.630115993396]","[3.0,3.0,3.0]","[0.44760291854756284,0.44760291854756284,0.44760291854756284]","[0.4881536177219202,0.4881536177219202,0.4881536177219202]","[CN,CN,CN]","[5018.867468039109,5018.867468039109,5018.867468039109]","[1.1437616469592373,1.1437603117819823,1.1437694805468495]","[2.831448786229598,2.831448786229598,2.831448786229598]","[5.589881530224409E-6,5.589881530224409E-6,5.589881530224409E-6]","[0.008582499871797532,0.008582499871797532,0.008582499871797532]","[7505.158522591294,7505.158522591294,7505.158522591294]","[0.0038128808752495255,0.0038128808752495255,0.0038128808752495255]","[0.8639850582421322,0.8639850582421322,0.8639850582421322]"
78000,78000,0.006883375841766034,9871.823081603172,5415.122514410196,0.47283159114796436,0.3881324789624002,0.08645047152275506,1.2772588859404113,normal,0.00834692782878096,0.02379152472958674,2.775261279317764,0.38047874500499257,1834.6654301729257,1.4361720652751904,2.9999139764499367,0.009996741992153583,0.10004326221046822,8257.684118377008,1.4835911520480876E-7,1.2661992379925961,0.37221257510936323,34.69948845977931,1.1070883656809647,3,76585,"[0.3881324789624002,0.3881324789624002,0.3881324789624002]","[0.37221257510936323,0.37221257510936323,0.37221257510936323]","[normal,normal,normal]","[34.699290303262096,34.69980134437486,34.69948845977931]","[1.2772588859404113,1.2772588859404113,1.2772588859404113]","[3020760560087917860,-7248525805886145319,7985982780509186986]","[8257.684118377008,8257.684118377008,8257.684118377008]","[0.02379152472958674,0.02379152472958674,0.02379152472958674]","[0.10004326221046822,0.10004326221046822,0.10004326221046822]","[1.2661992379925961,1.2661992379925961,1.2661992379925961]","[0.009996741992153583,0.009996741992153583,0.009996741992153583]","[1.4361720652751904,1.4361720652751904,1.4361720652751904]","[9871.823081603172,9871.823081603172,9871.823081603172]","[2.9999139764499367,2.9999139764499367,2.9999139764499367]","[0.38047874500499257,0.38047874500499257,0.38047874500499257]","[0.47283159114796436,0.47283159114796436,0.47283159114796436]","[CN,CN,CN]","[1834.6654301729257,1834.6654301729257,1834.6654301729257]","[1.1070889346468658,1.1070883656809647,1.1070874633348564]","[2.775261279317764,2.775261279317764,2.775261279317764]","[1.4835911520480876E-7,1.4835911520480876E-7,1.4835911520480876E-7]","[0.00834692782878096,0.00834692782878096,0.00834692782878096]","[5415.122514410196,5415.122514410196,5415.122514410196]","[0.006883375841766034,0.006883375841766034,0.006883375841766034]","[0.08645047152275506,0.08645047152275506,0.08645047152275506]"
78000,78000,0.00648282075742741,9937.033114613045,6469.720597627233,0.49909394630948206,0.5450166786763775,0.3333924520023317,1.3141346480502734,normal,0.0069326990026753275,0.01015030486783639,2.700972633619994,0.3276056556648661,135.30917964616316,1.4974523499422938,2.6442101936498905,0.009999757961751895,0.10000014746749929,5797.53895373112,3.930754523702527E-6,1.18465050698989,0.5294498988369195,34.5236834309151,1.1109549856973648,2,77779,"[0.5450166786763775,0.5450166786763775]","[0.5294498988369195,0.5294498988369195]","[normal,normal]","[34.52341275455652,34.52395410727368]","[1.3141346480502734,1.3141346480502734]","[-5390672506780421823,-8219454523424709512]","[5797.53895373112,5797.53895373112]","[0.01015030486783639,0.01015030486783639]","[0.10000014746749929,0.10000014746749929]","[1.18465050698989,1.18465050698989]","[0.009999757961751895,0.009999757961751895]","[1.4974523499422938,1.4974523499422938]","[9937.033114613045,9937.033114613045]","[2.6442101936498905,2.6442101936498905]","[0.3276056556648661,0.3276056556648661]","[0.49909394630948206,0.49909394630948206]","[CN,CN]","[135.30917964616316,135.30917964616316]","[1.110951129925307,1.1109588414694227]","[2.700972633619994,2.700972633619994]","[3.930754523702527E-6,3.930754523702527E-6]","[0.0069326990026753275,0.0069326990026753275]","[6469.720597627233,6469.720597627233]","[0.00648282075742741,0.00648282075742741]","[0.3333924520023317,0.3333924520023317]"
78000,78000,0.006713041203888485,9878.397998782582,5291.4625924405045,0.4743872667993698,0.37576145653326176,0.1091151568696901,1.2906701831313057,log-normal,0.00840622797596682,0.02353719927652745,2.774999955482897,0.38252447375739396,1851.216951235201,1.4316710190123023,2.998377225200534,0.009998818385050288,0.10003048513072776,8116.876827771217,9.866066219796459E-8,1.2682146697010759,0.3614128643046096,34.64392392332155,1.1086600309583132,7,74175,"[0.37576145653326176,0.37576145653326176,0.37576145653326176,0.37576145653326176,0.37576145653326176,0.37576145653326176,0.37576145653326176]","[0.3614128643046096,0.3614128643046096,0.3614128643046096,0.3614128643046096,0.3614128643046096,0.3614128643046096,0.3614128643046096]","[log-normal,log-normal,log-normal,log-normal,log-normal,log-normal,log-normal]","[34.64410682488258,34.644064844527485,34.6438411771329,34.64375213018037,34.64376241627082,34.64451573923761,34.64392392332155]","[1.2906701831313057,1.2906701831313057,1.2906701831313057,1.2906701831313057,1.2906701831313057,1.2906701831313057,1.2906701831313057]","[5595177725345036421,6269841964414858263,-420273098956343599,-6091699917581655619,496408436680550076,8212214472419668420,3596750076995566464]","[8116.876827771217,8116.876827771217,8116.876827771217,8116.876827771217,8116.876827771217,8116.876827771217,8116.876827771217]","[0.02353719927652745,0.02353719927652745,0.02353719927652745,0.02353719927652745,0.02353719927652745,0.02353719927652745,0.02353719927652745]","[0.10003048513072776,0.10003048513072776,0.10003048513072776,0.10003048513072776,0.10003048513072776,0.10003048513072776,0.10003048513072776]","[1.2682146697010759,1.2682146697010759,1.2682146697010759,1.2682146697010759,1.2682146697010759,1.2682146697010759,1.2682146697010759]","[0.009998818385050288,0.009998818385050288,0.009998818385050288,0.009998818385050288,0.009998818385050288,0.009998818385050288,0.009998818385050288]","[1.4316710190123023,1.4316710190123023,1.4316710190123023,1.4316710190123023,1.4316710190123023,1.4316710190123023,1.4316710190123023]","[9878.397998782582,9878.397998782582,9878.397998782582,9878.397998782582,9878.397998782582,9878.397998782582,9878.397998782582]","[2.998377225200534,2.998377225200534,2.998377225200534,2.998377225200534,2.998377225200534,2.998377225200534,2.998377225200534]","[0.38252447375739396,0.38252447375739396,0.38252447375739396,0.38252447375739396,0.38252447375739396,0.38252447375739396,0.38252447375739396]","[0.4743872667993698,0.4743872667993698,0.4743872667993698,0.4743872667993698,0.4743872667993698,0.4743872667993698,0.4743872667993698]","[CN,CN,CN,CN,CN,CN,CN]","[1851.216951235201,1851.216951235201,1851.216951235201,1851.216951235201,1851.216951235201,1851.216951235201,1851.216951235201]","[1.1086657887989497,1.1086618289169508,1.1086600309583132,1.1086598912890926,1.1086588476281642,1.108672964233666,1.108658537075087]","[2.774999955482897,2.774999955482897,2.774999955482897,2.774999955482897,2.774999955482897,2.774999955482897,2.774999955482897]","[9.866066219796459E-8,9.866066219796459E-8,9.866066219796459E-8,9.866066219796459E-8,9.866066219796459E-8,9.866066219796459E-8,9.866066219796459E-8]","[0.00840622797596682,0.00840622797596682,0.00840622797596682,0.00840622797596682,0.00840622797596682,0.00840622797596682,0.00840622797596682]","[5291.4625924405045,5291.4625924405045,5291.4625924405045,5291.4625924405045,5291.4625924405045,5291.4625924405045,5291.4625924405045]","[0.006713041203888485,0.006713041203888485,0.006713041203888485,0.006713041203888485,0.006713041203888485,0.006713041203888485,0.006713041203888485]","[0.1091151568696901,0.1091151568696901,0.1091151568696901,0.1091151568696901,0.1091151568696901,0.1091151568696901,0.1091151568696901]"
78000,78000,0.005873051163097546,9915.763410726666,6512.570292508228,0.4986835548790537,0.5988021545314652,0.3345948178344063,1.2999332365818947,log-normal,0.00695619494187666,0.008479505067482076,2.7184673794631893,0.3250261821398692,686.1896610578459,1.4916360312250532,2.6477482413319726,0.009999852797812216,0.10002740304221448,5938.104012112069,3.493726263628132E-6,1.1773676824848902,0.5237954861969918,34.25967865781551,1.116172617076521,8,69324,"[0.5988021545314652,0.5988021545314652,0.5988021545314652,0.5988021545314652,0.5988021545314652,0.5988021545314652,0.5988021545314652,0.5988021545314652]","[0.5237954861969918,0.5237954861969918,0.5237954861969918,0.5237954861969918,0.5237954861969918,0.5237954861969918,0.5237954861969918,0.5237954861969918]","[log-normal,log-normal,log-normal,log-normal,log-normal,log-normal,log-normal,log-normal]","[34.25967671006366,34.26011358356703,34.259346551170204,34.25954533484967,34.259680605567375,34.259530342224856,34.26018657647375,34.26031477618043]","[1.2999332365818947,1.2999332365818947,1.2999332365818947,1.2999332365818947,1.2999332365818947,1.2999332365818947,1.2999332365818947,1.2999332365818947]","[-7834126774202801933,-4049705114695670721,3132051928779095444,4885024005531394467,-8829979628020796651,-8151647523502071125,2011137135110841397,-6826714038210301669]","[5938.104012112069,5938.104012112069,5938.104012112069,5938.104012112069,5938.104012112069,5938.104012112069,5938.104012112069,5938.104012112069]","[0.008479505067482076,0.008479505067482076,0.008479505067482076,0.008479505067482076,0.008479505067482076,0.008479505067482076,0.008479505067482076,0.008479505067482076]","[0.10002740304221448,0.10002740304221448,0.10002740304221448,0.10002740304221448,0.10002740304221448,0.10002740304221448,0.10002740304221448,0.10002740304221448]","[1.1773676824848902,1.1773676824848902,1.1773676824848902,1.1773676824848902,1.1773676824848902,1.1773676824848902,1.1773676824848902,1.1773676824848902]","[0.009999852797812216,0.009999852797812216,0.009999852797812216,0.009999852797812216,0.009999852797812216,0.009999852797812216,0.009999852797812216,0.009999852797812216]","[1.4916360312250532,1.4916360312250532,1.4916360312250532,1.4916360312250532,1.4916360312250532,1.4916360312250532,1.4916360312250532,1.4916360312250532]","[9915.763410726666,9915.763410726666,9915.763410726666,9915.763410726666,9915.763410726666,9915.763410726666,9915.763410726666,9915.763410726666]","[2.6477482413319726,2.6477482413319726,2.6477482413319726,2.6477482413319726,2.6477482413319726,2.6477482413319726,2.6477482413319726,2.6477482413319726]","[0.3250261821398692,0.3250261821398692,0.3250261821398692,0.3250261821398692,0.3250261821398692,0.3250261821398692,0.3250261821398692,0.3250261821398692]","[0.4986835548790537,0.4986835548790537,0.4986835548790537,0.4986835548790537,0.4986835548790537,0.4986835548790537,0.4986835548790537,0.4986835548790537]","[CN,CN,CN,CN,CN,CN,CN,CN]","[686.1896610578459,686.1896610578459,686.1896610578459,686.1896610578459,686.1896610578459,686.1896610578459,686.1896610578459,686.1896610578459]","[1.1161715488775399,1.1161767887759613,1.1161690357084766,1.1161719079978114,1.1161733261552305,1.1161708416957716,1.1161800919891018,1.1161772133959875]","[2.7184673794631893,2.7184673794631893,2.7184673794631893,2.7184673794631893,2.7184673794631893,2.7184673794631893,2.7184673794631893,2.7184673794631893]","[3.493726263628132E-6,3.493726263628132E-6,3.493726263628132E-6,3.493726263628132E-6,3.493726263628132E-6,3.493726263628132E-6,3.493726263628132E-6,3.493726263628132E-6]","[0.00695619494187666,0.00695619494187666,0.00695619494187666,0.00695619494187666,0.00695619494187666,0.00695619494187666,0.00695619494187666,0.00695619494187666]","[6512.570292508228,6512.570292508228,6512.570292508228,6512.570292508228,6512.570292508228,6512.570292508228,6512.570292508228,6512.570292508228]","[0.005873051163097546,0.005873051163097546,0.005873051163097546,0.005873051163097546,0.005873051163097546,0.005873051163097546,0.005873051163097546,0.005873051163097546]","[0.3345948178344063,0.3345948178344063,0.3345948178344063,0.3345948178344063,0.3345948178344063,0.3345948178344063,0.3345948178344063,0.3345948178344063]"
78000,78000,0.008700243931386013,10000.0,4983.7027143677215,0.4557212009619812,0.19390427086746453,0.1831657401202049,1.3028743775795677,normal,0.007678662884332861,0.03954512679199455,2.7412681920155118,0.37624364293776447,1345.5588901042927,1.4482110172174267,2.961147693479084,0.009999981314247383,0.10007668389616561,8921.125603210865,0.0,1.2509220949959892,0.45011364833510825,35.46552086316827,1.0930524252548017,10,67876,"[0.19390427086746453,0.19390427086746453,0.19390427086746453,0.19390427086746453,0.19390427086746453,0.19390427086746453,0.19390427086746453,0.19390427086746453,0.19390427086746453,0.19390427086746453]","[0.45011364833510825,0.45011364833510825,0.45011364833510825,0.45011364833510825,0.45011364833510825,0.45011364833510825,0.45011364833510825,0.45011364833510825,0.45011364833510825,0.45011364833510825]","[normal,normal,normal,normal,normal,normal,normal,normal,normal,normal]","[35.46428494560721,35.464976021142604,35.462902492448876,35.46501615623029,35.46795648080641,35.46525830224821,35.465783424088336,35.46671208492129,35.46661859313455,35.46803440192846]","[1.3028743775795677,1.3028743775795677,1.3028743775795677,1.3028743775795677,1.3028743775795677,1.3028743775795677,1.3028743775795677,1.3028743775795677,1.3028743775795677,1.3028743775795677]","[576019632402889856,3302712510767948855,-2215424971305884110,-6149901255683511584,-3041830847180900966,-8037711167100751671,2366736791127258015,3383734835355576361,-3068730561747093943,5944120934565372908]","[8921.125603210865,8921.125603210865,8921.125603210865,8921.125603210865,8921.125603210865,8921.125603210865,8921.125603210865,8921.125603210865,8921.125603210865,8921.125603210865]","[0.03954512679199455,0.03954512679199455,0.03954512679199455,0.03954512679199455,0.03954512679199455,0.03954512679199455,0.03954512679199455,0.03954512679199455,0.03954512679199455,0.03954512679199455]","[0.10007668389616561,0.10007668389616561,0.10007668389616561,0.10007668389616561,0.10007668389616561,0.10007668389616561,0.10007668389616561,0.10007668389616561,0.10007668389616561,0.10007668389616561]","[1.2509220949959892,1.2509220949959892,1.2509220949959892,1.2509220949959892,1.2509220949959892,1.2509220949959892,1.2509220949959892,1.2509220949959892,1.2509220949959892,1.2509220949959892]","[0.009999981314247383,0.009999981314247383,0.009999981314247383,0.009999981314247383,0.009999981314247383,0.009999981314247383,0.009999981314247383,0.009999981314247383,0.009999981314247383,0.009999981314247383]","[1.4482110172174267,1.4482110172174267,1.4482110172174267,1.4482110172174267,1.4482110172174267,1.4482110172174267,1.4482110172174267,1.4482110172174267,1.4482110172174267,1.4482110172174267]","[10000.0,10000.0,10000.0,10000.0,10000.0,10000.0,10000.0,10000.0,10000.0,10000.0]","[2.961147693479084,2.961147693479084,2.961147693479084,2.961147693479084,2.961147693479084,2.961147693479084,2.961147693479084,2.961147693479084,2.961147693479084,2.961147693479084]","[0.37624364293776447,0.37624364293776447,0.37624364293776447,0.37624364293776447,0.37624364293776447,0.37624364293776447,0.37624364293776447,0.37624364293776447,0.37624364293776447,0.37624364293776447]","[0.4557212009619812,0.4557212009619812,0.4557212009619812,0.4557212009619812,0.4557212009619812,0.4557212009619812,0.4557212009619812,0.4557212009619812,0.4557212009619812,0.4557212009619812]","[CN,CN,CN,CN,CN,CN,CN,CN,CN,CN]","[1345.5588901042927,1345.5588901042927,1345.5588901042927,1345.5588901042927,1345.5588901042927,1345.5588901042927,1345.5588901042927,1345.5588901042927,1345.5588901042927,1345.5588901042927]","[1.0930454151924018,1.093052740770742,1.093021748047711,1.0930478588976447,1.0930864743064326,1.0930521097388617,1.0930493529175143,1.093065177728959,1.0930775517632343,1.0930889518785236]","[2.7412681920155118,2.7412681920155118,2.7412681920155118,2.7412681920155118,2.7412681920155118,2.7412681920155118,2.7412681920155118,2.7412681920155118,2.7412681920155118,2.7412681920155118]","[0.0,0.0,0.0,0.0,0.0,0.0,0.0,0.0,0.0,0.0]","[0.007678662884332861,0.007678662884332861,0.007678662884332861,0.007678662884332861,0.007678662884332861,0.007678662884332861,0.007678662884332861,0.007678662884332861,0.007678662884332861,0.007678662884332861]","[4983.7027143677215,4983.7027143677215,4983.7027143677215,4983.7027143677215,4983.7027143677215,4983.7027143677215,4983.7027143677215,4983.7027143677215,4983.7027143677215,4983.7027143677215]","[0.008700243931386013,0.008700243931386013,0.008700243931386013,0.008700243931386013,0.008700243931386013,0.008700243931386013,0.008700243931386013,0.008700243931386013,0.008700243931386013,0.008700243931386013]","[0.1831657401202049,0.1831657401202049,0.1831657401202049,0.1831657401202049,0.1831657401202049,0.1831657401202049,0.1831657401202049,0.1831657401202049,0.1831657401202049,0.1831657401202049]"
78000,78000,0.006440034822713693,9922.48172632553,6524.463745743411,0.49952963370622117,0.5378761957570235,0.31991309503667653,1.3118592269982856,log-normal,0.006969513714291441,0.009993329065582389,2.7034505247700378,0.3270097990278322,221.65606143666048,1.495964837481121,2.636580409632446,0.00999971536120829,0.10000896890401377,5685.645074306865,4.0494049566637565E-6,1.1773060965522821,0.5254085432842244,34.510197660578925,1.1111767211990424,3,74858,"[0.5378761957570235,0.5378761957570235,0.5378761957570235]","[0.5254085432842244,0.5254085432842244,0.5254085432842244]","[log-normal,log-normal,log-normal]","[34.51106695213722,34.509384594153666,34.510197660578925]","[1.3118592269982856,1.3118592269982856,1.3118592269982856]","[5398926793225101360,-1117692889733631287,2100399026031226596]","[5685.645074306865,5685.645074306865,5685.645074306865]","[0.009993329065582389,0.009993329065582389,0.009993329065582389]","[0.10000896890401377,0.10000896890401377,0.10000896890401377]","[1.1773060965522821,1.1773060965522821,1.1773060965522821]","[0.00999971536120829,0.00999971536120829,0.00999971536120829]","[1.495964837481121,1.495964837481121,1.495964837481121]","[9922.48172632553,9922.48172632553,9922.48172632553]","[2.636580409632446,2.636580409632446,2.636580409632446]","[0.3270097990278322,0.3270097990278322,0.3270097990278322]","[0.49952963370622117,0.49952963370622117,0.49952963370622117]","[CN,CN,CN]","[221.65606143666048,221.65606143666048,221.65606143666048]","[1.1111855553515049,1.1111559445893537,1.1111767211990424]","[2.7034505247700378,2.7034505247700378,2.7034505247700378]","[4.0494049566637565E-6,4.0494049566637565E-6,4.0494049566637565E-6]","[0.006969513714291441,0.006969513714291441,0.006969513714291441]","[6524.463745743411,6524.463745743411,6524.463745743411]","[0.006440034822713693,0.006440034822713693,0.006440034822713693]","[0.31991309503667653,0.31991309503667653,0.31991309503667653]"
78000,78000,0.006946637932681838,9888.040383325431,5273.585388870948,0.4633306796748917,0.3383118542462221,0.08216065318205285,1.2978924380411103,log-normal,0.008500065812166252,0.02381448138507173,2.770949173251012,0.3780046237508353,2122.893356188217,1.4364842319314233,2.999905603864196,0.009998693620550083,0.10004975147186712,8229.922439986169,5.400530876026131E-8,1.2064268613894285,0.377476694948382,34.72222445343857,1.106480161119734,2,75814,"[0.3383118542462221,0.3383118542462221]","[0.377476694948382,0.377476694948382]","[log-normal,log-normal]","[34.72236062276179,34.72208828411535]","[1.2978924380411103,1.2978924380411103]","[8651183857215008446,4439050170849688862]","[8229.922439986169,8229.922439986169]","[0.02381448138507173,0.02381448138507173]","[0.10004975147186712,0.10004975147186712]","[1.2064268613894285,1.2064268613894285]","[0.009998693620550083,0.009998693620550083]","[1.4364842319314233,1.4364842319314233]","[9888.040383325431,9888.040383325431]","[2.999905603864196,2.999905603864196]","[0.3780046237508353,0.3780046237508353]","[0.4633306796748917,0.4633306796748917]","[CN,CN]","[2122.893356188217,2122.893356188217]","[1.1064832817621235,1.1064770404773443]","[2.770949173251012,2.770949173251012]","[5.400530876026131E-8,5.400530876026131E-8]","[0.008500065812166252,0.008500065812166252]","[5273.585388870948,5273.585388870948]","[0.006946637932681838,0.006946637932681838]","[0.08216065318205285,0.08216065318205285]"
78000,78000,0.006765026735895091,9879.70106053452,5273.856784254287,0.4751594918253707,0.37462652856639456,0.11616694248565848,1.2910766310118265,normal,0.008427674100697936,0.02346725110136446,2.774830253890037,0.38219490241342946,1843.800918363053,1.431977854447434,3.0,0.009998864523259524,0.10003001964218022,8152.766213486946,8.940957109697964E-8,1.2669180932864326,0.3606567200311699,34.66626326077326,1.1081778719209008,1,77295,"[0.37462652856639456]","[0.3606567200311699]","[normal]","[34.66626326077326]","[1.2910766310118265]","[8813144722024298443]","[8152.766213486946]","[0.02346725110136446]","[0.10003001964218022]","[1.2669180932864326]","[0.009998864523259524]","[1.431977854447434]","[9879.70106053452]","[3.0]","[0.38219490241342946]","[0.4751594918253707]","[CN]","[1843.800918363053]","[1.1081778719209008]","[2.774830253890037]","[8.940957109697964E-8]","[0.008427674100697936]","[5273.856784254287]","[0.006765026735895091]","[0.11616694248565848]"
78000,78000,0.005657296967139331,9927.35097755213,6451.092705203912,0.4989246532463095,0.5803068863630065,0.300145190356381,1.3589160153691386,log-normal,0.0073077655771181475,0.00774409264726506,2.7655316196920046,0.34033888708533877,1276.1275539789194,1.4768104480374884,3.0,0.009999995758456242,0.10049570298364151,5245.584577159745,3.946643654530967E-6,1.264010434968849,0.5452505220336877,34.165594169635156,1.1180905595863735,5,66526,"[0.5803068863630065,0.5803068863630065,0.5803068863630065,0.5803068863630065,0.5803068863630065]","[0.5452505220336877,0.5452505220336877,0.5452505220336877,0.5452505220336877,0.5452505220336877]","[log-normal,log-normal,log-normal,log-normal,log-normal]","[34.16575209142497,34.16548192149271,34.165742784815365,34.16549896971374,34.165594169635156]","[1.3589160153691386,1.3589160153691386,1.3589160153691386,1.3589160153691386,1.3589160153691386]","[-8318640615146783209,-4751051641542908866,-2764049635358643680,3564041884261020480,4867135883134566110]","[5245.584577159745,5245.584577159745,5245.584577159745,5245.584577159745,5245.584577159745]","[0.00774409264726506,0.00774409264726506,0.00774409264726506,0.00774409264726506,0.00774409264726506]","[0.10049570298364151,0.10049570298364151,0.10049570298364151,0.10049570298364151,0.10049570298364151]","[1.264010434968849,1.264010434968849,1.264010434968849,1.264010434968849,1.264010434968849]","[0.009999995758456242,0.009999995758456242,0.009999995758456242,0.009999995758456242,0.009999995758456242]","[1.4768104480374884,1.4768104480374884,1.4768104480374884,1.4768104480374884,1.4768104480374884]","[9927.35097755213,9927.35097755213,9927.35097755213,9927.35097755213,9927.35097755213]","[3.0,3.0,3.0,3.0,3.0]","[0.34033888708533877,0.34033888708533877,0.34033888708533877,0.34033888708533877,0.34033888708533877]","[0.4989246532463095,0.4989246532463095,0.4989246532463095,0.4989246532463095,0.4989246532463095]","[CN,CN,CN,CN,CN]","[1276.1275539789194,1276.1275539789194,1276.1275539789194,1276.1275539789194,1276.1275539789194]","[1.1180945853821338,1.1180895046621866,1.1180938791042632,1.118088967018006,1.1180905595863735]","[2.7655316196920046,2.7655316196920046,2.7655316196920046,2.7655316196920046,2.7655316196920046]","[3.946643654530967E-6,3.946643654530967E-6,3.946643654530967E-6,3.946643654530967E-6,3.946643654530967E-6]","[0.0073077655771181475,0.0073077655771181475,0.0073077655771181475,0.0073077655771181475,0.0073077655771181475]","[6451.092705203912,6451.092705203912,6451.092705203912,6451.092705203912,6451.092705203912]","[0.005657296967139331,0.005657296967139331,0.005657296967139331,0.005657296967139331,0.005657296967139331]","[0.300145190356381,0.300145190356381,0.300145190356381,0.300145190356381,0.300145190356381]"
78000,78000,0.006595291925263209,9947.836235090823,6528.184289084144,0.4987104170162631,0.5615711616159222,0.32726574522842916,1.3208524565719193,normal,0.006988145580558506,0.01022307127626853,2.7075001507590035,0.32866289138242144,243.9080104768741,1.4987355259862654,2.6456241960807207,0.009999765537824794,0.1,5633.4833189448,3.7953565944059596E-6,1.1830761655951292,0.53176492755259,34.57066136420954,1.110268661475046,2,77156,"[0.5615711616159222,0.5615711616159222]","[0.53176492755259,0.53176492755259]","[normal,normal]","[34.570877030076986,34.5704456983421]","[1.3208524565719193,1.3208524565719193]","[-2363414318005425555,-306114395346633913]","[5633.4833189448,5633.4833189448]","[0.01022307127626853,0.01022307127626853]","[0.1,0.1]","[1.1830761655951292,1.1830761655951292]","[0.009999765537824794,0.009999765537824794]","[1.4987355259862654,1.4987355259862654]","[9947.836235090823,9947.836235090823]","[2.6456241960807207,2.6456241960807207]","[0.32866289138242144,0.32866289138242144]","[0.4987104170162631,0.4987104170162631]","[CN,CN]","[243.9080104768741,243.9080104768741]","[1.1102701715940821,1.11026715135601]","[2.7075001507590035,2.7075001507590035]","[3.7953565944059596E-6,3.7953565944059596E-6]","[0.006988145580558506,0.006988145580558506]","[6528.184289084144,6528.184289084144]","[0.006595291925263209,0.006595291925263209]","[0.32726574522842916,0.32726574522842916]"
78000,78000,0.004485750678818186,9772.633027060983,7052.840497581062,0.49926421460374865,0.6704216472697855,0.30806797028926824,1.4533191303141952,normal,0.0070435639892295265,0.006799538822846528,2.7630299180837943,0.3154946694250259,1129.6605295855911,1.4618675805415677,2.6374031941571245,0.01,0.10000309056829847,5920.320435057214,4.0650917895001704E-6,1.1751056444454,0.5246402765742156,33.88084635976709,1.1320415735741327,8,74753,"[0.6704216472697855,0.6704216472697855,0.6704216472697855,0.6704216472697855,0.6704216472697855,0.6704216472697855,0.6704216472697855,0.6704216472697855]","[0.5246402765742156,0.5246402765742156,0.5246402765742156,0.5246402765742156,0.5246402765742156,0.5246402765742156,0.5246402765742156,0.5246402765742156]","[normal,normal,normal,normal,normal,normal,normal,normal]","[33.88078865498776,33.88105038747621,33.8809726112737,33.88090406454642,33.880645229731705,33.88074170115274,33.88059941200271,33.88108950855529]","[1.4533191303141952,1.4533191303141952,1.4533191303141952,1.4533191303141952,1.4533191303141952,1.4533191303141952,1.4533191303141952,1.4533191303141952]","[1514588823160416359,6180771393723788838,-2004029787028492487,-6000949342024830319,5893678900191551655,-2561352353701299500,-4986242289114747018,-4735559012275195810]","[5920.320435057214,5920.320435057214,5920.320435057214,5920.320435057214,5920.320435057214,5920.320435057214,5920.320435057214,5920.320435057214]","[0.006799538822846528,0.006799538822846528,0.006799538822846528,0.006799538822846528,0.006799538822846528,0.006799538822846528,0.006799538822846528,0.006799538822846528]","[0.10000309056829847,0.10000309056829847,0.10000309056829847,0.10000309056829847,0.10000309056829847,0.10000309056829847,0.10000309056829847,0.10000309056829847]","[1.1751056444454,1.1751056444454,1.1751056444454,1.1751056444454,1.1751056444454,1.1751056444454,1.1751056444454,1.1751056444454]","[0.01,0.01,0.01,0.01,0.01,0.01,0.01,0.01]","[1.4618675805415677,1.4618675805415677,1.4618675805415677,1.4618675805415677,1.4618675805415677,1.4618675805415677,1.4618675805415677,1.4618675805415677]","[9772.633027060983,9772.633027060983,9772.633027060983,9772.633027060983,9772.633027060983,9772.633027060983,9772.633027060983,9772.633027060983]","[2.6374031941571245,2.6374031941571245,2.6374031941571245,2.6374031941571245,2.6374031941571245,2.6374031941571245,2.6374031941571245,2.6374031941571245]","[0.3154946694250259,0.3154946694250259,0.3154946694250259,0.3154946694250259,0.3154946694250259,0.3154946694250259,0.3154946694250259,0.3154946694250259]","[0.49926421460374865,0.49926421460374865,0.49926421460374865,0.49926421460374865,0.49926421460374865,0.49926421460374865,0.49926421460374865,0.49926421460374865]","[CN,CN,CN,CN,CN,CN,CN,CN]","[1129.6605295855911,1129.6605295855911,1129.6605295855911,1129.6605295855911,1129.6605295855911,1129.6605295855911,1129.6605295855911,1129.6605295855911]","[1.1320411299910176,1.1320429142118003,1.1320432734359556,1.1320443269564227,1.132038972425107,1.132037863401526,1.13203824625368,1.1320420171572476]","[2.7630299180837943,2.7630299180837943,2.7630299180837943,2.7630299180837943,2.7630299180837943,2.7630299180837943,2.7630299180837943,2.7630299180837943]","[4.0650917895001704E-6,4.0650917895001704E-6,4.0650917895001704E-6,4.0650917895001704E-6,4.0650917895001704E-6,4.0650917895001704E-6,4.0650917895001704E-6,4.0650917895001704E-6]","[0.0070435639892295265,0.0070435639892295265,0.0070435639892295265,0.0070435639892295265,0.0070435639892295265,0.0070435639892295265,0.0070435639892295265,0.0070435639892295265]","[7052.840497581062,7052.840497581062,7052.840497581062,7052.840497581062,7052.840497581062,7052.840497581062,7052.840497581062,7052.840497581062]","[0.004485750678818186,0.004485750678818186,0.004485750678818186,0.004485750678818186,0.004485750678818186,0.004485750678818186,0.004485750678818186,0.004485750678818186]","[0.30806797028926824,0.30806797028926824,0.30806797028926824,0.30806797028926824,0.30806797028926824,0.30806797028926824,0.30806797028926824,0.30806797028926824]"
78000,78000,0.0078824177999919,9887.037400385467,5486.188712920669,0.4650740843432284,0.3836917747025941,0.14615221766083036,1.3327952439220287,normal,0.008837961863319303,0.02719310560489886,2.7655918268105006,0.372462139793721,1803.9520913254755,1.4464878571076079,2.9998572228266016,0.009998505024399574,0.1004431925951617,8398.74134490108,6.259116284212553E-7,1.2240238373559926,0.3509009929246212,35.02004597745173,1.0982130522364542,2,77286,"[0.3836917747025941,0.3836917747025941]","[0.3509009929246212,0.3509009929246212]","[normal,normal]","[35.01979947355153,35.02029248135192]","[1.3327952439220287,1.3327952439220287]","[5126477032569338704,4984447476674559176]","[8398.74134490108,8398.74134490108]","[0.02719310560489886,0.02719310560489886]","[0.1004431925951617,0.1004431925951617]","[1.2240238373559926,1.2240238373559926]","[0.009998505024399574,0.009998505024399574]","[1.4464878571076079,1.4464878571076079]","[9887.037400385467,9887.037400385467]","[2.9998572228266016,2.9998572228266016]","[0.372462139793721,0.372462139793721]","[0.4650740843432284,0.4650740843432284]","[CN,CN]","[1803.9520913254755,1803.9520913254755]","[1.098210173886929,1.0982159305859795]","[2.7655918268105006,2.7655918268105006]","[6.259116284212553E-7,6.259116284212553E-7]","[0.008837961863319303,0.008837961863319303]","[5486.188712920669,5486.188712920669]","[0.0078824177999919,0.0078824177999919]","[0.14615221766083036,0.14615221766083036]"
78000,78000,0.007925792696495751,9890.468820438648,5516.061654072475,0.4661460858158734,0.3842486999806244,0.13511076310862688,1.306823843592013,normal,0.008821401008205079,0.027348355989879593,2.7687422466067786,0.3724634013454512,1890.1316749950242,1.4478249401466308,2.9999562512460005,0.009998578145912136,0.10048506322578271,8393.984652211577,6.548432252330732E-7,1.2311722903009126,0.35143076458582334,35.032062480819626,1.0980100543511455,1,77797,"[0.3842486999806244]","[0.35143076458582334]","[normal]","[35.032062480819626]","[1.306823843592013]","[-3663663066089004440]","[8393.984652211577]","[0.027348355989879593]","[0.10048506322578271]","[1.2311722903009126]","[0.009998578145912136]","[1.4478249401466308]","[9890.468820438648]","[2.9999562512460005]","[0.3724634013454512]","[0.4661460858158734]","[CN]","[1890.1316749950242]","[1.0980100543511455]","[2.7687422466067786]","[6.548432252330732E-7]","[0.008821401008205079]","[5516.061654072475]","[0.007925792696495751]","[0.13511076310862688]"
78000,78000,0.0036375209513450414,9894.232182654183,7383.721976061398,0.48937831419544986,0.5685882662157373,0.8772615704904801,0.8776043564139486,normal,0.008563066531354822,0.008533427924101038,2.8332703613595975,0.44915849691709475,5160.627422905084,1.405450057284402,2.999916820105865,0.009999041736475648,0.10041234825644477,8629.018451000002,5.772599090687132E-6,1.3999993338218473,0.3563867014753157,33.48589799586578,1.1462347803619246,1,77372,"[0.5685882662157373]","[0.3563867014753157]","[normal]","[33.48589799586578]","[0.8776043564139486]","[8590778858550984017]","[8629.018451000002]","[0.008533427924101038]","[0.10041234825644477]","[1.3999993338218473]","[0.009999041736475648]","[1.405450057284402]","[9894.232182654183]","[2.999916820105865]","[0.44915849691709475]","[0.48937831419544986]","[CN]","[5160.627422905084]","[1.1462347803619246]","[2.8332703613595975]","[5.772599090687132E-6]","[0.008563066531354822]","[7383.721976061398]","[0.0036375209513450414]","[0.8772615704904801]"
78000,78000,0.005400562129304417,9917.713965319608,6548.914734956889,0.4986582448000114,0.5819025902895656,0.2726953253349221,1.4264965852896263,normal,0.007304643879526177,0.007109489251433743,2.7628440580839877,0.33512165590828324,1254.2164348258484,1.4747931701816674,2.999942910453545,0.009999958698428525,0.10022888061784486,7323.468238943833,3.6399027759705745E-6,1.60193734880345,0.5333779902570698,34.08879354722646,1.1208569201505116,2,75745,"[0.5819025902895656,0.5819025902895656]","[0.5333779902570698,0.5333779902570698]","[normal,normal]","[34.08869604512787,34.08889104932505]","[1.4264965852896263,1.4264965852896263]","[-6199721770895379767,1247854412530971270]","[7323.468238943833,7323.468238943833]","[0.007109489251433743,0.007109489251433743]","[0.10022888061784486,0.10022888061784486]","[1.60193734880345,1.60193734880345]","[0.009999958698428525,0.009999958698428525]","[1.4747931701816674,1.4747931701816674]","[9917.713965319608,9917.713965319608]","[2.999942910453545,2.999942910453545]","[0.33512165590828324,0.33512165590828324]","[0.4986582448000114,0.4986582448000114]","[CN,CN]","[1254.2164348258484,1254.2164348258484]","[1.1208545994179986,1.1208592408830245]","[2.7628440580839877,2.7628440580839877]","[3.6399027759705745E-6,3.6399027759705745E-6]","[0.007304643879526177,0.007304643879526177]","[6548.914734956889,6548.914734956889]","[0.005400562129304417,0.005400562129304417]","[0.2726953253349221,0.2726953253349221]"
78000,78000,0.00722465388637716,9850.605089523855,5665.635262899403,0.4699722180062622,0.3617024188242942,0.2549891623751177,1.260116650351348,normal,0.008400879884609738,0.02439518767574817,2.794647303453186,0.3704065703263354,1398.89266262791,1.441727868409586,2.9985397813444465,0.009999015185684475,0.10016404943521844,8239.791856129985,0.0,1.2939249762762213,0.3960010306366939,34.837969549654126,1.1027972476615069,1,77367,"[0.3617024188242942]","[0.3960010306366939]","[normal]","[34.837969549654126]","[1.260116650351348]","[2264457651189574304]","[8239.791856129985]","[0.02439518767574817]","[0.10016404943521844]","[1.2939249762762213]","[0.009999015185684475]","[1.441727868409586]","[9850.605089523855]","[2.9985397813444465]","[0.3704065703263354]","[0.4699722180062622]","[CN]","[1398.89266262791]","[1.1027972476615069]","[2.794647303453186]","[0.0]","[0.008400879884609738]","[5665.635262899403]","[0.00722465388637716]","[0.2549891623751177]"
78000,78000,0.006982284621116719,9884.296256452128,5281.901483267311,0.46377303947232285,0.3288874532760866,0.07806099691638808,1.2986375357679711,normal,0.00847008456052188,0.024499094841304397,2.771738063518925,0.3767460054459685,2109.071633783029,1.4359940532936917,3.0,0.009998748659851855,0.10004825671287572,8209.937659761894,5.086709625198426E-8,1.2010804750851665,0.3822950105808378,34.73134770460935,1.1060796704356763,6,75796,"[0.3288874532760866,0.3288874532760866,0.3288874532760866,0.3288874532760866,0.3288874532760866,0.3288874532760866]","[0.3822950105808378,0.3822950105808378,0.3822950105808378,0.3822950105808378,0.3822950105808378,0.3822950105808378]","[normal,normal,normal,normal,normal,normal]","[34.73124892031955,34.73123789012396,34.731499399230586,34.73145917947404,34.731331174067265,34.73136423515144]","[1.2986375357679711,1.2986375357679711,1.2986375357679711,1.2986375357679711,1.2986375357679711,1.2986375357679711]","[-4769814776486957078,-1978169442331004793,-3367090262428125886,4707985608802595266,-6204831527786059728,8906121808958845714]","[8209.937659761894,8209.937659761894,8209.937659761894,8209.937659761894,8209.937659761894,8209.937659761894]","[0.024499094841304397,0.024499094841304397,0.024499094841304397,0.024499094841304397,0.024499094841304397,0.024499094841304397]","[0.10004825671287572,0.10004825671287572,0.10004825671287572,0.10004825671287572,0.10004825671287572,0.10004825671287572]","[1.2010804750851665,1.2010804750851665,1.2010804750851665,1.2010804750851665,1.2010804750851665,1.2010804750851665]","[0.009998748659851855,0.009998748659851855,0.009998748659851855,0.009998748659851855,0.009998748659851855,0.009998748659851855]","[1.4359940532936917,1.4359940532936917,1.4359940532936917,1.4359940532936917,1.4359940532936917,1.4359940532936917]","[9884.296256452128,9884.296256452128,9884.296256452128,9884.296256452128,9884.296256452128,9884.296256452128]","[3.0,3.0,3.0,3.0,3.0,3.0]","[0.3767460054459685,0.3767460054459685,0.3767460054459685,0.3767460054459685,0.3767460054459685,0.3767460054459685]","[0.46377303947232285,0.46377303947232285,0.46377303947232285,0.46377303947232285,0.46377303947232285,0.46377303947232285]","[CN,CN,CN,CN,CN,CN]","[2109.071633783029,2109.071633783029,2109.071633783029,2109.071633783029,2109.071633783029,2109.071633783029]","[1.106079400722007,1.106079299772387,1.1060824537580134,1.1060813113243035,1.1060792929417718,1.1060799401493457]","[2.771738063518925,2.771738063518925,2.771738063518925,2.771738063518925,2.771738063518925,2.771738063518925]","[5.086709625198426E-8,5.086709625198426E-8,5.086709625198426E-8,5.086709625198426E-8,5.086709625198426E-8,5.086709625198426E-8]","[0.00847008456052188,0.00847008456052188,0.00847008456052188,0.00847008456052188,0.00847008456052188,0.00847008456052188]","[5281.901483267311,5281.901483267311,5281.901483267311,5281.901483267311,5281.901483267311,5281.901483267311]","[0.006982284621116719,0.006982284621116719,0.006982284621116719,0.006982284621116719,0.006982284621116719,0.006982284621116719]","[0.07806099691638808,0.07806099691638808,0.07806099691638808,0.07806099691638808,0.07806099691638808,0.07806099691638808]"
78000,78000,0.004358228496026474,9782.599015053893,7225.988966874904,0.4992677480553548,0.6555697805880628,0.30034786470260616,1.438856393250697,log-normal,0.006976948561125146,0.005950215068899746,2.7629602210688984,0.30520561874883906,1202.0762784213198,1.463849058884176,2.6373277767501104,0.009999526009696506,0.10005266486738815,5854.34734946709,3.3196727834125743E-6,1.1980138398854,0.5333840314561064,33.851178108302214,1.1337431718577498,1,77501,"[0.6555697805880628]","[0.5333840314561064]","[log-normal]","[33.851178108302214]","[1.438856393250697]","[-7461145813097812691]","[5854.34734946709]","[0.005950215068899746]","[0.10005266486738815]","[1.1980138398854]","[0.009999526009696506]","[1.463849058884176]","[9782.599015053893]","[2.6373277767501104]","[0.30520561874883906]","[0.4992677480553548]","[CN]","[1202.0762784213198]","[1.1337431718577498]","[2.7629602210688984]","[3.3196727834125743E-6]","[0.006976948561125146]","[7225.988966874904]","[0.004358228496026474]","[0.30034786470260616]"
78000,78000,0.005686406591403728,9924.548027519884,6450.020584599465,0.4984464520329488,0.5718088323748145,0.29090832884497103,1.3583593531236593,log-normal,0.007336570453223235,0.007925237591525995,2.764851885579557,0.3404306471590225,1258.6518225204782,1.4771662900276288,2.9999997173085284,0.009999639762079383,0.10051410635889466,5298.73549255229,3.962242564482438E-6,1.2672352362979746,0.5565627188266118,34.175265892861134,1.1178722908956211,1,77472,"[0.5718088323748145]","[0.5565627188266118]","[log-normal]","[34.175265892861134]","[1.3583593531236593]","[7554322750838797903]","[5298.73549255229]","[0.007925237591525995]","[0.10051410635889466]","[1.2672352362979746]","[0.009999639762079383]","[1.4771662900276288]","[9924.548027519884]","[2.9999997173085284]","[0.3404306471590225]","[0.4984464520329488]","[CN]","[1258.6518225204782]","[1.1178722908956211]","[2.764851885579557]","[3.962242564482438E-6]","[0.007336570453223235]","[6450.020584599465]","[0.005686406591403728]","[0.29090832884497103]"
78000,78000,0.0036744433691256297,9928.005847027514,7325.3044679218,0.4881112108480555,0.6190779642553543,0.9,0.7792357948868043,normal,0.008670974235275701,0.008313447633872472,2.8347826448572073,0.4465532661056799,5568.228183913635,1.406484778077168,3.0,0.009998711529221337,0.10040722746000091,8594.40195825103,5.325195866729966E-6,1.3696606515161769,0.4372529278414029,33.50323397750854,1.1456715459908091,2,74446,"[0.6190779642553543,0.6190779642553543]","[0.4372529278414029,0.4372529278414029]","[normal,normal]","[33.50310318592617,33.50336476909091]","[0.7792357948868043,0.7792357948868043]","[1293319175278948144,1334751982196944171]","[8594.40195825103,8594.40195825103]","[0.008313447633872472,0.008313447633872472]","[0.10040722746000091,0.10040722746000091]","[1.3696606515161769,1.3696606515161769]","[0.009998711529221337,0.009998711529221337]","[1.406484778077168,1.406484778077168]","[9928.005847027514,9928.005847027514]","[3.0,3.0]","[0.4465532661056799,0.4465532661056799]","[0.4881112108480555,0.4881112108480555]","[CN,CN]","[5568.228183913635,5568.228183913635]","[1.1456707882046406,1.1456723037769774]","[2.8347826448572073,2.8347826448572073]","[5.325195866729966E-6,5.325195866729966E-6]","[0.008670974235275701,0.008670974235275701]","[7325.3044679218,7325.3044679218]","[0.0036744433691256297,0.0036744433691256297]","[0.9,0.9]"
78000,78000,0.003922965791815788,9904.53113844905,7635.514509235766,0.4899072240346607,0.5790401385865501,0.8957120385783456,0.9018556420635822,log-normal,0.008663760990982967,0.008330445706200845,2.828584709032666,0.4463561225667675,5229.839890207516,1.4101235504133678,2.9999999615061177,0.009998976307753512,0.1000042323832352,8353.221632091774,4.962470457968195E-6,1.3880990592640763,0.35794692551684804,33.64834072023716,1.1427202942438632,2,76693,"[0.5790401385865501,0.5790401385865501]","[0.35794692551684804,0.35794692551684804]","[log-normal,log-normal]","[33.64770554007591,33.648975900398405]","[0.9018556420635822,0.9018556420635822]","[-4899512823456960913,4471064429707550834]","[8353.221632091774,8353.221632091774]","[0.008330445706200845,0.008330445706200845]","[0.1000042323832352,0.1000042323832352]","[1.3880990592640763,1.3880990592640763]","[0.009998976307753512,0.009998976307753512]","[1.4101235504133678,1.4101235504133678]","[9904.53113844905,9904.53113844905]","[2.9999999615061177,2.9999999615061177]","[0.4463561225667675,0.4463561225667675]","[0.4899072240346607,0.4899072240346607]","[CN,CN]","[5229.839890207516,5229.839890207516]","[1.142716851822057,1.1427237366656693]","[2.828584709032666,2.828584709032666]","[4.962470457968195E-6,4.962470457968195E-6]","[0.008663760990982967,0.008663760990982967]","[7635.514509235766,7635.514509235766]","[0.003922965791815788,0.003922965791815788]","[0.8957120385783456,0.8957120385783456]"
78000,78000,0.005624341904975271,9929.664831707236,6456.821286469951,0.49914608437289576,0.5770032184867804,0.30744222859074954,1.3724297361993973,log-normal,0.0071757635467776994,0.007761232918738267,2.7636775878322264,0.3392534661237332,1248.8470949118018,1.477448695914316,3.0,0.01,0.10000453204455031,5318.130561325645,3.748834147601294E-6,1.26584596454606,0.536837876760018,34.15464723850967,1.1183945172126144,10,68183,"[0.5770032184867804,0.5770032184867804,0.5770032184867804,0.5770032184867804,0.5770032184867804,0.5770032184867804,0.5770032184867804,0.5770032184867804,0.5770032184867804,0.5770032184867804]","[0.536837876760018,0.536837876760018,0.536837876760018,0.536837876760018,0.536837876760018,0.536837876760018,0.536837876760018,0.536837876760018,0.536837876760018,0.536837876760018]","[log-normal,log-normal,log-normal,log-normal,log-normal,log-normal,log-normal,log-normal,log-normal,log-normal]","[34.15460179088684,34.15454867500751,34.15449702298063,34.1548065403685,34.1546680634946,34.1548410948868,34.15487352856737,34.15462641352473,34.15455930728923,34.15483406327815]","[1.3724297361993973,1.3724297361993973,1.3724297361993973,1.3724297361993973,1.3724297361993973,1.3724297361993973,1.3724297361993973,1.3724297361993973,1.3724297361993973,1.3724297361993973]","[-1293672881543481713,1662049149394678546,-2212266708875150906,1682127830964005499,4325457767767797675,-7604952176608713491,7166624647244541181,-1060860704221466302,8900442869045919238,-3218976955813404634]","[5318.130561325645,5318.130561325645,5318.130561325645,5318.130561325645,5318.130561325645,5318.130561325645,5318.130561325645,5318.130561325645,5318.130561325645,5318.130561325645]","[0.007761232918738267,0.007761232918738267,0.007761232918738267,0.007761232918738267,0.007761232918738267,0.007761232918738267,0.007761232918738267,0.007761232918738267,0.007761232918738267,0.007761232918738267]","[0.10000453204455031,0.10000453204455031,0.10000453204455031,0.10000453204455031,0.10000453204455031,0.10000453204455031,0.10000453204455031,0.10000453204455031,0.10000453204455031,0.10000453204455031]","[1.26584596454606,1.26584596454606,1.26584596454606,1.26584596454606,1.26584596454606,1.26584596454606,1.26584596454606,1.26584596454606,1.26584596454606,1.26584596454606]","[0.01,0.01,0.01,0.01,0.01,0.01,0.01,0.01,0.01,0.01]","[1.477448695914316,1.477448695914316,1.477448695914316,1.477448695914316,1.477448695914316,1.477448695914316,1.477448695914316,1.477448695914316,1.477448695914316,1.477448695914316]","[9929.664831707236,9929.664831707236,9929.664831707236,9929.664831707236,9929.664831707236,9929.664831707236,9929.664831707236,9929.664831707236,9929.664831707236,9929.664831707236]","[3.0,3.0,3.0,3.0,3.0,3.0,3.0,3.0,3.0,3.0]","[0.3392534661237332,0.3392534661237332,0.3392534661237332,0.3392534661237332,0.3392534661237332,0.3392534661237332,0.3392534661237332,0.3392534661237332,0.3392534661237332,0.3392534661237332]","[0.49914608437289576,0.49914608437289576,0.49914608437289576,0.49914608437289576,0.49914608437289576,0.49914608437289576,0.49914608437289576,0.49914608437289576,0.49914608437289576,0.49914608437289576]","[CN,CN,CN,CN,CN,CN,CN,CN,CN,CN]","[1248.8470949118018,1248.8470949118018,1248.8470949118018,1248.8470949118018,1248.8470949118018,1248.8470949118018,1248.8470949118018,1248.8470949118018,1248.8470949118018,1248.8470949118018]","[1.118393111461272,1.1183937211813817,1.1183925759650033,1.1184012993748471,1.1183946147991934,1.1183965763556547,1.1183977036146764,1.1183944196260356,1.1183951392359315,1.1183934184434956]","[2.7636775878322264,2.7636775878322264,2.7636775878322264,2.7636775878322264,2.7636775878322264,2.7636775878322264,2.7636775878322264,2.7636775878322264,2.7636775878322264,2.7636775878322264]","[3.748834147601294E-6,3.748834147601294E-6,3.748834147601294E-6,3.748834147601294E-6,3.748834147601294E-6,3.748834147601294E-6,3.748834147601294E-6,3.748834147601294E-6,3.748834147601294E-6,3.748834147601294E-6]","[0.0071757635467776994,0.0071757635467776994,0.0071757635467776994,0.0071757635467776994,0.0071757635467776994,0.0071757635467776994,0.0071757635467776994,0.0071757635467776994,0.0071757635467776994,0.0071757635467776994]","[6456.821286469951,6456.821286469951,6456.821286469951,6456.821286469951,6456.821286469951,6456.821286469951,6456.821286469951,6456.821286469951,6456.821286469951,6456.821286469951]","[0.005624341904975271,0.005624341904975271,0.005624341904975271,0.005624341904975271,0.005624341904975271,0.005624341904975271,0.005624341904975271,0.005624341904975271,0.005624341904975271,0.005624341904975271]","[0.30744222859074954,0.30744222859074954,0.30744222859074954,0.30744222859074954,0.30744222859074954,0.30744222859074954,0.30744222859074954,0.30744222859074954,0.30744222859074954,0.30744222859074954]"
78000,78000,0.007322150331985688,9838.733070349113,5662.116381060076,0.47080741182146474,0.36245320293732886,0.2897518999518047,1.2884713707862843,normal,0.008535069595462755,0.023548449205547856,2.786864213245315,0.3621791345310843,1325.243282648041,1.4452627345521998,2.9988668914113834,0.009998971821922035,0.10017645594384379,8366.955388909728,2.618898168740706E-7,1.2860416003512063,0.37349124402706513,34.87587789288097,1.1018787506492251,1,77634,"[0.36245320293732886]","[0.37349124402706513]","[normal]","[34.87587789288097]","[1.2884713707862843]","[-4357862174667735281]","[8366.955388909728]","[0.023548449205547856]","[0.10017645594384379]","[1.2860416003512063]","[0.009998971821922035]","[1.4452627345521998]","[9838.733070349113]","[2.9988668914113834]","[0.3621791345310843]","[0.47080741182146474]","[CN]","[1325.243282648041]","[1.1018787506492251]","[2.786864213245315]","[2.618898168740706E-7]","[0.008535069595462755]","[5662.116381060076]","[0.007322150331985688]","[0.2897518999518047]"
78000,78000,0.009183161486492139,9920.758753156302,4558.227034371231,0.4695625827862189,0.16451679053692375,0.21376927439413082,1.35438708024376,normal,0.007696869680909648,0.045722816145631645,2.7433367156451207,0.3782649847484427,2066.7550810034268,1.449772895676958,2.9992773656936396,0.009998887365872278,0.10000697491774276,8304.728005522793,2.98552802530357E-7,1.2518645713005452,0.4212495179446225,35.450225930974376,1.0888745188356654,1,77269,"[0.16451679053692375]","[0.4212495179446225]","[normal]","[35.450225930974376]","[1.35438708024376]","[1321078666675055862]","[8304.728005522793]","[0.045722816145631645]","[0.10000697491774276]","[1.2518645713005452]","[0.009998887365872278]","[1.449772895676958]","[9920.758753156302]","[2.9992773656936396]","[0.3782649847484427]","[0.4695625827862189]","[CN]","[2066.7550810034268]","[1.0888745188356654]","[2.7433367156451207]","[2.98552802530357E-7]","[0.007696869680909648]","[4558.227034371231]","[0.009183161486492139]","[0.21376927439413082]"
78000,78000,0.0050132721071289845,9933.575419432906,6281.543614091269,0.49844978951779395,0.6185593715869718,0.2552382991641929,1.4027175768135371,log-normal,0.006535010746771937,0.006866126865072246,2.765545148288145,0.33145748113789897,1129.7265711976045,1.4712445732252315,2.999999998941638,0.009999985542122202,0.10023512594799407,5914.981262791224,4.065149965766868E-6,1.2571769577981837,0.5433135045440388,33.98435314873797,1.1252933872418551,1,77487,"[0.6185593715869718]","[0.5433135045440388]","[log-normal]","[33.98435314873797]","[1.4027175768135371]","[4482962343985739212]","[5914.981262791224]","[0.006866126865072246]","[0.10023512594799407]","[1.2571769577981837]","[0.009999985542122202]","[1.4712445732252315]","[9933.575419432906]","[2.999999998941638]","[0.33145748113789897]","[0.49844978951779395]","[CN]","[1129.7265711976045]","[1.1252933872418551]","[2.765545148288145]","[4.065149965766868E-6]","[0.006535010746771937]","[6281.543614091269]","[0.0050132721071289845]","[0.2552382991641929]"
78000,78000,0.00454085696733452,9776.505510745703,7047.6141490910695,0.49938350553939265,0.6734691508781714,0.3325077184173699,1.4469020570233186,normal,0.007031835003885152,0.006865091123751313,2.7639753227118375,0.31545199426807335,1269.1779281758027,1.4630126961373482,2.635688799535763,0.009999998728862508,0.1000033014929871,5936.595970783478,4.020938883668316E-6,1.1665000374549288,0.5252701556577868,33.897275177432114,1.1313373397865163,1,76777,"[0.6734691508781714]","[0.5252701556577868]","[normal]","[33.897275177432114]","[1.4469020570233186]","[8246377836218116896]","[5936.595970783478]","[0.006865091123751313]","[0.1000033014929871]","[1.1665000374549288]","[0.009999998728862508]","[1.4630126961373482]","[9776.505510745703]","[2.635688799535763]","[0.31545199426807335]","[0.49938350553939265]","[CN]","[1269.1779281758027]","[1.1313373397865163]","[2.7639753227118375]","[4.020938883668316E-6]","[0.007031835003885152]","[7047.6141490910695]","[0.00454085696733452]","[0.3325077184173699]"
78000,78000,0.00773110748822153,9892.480958380658,5432.375432247677,0.4634354964303251,0.3455353782410808,0.1074451974040452,1.3269356628899627,normal,0.008508239082198311,0.028076159393315227,2.770456134291572,0.3834072294595783,2360.2265501315765,1.4441559283427812,2.9999999999107994,0.009998685453435647,0.10028293069626616,8179.474722095324,6.155032829767081E-7,1.2040054665347446,0.38274906466371783,34.993984556546174,1.1001759012200651,1,77730,"[0.3455353782410808]","[0.38274906466371783]","[normal]","[34.993984556546174]","[1.3269356628899627]","[-4356049490395209025]","[8179.474722095324]","[0.028076159393315227]","[0.10028293069626616]","[1.2040054665347446]","[0.009998685453435647]","[1.4441559283427812]","[9892.480958380658]","[2.9999999999107994]","[0.3834072294595783]","[0.4634354964303251]","[CN]","[2360.2265501315765]","[1.1001759012200651]","[2.770456134291572]","[6.155032829767081E-7]","[0.008508239082198311]","[5432.375432247677]","[0.00773110748822153]","[0.1074451974040452]"
78000,78000,0.008137284934263524,9889.191172659033,5453.212492372117,0.4662914503615922,0.3961590455296905,0.12920511208414584,1.3314289121489493,log-normal,0.008809562330833477,0.02859202106821198,2.7689850963379894,0.37238972102958656,2078.7315568564027,1.447744341787581,3.0,0.009998476977060284,0.10039978580644165,8401.82075246119,3.29001458693334E-7,1.235120721276849,0.35602578892314407,35.13183558007458,1.0964195096317453,10,71880,"[0.3961590455296905,0.3961590455296905,0.3961590455296905,0.3961590455296905,0.3961590455296905,0.3961590455296905,0.3961590455296905,0.3961590455296905,0.3961590455296905,0.3961590455296905]","[0.35602578892314407,0.35602578892314407,0.35602578892314407,0.35602578892314407,0.35602578892314407,0.35602578892314407,0.35602578892314407,0.35602578892314407,0.35602578892314407,0.35602578892314407]","[log-normal,log-normal,log-normal,log-normal,log-normal,log-normal,log-normal,log-normal,log-normal,log-normal]","[35.13302470111642,35.13282314072428,35.13094217172974,35.13079826326601,35.131493945594556,35.13165592099458,35.1309540256857,35.13570577951614,35.1322301695343,35.132015239154576]","[1.3314289121489493,1.3314289121489493,1.3314289121489493,1.3314289121489493,1.3314289121489493,1.3314289121489493,1.3314289121489493,1.3314289121489493,1.3314289121489493,1.3314289121489493]","[7437387704223330589,9124523073146020925,-7923193067117549534,9024198591614249768,663681858737569548,-4477195314927868545,-1796991329190019873,-4774186391081197152,5565304793153928001,-9062708046806878771]","[8401.82075246119,8401.82075246119,8401.82075246119,8401.82075246119,8401.82075246119,8401.82075246119,8401.82075246119,8401.82075246119,8401.82075246119,8401.82075246119]","[0.02859202106821198,0.02859202106821198,0.02859202106821198,0.02859202106821198,0.02859202106821198,0.02859202106821198,0.02859202106821198,0.02859202106821198,0.02859202106821198,0.02859202106821198]","[0.10039978580644165,0.10039978580644165,0.10039978580644165,0.10039978580644165,0.10039978580644165,0.10039978580644165,0.10039978580644165,0.10039978580644165,0.10039978580644165,0.10039978580644165]","[1.235120721276849,1.235120721276849,1.235120721276849,1.235120721276849,1.235120721276849,1.235120721276849,1.235120721276849,1.235120721276849,1.235120721276849,1.235120721276849]","[0.009998476977060284,0.009998476977060284,0.009998476977060284,0.009998476977060284,0.009998476977060284,0.009998476977060284,0.009998476977060284,0.009998476977060284,0.009998476977060284,0.009998476977060284]","[1.447744341787581,1.447744341787581,1.447744341787581,1.447744341787581,1.447744341787581,1.447744341787581,1.447744341787581,1.447744341787581,1.447744341787581,1.447744341787581]","[9889.191172659033,9889.191172659033,9889.191172659033,9889.191172659033,9889.191172659033,9889.191172659033,9889.191172659033,9889.191172659033,9889.191172659033,9889.191172659033]","[3.0,3.0,3.0,3.0,3.0,3.0,3.0,3.0,3.0,3.0]","[0.37238972102958656,0.37238972102958656,0.37238972102958656,0.37238972102958656,0.37238972102958656,0.37238972102958656,0.37238972102958656,0.37238972102958656,0.37238972102958656,0.37238972102958656]","[0.4662914503615922,0.4662914503615922,0.4662914503615922,0.4662914503615922,0.4662914503615922,0.4662914503615922,0.4662914503615922,0.4662914503615922,0.4662914503615922,0.4662914503615922]","[CN,CN,CN,CN,CN,CN,CN,CN,CN,CN]","[2078.7315568564027,2078.7315568564027,2078.7315568564027,2078.7315568564027,2078.7315568564027,2078.7315568564027,2078.7315568564027,2078.7315568564027,2078.7315568564027,2078.7315568564027]","[1.0964386293226895,1.096428227931612,1.0964118205021285,1.0964097744933574,1.096417504112933,1.0964137147978912,1.096411660270556,1.0964703068230455,1.0964215151505579,1.0964275892777287]","[2.7689850963379894,2.7689850963379894,2.7689850963379894,2.7689850963379894,2.7689850963379894,2.7689850963379894,2.7689850963379894,2.7689850963379894,2.7689850963379894,2.7689850963379894]","[3.29001458693334E-7,3.29001458693334E-7,3.29001458693334E-7,3.29001458693334E-7,3.29001458693334E-7,3.29001458693334E-7,3.29001458693334E-7,3.29001458693334E-7,3.29001458693334E-7,3.29001458693334E-7]","[0.008809562330833477,0.008809562330833477,0.008809562330833477,0.008809562330833477,0.008809562330833477,0.008809562330833477,0.008809562330833477,0.008809562330833477,0.008809562330833477,0.008809562330833477]","[5453.212492372117,5453.212492372117,5453.212492372117,5453.212492372117,5453.212492372117,5453.212492372117,5453.212492372117,5453.212492372117,5453.212492372117,5453.212492372117]","[0.008137284934263524,0.008137284934263524,0.008137284934263524,0.008137284934263524,0.008137284934263524,0.008137284934263524,0.008137284934263524,0.008137284934263524,0.008137284934263524,0.008137284934263524]","[0.12920511208414584,0.12920511208414584,0.12920511208414584,0.12920511208414584,0.12920511208414584,0.12920511208414584,0.12920511208414584,0.12920511208414584,0.12920511208414584,0.12920511208414584]"
78000,78000,0.007007225076528183,9882.268354234999,5263.843033965406,0.46311700411362755,0.32700859951901395,0.07686762892360605,1.2995881340258362,normal,0.008401875451192527,0.024677639769532758,2.771769109934231,0.3769751566348748,2102.565018001559,1.4360321940239884,2.999534954341003,0.009998723576326167,0.10004507802972341,7102.903051556167,1.164811788529783E-9,1.2017226025243608,0.380493199613514,34.74172499886273,1.1058050948697316,1,76815,"[0.32700859951901395]","[0.380493199613514]","[normal]","[34.74172499886273]","[1.2995881340258362]","[7664260875162352915]","[7102.903051556167]","[0.024677639769532758]","[0.10004507802972341]","[1.2017226025243608]","[0.009998723576326167]","[1.4360321940239884]","[9882.268354234999]","[2.999534954341003]","[0.3769751566348748]","[0.46311700411362755]","[CN]","[2102.565018001559]","[1.1058050948697316]","[2.771769109934231]","[1.164811788529783E-9]","[0.008401875451192527]","[5263.843033965406]","[0.007007225076528183]","[0.07686762892360605]"
78000,78000,0.007768133520786685,9890.031594051528,5441.617142320215,0.46203141689448357,0.35664949733455087,0.10767685206916895,1.326954372816105,log-normal,0.008565670061025758,0.028090732646762876,2.7703491981945043,0.38290937775734324,2362.5548968208864,1.4445423088897118,2.999999999913184,0.00999865244897101,0.1002870066581932,8306.135128815535,7.185013358021655E-7,1.2037501236397228,0.38165652791379523,35.00798746675013,1.0999406134606686,1,77648,"[0.35664949733455087]","[0.38165652791379523]","[log-normal]","[35.00798746675013]","[1.326954372816105]","[-2550913084183550853]","[8306.135128815535]","[0.028090732646762876]","[0.1002870066581932]","[1.2037501236397228]","[0.00999865244897101]","[1.4445423088897118]","[9890.031594051528]","[2.999999999913184]","[0.38290937775734324]","[0.46203141689448357]","[CN]","[2362.5548968208864]","[1.0999406134606686]","[2.7703491981945043]","[7.185013358021655E-7]","[0.008565670061025758]","[5441.617142320215]","[0.007768133520786685]","[0.10767685206916895]"
78000,78000,0.005596151223852445,9929.214455713081,6534.345237416213,0.4992058684821523,0.572812614475406,0.30696348677217883,1.3723297623858173,log-normal,0.007181782141427796,0.007536791489402872,2.763318837560289,0.3391230553360398,1220.9891747195916,1.4777267573224098,3.0,0.009999623798487114,0.100004852390833,5232.1661300885435,3.7544805969552238E-6,1.2654207963188964,0.5415007503829621,34.14672902767656,1.1186852492197663,2,77270,"[0.572812614475406,0.572812614475406]","[0.5415007503829621,0.5415007503829621]","[log-normal,log-normal]","[34.146730122801024,34.14672793255208]","[1.3723297623858173,1.3723297623858173]","[5936629460366191525,8360294072941273726]","[5232.1661300885435,5232.1661300885435]","[0.007536791489402872,0.007536791489402872]","[0.100004852390833,0.100004852390833]","[1.2654207963188964,1.2654207963188964]","[0.009999623798487114,0.009999623798487114]","[1.4777267573224098,1.4777267573224098]","[9929.214455713081,9929.214455713081]","[3.0,3.0]","[0.3391230553360398,0.3391230553360398]","[0.4992058684821523,0.4992058684821523]","[CN,CN]","[1220.9891747195916,1220.9891747195916]","[1.1186851576766066,1.118685340762926]","[2.763318837560289,2.763318837560289]","[3.7544805969552238E-6,3.7544805969552238E-6]","[0.007181782141427796,0.007181782141427796]","[6534.345237416213,6534.345237416213]","[0.005596151223852445,0.005596151223852445]","[0.30696348677217883,0.30696348677217883]"
78000,78000,0.0070512837151202245,9880.33052866806,5263.9137869311,0.47358809674702934,0.38107700947544876,0.07931073558388822,1.2888489858357208,log-normal,0.008535103831030894,0.02469319654852364,2.770127976963071,0.3746800260942137,1839.3195854056098,1.435984725160819,2.999999225918477,0.00999865832148952,0.100021888697682,8313.182248129104,2.975839960378455E-7,1.271310839165947,0.37672122308672895,34.75536945036964,1.1053667967741427,7,69219,"[0.38107700947544876,0.38107700947544876,0.38107700947544876,0.38107700947544876,0.38107700947544876,0.38107700947544876,0.38107700947544876]","[0.37672122308672895,0.37672122308672895,0.37672122308672895,0.37672122308672895,0.37672122308672895,0.37672122308672895,0.37672122308672895]","[log-normal,log-normal,log-normal,log-normal,log-normal,log-normal,log-normal]","[34.754468187597865,34.755634026321914,34.7551414867862,34.755389853920406,34.75536945036964,34.755129614405654,34.75568207979053]","[1.2888489858357208,1.2888489858357208,1.2888489858357208,1.2888489858357208,1.2888489858357208,1.2888489858357208,1.2888489858357208]","[664231107363365876,-7276304122190665153,6711337824474689124,4573521674444795001,-337316277122924798,-6276088077933513387,4427675395389421533]","[8313.182248129104,8313.182248129104,8313.182248129104,8313.182248129104,8313.182248129104,8313.182248129104,8313.182248129104]","[0.02469319654852364,0.02469319654852364,0.02469319654852364,0.02469319654852364,0.02469319654852364,0.02469319654852364,0.02469319654852364]","[0.100021888697682,0.100021888697682,0.100021888697682,0.100021888697682,0.100021888697682,0.100021888697682,0.100021888697682]","[1.271310839165947,1.271310839165947,1.271310839165947,1.271310839165947,1.271310839165947,1.271310839165947,1.271310839165947]","[0.00999865832148952,0.00999865832148952,0.00999865832148952,0.00999865832148952,0.00999865832148952,0.00999865832148952,0.00999865832148952]","[1.435984725160819,1.435984725160819,1.435984725160819,1.435984725160819,1.435984725160819,1.435984725160819,1.435984725160819]","[9880.33052866806,9880.33052866806,9880.33052866806,9880.33052866806,9880.33052866806,9880.33052866806,9880.33052866806]","[2.999999225918477,2.999999225918477,2.999999225918477,2.999999225918477,2.999999225918477,2.999999225918477,2.999999225918477]","[0.3746800260942137,0.3746800260942137,0.3746800260942137,0.3746800260942137,0.3746800260942137,0.3746800260942137,0.3746800260942137]","[0.47358809674702934,0.47358809674702934,0.47358809674702934,0.47358809674702934,0.47358809674702934,0.47358809674702934,0.47358809674702934]","[CN,CN,CN,CN,CN,CN,CN]","[1839.3195854056098,1839.3195854056098,1839.3195854056098,1839.3195854056098,1839.3195854056098,1839.3195854056098,1839.3195854056098]","[1.1053558934813612,1.1053679035511876,1.1053638335883118,1.1053673113115325,1.1053667967741427,1.1053622505276477,1.1053674291899631]","[2.770127976963071,2.770127976963071,2.770127976963071,2.770127976963071,2.770127976963071,2.770127976963071,2.770127976963071]","[2.975839960378455E-7,2.975839960378455E-7,2.975839960378455E-7,2.975839960378455E-7,2.975839960378455E-7,2.975839960378455E-7,2.975839960378455E-7]","[0.008535103831030894,0.008535103831030894,0.008535103831030894,0.008535103831030894,0.008535103831030894,0.008535103831030894,0.008535103831030894]","[5263.9137869311,5263.9137869311,5263.9137869311,5263.9137869311,5263.9137869311,5263.9137869311,5263.9137869311]","[0.0070512837151202245,0.0070512837151202245,0.0070512837151202245,0.0070512837151202245,0.0070512837151202245,0.0070512837151202245,0.0070512837151202245]","[0.07931073558388822,0.07931073558388822,0.07931073558388822,0.07931073558388822,0.07931073558388822,0.07931073558388822,0.07931073558388822]"
78000,78000,0.005718156471260559,9927.702696645201,6398.981654028361,0.4982892189821731,0.5738300238046938,0.2984478376475535,1.359277038386194,normal,0.00735221191209634,0.007884231871943077,2.764599638409143,0.3404467249940454,1252.4253760906406,1.4767615723804122,3.0,0.009999973511069111,0.10049091093202263,5248.161658958786,3.877478007972922E-6,1.2597820377775075,0.5568869437582687,34.18508990804399,1.1174619563233978,2,75266,"[0.5738300238046938,0.5738300238046938]","[0.5568869437582687,0.5568869437582687]","[normal,normal]","[34.18525022715263,34.18492958893536]","[1.359277038386194,1.359277038386194]","[-2832506830957087480,9083771759496983887]","[5248.161658958786,5248.161658958786]","[0.007884231871943077,0.007884231871943077]","[0.10049091093202263,0.10049091093202263]","[1.2597820377775075,1.2597820377775075]","[0.009999973511069111,0.009999973511069111]","[1.4767615723804122,1.4767615723804122]","[9927.702696645201,9927.702696645201]","[3.0,3.0]","[0.3404467249940454,0.3404467249940454]","[0.4982892189821731,0.4982892189821731]","[CN,CN]","[1252.4253760906406,1252.4253760906406]","[1.1174641434650252,1.1174597691817707]","[2.764599638409143,2.764599638409143]","[3.877478007972922E-6,3.877478007972922E-6]","[0.00735221191209634,0.00735221191209634]","[6398.981654028361,6398.981654028361]","[0.005718156471260559,0.005718156471260559]","[0.2984478376475535,0.2984478376475535]"
78000,78000,0.006318110908256517,9927.751460053565,6499.634889850074,0.4996240884665395,0.5490125934961646,0.33806398331456783,1.3097686848806647,normal,0.006873310482739934,0.010077140289262737,2.711177777918663,0.32829664197638353,381.18480758065965,1.493263506245294,2.6400564021387294,0.009999906196938127,0.10001628604586262,5657.301303653537,3.7294535329532797E-6,1.1899146929605577,0.5298208676854953,34.4632217879464,1.1120810593488792,5,76454,"[0.5490125934961646,0.5490125934961646,0.5490125934961646,0.5490125934961646,0.5490125934961646]","[0.5298208676854953,0.5298208676854953,0.5298208676854953,0.5298208676854953,0.5298208676854953]","[normal,normal,normal,normal,normal]","[34.46349869898299,34.463209828878824,34.4632217879464,34.46405872731216,34.46291963928145]","[1.3097686848806647,1.3097686848806647,1.3097686848806647,1.3097686848806647,1.3097686848806647]","[-7406903854621492599,1812274434527818444,3661774841572877730,4357456839011002488,-3998875248189145638]","[5657.301303653537,5657.301303653537,5657.301303653537,5657.301303653537,5657.301303653537]","[0.010077140289262737,0.010077140289262737,0.010077140289262737,0.010077140289262737,0.010077140289262737]","[0.10001628604586262,0.10001628604586262,0.10001628604586262,0.10001628604586262,0.10001628604586262]","[1.1899146929605577,1.1899146929605577,1.1899146929605577,1.1899146929605577,1.1899146929605577]","[0.009999906196938127,0.009999906196938127,0.009999906196938127,0.009999906196938127,0.009999906196938127]","[1.493263506245294,1.493263506245294,1.493263506245294,1.493263506245294,1.493263506245294]","[9927.751460053565,9927.751460053565,9927.751460053565,9927.751460053565,9927.751460053565]","[2.6400564021387294,2.6400564021387294,2.6400564021387294,2.6400564021387294,2.6400564021387294]","[0.32829664197638353,0.32829664197638353,0.32829664197638353,0.32829664197638353,0.32829664197638353]","[0.4996240884665395,0.4996240884665395,0.4996240884665395,0.4996240884665395,0.4996240884665395]","[CN,CN,CN,CN,CN]","[381.18480758065965,381.18480758065965,381.18480758065965,381.18480758065965,381.18480758065965]","[1.1120852182156626,1.1120810593488792,1.1120800268903386,1.1120868405666724,1.1120760258077738]","[2.711177777918663,2.711177777918663,2.711177777918663,2.711177777918663,2.711177777918663]","[3.7294535329532797E-6,3.7294535329532797E-6,3.7294535329532797E-6,3.7294535329532797E-6,3.7294535329532797E-6]","[0.006873310482739934,0.006873310482739934,0.006873310482739934,0.006873310482739934,0.006873310482739934]","[6499.634889850074,6499.634889850074,6499.634889850074,6499.634889850074,6499.634889850074]","[0.006318110908256517,0.006318110908256517,0.006318110908256517,0.006318110908256517,0.006318110908256517]","[0.33806398331456783,0.33806398331456783,0.33806398331456783,0.33806398331456783,0.33806398331456783]"
78000,78000,0.007174030122382891,9856.146458902753,5757.20855245378,0.471081163371516,0.33706419033713486,0.26440144717328784,1.260925071872739,normal,0.008402786752298032,0.02369478729386784,2.7956214927993175,0.3672630704645129,1121.648344057505,1.4414122560928537,3.0,0.00999904908210612,0.10016276446311347,8395.435297013795,0.0,1.2977579034473765,0.3983029434239018,34.82176319373235,1.103172992094056,1,77666,"[0.33706419033713486]","[0.3983029434239018]","[normal]","[34.82176319373235]","[1.260925071872739]","[-9110085324586844397]","[8395.435297013795]","[0.02369478729386784]","[0.10016276446311347]","[1.2977579034473765]","[0.00999904908210612]","[1.4414122560928537]","[9856.146458902753]","[3.0]","[0.3672630704645129]","[0.471081163371516]","[CN]","[1121.648344057505]","[1.103172992094056]","[2.7956214927993175]","[0.0]","[0.008402786752298032]","[5757.20855245378]","[0.007174030122382891]","[0.26440144717328784]"
78000,78000,0.004980212965904298,9933.481096620268,6290.0464999192445,0.49926223453115554,0.6193656457564016,0.2600026345867955,1.421912945744329,log-normal,0.006521528876182035,0.006852314304485598,2.766495698103713,0.33281756977968635,1126.2469567464238,1.4714849181722824,3.0,0.009999985072382683,0.10022975788868979,5901.374120844852,3.857962679271275E-6,1.256062116802472,0.5466653908416121,33.974782318079264,1.1257066173653727,3,76706,"[0.6193656457564016,0.6193656457564016,0.6193656457564016]","[0.5466653908416121,0.5466653908416121,0.5466653908416121]","[log-normal,log-normal,log-normal]","[33.974199938329065,33.974782318079264,33.975059975963774]","[1.421912945744329,1.421912945744329,1.421912945744329]","[411481318413852964,5389530113757246547,-3314695033778834868]","[5901.374120844852,5901.374120844852,5901.374120844852]","[0.006852314304485598,0.006852314304485598,0.006852314304485598]","[0.10022975788868979,0.10022975788868979,0.10022975788868979]","[1.256062116802472,1.256062116802472,1.256062116802472]","[0.009999985072382683,0.009999985072382683,0.009999985072382683]","[1.4714849181722824,1.4714849181722824,1.4714849181722824]","[9933.481096620268,9933.481096620268,9933.481096620268]","[3.0,3.0,3.0]","[0.33281756977968635,0.33281756977968635,0.33281756977968635]","[0.49926223453115554,0.49926223453115554,0.49926223453115554]","[CN,CN,CN]","[1126.2469567464238,1126.2469567464238,1126.2469567464238]","[1.125696342228456,1.1257066173653727,1.1257100615332454]","[2.766495698103713,2.766495698103713,2.766495698103713]","[3.857962679271275E-6,3.857962679271275E-6,3.857962679271275E-6]","[0.006521528876182035,0.006521528876182035,0.006521528876182035]","[6290.0464999192445,6290.0464999192445,6290.0464999192445]","[0.004980212965904298,0.004980212965904298,0.004980212965904298]","[0.2600026345867955,0.2600026345867955,0.2600026345867955]"
78000,78000,0.0036659177484839036,9901.797332371356,8071.655272641239,0.49200860695783727,0.5490464842941413,0.813913869891014,0.8339877678518188,normal,0.008668700004736903,0.008409085876098139,2.8331194886557935,0.44779105909603,4906.05071541595,1.40624728223875,2.9999917680566486,0.009998970615240434,0.10009725832158309,8245.489214648474,5.419451659629983E-6,1.4126115616956745,0.36106076730832026,33.49506443506447,1.1459095644405888,1,77734,"[0.5490464842941413]","[0.36106076730832026]","[normal]","[33.49506443506447]","[0.8339877678518188]","[1967607463604153398]","[8245.489214648474]","[0.008409085876098139]","[0.10009725832158309]","[1.4126115616956745]","[0.009998970615240434]","[1.40624728223875]","[9901.797332371356]","[2.9999917680566486]","[0.44779105909603]","[0.49200860695783727]","[CN]","[4906.05071541595]","[1.1459095644405888]","[2.8331194886557935]","[5.419451659629983E-6]","[0.008668700004736903]","[8071.655272641239]","[0.0036659177484839036]","[0.813913869891014]"
78000,78000,0.005450101171253037,9935.633081190606,6424.202284103329,0.49742590029458406,0.5557507777756958,0.21608232139973943,1.4349065299327952,normal,0.007446164540479785,0.007299495432691109,2.762482935715086,0.3352857382732157,1495.6178932419064,1.473144022107762,2.999999994852201,0.01,0.1002520660455208,5521.775995407267,3.850743995466376E-6,1.2391107345747543,0.5170645072362839,34.105269136895885,1.120249924969377,2,77276,"[0.5557507777756958,0.5557507777756958]","[0.5170645072362839,0.5170645072362839]","[normal,normal]","[34.10544934750344,34.10508892628834]","[1.4349065299327952,1.4349065299327952]","[-2548474008546774903,1087397822810618778]","[5521.775995407267,5521.775995407267]","[0.007299495432691109,0.007299495432691109]","[0.1002520660455208,0.1002520660455208]","[1.2391107345747543,1.2391107345747543]","[0.01,0.01]","[1.473144022107762,1.473144022107762]","[9935.633081190606,9935.633081190606]","[2.999999994852201,2.999999994852201]","[0.3352857382732157,0.3352857382732157]","[0.49742590029458406,0.49742590029458406]","[CN,CN]","[1495.6178932419064,1495.6178932419064]","[1.1202521928337084,1.1202476571050453]","[2.762482935715086,2.762482935715086]","[3.850743995466376E-6,3.850743995466376E-6]","[0.007446164540479785,0.007446164540479785]","[6424.202284103329,6424.202284103329]","[0.005450101171253037,0.005450101171253037]","[0.21608232139973943,0.21608232139973943]"
78000,78000,0.0051012463347359805,9930.698773368646,6484.144118266706,0.49816391118322156,0.6269266114002049,0.17835287654218235,1.4321846534037008,log-normal,0.006414425527545064,0.007222465927732095,2.7693698820659973,0.3395560655552885,1313.633844954177,1.4733363763565144,3.0,0.009999992998909534,0.10000531876900282,6065.400217706661,3.6052090362579948E-6,1.251180013865867,0.5480778128342138,34.007632245099664,1.1242413521801062,1,77557,"[0.6269266114002049]","[0.5480778128342138]","[log-normal]","[34.007632245099664]","[1.4321846534037008]","[-1135734149515710247]","[6065.400217706661]","[0.007222465927732095]","[0.10000531876900282]","[1.251180013865867]","[0.009999992998909534]","[1.4733363763565144]","[9930.698773368646]","[3.0]","[0.3395560655552885]","[0.49816391118322156]","[CN]","[1313.633844954177]","[1.1242413521801062]","[2.7693698820659973]","[3.6052090362579948E-6]","[0.006414425527545064]","[6484.144118266706]","[0.0051012463347359805]","[0.17835287654218235]"
78000,78000,0.005417077993813015,9920.255205643245,6514.862731508453,0.49657176328409014,0.5789087855954678,0.2889390414574999,1.4297332654383252,log-normal,0.00732032275548644,0.007174685861370756,2.763460149652947,0.3356276945506418,1397.2210953209349,1.473569759919628,3.0,0.009999935368396143,0.1002293297546813,7383.090356680344,3.8888957257112246E-6,1.5914735647192746,0.5243120705890203,34.09760921522029,1.120668960555057,1,76895,"[0.5789087855954678]","[0.5243120705890203]","[log-normal]","[34.09760921522029]","[1.4297332654383252]","[4183089734953298983]","[7383.090356680344]","[0.007174685861370756]","[0.1002293297546813]","[1.5914735647192746]","[0.009999935368396143]","[1.473569759919628]","[9920.255205643245]","[3.0]","[0.3356276945506418]","[0.49657176328409014]","[CN]","[1397.2210953209349]","[1.120668960555057]","[2.763460149652947]","[3.8888957257112246E-6]","[0.00732032275548644]","[6514.862731508453]","[0.005417077993813015]","[0.2889390414574999]"
78000,78000,0.0077141123827695595,9887.717745953543,5423.415616579682,0.4617363364959102,0.35563026511855933,0.10472369070568388,1.3266327549440273,log-normal,0.008415467008680252,0.027580830094795943,2.7714202454949692,0.38361543598292847,2265.024342988364,1.444411537843019,2.9874407218276113,0.009998645448859974,0.10014339556030633,8285.94144214086,4.7534822768060305E-7,1.204619866708319,0.3818294062955072,35.03988591419484,1.0993140205187606,10,74651,"[0.35563026511855933,0.35563026511855933,0.35563026511855933,0.35563026511855933,0.35563026511855933,0.35563026511855933,0.35563026511855933,0.35563026511855933,0.35563026511855933,0.35563026511855933]","[0.3818294062955072,0.3818294062955072,0.3818294062955072,0.3818294062955072,0.3818294062955072,0.3818294062955072,0.3818294062955072,0.3818294062955072,0.3818294062955072,0.3818294062955072]","[log-normal,log-normal,log-normal,log-normal,log-normal,log-normal,log-normal,log-normal,log-normal,log-normal]","[35.04001920444057,35.04018759799195,35.04185269699195,35.038403310843805,35.039071012549456,35.03975262394911,35.04005248204993,35.039220730179515,35.04122204870976,35.038789161288754]","[1.3266327549440273,1.3266327549440273,1.3266327549440273,1.3266327549440273,1.3266327549440273,1.3266327549440273,1.3266327549440273,1.3266327549440273,1.3266327549440273,1.3266327549440273]","[3795656225802713300,-6862544438815462989,3121259442703524343,8022740977672418886,-4053907971967420271,-7627225407764926192,5352086453584231899,-6938711822048561532,-7589249827250212607,6727043343856952747]","[8285.94144214086,8285.94144214086,8285.94144214086,8285.94144214086,8285.94144214086,8285.94144214086,8285.94144214086,8285.94144214086,8285.94144214086,8285.94144214086]","[0.027580830094795943,0.027580830094795943,0.027580830094795943,0.027580830094795943,0.027580830094795943,0.027580830094795943,0.027580830094795943,0.027580830094795943,0.027580830094795943,0.027580830094795943]","[0.10014339556030633,0.10014339556030633,0.10014339556030633,0.10014339556030633,0.10014339556030633,0.10014339556030633,0.10014339556030633,0.10014339556030633,0.10014339556030633,0.10014339556030633]","[1.204619866708319,1.204619866708319,1.204619866708319,1.204619866708319,1.204619866708319,1.204619866708319,1.204619866708319,1.204619866708319,1.204619866708319,1.204619866708319]","[0.009998645448859974,0.009998645448859974,0.009998645448859974,0.009998645448859974,0.009998645448859974,0.009998645448859974,0.009998645448859974,0.009998645448859974,0.009998645448859974,0.009998645448859974]","[1.444411537843019,1.444411537843019,1.444411537843019,1.444411537843019,1.444411537843019,1.444411537843019,1.444411537843019,1.444411537843019,1.444411537843019,1.444411537843019]","[9887.717745953543,9887.717745953543,9887.717745953543,9887.717745953543,9887.717745953543,9887.717745953543,9887.717745953543,9887.717745953543,9887.717745953543,9887.717745953543]","[2.9874407218276113,2.9874407218276113,2.9874407218276113,2.9874407218276113,2.9874407218276113,2.9874407218276113,2.9874407218276113,2.9874407218276113,2.9874407218276113,2.9874407218276113]","[0.38361543598292847,0.38361543598292847,0.38361543598292847,0.38361543598292847,0.38361543598292847,0.38361543598292847,0.38361543598292847,0.38361543598292847,0.38361543598292847,0.38361543598292847]","[0.4617363364959102,0.4617363364959102,0.4617363364959102,0.4617363364959102,0.4617363364959102,0.4617363364959102,0.4617363364959102,0.4617363364959102,0.4617363364959102,0.4617363364959102]","[CN,CN,CN,CN,CN,CN,CN,CN,CN,CN]","[2265.024342988364,2265.024342988364,2265.024342988364,2265.024342988364,2265.024342988364,2265.024342988364,2265.024342988364,2265.024342988364,2265.024342988364,2265.024342988364]","[1.0993142674229919,1.0993283404044956,1.0993375582282106,1.099300556662095,1.0993089356968222,1.0993150158192686,1.0993137736145295,1.099313172792652,1.0993264561685918,1.0993038902027734]","[2.7714202454949692,2.7714202454949692,2.7714202454949692,2.7714202454949692,2.7714202454949692,2.7714202454949692,2.7714202454949692,2.7714202454949692,2.7714202454949692,2.7714202454949692]","[4.7534822768060305E-7,4.7534822768060305E-7,4.7534822768060305E-7,4.7534822768060305E-7,4.7534822768060305E-7,4.7534822768060305E-7,4.7534822768060305E-7,4.7534822768060305E-7,4.7534822768060305E-7,4.7534822768060305E-7]","[0.008415467008680252,0.008415467008680252,0.008415467008680252,0.008415467008680252,0.008415467008680252,0.008415467008680252,0.008415467008680252,0.008415467008680252,0.008415467008680252,0.008415467008680252]","[5423.415616579682,5423.415616579682,5423.415616579682,5423.415616579682,5423.415616579682,5423.415616579682,5423.415616579682,5423.415616579682,5423.415616579682,5423.415616579682]","[0.0077141123827695595,0.0077141123827695595,0.0077141123827695595,0.0077141123827695595,0.0077141123827695595,0.0077141123827695595,0.0077141123827695595,0.0077141123827695595,0.0077141123827695595,0.0077141123827695595]","[0.10472369070568388,0.10472369070568388,0.10472369070568388,0.10472369070568388,0.10472369070568388,0.10472369070568388,0.10472369070568388,0.10472369070568388,0.10472369070568388,0.10472369070568388]"
78000,78000,0.004513687402605847,9774.764066809017,7054.769359916691,0.49936948270388354,0.6758354343365842,0.3340482265990039,1.4458626851682301,normal,0.007034521381136226,0.006695984766398484,2.7630315846846885,0.31531830961427854,1274.9306832679604,1.4621639040845344,2.6357205626724634,0.009999986705429136,0.10000323381140877,5936.59193741126,4.017917055018483E-6,1.1663578185405137,0.5253348652676225,33.89329555833129,1.1317115430172113,2,74691,"[0.6758354343365842,0.6758354343365842]","[0.5253348652676225,0.5253348652676225]","[normal,normal]","[33.893399014793474,33.8931921018691]","[1.4458626851682301,1.4458626851682301]","[-494208691646498807,5688803962588195688]","[5936.59193741126,5936.59193741126]","[0.006695984766398484,0.006695984766398484]","[0.10000323381140877,0.10000323381140877]","[1.1663578185405137,1.1663578185405137]","[0.009999986705429136,0.009999986705429136]","[1.4621639040845344,1.4621639040845344]","[9774.764066809017,9774.764066809017]","[2.6357205626724634,2.6357205626724634]","[0.31531830961427854,0.31531830961427854]","[0.49936948270388354,0.49936948270388354]","[CN,CN]","[1274.9306832679604,1274.9306832679604]","[1.1317120876882494,1.1317109983461733]","[2.7630315846846885,2.7630315846846885]","[4.017917055018483E-6,4.017917055018483E-6]","[0.007034521381136226,0.007034521381136226]","[7054.769359916691,7054.769359916691]","[0.004513687402605847,0.004513687402605847]","[0.3340482265990039,0.3340482265990039]"
78000,78000,0.005148369533441205,9904.550608582756,6362.746128031119,0.4977682597481521,0.57971008035269,0.2605646586331366,1.4277106805849984,normal,0.006753176552443432,0.007403742313663057,2.7632997155584014,0.3409641566710486,1175.048555765382,1.4711268246798588,2.999909902707531,0.00999990800870038,0.1,6022.309431608617,3.754260220002602E-6,1.2466299136499897,0.5269276559405099,34.02278565307718,1.1236763702582941,3,76249,"[0.57971008035269,0.57971008035269,0.57971008035269]","[0.5269276559405099,0.5269276559405099,0.5269276559405099]","[normal,normal,normal]","[34.02303361275409,34.02270813234278,34.02278565307718]","[1.4277106805849984,1.4277106805849984,1.4277106805849984]","[-8689712199380967323,6075796445483201806,1611391592111698951]","[6022.309431608617,6022.309431608617,6022.309431608617]","[0.007403742313663057,0.007403742313663057,0.007403742313663057]","[0.1,0.1,0.1]","[1.2466299136499897,1.2466299136499897,1.2466299136499897]","[0.00999990800870038,0.00999990800870038,0.00999990800870038]","[1.4711268246798588,1.4711268246798588,1.4711268246798588]","[9904.550608582756,9904.550608582756,9904.550608582756]","[2.999909902707531,2.999909902707531,2.999909902707531]","[0.3409641566710486,0.3409641566710486,0.3409641566710486]","[0.4977682597481521,0.4977682597481521,0.4977682597481521]","[CN,CN,CN]","[1175.048555765382,1175.048555765382,1175.048555765382]","[1.123683838313508,1.123673588562816,1.1236763702582941]","[2.7632997155584014,2.7632997155584014,2.7632997155584014]","[3.754260220002602E-6,3.754260220002602E-6,3.754260220002602E-6]","[0.006753176552443432,0.006753176552443432,0.006753176552443432]","[6362.746128031119,6362.746128031119,6362.746128031119]","[0.005148369533441205,0.005148369533441205,0.005148369533441205]","[0.2605646586331366,0.2605646586331366,0.2605646586331366]"
78000,78000,0.007180522435117663,9853.613196478538,5350.206701347506,0.4575093115635492,0.3596016017086239,0.10996190282844584,1.3201308193147832,normal,0.00842654901862585,0.02437627188118279,2.7716956983792844,0.3730835966973467,2181.6513193770306,1.4398425593206539,3.0,0.009998433571074501,0.10005665344054077,8292.105418980907,6.747555085901074E-8,1.213423166950666,0.39838158964853065,34.80463208880082,1.104264897152505,1,77743,"[0.3596016017086239]","[0.39838158964853065]","[normal]","[34.80463208880082]","[1.3201308193147832]","[2650373101348289730]","[8292.105418980907]","[0.02437627188118279]","[0.10005665344054077]","[1.213423166950666]","[0.009998433571074501]","[1.4398425593206539]","[9853.613196478538]","[3.0]","[0.3730835966973467]","[0.4575093115635492]","[CN]","[2181.6513193770306]","[1.104264897152505]","[2.7716956983792844]","[6.747555085901074E-8]","[0.00842654901862585]","[5350.206701347506]","[0.007180522435117663]","[0.10996190282844584]"
78000,78000,0.004201861596829516,9784.597932876768,7125.939259717478,0.4996003027188725,0.45813137017872996,0.3189383708260622,1.4208516084700404,log-normal,0.00691421503095677,0.005509650544112234,2.7696848192165393,0.32857980820583244,611.7137889233123,1.465147464603045,2.631273544480762,0.009989176225252515,0.1000000581739441,5986.72557603965,3.093587219636604E-6,1.1764627418078997,0.5200298544973587,33.80861687000142,1.1362380052656977,4,74833,"[0.45813137017872996,0.45813137017872996,0.45813137017872996,0.45813137017872996]","[0.5200298544973587,0.5200298544973587,0.5200298544973587,0.5200298544973587]","[log-normal,log-normal,log-normal,log-normal]","[33.808482479943095,33.8087795901067,33.80856127265135,33.80867246735149]","[1.4208516084700404,1.4208516084700404,1.4208516084700404,1.4208516084700404]","[-6737649763436659004,-8289244075627971455,-6421452064206688339,771914633054776552]","[5986.72557603965,5986.72557603965,5986.72557603965,5986.72557603965]","[0.005509650544112234,0.005509650544112234,0.005509650544112234,0.005509650544112234]","[0.1000000581739441,0.1000000581739441,0.1000000581739441,0.1000000581739441]","[1.1764627418078997,1.1764627418078997,1.1764627418078997,1.1764627418078997]","[0.009989176225252515,0.009989176225252515,0.009989176225252515,0.009989176225252515]","[1.465147464603045,1.465147464603045,1.465147464603045,1.465147464603045]","[9784.597932876768,9784.597932876768,9784.597932876768,9784.597932876768]","[2.631273544480762,2.631273544480762,2.631273544480762,2.631273544480762]","[0.32857980820583244,0.32857980820583244,0.32857980820583244,0.32857980820583244]","[0.4996003027188725,0.4996003027188725,0.4996003027188725,0.4996003027188725]","[CN,CN,CN,CN]","[611.7137889233123,611.7137889233123,611.7137889233123,611.7137889233123]","[1.1362341009698347,1.1362408416065979,1.1362383847285593,1.1362376258028362]","[2.7696848192165393,2.7696848192165393,2.7696848192165393,2.7696848192165393]","[3.093587219636604E-6,3.093587219636604E-6,3.093587219636604E-6,3.093587219636604E-6]","[0.00691421503095677,0.00691421503095677,0.00691421503095677,0.00691421503095677]","[7125.939259717478,7125.939259717478,7125.939259717478,7125.939259717478]","[0.004201861596829516,0.004201861596829516,0.004201861596829516,0.004201861596829516]","[0.3189383708260622,0.3189383708260622,0.3189383708260622,0.3189383708260622]"
78000,78000,0.007208773604138383,9852.228551270147,5643.606930019279,0.46991723781649575,0.35862719882726024,0.25463247831859415,1.2590065021011527,log-normal,0.008374613512274278,0.024629403790953207,2.7966171850250188,0.37018825237780906,1392.27143518326,1.4408092170601208,3.0,0.009999029875177194,0.10016418134344382,8086.99098484918,0.0,1.2945883538582843,0.3836978564308451,34.83224513270572,1.1028675149859868,1,77891,"[0.35862719882726024]","[0.3836978564308451]","[log-normal]","[34.83224513270572]","[1.2590065021011527]","[3567857672296229879]","[8086.99098484918]","[0.024629403790953207]","[0.10016418134344382]","[1.2945883538582843]","[0.009999029875177194]","[1.4408092170601208]","[9852.228551270147]","[3.0]","[0.37018825237780906]","[0.46991723781649575]","[CN]","[1392.27143518326]","[1.1028675149859868]","[2.7966171850250188]","[0.0]","[0.008374613512274278]","[5643.606930019279]","[0.007208773604138383]","[0.25463247831859415]"
78000,78000,0.006501403302149529,9939.15232662541,6497.853139852962,0.4986060857863018,0.5637929774558497,0.3377693369146799,1.3131431879532678,log-normal,0.006956961348375875,0.01002379575492686,2.7071548244029313,0.3268588181908006,152.41321920397738,1.4976846357702494,2.640107726485113,0.009999762561041224,0.1,5652.21239381238,3.7350897815388698E-6,1.1829141136630754,0.5370724206757951,34.53174214924247,1.1106539695637097,1,77976,"[0.5637929774558497]","[0.5370724206757951]","[log-normal]","[34.53174214924247]","[1.3131431879532678]","[8277289424366297506]","[5652.21239381238]","[0.01002379575492686]","[0.1]","[1.1829141136630754]","[0.009999762561041224]","[1.4976846357702494]","[9939.15232662541]","[2.640107726485113]","[0.3268588181908006]","[0.4986060857863018]","[CN]","[152.41321920397738]","[1.1106539695637097]","[2.7071548244029313]","[3.7350897815388698E-6]","[0.006956961348375875]","[6497.853139852962]","[0.006501403302149529]","[0.3377693369146799]"
78000,78000,0.005558333178580001,9928.736653343152,6439.901727509342,0.4983798752365853,0.5826719320605247,0.2933685047048378,1.4078743641593827,log-normal,0.007268235721059351,0.007426389691126845,2.758714210469148,0.3373975638240241,1480.5724996467695,1.4766082730889332,3.0,0.009999995433188084,0.10006167168414004,5049.925468599313,3.5617381817480936E-6,1.262825373340737,0.5318882399391929,34.13655770698212,1.1190656048826484,2,77192,"[0.5826719320605247,0.5826719320605247]","[0.5318882399391929,0.5318882399391929]","[log-normal,log-normal]","[34.136678658485586,34.13643675547864]","[1.4078743641593827,1.4078743641593827]","[2190129712330341393,9141952207521413578]","[5049.925468599313,5049.925468599313]","[0.007426389691126845,0.007426389691126845]","[0.10006167168414004,0.10006167168414004]","[1.262825373340737,1.262825373340737]","[0.009999995433188084,0.009999995433188084]","[1.4766082730889332,1.4766082730889332]","[9928.736653343152,9928.736653343152]","[3.0,3.0]","[0.3373975638240241,0.3373975638240241]","[0.4983798752365853,0.4983798752365853]","[CN,CN]","[1480.5724996467695,1480.5724996467695]","[1.1190664812741498,1.119064728491147]","[2.758714210469148,2.758714210469148]","[3.5617381817480936E-6,3.5617381817480936E-6]","[0.007268235721059351,0.007268235721059351]","[6439.901727509342,6439.901727509342]","[0.005558333178580001,0.005558333178580001]","[0.2933685047048378,0.2933685047048378]"
78000,78000,0.0057517295324487775,9927.592295728826,6460.044715885841,0.5,0.578874942050765,0.3042923585074063,1.359193871005541,normal,0.007266004405022037,0.007929895342150073,2.7647116007875616,0.33989166757981626,1252.6832802862587,1.4785427736684487,3.0,0.01,0.10039302576744454,5214.619041249747,3.878537464822013E-6,1.2614317935812063,0.5555252281249728,34.193161059672434,1.1171022747346382,1,75865,"[0.578874942050765]","[0.5555252281249728]","[normal]","[34.193161059672434]","[1.359193871005541]","[-45735152774908925]","[5214.619041249747]","[0.007929895342150073]","[0.10039302576744454]","[1.2614317935812063]","[0.01]","[1.4785427736684487]","[9927.592295728826]","[3.0]","[0.33989166757981626]","[0.5]","[CN]","[1252.6832802862587]","[1.1171022747346382]","[2.7647116007875616]","[3.878537464822013E-6]","[0.007266004405022037]","[6460.044715885841]","[0.0057517295324487775]","[0.3042923585074063]"
78000,78000,0.004918671824889526,9922.843549965983,6446.980781135177,0.4990515606112857,0.604379536300307,0.2136883426359595,1.4252752708965148,normal,0.006510514322721943,0.006771382779102628,2.7720081370466487,0.339588451235586,1414.4216164641764,1.469982797802724,3.0,0.009999996015617648,0.10022706217452373,5921.30534117464,1.264832497905416E-5,1.2401091510974285,0.5263157390214134,33.95899111652098,1.1264597893222237,5,75755,"[0.604379536300307,0.604379536300307,0.604379536300307,0.604379536300307,0.604379536300307]","[0.5263157390214134,0.5263157390214134,0.5263157390214134,0.5263157390214134,0.5263157390214134]","[normal,normal,normal,normal,normal]","[33.95887438797422,33.95899111652098,33.95920601864813,33.959183317452386,33.958962733187214]","[1.4252752708965148,1.4252752708965148,1.4252752708965148,1.4252752708965148,1.4252752708965148]","[-5762974963551277078,-8878934541679070497,-8307981709564576500,5791614596608488458,7256911762276742172]","[5921.30534117464,5921.30534117464,5921.30534117464,5921.30534117464,5921.30534117464]","[0.006771382779102628,0.006771382779102628,0.006771382779102628,0.006771382779102628,0.006771382779102628]","[0.10022706217452373,0.10022706217452373,0.10022706217452373,0.10022706217452373,0.10022706217452373]","[1.2401091510974285,1.2401091510974285,1.2401091510974285,1.2401091510974285,1.2401091510974285]","[0.009999996015617648,0.009999996015617648,0.009999996015617648,0.009999996015617648,0.009999996015617648]","[1.469982797802724,1.469982797802724,1.469982797802724,1.469982797802724,1.469982797802724]","[9922.843549965983,9922.843549965983,9922.843549965983,9922.843549965983,9922.843549965983]","[3.0,3.0,3.0,3.0,3.0]","[0.339588451235586,0.339588451235586,0.339588451235586,0.339588451235586,0.339588451235586]","[0.4990515606112857,0.4990515606112857,0.4990515606112857,0.4990515606112857,0.4990515606112857]","[CN,CN,CN,CN,CN]","[1414.4216164641764,1414.4216164641764,1414.4216164641764,1414.4216164641764,1414.4216164641764]","[1.1264560481910768,1.1264584981193304,1.1264597893222237,1.1264630956436223,1.1264605184341383]","[2.7720081370466487,2.7720081370466487,2.7720081370466487,2.7720081370466487,2.7720081370466487]","[1.264832497905416E-5,1.264832497905416E-5,1.264832497905416E-5,1.264832497905416E-5,1.264832497905416E-5]","[0.006510514322721943,0.006510514322721943,0.006510514322721943,0.006510514322721943,0.006510514322721943]","[6446.980781135177,6446.980781135177,6446.980781135177,6446.980781135177,6446.980781135177]","[0.004918671824889526,0.004918671824889526,0.004918671824889526,0.004918671824889526,0.004918671824889526]","[0.2136883426359595,0.2136883426359595,0.2136883426359595,0.2136883426359595,0.2136883426359595]"
78000,78000,0.004947518810345691,9934.675217599975,6317.34163444621,0.49886993872115526,0.6092558451397388,0.25953514359331203,1.4270592089056395,normal,0.00650826569245673,0.00681939609291965,2.7680312498281423,0.3354209434439548,1171.3527275445676,1.4712476469057416,3.0,0.01,0.1002251121783624,5924.033320276513,3.894403587305024E-6,1.258133747393387,0.5409307753148118,33.96686089878838,1.1260965849003997,2,76032,"[0.6092558451397388,0.6092558451397388]","[0.5409307753148118,0.5409307753148118]","[normal,normal]","[33.96688204156202,33.96683975601474]","[1.4270592089056395,1.4270592089056395]","[-7195206086056804468,-8984811022292421229]","[5924.033320276513,5924.033320276513]","[0.00681939609291965,0.00681939609291965]","[0.1002251121783624,0.1002251121783624]","[1.258133747393387,1.258133747393387]","[0.01,0.01]","[1.4712476469057416,1.4712476469057416]","[9934.675217599975,9934.675217599975]","[3.0,3.0]","[0.3354209434439548,0.3354209434439548]","[0.49886993872115526,0.49886993872115526]","[CN,CN]","[1171.3527275445676,1171.3527275445676]","[1.126096599470568,1.1260965703302313]","[2.7680312498281423,2.7680312498281423]","[3.894403587305024E-6,3.894403587305024E-6]","[0.00650826569245673,0.00650826569245673]","[6317.34163444621,6317.34163444621]","[0.004947518810345691,0.004947518810345691]","[0.25953514359331203,0.25953514359331203]"
78000,78000,0.0048837961692614834,9910.425030334178,6444.766736543332,0.4998841255937176,0.5937477466880424,0.20471291047598694,1.4048145942661572,normal,0.006661834619104572,0.006614226397605501,2.7706552219299594,0.3328990220370317,1242.3538988361743,1.469820671740034,3.0,0.009999925820193854,0.10019320288598661,5722.74905709027,3.808170331615827E-6,1.2471799873463478,0.5169320053630422,33.95100555565873,1.1268773866019541,7,72729,"[0.5937477466880424,0.5937477466880424,0.5937477466880424,0.5937477466880424,0.5937477466880424,0.5937477466880424,0.5937477466880424]","[0.5169320053630422,0.5169320053630422,0.5169320053630422,0.5169320053630422,0.5169320053630422,0.5169320053630422,0.5169320053630422]","[normal,normal,normal,normal,normal,normal,normal]","[33.951139300459836,33.95100555565873,33.95088211247112,33.951332158629945,33.951076573717486,33.950866018268684,33.95079786330455]","[1.4048145942661572,1.4048145942661572,1.4048145942661572,1.4048145942661572,1.4048145942661572,1.4048145942661572,1.4048145942661572]","[6071675721202265642,-5523942555357256405,-4717165890340983250,-7902824622892321534,-5950199498736537215,-2403138048345182539,-8193737925717103309]","[5722.74905709027,5722.74905709027,5722.74905709027,5722.74905709027,5722.74905709027,5722.74905709027,5722.74905709027]","[0.006614226397605501,0.006614226397605501,0.006614226397605501,0.006614226397605501,0.006614226397605501,0.006614226397605501,0.006614226397605501]","[0.10019320288598661,0.10019320288598661,0.10019320288598661,0.10019320288598661,0.10019320288598661,0.10019320288598661,0.10019320288598661]","[1.2471799873463478,1.2471799873463478,1.2471799873463478,1.2471799873463478,1.2471799873463478,1.2471799873463478,1.2471799873463478]","[0.009999925820193854,0.009999925820193854,0.009999925820193854,0.009999925820193854,0.009999925820193854,0.009999925820193854,0.009999925820193854]","[1.469820671740034,1.469820671740034,1.469820671740034,1.469820671740034,1.469820671740034,1.469820671740034,1.469820671740034]","[9910.425030334178,9910.425030334178,9910.425030334178,9910.425030334178,9910.425030334178,9910.425030334178,9910.425030334178]","[3.0,3.0,3.0,3.0,3.0,3.0,3.0]","[0.3328990220370317,0.3328990220370317,0.3328990220370317,0.3328990220370317,0.3328990220370317,0.3328990220370317,0.3328990220370317]","[0.4998841255937176,0.4998841255937176,0.4998841255937176,0.4998841255937176,0.4998841255937176,0.4998841255937176,0.4998841255937176]","[CN,CN,CN,CN,CN,CN,CN]","[1242.3538988361743,1242.3538988361743,1242.3538988361743,1242.3538988361743,1242.3538988361743,1242.3538988361743,1242.3538988361743]","[1.126880736440446,1.1268777609456953,1.1268747737043472,1.1268818836620091,1.1268773866019541,1.126874933212807,1.1268718617760864]","[2.7706552219299594,2.7706552219299594,2.7706552219299594,2.7706552219299594,2.7706552219299594,2.7706552219299594,2.7706552219299594]","[3.808170331615827E-6,3.808170331615827E-6,3.808170331615827E-6,3.808170331615827E-6,3.808170331615827E-6,3.808170331615827E-6,3.808170331615827E-6]","[0.006661834619104572,0.006661834619104572,0.006661834619104572,0.006661834619104572,0.006661834619104572,0.006661834619104572,0.006661834619104572]","[6444.766736543332,6444.766736543332,6444.766736543332,6444.766736543332,6444.766736543332,6444.766736543332,6444.766736543332]","[0.0048837961692614834,0.0048837961692614834,0.0048837961692614834,0.0048837961692614834,0.0048837961692614834,0.0048837961692614834,0.0048837961692614834]","[0.20471291047598694,0.20471291047598694,0.20471291047598694,0.20471291047598694,0.20471291047598694,0.20471291047598694,0.20471291047598694]"
78000,78000,0.005216272171627227,9930.370186532757,6461.653824988709,0.4996941780954933,0.5479151331592936,0.2660678140593157,1.4166901001520351,log-normal,0.007433660034917227,0.006621341734861595,2.7675862813530516,0.3295271439255344,1556.4093861309234,1.4738343214727578,3.0,0.00999997824478901,0.10028106203717853,5292.841059526483,3.837282713857395E-6,1.2508661651164001,0.5110059340879957,34.041349947664926,1.122939311957981,1,77443,"[0.5479151331592936]","[0.5110059340879957]","[log-normal]","[34.041349947664926]","[1.4166901001520351]","[-5814906203238533350]","[5292.841059526483]","[0.006621341734861595]","[0.10028106203717853]","[1.2508661651164001]","[0.00999997824478901]","[1.4738343214727578]","[9930.370186532757]","[3.0]","[0.3295271439255344]","[0.4996941780954933]","[CN]","[1556.4093861309234]","[1.122939311957981]","[2.7675862813530516]","[3.837282713857395E-6]","[0.007433660034917227]","[6461.653824988709]","[0.005216272171627227]","[0.2660678140593157]"
78000,78000,0.0051229535442800156,9905.138125354708,6330.750674222214,0.4974756323687789,0.5749147033835439,0.260863300539253,1.4244334990509075,normal,0.00670655481815025,0.007354847966990387,2.77082854866497,0.3415109725674289,1017.9853290449381,1.470655878559131,2.9998686412298734,0.009999974204221636,0.10000043144203413,6123.644574756208,3.771049991787571E-6,1.2469081353359357,0.5197317302036596,34.015186080063174,1.1240123630938306,2,76627,"[0.5749147033835439,0.5749147033835439]","[0.5197317302036596,0.5197317302036596]","[normal,normal]","[34.01519318391907,34.01517897620729]","[1.4244334990509075,1.4244334990509075]","[527996468594665262,1430188099140909274]","[6123.644574756208,6123.644574756208]","[0.007354847966990387,0.007354847966990387]","[0.10000043144203413,0.10000043144203413]","[1.2469081353359357,1.2469081353359357]","[0.009999974204221636,0.009999974204221636]","[1.470655878559131,1.470655878559131]","[9905.138125354708,9905.138125354708]","[2.9998686412298734,2.9998686412298734]","[0.3415109725674289,0.3415109725674289]","[0.4974756323687789,0.4974756323687789]","[CN,CN]","[1017.9853290449381,1017.9853290449381]","[1.1240124902908881,1.1240122358967732]","[2.77082854866497,2.77082854866497]","[3.771049991787571E-6,3.771049991787571E-6]","[0.00670655481815025,0.00670655481815025]","[6330.750674222214,6330.750674222214]","[0.0051229535442800156,0.0051229535442800156]","[0.260863300539253,0.260863300539253]"
78000,78000,0.005268578807035954,9929.886693248409,6460.552403957644,0.4999338585011532,0.548254495032827,0.2650531759797505,1.418605761390042,normal,0.007419118102667938,0.006577407958176555,2.766129466263312,0.3296843404668157,1529.853607859791,1.4741223084916792,3.0,0.009999780233474876,0.10027805514952202,5294.44456764756,3.827766104580722E-6,1.2496676752187983,0.51250234949019,34.053841504966925,1.122289967654459,1,76898,"[0.548254495032827]","[0.51250234949019]","[normal]","[34.053841504966925]","[1.418605761390042]","[544476078526852462]","[5294.44456764756]","[0.006577407958176555]","[0.10027805514952202]","[1.2496676752187983]","[0.009999780233474876]","[1.4741223084916792]","[9929.886693248409]","[3.0]","[0.3296843404668157]","[0.4999338585011532]","[CN]","[1529.853607859791]","[1.122289967654459]","[2.766129466263312]","[3.827766104580722E-6]","[0.007419118102667938]","[6460.552403957644]","[0.005268578807035954]","[0.2650531759797505]"
78000,78000,0.005957289197143965,9928.209639226841,6454.234105481718,0.4990002475315227,0.595129424785528,0.32582579482546564,1.2904086841398366,normal,0.007026766858509064,0.008673325500691375,2.720200676118489,0.32502686113933266,508.93378871531036,1.4926567275269995,2.648374110596029,0.009999739985984551,0.10027568815331245,5980.929308659631,3.721458736698116E-6,1.1572915956100465,0.5246875073647778,34.28647214039938,1.1153618069841071,3,76003,"[0.595129424785528,0.595129424785528,0.595129424785528]","[0.5246875073647778,0.5246875073647778,0.5246875073647778]","[normal,normal,normal]","[34.287204210641804,34.28647214039938,34.28637871226939]","[1.2904086841398366,1.2904086841398366,1.2904086841398366]","[5638302915123571680,-6117243773138109797,-9150406042295567026]","[5980.929308659631,5980.929308659631,5980.929308659631]","[0.008673325500691375,0.008673325500691375,0.008673325500691375]","[0.10027568815331245,0.10027568815331245,0.10027568815331245]","[1.1572915956100465,1.1572915956100465,1.1572915956100465]","[0.009999739985984551,0.009999739985984551,0.009999739985984551]","[1.4926567275269995,1.4926567275269995,1.4926567275269995]","[9928.209639226841,9928.209639226841,9928.209639226841]","[2.648374110596029,2.648374110596029,2.648374110596029]","[0.32502686113933266,0.32502686113933266,0.32502686113933266]","[0.4990002475315227,0.4990002475315227,0.4990002475315227]","[CN,CN,CN]","[508.93378871531036,508.93378871531036,508.93378871531036]","[1.1153671159298555,1.1153618069841071,1.115361027958704]","[2.720200676118489,2.720200676118489,2.720200676118489]","[3.721458736698116E-6,3.721458736698116E-6,3.721458736698116E-6]","[0.007026766858509064,0.007026766858509064,0.007026766858509064]","[6454.234105481718,6454.234105481718,6454.234105481718]","[0.005957289197143965,0.005957289197143965,0.005957289197143965]","[0.32582579482546564,0.32582579482546564,0.32582579482546564]"
78000,78000,0.0038538655586405524,9895.179110798526,7556.344176875943,0.48829299575698143,0.57587100731234,0.8745850182237408,0.8871185952986003,normal,0.008494318340812603,0.008425921140470735,2.8265870000348965,0.44787632991559867,5174.364813450037,1.4088338822719582,3.0,0.009997985496185743,0.10040616304879715,8567.871036807837,5.543357184230047E-6,1.4053316471015604,0.3655379556346896,33.61229512905151,1.143313154663691,1,76479,"[0.57587100731234]","[0.3655379556346896]","[normal]","[33.61229512905151]","[0.8871185952986003]","[9222695820646640544]","[8567.871036807837]","[0.008425921140470735]","[0.10040616304879715]","[1.4053316471015604]","[0.009997985496185743]","[1.4088338822719582]","[9895.179110798526]","[3.0]","[0.44787632991559867]","[0.48829299575698143]","[CN]","[5174.364813450037]","[1.143313154663691]","[2.8265870000348965]","[5.543357184230047E-6]","[0.008494318340812603]","[7556.344176875943]","[0.0038538655586405524]","[0.8745850182237408]"
78000,78000,0.0038816858333160045,9897.702047411565,7577.309743302997,0.49122620818077956,0.7426540207949306,0.7075574358980283,1.1770242042104342,log-normal,0.008196360823141442,0.0080725787257127,2.8545657748388256,0.4074350125975984,5186.4125231359285,1.4076895217032162,2.9999999513468834,0.009999104646335064,0.10002270498359317,8975.81300272696,1.0291888820839933E-7,1.4199290843116488,0.3141698315280249,33.78742424465124,1.1403964819795278,1,77036,"[0.7426540207949306]","[0.3141698315280249]","[log-normal]","[33.78742424465124]","[1.1770242042104342]","[2023492607872627734]","[8975.81300272696]","[0.0080725787257127]","[0.10002270498359317]","[1.4199290843116488]","[0.009999104646335064]","[1.4076895217032162]","[9897.702047411565]","[2.9999999513468834]","[0.4074350125975984]","[0.49122620818077956]","[CN]","[5186.4125231359285]","[1.1403964819795278]","[2.8545657748388256]","[1.0291888820839933E-7]","[0.008196360823141442]","[7577.309743302997]","[0.0038816858333160045]","[0.7075574358980283]"
78000,78000,0.0059187067809751345,9916.156937552738,6563.881669138341,0.4986545827356974,0.6048380618021431,0.3333770364275272,1.3011114654618352,log-normal,0.006953375941095329,0.008365709855821938,2.719721845199183,0.32548274767929974,690.9886454254338,1.4925980789744613,2.644972771102604,0.009999846435997793,0.10002556901358604,5922.211612696425,3.7209556468198155E-6,1.1765785583939494,0.5264228056338762,34.28362026453197,1.1157874720189482,1,77822,"[0.6048380618021431]","[0.5264228056338762]","[log-normal]","[34.28362026453197]","[1.3011114654618352]","[8348360580888488170]","[5922.211612696425]","[0.008365709855821938]","[0.10002556901358604]","[1.1765785583939494]","[0.009999846435997793]","[1.4925980789744613]","[9916.156937552738]","[2.644972771102604]","[0.32548274767929974]","[0.4986545827356974]","[CN]","[690.9886454254338]","[1.1157874720189482]","[2.719721845199183]","[3.7209556468198155E-6]","[0.006953375941095329]","[6563.881669138341]","[0.0059187067809751345]","[0.3333770364275272]"
78000,78000,0.0042938598186861385,9783.09503942256,7202.68435196543,0.49811579643555626,0.6491960943957131,0.3028891493905866,1.4362744662496283,log-normal,0.006927352079950227,0.005677696080953103,2.7622230744120686,0.30405932812758013,1154.496846368813,1.4673971930313998,2.637349049746763,0.009998984371540743,0.10000285976735497,5712.929103904838,3.2575495386089215E-6,1.1947962384158717,0.5328713240902105,33.82944238187268,1.1345921737486204,2,77176,"[0.6491960943957131,0.6491960943957131]","[0.5328713240902105,0.5328713240902105]","[log-normal,log-normal]","[33.82926459699031,33.82962016675505]","[1.4362744662496283,1.4362744662496283]","[2489167409272812298,6041469591447401159]","[5712.929103904838,5712.929103904838]","[0.005677696080953103,0.005677696080953103]","[0.10000285976735497,0.10000285976735497]","[1.1947962384158717,1.1947962384158717]","[0.009998984371540743,0.009998984371540743]","[1.4673971930313998,1.4673971930313998]","[9783.09503942256,9783.09503942256]","[2.637349049746763,2.637349049746763]","[0.30405932812758013,0.30405932812758013]","[0.49811579643555626,0.49811579643555626]","[CN,CN]","[1154.496846368813,1154.496846368813]","[1.1345889982949176,1.134595349202323]","[2.7622230744120686,2.7622230744120686]","[3.2575495386089215E-6,3.2575495386089215E-6]","[0.006927352079950227,0.006927352079950227]","[7202.68435196543,7202.68435196543]","[0.0042938598186861385,0.0042938598186861385]","[0.3028891493905866,0.3028891493905866]"
78000,78000,0.008947484689093869,9920.023837184932,4541.193241297335,0.469374561741947,0.15802577768924594,0.21374473697762938,1.3564238363959635,log-normal,0.007698562780001996,0.043387876634299334,2.743247793022113,0.37645315999224427,2063.270109467555,1.4491308611005065,2.9998567860636647,0.009998875170916141,0.10000405781758881,8262.300449119717,1.7125610223563857E-7,1.2518458687000404,0.4261727202787301,35.374188701736635,1.090477295874588,1,77653,"[0.15802577768924594]","[0.4261727202787301]","[log-normal]","[35.374188701736635]","[1.3564238363959635]","[-5405589200630488072]","[8262.300449119717]","[0.043387876634299334]","[0.10000405781758881]","[1.2518458687000404]","[0.009998875170916141]","[1.4491308611005065]","[9920.023837184932]","[2.9998567860636647]","[0.37645315999224427]","[0.469374561741947]","[CN]","[2063.270109467555]","[1.090477295874588]","[2.743247793022113]","[1.7125610223563857E-7]","[0.007698562780001996]","[4541.193241297335]","[0.008947484689093869]","[0.21374473697762938]"
78000,78000,0.0036355195225531677,9928.011770928977,7342.125674383148,0.48817401921198805,0.6183283055127862,0.8994676137240194,0.781917294671791,log-normal,0.008704398241379542,0.008281510861899303,2.8336807769700534,0.44684384670512767,5558.476603404665,1.4075314661777083,2.999938626664471,0.009998725536554252,0.10040512622614098,8569.41316539531,5.402363193581709E-6,1.3696808819903277,0.4376866723252123,33.4753932571722,1.1466372951341561,4,74967,"[0.6183283055127862,0.6183283055127862,0.6183283055127862,0.6183283055127862]","[0.4376866723252123,0.4376866723252123,0.4376866723252123,0.4376866723252123]","[log-normal,log-normal,log-normal,log-normal]","[33.47540846300087,33.475302231962054,33.47565861466571,33.47537805134354]","[0.781917294671791,0.781917294671791,0.781917294671791,0.781917294671791]","[-5431099447740366904,8106545753519617550,7804320353707386110,-8921469163946672419]","[8569.41316539531,8569.41316539531,8569.41316539531,8569.41316539531]","[0.008281510861899303,0.008281510861899303,0.008281510861899303,0.008281510861899303]","[0.10040512622614098,0.10040512622614098,0.10040512622614098,0.10040512622614098]","[1.3696808819903277,1.3696808819903277,1.3696808819903277,1.3696808819903277]","[0.009998725536554252,0.009998725536554252,0.009998725536554252,0.009998725536554252]","[1.4075314661777083,1.4075314661777083,1.4075314661777083,1.4075314661777083]","[9928.011770928977,9928.011770928977,9928.011770928977,9928.011770928977]","[2.999938626664471,2.999938626664471,2.999938626664471,2.999938626664471]","[0.44684384670512767,0.44684384670512767,0.44684384670512767,0.44684384670512767]","[0.48817401921198805,0.48817401921198805,0.48817401921198805,0.48817401921198805]","[CN,CN,CN,CN]","[5558.476603404665,5558.476603404665,5558.476603404665,5558.476603404665]","[1.146637394478454,1.1466369843338813,1.1466401780907307,1.1466371957898582]","[2.8336807769700534,2.8336807769700534,2.8336807769700534,2.8336807769700534]","[5.402363193581709E-6,5.402363193581709E-6,5.402363193581709E-6,5.402363193581709E-6]","[0.008704398241379542,0.008704398241379542,0.008704398241379542,0.008704398241379542]","[7342.125674383148,7342.125674383148,7342.125674383148,7342.125674383148]","[0.0036355195225531677,0.0036355195225531677,0.0036355195225531677,0.0036355195225531677]","[0.8994676137240194,0.8994676137240194,0.8994676137240194,0.8994676137240194]"
78000,78000,0.005070764996036381,9931.33087549472,6393.737921759125,0.4988877380551437,0.5844650015603551,0.2463190328541903,1.424964300492701,log-normal,0.006647273971526917,0.006930174546024248,2.760454775033902,0.34476134205396947,1082.0906840502282,1.4722719553345782,3.0,0.009999958271113397,0.10000791254235239,6227.51742079294,3.7074867276360543E-6,1.235872306978578,0.5191292785298424,33.99825621014838,1.1246604873170991,10,64060,"[0.5844650015603551,0.5844650015603551,0.5844650015603551,0.5844650015603551,0.5844650015603551,0.5844650015603551,0.5844650015603551,0.5844650015603551,0.5844650015603551,0.5844650015603551]","[0.5191292785298424,0.5191292785298424,0.5191292785298424,0.5191292785298424,0.5191292785298424,0.5191292785298424,0.5191292785298424,0.5191292785298424,0.5191292785298424,0.5191292785298424]","[log-normal,log-normal,log-normal,log-normal,log-normal,log-normal,log-normal,log-normal,log-normal,log-normal]","[33.99831013908755,33.997732519869665,33.99792697732404,33.99810770670698,33.99826774506318,33.998302539741836,33.9980734456262,33.998651869682554,33.99824467523357,33.99861080371655]","[1.424964300492701,1.424964300492701,1.424964300492701,1.424964300492701,1.424964300492701,1.424964300492701,1.424964300492701,1.424964300492701,1.424964300492701,1.424964300492701]","[-5049684007201310256,-6708581830505235900,-5777749263284314002,-6484708746026390153,1878198231557733186,1823320259485656063,4983716109362488496,4048640641524886244,-365650934400615036,9082941031227653787]","[6227.51742079294,6227.51742079294,6227.51742079294,6227.51742079294,6227.51742079294,6227.51742079294,6227.51742079294,6227.51742079294,6227.51742079294,6227.51742079294]","[0.006930174546024248,0.006930174546024248,0.006930174546024248,0.006930174546024248,0.006930174546024248,0.006930174546024248,0.006930174546024248,0.006930174546024248,0.006930174546024248,0.006930174546024248]","[0.10000791254235239,0.10000791254235239,0.10000791254235239,0.10000791254235239,0.10000791254235239,0.10000791254235239,0.10000791254235239,0.10000791254235239,0.10000791254235239,0.10000791254235239]","[1.235872306978578,1.235872306978578,1.235872306978578,1.235872306978578,1.235872306978578,1.235872306978578,1.235872306978578,1.235872306978578,1.235872306978578,1.235872306978578]","[0.009999958271113397,0.009999958271113397,0.009999958271113397,0.009999958271113397,0.009999958271113397,0.009999958271113397,0.009999958271113397,0.009999958271113397,0.009999958271113397,0.009999958271113397]","[1.4722719553345782,1.4722719553345782,1.4722719553345782,1.4722719553345782,1.4722719553345782,1.4722719553345782,1.4722719553345782,1.4722719553345782,1.4722719553345782,1.4722719553345782]","[9931.33087549472,9931.33087549472,9931.33087549472,9931.33087549472,9931.33087549472,9931.33087549472,9931.33087549472,9931.33087549472,9931.33087549472,9931.33087549472]","[3.0,3.0,3.0,3.0,3.0,3.0,3.0,3.0,3.0,3.0]","[0.34476134205396947,0.34476134205396947,0.34476134205396947,0.34476134205396947,0.34476134205396947,0.34476134205396947,0.34476134205396947,0.34476134205396947,0.34476134205396947,0.34476134205396947]","[0.4988877380551437,0.4988877380551437,0.4988877380551437,0.4988877380551437,0.4988877380551437,0.4988877380551437,0.4988877380551437,0.4988877380551437,0.4988877380551437,0.4988877380551437]","[CN,CN,CN,CN,CN,CN,CN,CN,CN,CN]","[1082.0906840502282,1082.0906840502282,1082.0906840502282,1082.0906840502282,1082.0906840502282,1082.0906840502282,1082.0906840502282,1082.0906840502282,1082.0906840502282,1082.0906840502282]","[1.124660330048848,1.1246536919963501,1.1246571880234577,1.1246592182356951,1.1246649692809167,1.1246624081337167,1.124657645456273,1.124661195744323,1.12466064458535,1.1246687925295666]","[2.760454775033902,2.760454775033902,2.760454775033902,2.760454775033902,2.760454775033902,2.760454775033902,2.760454775033902,2.760454775033902,2.760454775033902,2.760454775033902]","[3.7074867276360543E-6,3.7074867276360543E-6,3.7074867276360543E-6,3.7074867276360543E-6,3.7074867276360543E-6,3.7074867276360543E-6,3.7074867276360543E-6,3.7074867276360543E-6,3.7074867276360543E-6,3.7074867276360543E-6]","[0.006647273971526917,0.006647273971526917,0.006647273971526917,0.006647273971526917,0.006647273971526917,0.006647273971526917,0.006647273971526917,0.006647273971526917,0.006647273971526917,0.006647273971526917]","[6393.737921759125,6393.737921759125,6393.737921759125,6393.737921759125,6393.737921759125,6393.737921759125,6393.737921759125,6393.737921759125,6393.737921759125,6393.737921759125]","[0.005070764996036381,0.005070764996036381,0.005070764996036381,0.005070764996036381,0.005070764996036381,0.005070764996036381,0.005070764996036381,0.005070764996036381,0.005070764996036381,0.005070764996036381]","[0.2463190328541903,0.2463190328541903,0.2463190328541903,0.2463190328541903,0.2463190328541903,0.2463190328541903,0.2463190328541903,0.2463190328541903,0.2463190328541903,0.2463190328541903]"
78000,78000,0.005313314354595378,9920.064604622852,6580.56737501063,0.498055397311818,0.537156178635231,0.25162911352171236,1.4135359996969994,log-normal,0.007422212046269384,0.006700776588272635,2.7658593118313655,0.329013283772002,1482.0410004840721,1.4755055151348835,3.0,0.009999868531596968,0.10023154654204916,5202.065762767996,4.116705180450798E-6,1.255335258431121,0.5135288608497296,34.06551373118338,1.1217759983412905,1,75754,"[0.537156178635231]","[0.5135288608497296]","[log-normal]","[34.06551373118338]","[1.4135359996969994]","[-5087904729396775911]","[5202.065762767996]","[0.006700776588272635]","[0.10023154654204916]","[1.255335258431121]","[0.009999868531596968]","[1.4755055151348835]","[9920.064604622852]","[3.0]","[0.329013283772002]","[0.498055397311818]","[CN]","[1482.0410004840721]","[1.1217759983412905]","[2.7658593118313655]","[4.116705180450798E-6]","[0.007422212046269384]","[6580.56737501063]","[0.005313314354595378]","[0.25162911352171236]"
78000,78000,0.006755240366529635,9930.196288984895,6393.351599777061,0.4999997513221846,0.558673205270212,0.35978128183271385,1.3185269318867094,log-normal,0.00688591203344103,0.010509867166422316,2.7032001053318298,0.33020138346083755,283.86024502681545,1.4999895918513835,2.6357751557764613,0.009999398672178098,0.10000003382350703,5922.792492603316,3.0082773251869955E-6,1.1832242357606357,0.49253517736278385,34.65634557628252,1.1090039690375564,10,69785,"[0.558673205270212,0.558673205270212,0.558673205270212,0.558673205270212,0.558673205270212,0.558673205270212,0.558673205270212,0.558673205270212,0.558673205270212,0.558673205270212]","[0.49253517736278385,0.49253517736278385,0.49253517736278385,0.49253517736278385,0.49253517736278385,0.49253517736278385,0.49253517736278385,0.49253517736278385,0.49253517736278385,0.49253517736278385]","[log-normal,log-normal,log-normal,log-normal,log-normal,log-normal,log-normal,log-normal,log-normal,log-normal]","[34.656302524396715,34.658349587777614,34.65864979729256,34.65638862816833,34.65615691186651,34.6568479842736,34.65602738301712,34.65567054155086,34.65598047750049,34.65738010947249]","[1.3185269318867094,1.3185269318867094,1.3185269318867094,1.3185269318867094,1.3185269318867094,1.3185269318867094,1.3185269318867094,1.3185269318867094,1.3185269318867094,1.3185269318867094]","[8053507745515233531,-4809762125788713298,-8723389777765276120,-1479366978885918428,943458050557312451,-1691415849857484722,4286112237255975925,1007505167175611668,1183479328255075429,5857181996374715362]","[5922.792492603316,5922.792492603316,5922.792492603316,5922.792492603316,5922.792492603316,5922.792492603316,5922.792492603316,5922.792492603316,5922.792492603316,5922.792492603316]","[0.010509867166422316,0.010509867166422316,0.010509867166422316,0.010509867166422316,0.010509867166422316,0.010509867166422316,0.010509867166422316,0.010509867166422316,0.010509867166422316,0.010509867166422316]","[0.10000003382350703,0.10000003382350703,0.10000003382350703,0.10000003382350703,0.10000003382350703,0.10000003382350703,0.10000003382350703,0.10000003382350703,0.10000003382350703,0.10000003382350703]","[1.1832242357606357,1.1832242357606357,1.1832242357606357,1.1832242357606357,1.1832242357606357,1.1832242357606357,1.1832242357606357,1.1832242357606357,1.1832242357606357,1.1832242357606357]","[0.009999398672178098,0.009999398672178098,0.009999398672178098,0.009999398672178098,0.009999398672178098,0.009999398672178098,0.009999398672178098,0.009999398672178098,0.009999398672178098,0.009999398672178098]","[1.4999895918513835,1.4999895918513835,1.4999895918513835,1.4999895918513835,1.4999895918513835,1.4999895918513835,1.4999895918513835,1.4999895918513835,1.4999895918513835,1.4999895918513835]","[9930.196288984895,9930.196288984895,9930.196288984895,9930.196288984895,9930.196288984895,9930.196288984895,9930.196288984895,9930.196288984895,9930.196288984895,9930.196288984895]","[2.6357751557764613,2.6357751557764613,2.6357751557764613,2.6357751557764613,2.6357751557764613,2.6357751557764613,2.6357751557764613,2.6357751557764613,2.6357751557764613,2.6357751557764613]","[0.33020138346083755,0.33020138346083755,0.33020138346083755,0.33020138346083755,0.33020138346083755,0.33020138346083755,0.33020138346083755,0.33020138346083755,0.33020138346083755,0.33020138346083755]","[0.4999997513221846,0.4999997513221846,0.4999997513221846,0.4999997513221846,0.4999997513221846,0.4999997513221846,0.4999997513221846,0.4999997513221846,0.4999997513221846,0.4999997513221846]","[CN,CN,CN,CN,CN,CN,CN,CN,CN,CN]","[283.86024502681545,283.86024502681545,283.86024502681545,283.86024502681545,283.86024502681545,283.86024502681545,283.86024502681545,283.86024502681545,283.86024502681545,283.86024502681545]","[1.1090049877396382,1.1090178150961474,1.1090261101334549,1.1090026179760089,1.1090029503354746,1.1090100602082478,1.1090016850626585,1.1089973577289336,1.1090025935773347,1.1090099956921464]","[2.7032001053318298,2.7032001053318298,2.7032001053318298,2.7032001053318298,2.7032001053318298,2.7032001053318298,2.7032001053318298,2.7032001053318298,2.7032001053318298,2.7032001053318298]","[3.0082773251869955E-6,3.0082773251869955E-6,3.0082773251869955E-6,3.0082773251869955E-6,3.0082773251869955E-6,3.0082773251869955E-6,3.0082773251869955E-6,3.0082773251869955E-6,3.0082773251869955E-6,3.0082773251869955E-6]","[0.00688591203344103,0.00688591203344103,0.00688591203344103,0.00688591203344103,0.00688591203344103,0.00688591203344103,0.00688591203344103,0.00688591203344103,0.00688591203344103,0.00688591203344103]","[6393.351599777061,6393.351599777061,6393.351599777061,6393.351599777061,6393.351599777061,6393.351599777061,6393.351599777061,6393.351599777061,6393.351599777061,6393.351599777061]","[0.006755240366529635,0.006755240366529635,0.006755240366529635,0.006755240366529635,0.006755240366529635,0.006755240366529635,0.006755240366529635,0.006755240366529635,0.006755240366529635,0.006755240366529635]","[0.35978128183271385,0.35978128183271385,0.35978128183271385,0.35978128183271385,0.35978128183271385,0.35978128183271385,0.35978128183271385,0.35978128183271385,0.35978128183271385,0.35978128183271385]"
78000,78000,0.004601082666341275,9795.207320067802,7015.0847622965,0.49753733760934493,0.6479803023788283,0.30041321367673113,1.4367386215119706,normal,0.006891764011206575,0.0069567153881535245,2.759593417387522,0.3239973812657242,1112.3891286450964,1.4658668896229583,2.6289890649981675,0.009999999405723799,0.1,5744.226802466944,3.9975924973361195E-6,1.1600739910027458,0.515749665269011,33.92011182880762,1.1307116465679423,1,77407,"[0.6479803023788283]","[0.515749665269011]","[normal]","[33.92011182880762]","[1.4367386215119706]","[-5983950642443688456]","[5744.226802466944]","[0.0069567153881535245]","[0.1]","[1.1600739910027458]","[0.009999999405723799]","[1.4658668896229583]","[9795.207320067802]","[2.6289890649981675]","[0.3239973812657242]","[0.49753733760934493]","[CN]","[1112.3891286450964]","[1.1307116465679423]","[2.759593417387522]","[3.9975924973361195E-6]","[0.006891764011206575]","[7015.0847622965]","[0.004601082666341275]","[0.30041321367673113]"
78000,78000,0.0041683502289446344,9776.965188940072,7133.39318735553,0.49970017348045065,0.4608826139270661,0.3193706832716218,1.4554377454610834,normal,0.006926646639535204,0.005493438959793788,2.7704452575823297,0.32775374755144604,787.7121026537301,1.4654995483778501,2.6344959847714655,0.009988684671152027,0.1000004386209683,5868.857262775244,3.046953236870326E-6,1.1809177963644495,0.5141852838780239,33.80068445853526,1.1366837082238084,4,73610,"[0.4608826139270661,0.4608826139270661,0.4608826139270661,0.4608826139270661]","[0.5141852838780239,0.5141852838780239,0.5141852838780239,0.5141852838780239]","[normal,normal,normal,normal]","[33.80060569719093,33.80076321987959,33.80046712914063,33.80087174921454]","[1.4554377454610834,1.4554377454610834,1.4554377454610834,1.4554377454610834]","[-8964685856232150682,-1684655791368968133,4233291526286831341,1637357062546554705]","[5868.857262775244,5868.857262775244,5868.857262775244,5868.857262775244]","[0.005493438959793788,0.005493438959793788,0.005493438959793788,0.005493438959793788]","[0.1000004386209683,0.1000004386209683,0.1000004386209683,0.1000004386209683]","[1.1809177963644495,1.1809177963644495,1.1809177963644495,1.1809177963644495]","[0.009988684671152027,0.009988684671152027,0.009988684671152027,0.009988684671152027]","[1.4654995483778501,1.4654995483778501,1.4654995483778501,1.4654995483778501]","[9776.965188940072,9776.965188940072,9776.965188940072,9776.965188940072]","[2.6344959847714655,2.6344959847714655,2.6344959847714655,2.6344959847714655]","[0.32775374755144604,0.32775374755144604,0.32775374755144604,0.32775374755144604]","[0.49970017348045065,0.49970017348045065,0.49970017348045065,0.49970017348045065]","[CN,CN,CN,CN]","[787.7121026537301,787.7121026537301,787.7121026537301,787.7121026537301]","[1.136683003999829,1.1366844124477877,1.1366809020878765,1.13668919991509]","[2.7704452575823297,2.7704452575823297,2.7704452575823297,2.7704452575823297]","[3.046953236870326E-6,3.046953236870326E-6,3.046953236870326E-6,3.046953236870326E-6]","[0.006926646639535204,0.006926646639535204,0.006926646639535204,0.006926646639535204]","[7133.39318735553,7133.39318735553,7133.39318735553,7133.39318735553]","[0.0041683502289446344,0.0041683502289446344,0.0041683502289446344,0.0041683502289446344]","[0.3193706832716218,0.3193706832716218,0.3193706832716218,0.3193706832716218]"
78000,78000,0.0070216344441712385,9883.371189221705,5264.236596304754,0.4632312279194317,0.327175068354011,0.07704853826117972,1.2995141192263242,log-normal,0.008401713438044139,0.024644816009606264,2.771770692760805,0.37728833446513055,2113.4556885129923,1.4358696055269011,2.999656100041652,0.009998722384926224,0.10005057966689149,7043.330431280013,0.0,1.201999155259728,0.38101283168396727,34.7495144850012,1.1056811491164904,1,75972,"[0.327175068354011]","[0.38101283168396727]","[log-normal]","[34.7495144850012]","[1.2995141192263242]","[-3445955548660207423]","[7043.330431280013]","[0.024644816009606264]","[0.10005057966689149]","[1.201999155259728]","[0.009998722384926224]","[1.4358696055269011]","[9883.371189221705]","[2.999656100041652]","[0.37728833446513055]","[0.4632312279194317]","[CN]","[2113.4556885129923]","[1.1056811491164904]","[2.771770692760805]","[0.0]","[0.008401713438044139]","[5264.236596304754]","[0.0070216344441712385]","[0.07704853826117972]"
78000,78000,0.004456635156523807,9778.717902385833,7043.874631063241,0.4993511169521831,0.6766196367501268,0.33347401306398977,1.448295641778831,normal,0.007036405175473537,0.006733905911696721,2.761870420258338,0.31539807667824216,1264.0295052103086,1.4622739955103994,2.636198169982546,0.01,0.10000170802903902,5936.463942884433,4.063911120679903E-6,1.1661727514901792,0.5253188603136428,33.87330848677811,1.132434652488245,3,68554,"[0.6766196367501268,0.6766196367501268,0.6766196367501268]","[0.5253188603136428,0.5253188603136428,0.5253188603136428]","[normal,normal,normal]","[33.873301703228236,33.87330848677811,33.873401921487165]","[1.448295641778831,1.448295641778831,1.448295641778831]","[8908392403225538576,4358855567260345957,-1964964229093953924]","[5936.463942884433,5936.463942884433,5936.463942884433]","[0.006733905911696721,0.006733905911696721,0.006733905911696721]","[0.10000170802903902,0.10000170802903902,0.10000170802903902]","[1.1661727514901792,1.1661727514901792,1.1661727514901792]","[0.01,0.01,0.01]","[1.4622739955103994,1.4622739955103994,1.4622739955103994]","[9778.717902385833,9778.717902385833,9778.717902385833]","[2.636198169982546,2.636198169982546,2.636198169982546]","[0.31539807667824216,0.31539807667824216,0.31539807667824216]","[0.4993511169521831,0.4993511169521831,0.4993511169521831]","[CN,CN,CN]","[1264.0295052103086,1264.0295052103086,1264.0295052103086]","[1.132434652488245,1.1324341514340042,1.1324355053627098]","[2.761870420258338,2.761870420258338,2.761870420258338]","[4.063911120679903E-6,4.063911120679903E-6,4.063911120679903E-6]","[0.007036405175473537,0.007036405175473537,0.007036405175473537]","[7043.874631063241,7043.874631063241,7043.874631063241]","[0.004456635156523807,0.004456635156523807,0.004456635156523807]","[0.33347401306398977,0.33347401306398977,0.33347401306398977]"
78000,78000,0.0036426807420701568,9997.185718503488,7402.183155391597,0.4892356230004851,0.6100974180126124,0.8239010801322049,0.7,log-normal,0.008738866566626,0.008284882895989876,2.831258699009498,0.44638754828798977,4712.091786127311,1.4097373538888334,2.9999992279871552,0.009999356034588739,0.10033551022865224,8422.897941929063,5.315662206794119E-6,1.3564131072187648,0.42617544094330584,33.463550431247306,1.1474043808815706,1,77933,"[0.6100974180126124]","[0.42617544094330584]","[log-normal]","[33.463550431247306]","[0.7]","[-889491089518630367]","[8422.897941929063]","[0.008284882895989876]","[0.10033551022865224]","[1.3564131072187648]","[0.009999356034588739]","[1.4097373538888334]","[9997.185718503488]","[2.9999992279871552]","[0.44638754828798977]","[0.4892356230004851]","[CN]","[4712.091786127311]","[1.1474043808815706]","[2.831258699009498]","[5.315662206794119E-6]","[0.008738866566626]","[7402.183155391597]","[0.0036426807420701568]","[0.8239010801322049]"
78000,78000,0.005244950554993897,9930.34854449191,6461.813172241292,0.49969289953658497,0.5489805330291901,0.2676801716584991,1.4173013974343587,normal,0.007429285364657994,0.0066358385569232755,2.7661083964350484,0.3294561528303255,1566.4581671154363,1.4740880567423393,3.0,0.00999997835044191,0.10028109660420206,5288.600411693212,3.840865726885783E-6,1.252126338099676,0.5106934514312882,34.04700751988391,1.1225817263839657,10,67306,"[0.5489805330291901,0.5489805330291901,0.5489805330291901,0.5489805330291901,0.5489805330291901,0.5489805330291901,0.5489805330291901,0.5489805330291901,0.5489805330291901,0.5489805330291901]","[0.5106934514312882,0.5106934514312882,0.5106934514312882,0.5106934514312882,0.5106934514312882,0.5106934514312882,0.5106934514312882,0.5106934514312882,0.5106934514312882,0.5106934514312882]","[normal,normal,normal,normal,normal,normal,normal,normal,normal,normal]","[34.04717606939736,34.04693295676357,34.047048846773016,34.04697811161358,34.04700388730093,34.04716247744527,34.0470415638572,34.046985889500036,34.04689487785684,34.047011152466894]","[1.4173013974343587,1.4173013974343587,1.4173013974343587,1.4173013974343587,1.4173013974343587,1.4173013974343587,1.4173013974343587,1.4173013974343587,1.4173013974343587,1.4173013974343587]","[-6926105154155747800,1704599594914901301,-6993341921484708108,-3108895512870948662,-7942693400042704170,4203680018830157159,-6395555141176040979,3002759858343010548,-1642330004827705483,2971503440249940133]","[5288.600411693212,5288.600411693212,5288.600411693212,5288.600411693212,5288.600411693212,5288.600411693212,5288.600411693212,5288.600411693212,5288.600411693212,5288.600411693212]","[0.0066358385569232755,0.0066358385569232755,0.0066358385569232755,0.0066358385569232755,0.0066358385569232755,0.0066358385569232755,0.0066358385569232755,0.0066358385569232755,0.0066358385569232755,0.0066358385569232755]","[0.10028109660420206,0.10028109660420206,0.10028109660420206,0.10028109660420206,0.10028109660420206,0.10028109660420206,0.10028109660420206,0.10028109660420206,0.10028109660420206,0.10028109660420206]","[1.252126338099676,1.252126338099676,1.252126338099676,1.252126338099676,1.252126338099676,1.252126338099676,1.252126338099676,1.252126338099676,1.252126338099676,1.252126338099676]","[0.00999997835044191,0.00999997835044191,0.00999997835044191,0.00999997835044191,0.00999997835044191,0.00999997835044191,0.00999997835044191,0.00999997835044191,0.00999997835044191,0.00999997835044191]","[1.4740880567423393,1.4740880567423393,1.4740880567423393,1.4740880567423393,1.4740880567423393,1.4740880567423393,1.4740880567423393,1.4740880567423393,1.4740880567423393,1.4740880567423393]","[9930.34854449191,9930.34854449191,9930.34854449191,9930.34854449191,9930.34854449191,9930.34854449191,9930.34854449191,9930.34854449191,9930.34854449191,9930.34854449191]","[3.0,3.0,3.0,3.0,3.0,3.0,3.0,3.0,3.0,3.0]","[0.3294561528303255,0.3294561528303255,0.3294561528303255,0.3294561528303255,0.3294561528303255,0.3294561528303255,0.3294561528303255,0.3294561528303255,0.3294561528303255,0.3294561528303255]","[0.49969289953658497,0.49969289953658497,0.49969289953658497,0.49969289953658497,0.49969289953658497,0.49969289953658497,0.49969289953658497,0.49969289953658497,0.49969289953658497,0.49969289953658497]","[CN,CN,CN,CN,CN,CN,CN,CN,CN,CN]","[1566.4581671154363,1566.4581671154363,1566.4581671154363,1566.4581671154363,1566.4581671154363,1566.4581671154363,1566.4581671154363,1566.4581671154363,1566.4581671154363,1566.4581671154363]","[1.122585500510526,1.1225813881700413,1.1225820868327743,1.1225796008670903,1.1225805579323127,1.1225851910901297,1.122582814989342,1.1225816271504472,1.1225798185695155,1.1225818256174842]","[2.7661083964350484,2.7661083964350484,2.7661083964350484,2.7661083964350484,2.7661083964350484,2.7661083964350484,2.7661083964350484,2.7661083964350484,2.7661083964350484,2.7661083964350484]","[3.840865726885783E-6,3.840865726885783E-6,3.840865726885783E-6,3.840865726885783E-6,3.840865726885783E-6,3.840865726885783E-6,3.840865726885783E-6,3.840865726885783E-6,3.840865726885783E-6,3.840865726885783E-6]","[0.007429285364657994,0.007429285364657994,0.007429285364657994,0.007429285364657994,0.007429285364657994,0.007429285364657994,0.007429285364657994,0.007429285364657994,0.007429285364657994,0.007429285364657994]","[6461.813172241292,6461.813172241292,6461.813172241292,6461.813172241292,6461.813172241292,6461.813172241292,6461.813172241292,6461.813172241292,6461.813172241292,6461.813172241292]","[0.005244950554993897,0.005244950554993897,0.005244950554993897,0.005244950554993897,0.005244950554993897,0.005244950554993897,0.005244950554993897,0.005244950554993897,0.005244950554993897,0.005244950554993897]","[0.2676801716584991,0.2676801716584991,0.2676801716584991,0.2676801716584991,0.2676801716584991,0.2676801716584991,0.2676801716584991,0.2676801716584991,0.2676801716584991,0.2676801716584991]"
78000,78000,0.005346437261265423,10000.0,6549.249910502989,0.49826908082505617,0.5389077384071116,0.2496298006651563,1.4171481533253347,normal,0.007483981933317122,0.0068526716251217,2.7656516506998514,0.32867439004590904,1452.675078542406,1.475037327090615,2.9999998223227533,0.009999981902465888,0.10025040258219384,5049.166566049957,4.1874048303831866E-6,1.2531428000639342,0.5142469981859258,34.07635839976787,1.1213986599641999,3,75505,"[0.5389077384071116,0.5389077384071116,0.5389077384071116]","[0.5142469981859258,0.5142469981859258,0.5142469981859258]","[normal,normal,normal]","[34.07628443312223,34.07635839976787,34.076442967508086]","[1.4171481533253347,1.4171481533253347,1.4171481533253347]","[-7517471407659974768,7988902135554240582,2573177691113778340]","[5049.166566049957,5049.166566049957,5049.166566049957]","[0.0068526716251217,0.0068526716251217,0.0068526716251217]","[0.10025040258219384,0.10025040258219384,0.10025040258219384]","[1.2531428000639342,1.2531428000639342,1.2531428000639342]","[0.009999981902465888,0.009999981902465888,0.009999981902465888]","[1.475037327090615,1.475037327090615,1.475037327090615]","[10000.0,10000.0,10000.0]","[2.9999998223227533,2.9999998223227533,2.9999998223227533]","[0.32867439004590904,0.32867439004590904,0.32867439004590904]","[0.49826908082505617,0.49826908082505617,0.49826908082505617]","[CN,CN,CN]","[1452.675078542406,1452.675078542406,1452.675078542406]","[1.1213986599641999,1.1213980854084606,1.1214024992784049]","[2.7656516506998514,2.7656516506998514,2.7656516506998514]","[4.1874048303831866E-6,4.1874048303831866E-6,4.1874048303831866E-6]","[0.007483981933317122,0.007483981933317122,0.007483981933317122]","[6549.249910502989,6549.249910502989,6549.249910502989]","[0.005346437261265423,0.005346437261265423,0.005346437261265423]","[0.2496298006651563,0.2496298006651563,0.2496298006651563]"
78000,78000,0.005355680152018285,9999.325412370406,6534.114593224127,0.49833573365673156,0.5373681426365299,0.24593714840369962,1.4202699281049276,normal,0.007494847498809334,0.006845180338315424,2.7663958177954546,0.3287329969452022,1471.9482101764718,1.4749906943785953,3.0,0.01,0.10024744717616049,5034.033191769542,4.2007697453780735E-6,1.2540626266216144,0.5142548273887771,34.07798415346766,1.1212814209152862,1,77869,"[0.5373681426365299]","[0.5142548273887771]","[normal]","[34.07798415346766]","[1.4202699281049276]","[1160800074693213390]","[5034.033191769542]","[0.006845180338315424]","[0.10024744717616049]","[1.2540626266216144]","[0.01]","[1.4749906943785953]","[9999.325412370406]","[3.0]","[0.3287329969452022]","[0.49833573365673156]","[CN]","[1471.9482101764718]","[1.1212814209152862]","[2.7663958177954546]","[4.2007697453780735E-6]","[0.007494847498809334]","[6534.114593224127]","[0.005355680152018285]","[0.24593714840369962]"
78000,78000,0.0067124951591360235,9880.15538060587,5318.53089948407,0.4753890820393865,0.3827747077120318,0.10459465099050624,1.2921558817862686,log-normal,0.008283099290989826,0.023806354288423585,2.7759166560685986,0.3811503947344661,1861.2269741923728,1.4307224137220187,2.998828002321324,0.009998828193561815,0.10003964432192373,8117.1139358635755,1.7529251362057058E-7,1.2689146985062034,0.36774876936980994,34.65219263519824,1.1085739449479182,1,76865,"[0.3827747077120318]","[0.36774876936980994]","[log-normal]","[34.65219263519824]","[1.2921558817862686]","[-4431793919194144464]","[8117.1139358635755]","[0.023806354288423585]","[0.10003964432192373]","[1.2689146985062034]","[0.009998828193561815]","[1.4307224137220187]","[9880.15538060587]","[2.998828002321324]","[0.3811503947344661]","[0.4753890820393865]","[CN]","[1861.2269741923728]","[1.1085739449479182]","[2.7759166560685986]","[1.7529251362057058E-7]","[0.008283099290989826]","[5318.53089948407]","[0.0067124951591360235]","[0.10459465099050624]"
78000,78000,0.00777390458310854,9890.364924410367,5441.738485362116,0.4623696688208547,0.3575570955041476,0.10894946226273133,1.3268807558603213,log-normal,0.00854135860935786,0.027850668053252772,2.769620988576967,0.3829809906730164,2349.072326372151,1.4445881868002073,2.9999992232137584,0.009998634187888869,0.10028590220554168,8306.119888164487,7.194809084676444E-7,1.2038675447904323,0.3811127879655829,35.01212934343715,1.0998290518934652,1,77788,"[0.3575570955041476]","[0.3811127879655829]","[log-normal]","[35.01212934343715]","[1.3268807558603213]","[8569423684059064056]","[8306.119888164487]","[0.027850668053252772]","[0.10028590220554168]","[1.2038675447904323]","[0.009998634187888869]","[1.4445881868002073]","[9890.364924410367]","[2.9999992232137584]","[0.3829809906730164]","[0.4623696688208547]","[CN]","[2349.072326372151]","[1.0998290518934652]","[2.769620988576967]","[7.194809084676444E-7]","[0.00854135860935786]","[5441.738485362116]","[0.00777390458310854]","[0.10894946226273133]"
78000,78000,0.004231400297816144,9776.571585332551,7234.210047630834,0.49948752830485627,0.46414155299886306,0.3071047888510167,1.4501630363291937,log-normal,0.0068605383495372275,0.005784187964490684,2.770452396328962,0.3298806608008453,754.4273639639451,1.4655537529437044,2.633203404382162,0.009987441586047035,0.10000130419246529,5688.307271188725,2.9965871280400936E-6,1.1798367763878164,0.5203975941976752,33.81690775781628,1.1358697509198115,1,77747,"[0.46414155299886306]","[0.5203975941976752]","[log-normal]","[33.81690775781628]","[1.4501630363291937]","[4404883577053970056]","[5688.307271188725]","[0.005784187964490684]","[0.10000130419246529]","[1.1798367763878164]","[0.009987441586047035]","[1.4655537529437044]","[9776.571585332551]","[2.633203404382162]","[0.3298806608008453]","[0.49948752830485627]","[CN]","[754.4273639639451]","[1.1358697509198115]","[2.770452396328962]","[2.9965871280400936E-6]","[0.0068605383495372275]","[7234.210047630834]","[0.004231400297816144]","[0.3071047888510167]"
78000,78000,0.0036103954697186587,9916.008427649938,7318.633509154813,0.48960622020327665,0.6175322233844466,0.9,0.7818994623454417,log-normal,0.008700378573779153,0.008362881898143127,2.8356889103529173,0.4474641118107373,5467.302582300482,1.4096907526518527,2.9999168921871195,0.009998422026870069,0.10038109739661026,8416.783207571592,5.215903000280868E-6,1.371045604786632,0.4382648353058801,33.45417738242673,1.1481327373921646,1,76511,"[0.6175322233844466]","[0.4382648353058801]","[log-normal]","[33.45417738242673]","[0.7818994623454417]","[7763018479670524224]","[8416.783207571592]","[0.008362881898143127]","[0.10038109739661026]","[1.371045604786632]","[0.009998422026870069]","[1.4096907526518527]","[9916.008427649938]","[2.9999168921871195]","[0.4474641118107373]","[0.48960622020327665]","[CN]","[5467.302582300482]","[1.1481327373921646]","[2.8356889103529173]","[5.215903000280868E-6]","[0.008700378573779153]","[7318.633509154813]","[0.0036103954697186587]","[0.9]"
78000,78000,0.008502026914635467,9999.605083581966,5015.283678052891,0.45398872130644496,0.1523322955743915,0.2041864847225776,1.2917836831092866,log-normal,0.0076660577277916754,0.03753672502921265,2.738538835186405,0.37627300821677556,1362.0359289797784,1.4482884974301384,2.9514904656379435,0.009998204100240412,0.10013867561118811,8976.044682970443,0.0,1.259360508144038,0.44212980826881265,35.42233250026047,1.0940207634925612,10,70591,"[0.1523322955743915,0.1523322955743915,0.1523322955743915,0.1523322955743915,0.1523322955743915,0.1523322955743915,0.1523322955743915,0.1523322955743915,0.1523322955743915,0.1523322955743915]","[0.44212980826881265,0.44212980826881265,0.44212980826881265,0.44212980826881265,0.44212980826881265,0.44212980826881265,0.44212980826881265,0.44212980826881265,0.44212980826881265,0.44212980826881265]","[log-normal,log-normal,log-normal,log-normal,log-normal,log-normal,log-normal,log-normal,log-normal,log-normal]","[35.422005368395276,35.42194519922439,35.42327427580165,35.422633333919535,35.42411265074157,35.42326506016531,35.423964372303786,35.4219938103922,35.421859281226396,35.42203166660139]","[1.2917836831092866,1.2917836831092866,1.2917836831092866,1.2917836831092866,1.2917836831092866,1.2917836831092866,1.2917836831092866,1.2917836831092866,1.2917836831092866,1.2917836831092866]","[5170036304422167669,8428695551650783985,-2182482563958736500,-4063696117925088694,5543480928918368325,2925877028891061490,1398682186439942704,-3426151737076613412,7099951027125380590,-629995489577408413]","[8976.044682970443,8976.044682970443,8976.044682970443,8976.044682970443,8976.044682970443,8976.044682970443,8976.044682970443,8976.044682970443,8976.044682970443,8976.044682970443]","[0.03753672502921265,0.03753672502921265,0.03753672502921265,0.03753672502921265,0.03753672502921265,0.03753672502921265,0.03753672502921265,0.03753672502921265,0.03753672502921265,0.03753672502921265]","[0.10013867561118811,0.10013867561118811,0.10013867561118811,0.10013867561118811,0.10013867561118811,0.10013867561118811,0.10013867561118811,0.10013867561118811,0.10013867561118811,0.10013867561118811]","[1.259360508144038,1.259360508144038,1.259360508144038,1.259360508144038,1.259360508144038,1.259360508144038,1.259360508144038,1.259360508144038,1.259360508144038,1.259360508144038]","[0.009998204100240412,0.009998204100240412,0.009998204100240412,0.009998204100240412,0.009998204100240412,0.009998204100240412,0.009998204100240412,0.009998204100240412,0.009998204100240412,0.009998204100240412]","[1.4482884974301384,1.4482884974301384,1.4482884974301384,1.4482884974301384,1.4482884974301384,1.4482884974301384,1.4482884974301384,1.4482884974301384,1.4482884974301384,1.4482884974301384]","[9999.605083581966,9999.605083581966,9999.605083581966,9999.605083581966,9999.605083581966,9999.605083581966,9999.605083581966,9999.605083581966,9999.605083581966,9999.605083581966]","[2.9514904656379435,2.9514904656379435,2.9514904656379435,2.9514904656379435,2.9514904656379435,2.9514904656379435,2.9514904656379435,2.9514904656379435,2.9514904656379435,2.9514904656379435]","[0.37627300821677556,0.37627300821677556,0.37627300821677556,0.37627300821677556,0.37627300821677556,0.37627300821677556,0.37627300821677556,0.37627300821677556,0.37627300821677556,0.37627300821677556]","[0.45398872130644496,0.45398872130644496,0.45398872130644496,0.45398872130644496,0.45398872130644496,0.45398872130644496,0.45398872130644496,0.45398872130644496,0.45398872130644496,0.45398872130644496]","[CN,CN,CN,CN,CN,CN,CN,CN,CN,CN]","[1362.0359289797784,1362.0359289797784,1362.0359289797784,1362.0359289797784,1362.0359289797784,1362.0359289797784,1362.0359289797784,1362.0359289797784,1362.0359289797784,1362.0359289797784]","[1.0940141894974265,1.0940156425569336,1.094041032676603,1.0940255304578088,1.0940312678915523,1.0940498234762912,1.0940495171472058,1.0940159965273137,1.0940116088514484,1.0940117475734523]","[2.738538835186405,2.738538835186405,2.738538835186405,2.738538835186405,2.738538835186405,2.738538835186405,2.738538835186405,2.738538835186405,2.738538835186405,2.738538835186405]","[0.0,0.0,0.0,0.0,0.0,0.0,0.0,0.0,0.0,0.0]","[0.0076660577277916754,0.0076660577277916754,0.0076660577277916754,0.0076660577277916754,0.0076660577277916754,0.0076660577277916754,0.0076660577277916754,0.0076660577277916754,0.0076660577277916754,0.0076660577277916754]","[5015.283678052891,5015.283678052891,5015.283678052891,5015.283678052891,5015.283678052891,5015.283678052891,5015.283678052891,5015.283678052891,5015.283678052891,5015.283678052891]","[0.008502026914635467,0.008502026914635467,0.008502026914635467,0.008502026914635467,0.008502026914635467,0.008502026914635467,0.008502026914635467,0.008502026914635467,0.008502026914635467,0.008502026914635467]","[0.2041864847225776,0.2041864847225776,0.2041864847225776,0.2041864847225776,0.2041864847225776,0.2041864847225776,0.2041864847225776,0.2041864847225776,0.2041864847225776,0.2041864847225776]"
78000,78000,0.009454543183478457,9941.473826975805,4330.05975762017,0.46922261510430374,0.14042953492608273,0.245864725513336,1.3555625775144566,log-normal,0.007439892789562038,0.05,2.7457746559826544,0.369413621500325,3634.0376787897967,1.4527041274784018,2.9669781150992725,0.009987834924893763,0.10000266335465352,8356.955341784464,2.0519862733374655E-7,1.2404234155024267,0.4318009716066439,35.63811070157853,1.0879702592683265,1,77904,"[0.14042953492608273]","[0.4318009716066439]","[log-normal]","[35.63811070157853]","[1.3555625775144566]","[-2673759630143691463]","[8356.955341784464]","[0.05]","[0.10000266335465352]","[1.2404234155024267]","[0.009987834924893763]","[1.4527041274784018]","[9941.473826975805]","[2.9669781150992725]","[0.369413621500325]","[0.46922261510430374]","[CN]","[3634.0376787897967]","[1.0879702592683265]","[2.7457746559826544]","[2.0519862733374655E-7]","[0.007439892789562038]","[4330.05975762017]","[0.009454543183478457]","[0.245864725513336]"
78000,78000,0.00443506255453313,9731.960595575942,7090.41228710909,0.4992939031020036,0.6594125452859491,0.3069466448816444,1.4450216205190696,log-normal,0.007041647341310535,0.006776972752623586,2.7624667650921917,0.31517881142866505,1122.7809156431658,1.4598539386939557,2.636548432733471,0.009999993572798084,0.10000000113061253,5931.701688866037,4.082241030174917E-6,1.173516436833859,0.5230174243616864,33.86768342584488,1.1327248840464064,2,72936,"[0.6594125452859491,0.6594125452859491]","[0.5230174243616864,0.5230174243616864]","[log-normal,log-normal]","[33.86758560348721,33.867781248202554]","[1.4450216205190696,1.4450216205190696]","[5615656587153533933,-7713572770883016799]","[5931.701688866037,5931.701688866037]","[0.006776972752623586,0.006776972752623586]","[0.10000000113061253,0.10000000113061253]","[1.173516436833859,1.173516436833859]","[0.009999993572798084,0.009999993572798084]","[1.4598539386939557,1.4598539386939557]","[9731.960595575942,9731.960595575942]","[2.636548432733471,2.636548432733471]","[0.31517881142866505,0.31517881142866505]","[0.4992939031020036,0.4992939031020036]","[CN,CN]","[1122.7809156431658,1122.7809156431658]","[1.132723446354133,1.1327263217386796]","[2.7624667650921917,2.7624667650921917]","[4.082241030174917E-6,4.082241030174917E-6]","[0.007041647341310535,0.007041647341310535]","[7090.41228710909,7090.41228710909]","[0.00443506255453313,0.00443506255453313]","[0.3069466448816444,0.3069466448816444]"
78000,78000,0.0043318401312076385,9781.797778438104,7238.484489894303,0.49937609378756487,0.6509671448781582,0.2942513362405014,1.4378840844793208,log-normal,0.0069612424498568986,0.005843890320174727,2.762315016884443,0.3042188917141392,1149.8519483077441,1.4668113713062545,2.6358378993443643,0.009998985885018345,0.1,5850.742710785409,3.3552363055653754E-6,1.1947966696929715,0.5334127876994189,33.84032051861094,1.134090317738269,2,75971,"[0.6509671448781582,0.6509671448781582]","[0.5334127876994189,0.5334127876994189]","[log-normal,log-normal]","[33.84039034314102,33.84025069408085]","[1.4378840844793208,1.4378840844793208]","[-8201598885441867008,-655800530662786292]","[5850.742710785409,5850.742710785409]","[0.005843890320174727,0.005843890320174727]","[0.1,0.1]","[1.1947966696929715,1.1947966696929715]","[0.009998985885018345,0.009998985885018345]","[1.4668113713062545,1.4668113713062545]","[9781.797778438104,9781.797778438104]","[2.6358378993443643,2.6358378993443643]","[0.3042188917141392,0.3042188917141392]","[0.49937609378756487,0.49937609378756487]","[CN,CN]","[1149.8519483077441,1149.8519483077441]","[1.134091632873183,1.1340890026033554]","[2.762315016884443,2.762315016884443]","[3.3552363055653754E-6,3.3552363055653754E-6]","[0.0069612424498568986,0.0069612424498568986]","[7238.484489894303,7238.484489894303]","[0.0043318401312076385,0.0043318401312076385]","[0.2942513362405014,0.2942513362405014]"
78000,78000,0.004858732544138062,9910.778819401887,6457.965698530829,0.4995325080963082,0.5799261619440503,0.20475540162941872,1.4041620055494812,normal,0.0066544164415402885,0.006448576149977193,2.7706602349971434,0.33260658990116965,1254.610856664437,1.4695566991399858,2.999999999999999,0.009999946690155836,0.10019582939034623,5870.495205871383,3.7865159531125828E-6,1.2475315599049184,0.5161264388996204,33.943363523580956,1.1271728211481025,10,67616,"[0.5799261619440503,0.5799261619440503,0.5799261619440503,0.5799261619440503,0.5799261619440503,0.5799261619440503,0.5799261619440503,0.5799261619440503,0.5799261619440503,0.5799261619440503]","[0.5161264388996204,0.5161264388996204,0.5161264388996204,0.5161264388996204,0.5161264388996204,0.5161264388996204,0.5161264388996204,0.5161264388996204,0.5161264388996204,0.5161264388996204]","[normal,normal,normal,normal,normal,normal,normal,normal,normal,normal]","[33.943367260061635,33.94350755720664,33.94304055493004,33.943359787100285,33.943266479300945,33.94329806843889,33.943531821814794,33.943704242715015,33.94339737863745,33.943315248611185]","[1.4041620055494812,1.4041620055494812,1.4041620055494812,1.4041620055494812,1.4041620055494812,1.4041620055494812,1.4041620055494812,1.4041620055494812,1.4041620055494812,1.4041620055494812]","[982180802771314464,2059223116777812315,-5406356254264921020,6536686179984732677,-4953031689942703829,2517403209365519253,-4680566731631858074,-3928167378781472699,-2825613899195063638,285500757304669128]","[5870.495205871383,5870.495205871383,5870.495205871383,5870.495205871383,5870.495205871383,5870.495205871383,5870.495205871383,5870.495205871383,5870.495205871383,5870.495205871383]","[0.006448576149977193,0.006448576149977193,0.006448576149977193,0.006448576149977193,0.006448576149977193,0.006448576149977193,0.006448576149977193,0.006448576149977193,0.006448576149977193,0.006448576149977193]","[0.10019582939034623,0.10019582939034623,0.10019582939034623,0.10019582939034623,0.10019582939034623,0.10019582939034623,0.10019582939034623,0.10019582939034623,0.10019582939034623,0.10019582939034623]","[1.2475315599049184,1.2475315599049184,1.2475315599049184,1.2475315599049184,1.2475315599049184,1.2475315599049184,1.2475315599049184,1.2475315599049184,1.2475315599049184,1.2475315599049184]","[0.009999946690155836,0.009999946690155836,0.009999946690155836,0.009999946690155836,0.009999946690155836,0.009999946690155836,0.009999946690155836,0.009999946690155836,0.009999946690155836,0.009999946690155836]","[1.4695566991399858,1.4695566991399858,1.4695566991399858,1.4695566991399858,1.4695566991399858,1.4695566991399858,1.4695566991399858,1.4695566991399858,1.4695566991399858,1.4695566991399858]","[9910.778819401887,9910.778819401887,9910.778819401887,9910.778819401887,9910.778819401887,9910.778819401887,9910.778819401887,9910.778819401887,9910.778819401887,9910.778819401887]","[2.999999999999999,2.999999999999999,2.999999999999999,2.999999999999999,2.999999999999999,2.999999999999999,2.999999999999999,2.999999999999999,2.999999999999999,2.999999999999999]","[0.33260658990116965,0.33260658990116965,0.33260658990116965,0.33260658990116965,0.33260658990116965,0.33260658990116965,0.33260658990116965,0.33260658990116965,0.33260658990116965,0.33260658990116965]","[0.4995325080963082,0.4995325080963082,0.4995325080963082,0.4995325080963082,0.4995325080963082,0.4995325080963082,0.4995325080963082,0.4995325080963082,0.4995325080963082,0.4995325080963082]","[CN,CN,CN,CN,CN,CN,CN,CN,CN,CN]","[1254.610856664437,1254.610856664437,1254.610856664437,1254.610856664437,1254.610856664437,1254.610856664437,1254.610856664437,1254.610856664437,1254.610856664437,1254.610856664437]","[1.1271723526227762,1.1271740517558133,1.1271694758834172,1.1271729858391561,1.1271715584705486,1.1271728031624324,1.1271728391337725,1.1271813032508338,1.1271753769272537,1.127172050708977]","[2.7706602349971434,2.7706602349971434,2.7706602349971434,2.7706602349971434,2.7706602349971434,2.7706602349971434,2.7706602349971434,2.7706602349971434,2.7706602349971434,2.7706602349971434]","[3.7865159531125828E-6,3.7865159531125828E-6,3.7865159531125828E-6,3.7865159531125828E-6,3.7865159531125828E-6,3.7865159531125828E-6,3.7865159531125828E-6,3.7865159531125828E-6,3.7865159531125828E-6,3.7865159531125828E-6]","[0.0066544164415402885,0.0066544164415402885,0.0066544164415402885,0.0066544164415402885,0.0066544164415402885,0.0066544164415402885,0.0066544164415402885,0.0066544164415402885,0.0066544164415402885,0.0066544164415402885]","[6457.965698530829,6457.965698530829,6457.965698530829,6457.965698530829,6457.965698530829,6457.965698530829,6457.965698530829,6457.965698530829,6457.965698530829,6457.965698530829]","[0.004858732544138062,0.004858732544138062,0.004858732544138062,0.004858732544138062,0.004858732544138062,0.004858732544138062,0.004858732544138062,0.004858732544138062,0.004858732544138062,0.004858732544138062]","[0.20475540162941872,0.20475540162941872,0.20475540162941872,0.20475540162941872,0.20475540162941872,0.20475540162941872,0.20475540162941872,0.20475540162941872,0.20475540162941872,0.20475540162941872]"
78000,78000,0.004316245154270002,9782.18967479547,7173.023334843442,0.4993362016476014,0.6525505894865056,0.2968339109122357,1.4361751290596794,normal,0.006961200320986963,0.005779899871324607,2.765220657775213,0.30534128903528773,1173.8312456540293,1.4642462233340037,2.636510954239764,0.01,0.10005861627386328,5858.895353431393,3.3550327660971125E-6,1.1973724206381429,0.5337471097350861,33.84010477719073,1.1343152976304556,1,77375,"[0.6525505894865056]","[0.5337471097350861]","[normal]","[33.84010477719073]","[1.4361751290596794]","[-597001183979376367]","[5858.895353431393]","[0.005779899871324607]","[0.10005861627386328]","[1.1973724206381429]","[0.01]","[1.4642462233340037]","[9782.18967479547]","[2.636510954239764]","[0.30534128903528773]","[0.4993362016476014]","[CN]","[1173.8312456540293]","[1.1343152976304556]","[2.765220657775213]","[3.3550327660971125E-6]","[0.006961200320986963]","[7173.023334843442]","[0.004316245154270002]","[0.2968339109122357]"
78000,78000,0.004392569565597564,9773.079051600269,7063.326567436282,0.4995923515982402,0.6627246448291093,0.3104033416222287,1.4427244665972208,log-normal,0.007041413373799219,0.006421183569198295,2.7625762504368283,0.3142855346050949,1103.7712270306654,1.4605981281541927,2.635588379833332,0.009999969310305102,0.1,5895.555564400134,4.35290437582212E-6,1.1744591026667792,0.5316673462280054,33.859817875308764,1.1333151731829931,1,77146,"[0.6627246448291093]","[0.5316673462280054]","[log-normal]","[33.859817875308764]","[1.4427244665972208]","[32539413615994208]","[5895.555564400134]","[0.006421183569198295]","[0.1]","[1.1744591026667792]","[0.009999969310305102]","[1.4605981281541927]","[9773.079051600269]","[2.635588379833332]","[0.3142855346050949]","[0.4995923515982402]","[CN]","[1103.7712270306654]","[1.1333151731829931]","[2.7625762504368283]","[4.35290437582212E-6]","[0.007041413373799219]","[7063.326567436282]","[0.004392569565597564]","[0.3104033416222287]"
78000,78000,0.004636087993455999,9788.975954451378,7003.005488318107,0.497322293582554,0.6336918883289089,0.2553525225641172,1.4443842933996454,normal,0.006885417500652989,0.007111544174204978,2.75930866995074,0.3196490455310137,1003.6334471819054,1.466089154066121,2.6362971885253317,0.00999999778066865,0.10000193633167313,5898.782291559233,4.161123509402873E-6,1.163417207304807,0.5180975736772161,33.92547664508603,1.1301067375004705,1,77318,"[0.6336918883289089]","[0.5180975736772161]","[normal]","[33.92547664508603]","[1.4443842933996454]","[4221655424702508286]","[5898.782291559233]","[0.007111544174204978]","[0.10000193633167313]","[1.163417207304807]","[0.00999999778066865]","[1.466089154066121]","[9788.975954451378]","[2.6362971885253317]","[0.3196490455310137]","[0.497322293582554]","[CN]","[1003.6334471819054]","[1.1301067375004705]","[2.75930866995074]","[4.161123509402873E-6]","[0.006885417500652989]","[7003.005488318107]","[0.004636087993455999]","[0.2553525225641172]"
78000,78000,0.008984474262886913,9922.60206820812,4527.539736479228,0.46930804896755635,0.15757041047309478,0.21492241450360974,1.3566056314972155,normal,0.0076902201792689254,0.044071629933100445,2.742648449502839,0.3767260722325486,2074.1061669860806,1.449158043716308,3.0,0.009998622600107955,0.10000395013196853,8242.519226509774,2.539230500926004E-7,1.2527244133981008,0.42590322040166273,35.38499071323916,1.0902302808280708,1,76225,"[0.15757041047309478]","[0.42590322040166273]","[normal]","[35.38499071323916]","[1.3566056314972155]","[3735596345842629703]","[8242.519226509774]","[0.044071629933100445]","[0.10000395013196853]","[1.2527244133981008]","[0.009998622600107955]","[1.449158043716308]","[9922.60206820812]","[3.0]","[0.3767260722325486]","[0.46930804896755635]","[CN]","[2074.1061669860806]","[1.0902302808280708]","[2.742648449502839]","[2.539230500926004E-7]","[0.0076902201792689254]","[4527.539736479228]","[0.008984474262886913]","[0.21492241450360974]"
78000,78000,0.0046537256398180675,9789.050536514635,6977.705119181089,0.49790191179567983,0.6378847686982897,0.26457706842397044,1.445440518881295,log-normal,0.006870139927994622,0.007157671536952091,2.759161741968963,0.31950147514039906,977.3512629083634,1.4662537310926886,2.6369836290882227,0.009999999798672186,0.1,5801.634927681117,4.097965681124733E-6,1.1643651224534262,0.5211235196131151,33.930524825824264,1.129872097971774,2,76716,"[0.6378847686982897,0.6378847686982897]","[0.5211235196131151,0.5211235196131151]","[log-normal,log-normal]","[33.9304736817542,33.93057596989433]","[1.445440518881295,1.445440518881295]","[-7555186115693777176,9058746604094320976]","[5801.634927681117,5801.634927681117]","[0.007157671536952091,0.007157671536952091]","[0.1,0.1]","[1.1643651224534262,1.1643651224534262]","[0.009999999798672186,0.009999999798672186]","[1.4662537310926886,1.4662537310926886]","[9789.050536514635,9789.050536514635]","[2.6369836290882227,2.6369836290882227]","[0.31950147514039906,0.31950147514039906]","[0.49790191179567983,0.49790191179567983]","[CN,CN]","[977.3512629083634,977.3512629083634]","[1.129870745450939,1.1298734504926093]","[2.759161741968963,2.759161741968963]","[4.097965681124733E-6,4.097965681124733E-6]","[0.006870139927994622,0.006870139927994622]","[6977.705119181089,6977.705119181089]","[0.0046537256398180675,0.0046537256398180675]","[0.26457706842397044,0.26457706842397044]"
78000,78000,0.004813268697837152,9933.737089955142,6457.633534390649,0.49963852880693455,0.5907190553393494,0.2116534703955198,1.4035324498602364,log-normal,0.006710588970805021,0.00615591195627106,2.7706872423344198,0.33738187927753305,1253.500623950642,1.4697656305356357,2.9999999999999996,0.009999952223948392,0.10018392636240298,5873.832693750329,3.817235562587511E-6,1.247677755964561,0.5148766364846218,33.9350139337764,1.1278536038837887,4,74541,"[0.5907190553393494,0.5907190553393494,0.5907190553393494,0.5907190553393494]","[0.5148766364846218,0.5148766364846218,0.5148766364846218,0.5148766364846218]","[log-normal,log-normal,log-normal,log-normal]","[33.93497567526625,33.93495193730732,33.93515326175944,33.93505219228655]","[1.4035324498602364,1.4035324498602364,1.4035324498602364,1.4035324498602364]","[-900197947994443697,133470391867210434,2882110755734643900,-3629659840752913192]","[5873.832693750329,5873.832693750329,5873.832693750329,5873.832693750329]","[0.00615591195627106,0.00615591195627106,0.00615591195627106,0.00615591195627106]","[0.10018392636240298,0.10018392636240298,0.10018392636240298,0.10018392636240298]","[1.247677755964561,1.247677755964561,1.247677755964561,1.247677755964561]","[0.009999952223948392,0.009999952223948392,0.009999952223948392,0.009999952223948392]","[1.4697656305356357,1.4697656305356357,1.4697656305356357,1.4697656305356357]","[9933.737089955142,9933.737089955142,9933.737089955142,9933.737089955142]","[2.9999999999999996,2.9999999999999996,2.9999999999999996,2.9999999999999996]","[0.33738187927753305,0.33738187927753305,0.33738187927753305,0.33738187927753305]","[0.49963852880693455,0.49963852880693455,0.49963852880693455,0.49963852880693455]","[CN,CN,CN,CN]","[1253.500623950642,1253.500623950642,1253.500623950642,1253.500623950642]","[1.127855720317144,1.1278535442557942,1.127853663511783,1.1278534234489856]","[2.7706872423344198,2.7706872423344198,2.7706872423344198,2.7706872423344198]","[3.817235562587511E-6,3.817235562587511E-6,3.817235562587511E-6,3.817235562587511E-6]","[0.006710588970805021,0.006710588970805021,0.006710588970805021,0.006710588970805021]","[6457.633534390649,6457.633534390649,6457.633534390649,6457.633534390649]","[0.004813268697837152,0.004813268697837152,0.004813268697837152,0.004813268697837152]","[0.2116534703955198,0.2116534703955198,0.2116534703955198,0.2116534703955198]"
78000,78000,0.0042706051891910415,9776.246102333009,7182.102780830095,0.49762187727812085,0.6500879468975719,0.29455975536021906,1.4620891089568029,normal,0.006946263204426273,0.005890633216108889,2.7684565995091175,0.324670756017157,548.2395047465455,1.4632818854864011,2.6339703357478768,0.009988985652328143,0.10001009036974118,6074.489157763468,3.4073321522409336E-6,1.1755656145824835,0.5212687413430181,33.825462442018456,1.1352124464075932,1,77103,"[0.6500879468975719]","[0.5212687413430181]","[normal]","[33.825462442018456]","[1.4620891089568029]","[2669300115478995630]","[6074.489157763468]","[0.005890633216108889]","[0.10001009036974118]","[1.1755656145824835]","[0.009988985652328143]","[1.4632818854864011]","[9776.246102333009]","[2.6339703357478768]","[0.324670756017157]","[0.49762187727812085]","[CN]","[548.2395047465455]","[1.1352124464075932]","[2.7684565995091175]","[3.4073321522409336E-6]","[0.006946263204426273]","[7182.102780830095]","[0.0042706051891910415]","[0.29455975536021906]"
78000,78000,0.0048305132502821655,9933.334050304604,6621.07962512211,0.5,0.5968607591146566,0.2140504998895324,1.3985616940938974,log-normal,0.006716031908881163,0.0062050344653425404,2.7706945579956264,0.3374401375984743,1263.6115949126392,1.4696334959475144,2.9999995725772863,0.009999949354419816,0.10018412691354651,5861.984234253834,3.818328570081039E-6,1.245854006610645,0.511057915482041,33.93993753957636,1.1276433176285432,1,74888,"[0.5968607591146566]","[0.511057915482041]","[log-normal]","[33.93993753957636]","[1.3985616940938974]","[1309630161435360384]","[5861.984234253834]","[0.0062050344653425404]","[0.10018412691354651]","[1.245854006610645]","[0.009999949354419816]","[1.4696334959475144]","[9933.334050304604]","[2.9999995725772863]","[0.3374401375984743]","[0.5]","[CN]","[1263.6115949126392]","[1.1276433176285432]","[2.7706945579956264]","[3.818328570081039E-6]","[0.006716031908881163]","[6621.07962512211]","[0.0048305132502821655]","[0.2140504998895324]"
78000,78000,0.004143826135803384,9777.679842819316,7167.185869148446,0.49910235097974354,0.4655033377443262,0.3060883023475812,1.4498100689679685,normal,0.006867492018309496,0.005316952801628797,2.7704213332648253,0.3294367416763891,774.5420931332018,1.4655785752789259,2.632091052906314,0.009987694123481928,0.10000377144204121,5844.485776863208,3.037118207266042E-6,1.1738028168862873,0.5136662291348287,33.79494325231555,1.1370515969238284,1,77509,"[0.4655033377443262]","[0.5136662291348287]","[normal]","[33.79494325231555]","[1.4498100689679685]","[741450720743552903]","[5844.485776863208]","[0.005316952801628797]","[0.10000377144204121]","[1.1738028168862873]","[0.009987694123481928]","[1.4655785752789259]","[9777.679842819316]","[2.632091052906314]","[0.3294367416763891]","[0.49910235097974354]","[CN]","[774.5420931332018]","[1.1370515969238284]","[2.7704213332648253]","[3.037118207266042E-6]","[0.006867492018309496]","[7167.185869148446]","[0.004143826135803384]","[0.3060883023475812]"
78000,78000,0.0044041013267606885,9765.702526847823,7105.097453997805,0.49938337407118893,0.6706455834143001,0.3060944714282372,1.4500886368048658,log-normal,0.007040389822847725,0.006614162183033426,2.7631736502044917,0.3143995597542581,1116.816288141847,1.4600079011533111,2.6322369961617196,0.01,0.10000002865318106,5904.799714797631,4.0405039866890075E-6,1.1759297737921326,0.5293834708836536,33.86191388288037,1.1331759917896695,10,69978,"[0.6706455834143001,0.6706455834143001,0.6706455834143001,0.6706455834143001,0.6706455834143001,0.6706455834143001,0.6706455834143001,0.6706455834143001,0.6706455834143001,0.6706455834143001]","[0.5293834708836536,0.5293834708836536,0.5293834708836536,0.5293834708836536,0.5293834708836536,0.5293834708836536,0.5293834708836536,0.5293834708836536,0.5293834708836536,0.5293834708836536]","[log-normal,log-normal,log-normal,log-normal,log-normal,log-normal,log-normal,log-normal,log-normal,log-normal]","[33.86188207954959,33.86186040086686,33.86190818579483,33.86189276552395,33.861924777959956,33.861851956819784,33.86204786677979,33.86193855012035,33.86194687125565,33.86191957996591]","[1.4500886368048658,1.4500886368048658,1.4500886368048658,1.4500886368048658,1.4500886368048658,1.4500886368048658,1.4500886368048658,1.4500886368048658,1.4500886368048658,1.4500886368048658]","[-6179489488447184535,-3945997057957305603,5888826081504357737,-4781643350607074776,6804144301163411656,6316063783213131705,3695233810600651942,6095121683927265483,5064306794209668479,8821985999912595313]","[5904.799714797631,5904.799714797631,5904.799714797631,5904.799714797631,5904.799714797631,5904.799714797631,5904.799714797631,5904.799714797631,5904.799714797631,5904.799714797631]","[0.006614162183033426,0.006614162183033426,0.006614162183033426,0.006614162183033426,0.006614162183033426,0.006614162183033426,0.006614162183033426,0.006614162183033426,0.006614162183033426,0.006614162183033426]","[0.10000002865318106,0.10000002865318106,0.10000002865318106,0.10000002865318106,0.10000002865318106,0.10000002865318106,0.10000002865318106,0.10000002865318106,0.10000002865318106,0.10000002865318106]","[1.1759297737921326,1.1759297737921326,1.1759297737921326,1.1759297737921326,1.1759297737921326,1.1759297737921326,1.1759297737921326,1.1759297737921326,1.1759297737921326,1.1759297737921326]","[0.01,0.01,0.01,0.01,0.01,0.01,0.01,0.01,0.01,0.01]","[1.4600079011533111,1.4600079011533111,1.4600079011533111,1.4600079011533111,1.4600079011533111,1.4600079011533111,1.4600079011533111,1.4600079011533111,1.4600079011533111,1.4600079011533111]","[9765.702526847823,9765.702526847823,9765.702526847823,9765.702526847823,9765.702526847823,9765.702526847823,9765.702526847823,9765.702526847823,9765.702526847823,9765.702526847823]","[2.6322369961617196,2.6322369961617196,2.6322369961617196,2.6322369961617196,2.6322369961617196,2.6322369961617196,2.6322369961617196,2.6322369961617196,2.6322369961617196,2.6322369961617196]","[0.3143995597542581,0.3143995597542581,0.3143995597542581,0.3143995597542581,0.3143995597542581,0.3143995597542581,0.3143995597542581,0.3143995597542581,0.3143995597542581,0.3143995597542581]","[0.49938337407118893,0.49938337407118893,0.49938337407118893,0.49938337407118893,0.49938337407118893,0.49938337407118893,0.49938337407118893,0.49938337407118893,0.49938337407118893,0.49938337407118893]","[CN,CN,CN,CN,CN,CN,CN,CN,CN,CN]","[1116.816288141847,1116.816288141847,1116.816288141847,1116.816288141847,1116.816288141847,1116.816288141847,1116.816288141847,1116.816288141847,1116.816288141847,1116.816288141847]","[1.1331752342586874,1.1331760544365839,1.1331770631224514,1.133175762405381,1.133177712132922,1.1331751818316416,1.133177171102063,1.1331759291427552,1.1331767312479464,1.1331744249967302]","[2.7631736502044917,2.7631736502044917,2.7631736502044917,2.7631736502044917,2.7631736502044917,2.7631736502044917,2.7631736502044917,2.7631736502044917,2.7631736502044917,2.7631736502044917]","[4.0405039866890075E-6,4.0405039866890075E-6,4.0405039866890075E-6,4.0405039866890075E-6,4.0405039866890075E-6,4.0405039866890075E-6,4.0405039866890075E-6,4.0405039866890075E-6,4.0405039866890075E-6,4.0405039866890075E-6]","[0.007040389822847725,0.007040389822847725,0.007040389822847725,0.007040389822847725,0.007040389822847725,0.007040389822847725,0.007040389822847725,0.007040389822847725,0.007040389822847725,0.007040389822847725]","[7105.097453997805,7105.097453997805,7105.097453997805,7105.097453997805,7105.097453997805,7105.097453997805,7105.097453997805,7105.097453997805,7105.097453997805,7105.097453997805]","[0.0044041013267606885,0.0044041013267606885,0.0044041013267606885,0.0044041013267606885,0.0044041013267606885,0.0044041013267606885,0.0044041013267606885,0.0044041013267606885,0.0044041013267606885,0.0044041013267606885]","[0.3060944714282372,0.3060944714282372,0.3060944714282372,0.3060944714282372,0.3060944714282372,0.3060944714282372,0.3060944714282372,0.3060944714282372,0.3060944714282372,0.3060944714282372]"
78000,78000,0.004130037481715029,9776.093247563938,7177.148070269026,0.49906649508101925,0.461772976669347,0.30588452132032495,1.4499041298985118,log-normal,0.006862007323934766,0.005357498451559269,2.770454248123298,0.32945104683465243,770.1218140739944,1.4655365637280464,2.632310286898436,0.00998765638676705,0.10000122429503916,5837.8355131488315,3.0012326840749427E-6,1.1807137313938434,0.5157693096435242,33.792427835531406,1.1372496299335328,7,76776,"[0.461772976669347,0.461772976669347,0.461772976669347,0.461772976669347,0.461772976669347,0.461772976669347,0.461772976669347]","[0.5157693096435242,0.5157693096435242,0.5157693096435242,0.5157693096435242,0.5157693096435242,0.5157693096435242,0.5157693096435242]","[log-normal,log-normal,log-normal,log-normal,log-normal,log-normal,log-normal]","[33.79248300019641,33.792359163971604,33.792427835531406,33.79230743046138,33.79246386679047,33.79273006681788,33.79234210466241]","[1.4499041298985118,1.4499041298985118,1.4499041298985118,1.4499041298985118,1.4499041298985118,1.4499041298985118,1.4499041298985118]","[-5626669940727123940,1397863321857680181,6382548413049038462,-545123843557821940,-1435567148716561689,6673502086429896563,7326814233106902629]","[5837.8355131488315,5837.8355131488315,5837.8355131488315,5837.8355131488315,5837.8355131488315,5837.8355131488315,5837.8355131488315]","[0.005357498451559269,0.005357498451559269,0.005357498451559269,0.005357498451559269,0.005357498451559269,0.005357498451559269,0.005357498451559269]","[0.10000122429503916,0.10000122429503916,0.10000122429503916,0.10000122429503916,0.10000122429503916,0.10000122429503916,0.10000122429503916]","[1.1807137313938434,1.1807137313938434,1.1807137313938434,1.1807137313938434,1.1807137313938434,1.1807137313938434,1.1807137313938434]","[0.00998765638676705,0.00998765638676705,0.00998765638676705,0.00998765638676705,0.00998765638676705,0.00998765638676705,0.00998765638676705]","[1.4655365637280464,1.4655365637280464,1.4655365637280464,1.4655365637280464,1.4655365637280464,1.4655365637280464,1.4655365637280464]","[9776.093247563938,9776.093247563938,9776.093247563938,9776.093247563938,9776.093247563938,9776.093247563938,9776.093247563938]","[2.632310286898436,2.632310286898436,2.632310286898436,2.632310286898436,2.632310286898436,2.632310286898436,2.632310286898436]","[0.32945104683465243,0.32945104683465243,0.32945104683465243,0.32945104683465243,0.32945104683465243,0.32945104683465243,0.32945104683465243]","[0.49906649508101925,0.49906649508101925,0.49906649508101925,0.49906649508101925,0.49906649508101925,0.49906649508101925,0.49906649508101925]","[CN,CN,CN,CN,CN,CN,CN]","[770.1218140739944,770.1218140739944,770.1218140739944,770.1218140739944,770.1218140739944,770.1218140739944,770.1218140739944]","[1.1372497953579943,1.137247554103547,1.1372496299335328,1.137249610766866,1.1372510696571805,1.1372553574937434,1.13724755450324]","[2.770454248123298,2.770454248123298,2.770454248123298,2.770454248123298,2.770454248123298,2.770454248123298,2.770454248123298]","[3.0012326840749427E-6,3.0012326840749427E-6,3.0012326840749427E-6,3.0012326840749427E-6,3.0012326840749427E-6,3.0012326840749427E-6,3.0012326840749427E-6]","[0.006862007323934766,0.006862007323934766,0.006862007323934766,0.006862007323934766,0.006862007323934766,0.006862007323934766,0.006862007323934766]","[7177.148070269026,7177.148070269026,7177.148070269026,7177.148070269026,7177.148070269026,7177.148070269026,7177.148070269026]","[0.004130037481715029,0.004130037481715029,0.004130037481715029,0.004130037481715029,0.004130037481715029,0.004130037481715029,0.004130037481715029]","[0.30588452132032495,0.30588452132032495,0.30588452132032495,0.30588452132032495,0.30588452132032495,0.30588452132032495,0.30588452132032495]"
78000,78000,0.007149598651449425,9852.44036171168,5753.5981477815785,0.47097832660843336,0.33617767391666104,0.26578435866636885,1.2601706968183755,normal,0.008381553835696793,0.024044629675116957,2.795980960219896,0.36965850016262625,1109.7625727569657,1.441362455446453,2.9990650535749297,0.00999910810854105,0.10016542495757225,8353.857454783083,3.0824903414237174E-10,1.2984392130101616,0.3957596346456641,34.80977366566172,1.1034736658870288,1,77991,"[0.33617767391666104]","[0.3957596346456641]","[normal]","[34.80977366566172]","[1.2601706968183755]","[-3444262050924175176]","[8353.857454783083]","[0.024044629675116957]","[0.10016542495757225]","[1.2984392130101616]","[0.00999910810854105]","[1.441362455446453]","[9852.44036171168]","[2.9990650535749297]","[0.36965850016262625]","[0.47097832660843336]","[CN]","[1109.7625727569657]","[1.1034736658870288]","[2.795980960219896]","[3.0824903414237174E-10]","[0.008381553835696793]","[5753.5981477815785]","[0.007149598651449425]","[0.26578435866636885]"
78000,78000,0.007115269729156134,9850.339799959314,5664.256104744639,0.47115240156193017,0.36486645714054844,0.26668938169799855,1.2767404527327781,log-normal,0.008400020524542792,0.024126996398181173,2.79464510734533,0.3712060026252514,1388.9388386771582,1.4411756832250362,2.999538631486557,0.00999901127631701,0.10016379733615895,8323.215940635166,1.3746064661794387E-8,1.2954248552578946,0.39832541929389265,34.808420624703935,1.1040041828442713,1,76866,"[0.36486645714054844]","[0.39832541929389265]","[log-normal]","[34.808420624703935]","[1.2767404527327781]","[9176265884057862019]","[8323.215940635166]","[0.024126996398181173]","[0.10016379733615895]","[1.2954248552578946]","[0.00999901127631701]","[1.4411756832250362]","[9850.339799959314]","[2.999538631486557]","[0.3712060026252514]","[0.47115240156193017]","[CN]","[1388.9388386771582]","[1.1040041828442713]","[2.79464510734533]","[1.3746064661794387E-8]","[0.008400020524542792]","[5664.256104744639]","[0.007115269729156134]","[0.26668938169799855]"
