0,350.556712643965,486.105850898946,1446.25482488643,852.560861543519,871.510173540698,2357.4064644351,2120.78614801674,343.010691811419,88.6324220979189,813.154363793937,2684.7630390226,2454.67275808358,738.695795124062,47.3291708693411,2314.77621285095,2340.24107718969,1924.78944796247,2205.52427472129,2084.46554410025,380.652434033867,487.6561320079,1332.4968766774,1830.11602832317,470.114699438326,447.634471883691,2139.30495150418,1696.02718209543,81.9998701533225,548.671039786107,292.888069486851,1856.74094327598,544.313630597944,90.9371315407782,1727.19593425298,1969.08700719358,1490.72941072947,630.965307957924,425.53175813164,386.811607895056,2656.33869494274,574.789831620744,772.089218688454,2462.48008748942,420.774878976497,723.900292601766,52.9609308506426,144.508170222723,125.566183271469,596.291657709942,603.305968398285,1998.63297693815,292.113580840088,1522.39777332618,839.319768646558,1067.57231345912,346.465505551191,2034.445725818,401.680882749233,1137.44395149767,366.913443680708,451.088597949035,2497.42434852303,2329.48441189173,3294.97738600568,119.759006789783,140.188644276879,708.995774283743,2282.09361726621,2260.63111821129,279.560899233709,840.954858308625,2034.27481451121,756.53300711183,377.862881125176,515.057128441831,416.976698108018,67.9301673605211,256.695953208879,519.551501896534,509.311556773644,1237.60771315425,1085.42490283288,858.304737292658,1152.26723458517,638.108093654132,2299.10395209237,265.59333724363,471.879400381013,782.34347835531,1252.33104685317,437.762439172613,476.546358995593,270.549649495996,783.910116316169,664.565382590574,2468.42461774844,238.412782708642,535.614842023349,391.470993395413,1727.57564538317,2098.29866298931,81.7017592354617,197.1193111155,1273.35026578632,1820.59138910246,133.78737884687,67.6713517327579,2343.84240241076,150.663673019281,1530.94438641843,816.827136854609,2429.64342986999,292.158489399954,550.832652366124,1275.05773908379,138.495334000706,822.476682866148,247.788016241352,161.697159714735,2090.54169502966,1947.10910457083,205.719530378561,1112.23590145068,49.9809666436983,387.364253832225
350.556712643965,0,333.387918833382,1201.13446007601,1123.91478078292,924.135033950245,2177.23924711054,1866.1223187882,676.243964430281,393.210837629946,932.759700660077,2837.46988332635,2436.7175339221,413.076155767929,338.121460900731,2079.54743892459,2253.86089112919,1668.08232134281,1956.93346649376,1968.95631179461,684.203408835261,747.908888429242,1573.0089599279,1585.68791338438,814.265879791189,739.496119822298,1902.55125790865,1519.7747661902,274.385680097319,894.096864515469,508.325974614098,1612.02144861924,684.013214067849,438.502836443694,1478.58381047906,1783.40158284875,1262.22462134197,889.322472338993,707.120292057509,124.176316194379,2673.22782229185,231.79299839931,1057.26079245261,2697.13578840867,675.832419285802,1056.90725517497,376.445605429807,454.007294703027,347.362752765528,849.245958225005,900.03314351849,1973.36437366008,605.080878219646,1779.13167320182,941.316133995664,1330.90646960415,503.676472006758,1791.44360679535,746.918406063551,923.56826703451,40.8679087869335,605.034549527129,2579.36333982173,2142.46298706123,3415.7386594273,239.406443934076,430.211882484597,464.992320959129,2051.65857047396,2055.82978826842,97.7775665319512,1190.64913742317,2040.51113030807,1092.01824228272,695.430151119775,392.78626628146,348.519930051569,284.869729487476,523.561331605682,843.549516091329,159.596139352737,987.304297391575,1340.47840104503,1193.30464166718,1389.53867335996,313.332265153146,2145.60965019196,94.9526582185529,123.937660585008,1097.81065762471,997.32530751719,96.8553236924468,766.994044276957,103.748367820772,981.148497685134,1012.51304178787,2441.04473552596,112.93276219401,882.087156570649,58.5096118042746,1480.66162838368,1993.32543635954,419.441296585458,364.460126617031,1052.02714560136,1815.80740658226,229.283555191022,340.123662079336,2215.35156429687,499.35548306489,1293.4393881129,506.161898198638,2418.80901633451,611.858261003451,584.945185039097,1202.58456514716,386.244911487093,583.347504829079,551.85283028499,287.705559889715,1840.28498678433,1706.74756354141,534.927796152104,834.769728060322,342.143892750493,191.454838020108
486.105850898946,333.387918833382,0,961.02784750468,1338.27953232582,621.66874860314,1884.90409672061,1635.63274262652,819.558737411127,462.210166261013,669.211529779492,2552.01652893082,2103.47087463753,379.230738111784,507.437100317611,1828.84172955894,1925.89525874181,1440.24415856712,1719.68322626208,1647.48888117782,866.628204090769,969.176209286369,1375.29533894693,1344.23855991102,836.993649675138,933.687813382943,1653.2523432318,1223.05803214391,412.697884148299,914.439140160782,427.373660711787,1370.86223986469,470.675802775165,537.557473018473,1241.81654854695,1493.43165970452,1004.68495793216,1113.64947218201,910.565498018272,210.637334418854,2342.56296036833,336.659646952578,1258.16440328872,2473.19729511851,577.62345487326,1190.07864626928,472.635584256261,494.039391444437,389.769621776755,1077.33278758875,1088.99536966911,1640.08734629016,597.264114822842,1592.90492935803,665.446952832165,1552.94354394745,369.180403047981,1548.39692850199,858.427098454806,651.737341308994,295.311683686124,425.749262756643,2263.92878786656,1854.25300916484,3111.94694176051,381.460366286583,463.191442204232,240.087390844929,1796.48298794337,1779.59844818877,285.348124617296,1257.93161210841,1709.56298026469,1218.84354462568,674.897728012825,62.3886305174642,103.715470253593,428.654288441453,487.303644424906,812.22761884394,349.821169811774,754.336328256698,1569.71587269897,1158.8188776033,1195.51063441194,310.671932403886,1839.11153652021,310.165440286535,381.124281107303,1261.44322030524,770.208040138634,297.652328139876,693.343494541078,289.859860863054,775.056085951948,1037.08300435767,2107.65681941125,342.52813053318,981.959051126555,291.35601652795,1242.01049961137,1668.98400614939,507.673812026404,342.649541747623,787.408970898767,1484.08134813598,367.248673990552,430.4219055454,1898.80346766466,587.230237890043,1044.93082477162,409.267558240524,2085.86609816224,776.685052850333,310.25736297087,869.991893046386,412.934335765721,342.891972960793,547.400512937943,328.762734801465,1604.91467676591,1461.0177533162,570.776017344109,643.243665064896,444.985457993181,143.387174383695
1446.25482488643,1201.13446007601,961.02784750468,0,2296.1564112989,1059.13511797375,1027.63360995983,674.612569560826,1779.93666661837,1421.45142000735,1227.2444986533,2610.03269523381,1687.6821788521,831.75749528207,1464.26190470745,878.41448147109,1324.23598072702,479.718660840557,760.077413138569,996.921922783984,1826.87643837828,1923.09194546306,1917.67999849519,385.608535018322,1757.94921988327,1893.03869288638,701.420767213631,456.478214332324,1370.23414704953,1828.43901095653,1341.11403454741,412.144054589735,1234.42714770547,1497.65490861823,280.971433486919,648.362695309754,100.896925952652,2067.76149443036,1868.25337931651,1096.85473660451,2002.06487916501,1012.9428490726,2218.03578478902,2808.73826843675,1445.16888905909,2145.14288709956,1433.48651434615,1446.99535337432,1349.06040987819,2029.96552784518,2049.55201129934,1288.59604517039,1523.65259183088,2132.95981845029,1185.50439603211,2509.69036708385,1262.62395258482,591.299211552189,1813.56803757893,325.144915403008,1162.37243639409,1255.80733205716,2136.49222906834,982.87718493658,3012.47777623771,1336.50903135667,1416.69853126726,744.560485762181,851.041785356151,873.897245107876,1206.93814347489,2183.85976754372,1444.59676998235,2171.8400209044,1585.08132443,941.269692911835,1043.39248875086,1386.19647646927,1414.10996348786,1698.61928635295,1092.26468972254,213.851044375832,2524.33866396792,2007.58254787644,1779.3851719568,910.978929230524,1051.64132418508,1230.53298364451,1154.10892585791,2221.47314628815,205.716806711861,1112.06891755159,1560.55445804768,1214.43237188951,1435.84753154778,1945.86051210815,1662.1349826985,1266.38409127677,1931.03538889059,1142.67489763325,281.674898000123,1048.58316524549,1467.48831016599,1295.17936241802,196.713217882343,1244.53479232957,1321.8820713488,1391.43327550895,1175.50158185907,1544.87243059816,97.6754073133607,726.213867062017,1694.79975320307,1737.5863503213,1058.25158200954,714.551586808254,1368.74971626298,626.765562986091,1480.99770820315,1289.74305739289,644.52029785088,505.775553299568,1517.26653546646,384.982096219938,1405.98945679157,1068.44564128286
852.560861543519,1123.91478078292,1338.27953232582,2296.1564112989,0,1613.1157750147,3201.55556327778,2969.9362960352,544.710900084909,891.718737871443,1492.88480174425,3117.94187855363,3175.26943011219,1536.31684143613,831.993350928298,3167.11942492433,3130.19044418298,2773.07510976226,3056.12639350469,2899.34528472206,474.367290144847,376.483050556925,1676.24601273739,2680.96224960592,744.365925371112,405.313633557084,2991.44534848377,2542.30734452995,926.315797147159,735.545896789137,1038.28627361707,2707.57907285888,1266.38978326853,814.854286509061,2577.07018850312,2816.45047427607,2342.91831124867,235.204111308452,427.971774754268,1208.59667412728,3327.78261283225,1349.65097681434,95.7970768162455,2695.18020453074,1037.82519144123,351.289868922523,872.621827820131,884.733816340811,961.310064484042,276.066801076843,260.426747395223,2740.7189208645,880.108945293249,1783.66826258419,1534.99889488438,215.565896201574,1119.85152611103,2885.78363799464,557.18594844657,1989.91443342793,1157.15885578911,1188.70482538835,3076.19929011651,3175.85991229187,3771.25362455339,959.658537759485,911.17850247597,1553.60462401271,3134.62485404031,3111.23739198186,1095.78221745063,597.282447907798,2740.32871866593,370.969149269672,875.188202327937,1367.02459955375,1267.44293393596,910.334555538659,962.637402988859,876.195099803946,1269.07965154685,2085.5718014851,238.509932771671,935.601547238592,1541.37354607278,1437.19376981562,3132.79773168962,1073.7985474036,1211.83549519056,227.065023115802,2099.10087758002,1220.52733659182,980.817088033678,1087.63730085569,1355.54108497231,716.86207190922,3199.28369102756,1038.36334085774,514.3108682004,1180.35118501428,2577.7936437312,2906.05549480838,845.253600844637,1025.40623651117,2125.68821114778,2547.87045327234,974.277722841954,912.099311465769,3163.60495637947,780.663498507065,2382.29690524623,1629.76263116605,3142.64570321603,567.637174249902,1353.7183045209,2082.07223376414,950.744303297951,1669.95560806604,897.417216407994,1012.91372778857,2940.66983594828,2798.70551264968,838.566663830619,1949.47747041347,896.161904415062,1228.70055023856
871.510173540698,924.135033950245,621.66874860314,1059.13511797375,1613.1157750147,0,1678.96374946891,1653.08087524481,1076.82891315606,792.196500527034,175.64796902197,1930.944536811,1586.78818369728,944.455170985601,915.684006933911,1771.52051084557,1518.77303114804,1486.48896918013,1710.62722527527,1308.24777117584,1167.97837714478,1307.67776987905,877.780921059884,1366.03355307955,900.277713369332,1237.41023389139,1615.68813886528,1069.74837963659,844.622459247499,945.191111537254,596.745257528993,1389.7547298194,348.317766750303,854.165674813122,1292.28761572354,1331.9018382057,1041.76706106,1434.29653984543,1233.08500944059,815.440690676092,1785.4577774345,955.122498415798,1518.88000858143,1899.25643294132,577.458058061034,1344.67747523086,825.188374670897,767.499979069086,747.824685952538,1409.47425438101,1354.94339439746,1136.61227251981,733.787926559931,1099.19661315867,128.812915311929,1820.88201604441,527.363421620106,1540.03240394233,1056.34636566027,764.045097662284,893.260044891772,433.913276948427,1656.46744249575,1667.0498240372,2493.45494991736,837.158465492303,750.933514988634,716.419886405274,1728.20195057612,1643.02356486464,843.638498526826,1284.67065266501,1163.07175749848,1357.42367305328,743.167603007207,560.621603296089,576.2779286845,855.418273761769,664.413686723335,791.415317568074,971.00017546132,931.842872089816,1850.10920385495,1018.62519934136,725.374586855695,908.708289757066,1573.06881132877,863.013666020205,997.427629571823,1456.8526177984,956.295836297475,913.104010892595,656.716818296929,843.194324271216,392.602421737943,1037.5381091073,1603.57083028095,882.10758806086,1126.05522095863,896.832665190076,1287.251696099,1306.74435813093,829.370294060054,677.848352524476,866.373587812448,952.274079414706,829.60235572012,805.383504403293,1575.21455464826,862.942719077416,1099.71859944899,920.941481538674,1560.10814783947,1077.37956921894,342.367174882684,509.94707362277,734.172375403139,717.242588055372,723.139017827104,741.414519365459,1612.16222794374,1455.03843886253,787.462711298252,946.78982895382,822.528962789743,741.389969630923
2357.4064644351,2177.23924711054,1884.90409672061,1027.63360995983,3201.55556327778,1678.96374946891,0,630.955334716971,2660.13856448551,2310.39325339421,1846.8934582606,2382.54207464554,1128.74441926799,1845.62081714558,2385.85376020131,432.831168304161,648.002411340288,730.047045828515,559.539021669239,491.52235028712,2727.98462471658,2844.99226140924,2320.32924220469,717.401365079057,2555.0399960771,2798.10614454346,489.385043561589,662.008829348849,2291.9011139666,2610.22134789903,2174.04421143427,700.436313254708,1984.08806797816,2386.96653519309,812.441661000619,393.925175576467,941.55956747791,2987.61405002706,2780.51875420279,2060.76307315072,1447.97098652702,2016.42438357248,3114.32925747554,2847.29135688678,2222.76873596091,2987.23827758107,2331.39766689893,2317.82573526353,2242.07516897111,2953.61818532394,2943.29718424167,1006.30989562403,2348.96009545763,2490.29087453239,1797.20012441693,3416.94528820206,2090.90700205937,582.06275322898,2669.49192590079,1254.9004010732,2136.65039365782,2042.01021975831,1798.44538519179,59.5376760787884,2560.83321140886,2263.69910810181,2290.71133363183,1713.01823213091,397.664901510864,212.484332020151,2161.60763709392,2958.83286388351,1184.71636774706,3006.12340368404,2385.25364512006,1845.73337409343,1940.84111686243,2307.5356922017,2251.21296400083,2460.19384551581,2091.28707557336,1226.16570609112,3438.33970027319,2693.70484302145,2250.66678165522,1914.29835402875,195.415429789283,2186.48430167168,2151.54460051545,3085.37779158036,1225.35619857888,2097.36836526511,2320.53129125985,2167.70337877912,2057.61395779233,2710.92122677006,1072.43745837007,2221.24201460203,2765.20826416413,2120.47242863113,804.299186924418,544.098542989629,2356.67271669761,2176.44632078704,1132.63518110859,1132.63837875156,2249.96015894758,2293.97645557903,365.750645077434,2421.74309138768,930.338903004287,1741.35950574178,1165.80278628757,2634.19978176306,1857.44803374953,1169.02489575359,2250.92215226191,1596.07428594084,2319.3517133833,2195.75116098529,607.737934719875,616.487413742769,2371.25584673888,1408.50829926345,2310.733663501,2015.90943562986
2120.78614801674,1866.1223187882,1635.63274262652,674.612569560826,2969.9362960352,1653.08087524481,630.955334716971,0,2454.30667033333,2095.67372645863,1828.30654485054,2836.43432170893,1675.24833303234,1477.05176459726,2138.31410487691,258.800714800849,1208.69818301046,198.064177400005,101.027763676039,935.210729716757,2501.37147940546,2596.06152208962,2451.1180618443,295.999098914962,2422.25539123343,2567.33312862169,143.897460429745,634.809141928095,2044.46881830483,2490.29278739197,2008.45176864262,269.982653072793,1880.44120947665,2172.01648080455,393.931256015398,497.580966762555,641.352075581734,2740.6253259842,2542.1788002483,1766.65055605669,2005.19906788436,1664.91853318371,2892.39569073836,3187.59117433564,2102.18004717385,2817.66109248729,2108.02999453063,2120.04570921192,2023.33431352875,2702.47164580269,2724.09210551499,1419.65470555926,2191.21113228935,2651.82860542441,1781.80893096383,3183.02868228334,1928.32264926739,121.341427679262,2486.47848030404,992.18047003595,1828.44489806812,1912.11592848053,2283.62622408724,571.419714792596,3105.13743633227,2010.47579026679,2089.91486733233,1416.74142583382,261.433061675564,418.474831979583,1877.93087664658,2846.76680697454,1603.89982532908,2843.64822070258,2248.56176690026,1614.9509286004,1717.01206531292,2060.41861729265,2082.75289522059,2354.850143805,1746.37653392698,884.421929172344,3196.96930937799,2647.57408535317,2338.34506653883,1565.17594654348,774.206719232694,1901.10349832903,1808.38182351402,2895.64862378777,871.52497477628,1774.16226907159,2214.78556824288,1885.64709377872,2044.41829365607,2605.14845092184,1627.85393100839,1936.94221859861,2602.0564278578,1807.65226319833,394.236917693837,1001.39926870506,2141.80030723663,1968.55067917042,856.319552303782,1472.80113590335,1995.82253191786,2066.02526505386,952.846257180521,2218.68270638838,593.915260377056,1372.98349204534,1702.50862227042,2412.19346870703,1714.17868141491,1196.8096787316,2042.44285289417,1299.98132516276,2150.31422340212,1964.32737972804,45.0574757118125,198.861698473758,2188.87895237376,1032.67333528209,2080.60089843492,1741.44933979543
343.010691811419,676.243964430281,819.558737411127,1779.93666661837,544.710900084909,1076.82891315606,2660.13856448551,2454.30667033333,0,358.817470226416,969.861893556629,2722.71575036977,2653.91211708219,1078.36532507198,340.77862240756,2641.30281006606,2589.50813328462,2259.47481300865,2536.94617991463,2354.95899337372,105.431815795385,249.420947044487,1301.48268402053,2161.62264207905,303.280385409637,165.709180926638,2467.03188033947,2002.75775108953,424.577863247149,350.420860655228,493.787805221046,2188.22073936074,728.547863701321,282.290562969778,2060.37615780748,2277.32849660171,1819.33531813352,359.197153587927,174.537601225298,728.431599451469,2824.8420452084,907.033603345158,454.757266643595,2404.10439523421,511.805259269381,382.130771031441,347.160986800924,342.551422308286,431.022929477718,338.661743141566,284.418612599743,2211.16670911038,344.750064974304,1457.54116818712,1008.51211145183,758.705222019333,575.149517296302,2364.66952867541,97.2231458645985,1465.31611704618,699.496863767901,647.051325469232,2610.74252157022,2635.69439751673,3358.80463172673,461.949886551032,370.524590235168,1049.18715976328,2606.9857311187,2575.30240692891,618.410275379778,534.540244625434,2222.16882859851,416.205513203302,363.080033495661,840.038883408061,738.342943739513,409.620789041097,418.676815671412,425.274539611999,835.221587406702,1573.87282455601,783.175450569977,666.647435327624,1137.87405667676,977.355510053857,2588.62678141568,601.483238813401,789.168617683584,441.928414569015,1589.51382207427,769.667839651294,483.162579084185,609.463860880036,862.976908518204,427.19154421951,2674.62440898247,570.112872373424,220.535478115578,724.252758636711,2060.27202214594,2362.33806915735,312.534287039163,489.093367918113,1601.75582871466,2021.94825302111,476.307476654504,389.991826640814,2619.00246933048,239.157250371135,1861.98135140136,1159.1172309915,2623.75649641677,75.576404084175,809.041402681145,1537.76335488525,414.189147626436,1160.49714273998,354.981646727587,491.119238192981,2422.83990639949,2276.83614666033,294.202949769849,1453.73612008963,376.715016423516,729.953094772311
88.6324220979189,393.210837629946,462.210166261013,1421.45142000735,891.718737871443,792.196500527034,2310.39325339421,2095.67372645863,358.817470226416,0,727.410359934422,2596.13079975696,2377.85156996056,754.03568022669,135.900763583471,2282.85647144234,2273.92999269601,1901.09059221098,2178.13578741811,2024.20081869385,417.629316835909,539.689737067494,1247.33194227603,1802.82713820523,422.63928623854,487.727448502791,2108.4018570389,1650.6369669726,124.358358876016,502.890444420206,205.665815025912,1829.4228255729,459.376879487074,77.1717671071276,1701.74523090616,1924.73359160566,1460.55993530483,679.32713299154,471.531689301947,402.84248154257,2575.21189337119,603.940018098881,806.569670452901,2377.67980180961,333.69241875597,728.540685008703,35.8467955047157,63.5701670739565,72.4710719420484,647.461945926954,635.655201666707,1923.68255490646,217.73064316434,1439.57099509121,754.901278996923,1107.27356980735,264.93514886807,2005.85736710999,397.659497876618,1106.53744078204,401.324503986464,366.367264806143,2411.05347714141,2284.24033320755,3206.69286905295,154.748533590612,51.8988789620581,695.963244822181,2248.82533542091,2220.18983341768,307.950074181597,818.173286499974,1955.22944924135,758.211128200213,307.110730356569,481.224708767067,379.605504141679,120.080646730157,168.737872519442,453.523161482608,546.508460806523,1216.29093906589,1127.9742581529,800.629852506248,1066.46174157019,655.513235969718,2246.06761195838,300.464464486212,517.107684994789,800.021875996443,1232.37543943944,470.554708919119,396.42123990051,299.342033485505,695.319542231236,623.221416814586,2392.81658235403,281.274253768076,525.392952264442,424.691020714097,1701.57901269218,2035.98044320639,46.6405060839287,134.043711676123,1242.96824180856,1743.39475464814,163.955260585501,53.3977410086775,2285.40188173471,125.939531510319,1503.18194145271,823.686419033187,2351.96392545186,324.083526756042,481.053764430067,1210.9198341427,61.1460737940331,804.559168562806,168.253187203504,137.695738688723,2064.07722954899,1918.03618884156,141.718682562917,1101.50721925259,56.714920465686,386.7521914171
813.154363793937,932.759700660077,669.211529779492,1227.2444986533,1492.88480174425,175.64796902197,1846.8934582606,1828.30654485054,969.861893556629,727.410359934422,0,1905.21698708965,1684.82002529757,1025.86971158804,859.767691881424,1946.84713955823,1655.65371297076,1660.55372794853,1886.23334783718,1462.27346695728,1067.24584990432,1210.8046937596,739.360177211787,1540.53355582132,761.523787468023,1134.36463165322,1791.32241010354,1244.36101614217,802.441687528283,798.088797293291,522.216041749914,1564.41384552403,269.301265669684,778.689008028055,1465.37271963656,1504.8572017631,1213.71986254778,1328.98428626187,1134.90217608386,838.213069400025,1858.98634941277,1004.91970574745,1397.52120170678,1807.00108285784,458.3690896746,1206.19291957226,762.612452732007,690.676414742173,696.939968384818,1307.73915215592,1238.97299058529,1248.15213942507,625.909750930908,961.91000016809,49.6943333576634,1695.61906355188,470.162307754131,1715.52087231999,936.889454887931,924.102293103346,907.582579002782,362.406266490701,1684.49106433632,1836.62169883619,2494.34270586102,802.856441078176,680.251996549748,811.62485794782,1903.37397159522,1815.96928502184,842.86248668949,1127.02888850945,1252.32672451829,1215.75085737277,617.77700753882,613.946687012535,599.764859690158,810.592041966249,577.720860177331,643.383551674599,1006.57802545267,1089.88035779022,1727.11115361504,847.284718125835,574.364073782258,974.956387040973,1735.26487060756,858.572439605329,1022.8859744106,1323.43953559706,1113.96984349128,940.038307642908,516.914525933604,840.556581492895,216.996228592625,882.049283103245,1707.08830601371,871.15606201481,992.32041354223,915.825381233118,1460.5456651504,1456.52026947631,757.910472102032,632.739094199548,1032.70654462699,1055.09448041109,798.128235076303,751.382120441255,1728.95214176114,775.849696230313,1271.21831054678,1018.57299368416,1654.0671671094,980.982675699952,360.070858965848,679.053783591918,675.178204518373,834.052706572488,626.689112426775,706.897474426774,1787.51318724519,1630.39315727667,693.288526510646,1088.14469829884,767.206738940835,765.934736362911
2684.7630390226,2837.46988332635,2552.01652893082,2610.03269523381,3117.94187855363,1930.944536811,2382.54207464554,2836.43432170893,2722.71575036977,2596.13079975696,1905.21698708965,0,1296.34890054868,2861.08233866963,2731.99447411086,2764.0808680477,1749.66828090329,2784.13395688927,2822.84936873397,1923.82045454864,2827.99333622634,2968.58944541383,1441.97043450362,2676.21899120171,2427.96520481674,2879.54402031643,2713.45479161071,2267.54447944338,2691.09327512115,2407.56621248458,2395.60775535489,2684.8204897593,2164.32786673033,2628.14078886163,2677.93754604992,2338.93852294406,2529.6042369947,3043.69635822006,2896.27249719937,2738.34751849329,1057.51310854492,2886.03344799127,3029.23467296751,752.224043219791,2270.65645252798,2767.65972261418,2631.86867960275,2545.63110605299,2582.19535882645,3038.5621659062,2919.32947540473,1417.15917701342,2429.82301207177,1354.65317849812,1896.5886178995,3264.84259792602,2362.32099420371,2723.84071549728,2649.63790173564,2471.92837999289,2811.04350405452,2253.02132112879,594.861582113057,2422.52228983478,661.995751303412,2697.35639796676,2544.76921669184,2626.32515705183,2716.61074127907,2526.65707246299,2748.0756947686,2546.88497761018,1232.56274678141,2752.8176076574,2374.90376797877,2491.39058342604,2497.70467965461,2696.67720047478,2429.41953488477,2298.74736033872,2900.14779849172,2616.84702192079,3306.82033738339,2186.09544345883,1588.59163120134,2835.96136082268,2187.12797733944,2763.57848612879,2922.61528387835,2895.88240174303,2639.04737815425,2838.68094780909,2252.63659369588,2745.71599391277,1901.24767459968,2402.95020257752,1360.81369813739,2775.07443028639,2628.06731174089,2817.85785174418,2667.6527427288,1860.35616752238,2615.30184669658,2525.19438379953,2491.51825468543,1384.2979978895,2694.50761101155,2631.0780323961,2028.37830596199,2604.47256501769,2580.25888838099,2819.22267484127,1248.62740414201,2764.68829065974,2256.09182669198,1932.0948694371,2553.77783712432,2595.2377971751,2455.12660894786,2603.62386184933,2793.5106788756,2680.36457765379,2517.28592767303,2725.70099191605,2644.71652073712,2664.81393764328
2454.67275808358,2436.7175339221,2103.47087463753,1687.6821788521,3175.26943011219,1586.78818369728,1128.74441926799,1675.24833303234,2653.91211708219,2377.85156996056,1684.82002529757,1296.34890054868,0,2267.56637543429,2497.35573008734,1544.79600982546,480.966442564276,1681.0446940732,1636.42938667757,748.015824696144,2749.40668772471,2891.33210629268,1768.96746268624,1599.54068201247,2434.86410449669,2817.55505264874,1536.74825688599,1246.12207687366,2419.88307163543,2458.27690046628,2183.36015811774,1598.89555137608,1931.40009558644,2440.93071919935,1640.33620599533,1199.92417217514,1588.74976707745,3013.09845948178,2815.9929534659,2313.95756562159,330.558074647265,2375.20559849943,3079.59400759943,1882.42009342004,2143.09479966838,2872.0979703538,2410.10751426615,2354.26111266221,2329.60006688966,2990.70952119988,2923.35467994227,463.416372993203,2309.26279929034,1854.93416157275,1645.40011558002,3373.76944570855,2113.57578864088,1579.92274032573,2621.04519602902,1702.7830111667,2398.74884834131,2019.9626640245,701.552807107691,1177.03494140535,1435.86092737653,2406.9748849533,2337.57049138119,2052.06956485486,1501.57915465363,1303.8880592101,2376.88120637133,2743.92884730742,436.544419664415,2875.90175682856,2301.62714012425,2044.08385269537,2103.33620185745,2432.11437622974,2249.40543533084,2307.4179994122,2424.63095761325,1788.75751429813,3407.0271015643,2397.38939603577,1791.7361504428,2289.83781591215,938.015241762052,2399.91686594376,2470.88609899358,2995.19521939741,1803.57731690173,2392.5913540441,2194.63604144839,2379.01610266902,1826.4311689957,2518.36254180475,65.034693912347,2426.29131013856,2667.41808320102,2393.5543473362,1629.44354665676,682.965948438715,2415.90560883101,2258.44255383923,1653.69605163738,634.54552467506,2397.39358933235,2387.60356927032,763.233583865748,2448.66879864158,1621.02677811517,2186.36368315518,52.8880598599475,2660.76504938326,1907.32267965362,1242.66441610156,2318.88534240386,1968.23833669576,2305.12826238314,2314.40406835452,1637.66868868927,1562.30913447049,2370.74348401835,1953.57093947994,2405.06213851906,2245.55911098691
738.695795124062,413.076155767929,379.230738111784,831.75749528207,1536.31684143613,944.455170985601,1845.62081714558,1477.05176459726,1078.36532507198,754.03568022669,1025.86971158804,2861.08233866963,2267.56637543429,0,737.716094629384,1702.54587598932,2014.66865698584,1279.54256815934,1571.29696622319,1706.66016935772,1094.84835067929,1160.70346866499,1748.41598699307,1207.69438232067,1168.3900808373,1151.8287313211,1526.26436341996,1208.75189053599,656.83240766664,1248.42586838479,785.092106232059,1233.37004995794,848.716020854685,816.845903866255,1099.02341107353,1454.47932362229,907.092363160324,1301.40749879898,1119.95790443915,352.708888602071,2537.70987053858,190.029490640281,1470.33538572181,2832.18132871641,946.02267178947,1460.49578144413,749.317595615694,804.036041338548,689.169464845373,1261.05947843713,1312.48637161577,1810.55868736225,935.428951888442,1967.66254072729,1013.7889959688,1741.84547374306,739.219556404441,1411.65766972954,1140.16211780355,608.119690205459,382.661761629109,804.392652875687,2521.92007437791,1805.12820042561,3389.4467468127,619.013914136708,774.621197622898,235.460783104383,1678.61748232151,1703.97377239702,460.044676692776,1572.09857587589,1911.18592530595,1494.14344127673,1020.94695366757,421.163785688869,478.101958132523,670.848950934306,832.061320380643,1165.59185594366,272.313005062501,622.199118357736,1750.05361493761,1517.80043032375,1570.38398687843,101.097637506662,1839.99013770331,477.12817419221,333.596838410737,1508.03003693574,626.561212247241,316.224006155208,1057.88659490943,469.017721025847,1150.68288167008,1370.9699583478,2261.2949607057,509.681702711969,1273.24626348502,358.455613693974,1102.47016086337,1741.5224394684,791.670591665801,668.93601008892,715.860812072248,1683.33129165722,605.283695000141,706.896984985844,1933.22970650472,875.836205925906,928.314859219846,105.559683531409,2258.09893133843,1018.37054000114,677.817154361953,1033.66255546412,723.209673595271,299.360696028464,881.923306244076,619.836939719841,1454.55668097225,1330.16796315352,887.301879784784,448.675003524628,715.226890000186,373.330366991349
47.3291708693411,338.121460900731,507.437100317611,1464.26190470745,831.993350928298,915.684006933911,2385.85376020131,2138.31410487691,340.77862240756,135.900763583471,859.767691881424,2731.99447411086,2497.35573008734,737.716094629384,0,2335.66427605711,2378.06601222635,1941.73456399008,2224.16400375207,2119.48544878065,365.299343094506,461.818703795442,1377.29360511065,1848.97155492149,497.781606834773,429.350740167226,2159.77502128431,1724.04249659456,94.7527953929161,574.844948987396,340.064560758443,1875.5890319438,590.749638968133,124.539423128024,1745.20910934815,1996.40637180677,1511.38788359321,606.220695073883,404.028008664955,389.342764543564,2700.91856041839,567.255039379391,754.453054046398,2506.94311993874,466.988366924505,722.868429571084,100.126353644446,189.886312159349,167.982931236037,570.13238449577,587.886625778461,2040.53921075562,333.400747571446,1565.79686487769,885.464094474746,1046.08920044075,392.090650622456,2053.806570838,408.805451507209,1159.03072636407,359.228905621698,497.519354299969,2544.16125627695,2357.06484021737,3342.29225551078,127.899704970822,187.278959282622,723.15591439714,2303.68309261892,2285.84599694984,278.068668278545,853.806358096578,2078.00082419744,756.897290376643,416.914310828845,540.728975574456,445.294451397184,78.8273657435649,303.496476561792,555.586168059711,497.713267410359,1254.18261331629,1062.34281169642,889.01417431605,1197.47736480929,636.668156728436,2330.54171332773,260.710135936998,455.811756651722,773.918856702154,1268.18579774328,429.736458023452,519.32229612974,269.177659165039,831.05148784352,687.790288287378,2510.5552667513,229.61878631078,544.018209876437,383.996176458588,1745.8663885613,2134.29513169424,123.477362817894,238.914516717571,1294.42523894767,1863.53730993662,142.589209308409,110.312174029187,2377.89597172317,178.948594796266,1550.34112172803,820.031606537192,2472.71581014814,282.143027676503,591.688427673362,1312.33811972148,184.652975019469,838.525047387794,291.422631984179,192.922479243043,2108.78140009177,1966.7786090102,244.758541224208,1123.65999706747,93.368939944212,398.756507218007
2314.77621285095,2079.54743892459,1828.84172955894,878.41448147109,3167.11942492433,1771.52051084557,432.831168304161,258.800714800849,2641.30281006606,2282.85647144234,1946.84713955823,2764.0808680477,1544.79600982546,1702.54587598932,2335.66427605711,0,1065.42636747741,435.243759436978,160.232017216313,840.275044668448,2694.86343099916,2796.54630151171,2520.53572685577,495.128767885677,2586.06159115694,2762.40951035914,176.999294479196,705.602399698159,2241.08320345884,2650.37469381142,2179.43260519422,469.250932810222,2029.49726202821,2359.8659076994,603.589501338672,477.704549826419,824.276495296673,2941.23875688139,2739.33131972461,1974.48054265964,1869.52290659107,1887.60863894789,3086.44049429696,3172.77047671012,2259.32847755472,2995.55236381775,2297.94185909721,2302.20663777339,2211.14435063677,2904.09533421438,2916.56135146544,1354.82420973509,2361.30905557176,2710.65104617291,1898.51891282339,3381.67582911042,2097.5214131475,291.256269748759,2666.67872937931,1177.38636383027,2040.76827268901,2070.38649685341,2191.99158394503,376.619917629496,2980.54116563078,2208.53027171478,2272.76230739676,1621.29430288309,49.4804639959845,241.222423016438,2083.7463867982,3006.45340488098,1539.58905600183,3019.45737729972,2412.31275718873,1802.19290515435,1903.33534635763,2257.06388507025,2255.34768011342,2509.10698223869,1967.97953151106,1092.24586594403,3397.78347587651,2783.81814427149,2423.41113255616,1786.36262901554,609.668804128347,2107.5955949064,2029.98816029633,3080.10645855834,1082.79311205283,1990.17101134439,2368.01162391791,2091.06267918001,2163.76406035342,2761.33070529048,1491.58900416476,2143.4116602721,2776.75693621835,2021.08430577697,600.473295957108,903.894876760611,2329.39494503124,2152.53177147897,1041.44007944424,1441.92471485813,2194.02874815472,2256.98889117198,789.80708582684,2403.24564537325,787.311679453536,1597.35785674067,1578.12800477049,2603.79620089867,1874.44464796695,1284.09966027516,2227.26437246136,1502.72935962131,2323.68202664803,2155.48444716689,261.899656084818,373.094780226831,2366.78427062234,1254.24220811041,2272.33851294178,1943.35572984616
2340.24107718969,2253.86089112919,1925.89525874181,1324.23598072702,3130.19044418298,1518.77303114804,648.002411340288,1208.69818301046,2589.50813328462,2273.92999269601,1655.65371297076,1749.66828090329,480.966442564276,2014.66865698584,2378.06601222635,1065.42636747741,0,1235.21306037365,1163.18191126364,327.521747131361,2675.21212805212,2809.4574273907,1935.89257755314,1167.63617338827,2415.34135811463,2745.73001521286,1067.44046405778,867.775253318473,2291.33981409118,2453.72233184602,2098.30613432084,1162.9355465564,1863.88706186306,2344.7203789651,1224.39138920126,756.80942504378,1223.3636252787,2942.64182499048,2737.20099815776,2129.82919542378,804.141566919781,2150.4815571231,3036.51970336542,2270.0797280765,2096.22679664044,2860.50262581986,2302.31896025049,2263.04909781784,2215.52463009118,2914.81426002444,2870.85990625292,484.222694844505,2250.09134497495,2067.50054409732,1609.13287918624,3339.24020580347,2020.05892399456,1120.97039454217,2574.37349442637,1414.14515798294,2213.67621631083,1942.50405860196,1158.9840232503,696.08937967053,1915.5081081701,2271.56394474705,2241.30647346869,1823.49513871041,1023.08057384751,825.142684404869,2210.40271618074,2774.56937183148,621.80688276205,2871.09586417299,2261.81232700759,1872.43082933636,1949.19264933902,2305.38082174237,2171.54004261267,2299.02829221552,2211.52730665347,1463.70178557158,3367.83652127707,2457.68103951075,1912.53504783671,2055.77428044721,457.213942989796,2234.91525620182,2264.74263109797,2974.91448049182,1473.84315207895,2193.85849512593,2170.47135606052,2214.24662702235,1837.09944215717,2533.77948856166,426.225835379652,2265.56957670568,2643.71230530022,2203.84037617608,1213.74013352789,277.952644207661,2316.68364375421,2144.3840950305,1335.2506150073,673.457814269967,2259.9337103674,2272.73122058204,283.177976670564,2364.40991005393,1244.00133843261,1921.80917492487,517.982328831338,2582.25601528455,1792.98075163276,1065.99167695084,2212.88840523702,1722.91446757177,2234.55765733769,2186.51999931062,1173.4234885474,1113.92869284222,2296.17913872165,1642.67778864416,2290.42027385247,2068.77381168069
1924.78944796247,1668.08232134281,1440.24415856712,479.718660840557,2773.07510976226,1486.48896918013,730.047045828515,198.064177400005,2259.47481300865,1901.09059221098,1660.55372794853,2784.13395688927,1681.0446940732,1279.54256815934,1941.73456399008,435.243759436978,1235.21306037365,0,292.349387313693,933.094383031245,2305.24947338079,2398.86805528364,2306.2594606899,123.896021474735,2233.81112049351,2370.9170764138,270.527963882522,527.630458249173,1848.06319143681,2302.98676329899,1818.38934915337,105.396718820284,1698.63619504763,1977.21539292502,201.899227124084,481.567199397059,455.572195659342,2543.38026837182,2345.45171550935,1568.93874656511,2011.20953836353,1467.14984192155,2696.02696901561,3091.9761498069,1916.62822698185,2624.71012070361,1912.84163735516,1926.64195308706,1828.681058168,2505.11967225304,2528.04986030967,1377.47680600455,2001.11480550074,2512.13008241467,1615.24337698481,2985.92743163243,1738.98766308156,154.84298323304,2293.20517530228,800.959187311006,1630.44180440712,1726.63236681747,2250.30307000029,672.712978723703,3093.70714485661,1813.85697611148,1896.37260804391,1219.58815321297,422.724829273396,526.709906395679,1680.36792156444,2659.1268694847,1557.67057265588,2651.21516961533,2060.41104675149,1420.98154774297,1523.10239062142,1863.99797751323,1892.06509865651,2169.82348440813,1548.53235461217,687.558271793177,2999.61291797186,2468.98043306633,2185.34783381355,1367.26544681305,836.690515006167,1703.4676788292,1610.54965145457,2701.10161811553,674.142067553603,1576.09860110032,2030.42845256915,1688.12187588235,1875.19391385574,2419.0132049452,1639.36946549495,1739.29737040537,2410.1226421037,1609.61641490472,204.201960643553,998.109086100375,1947.08199565303,1774.87093601811,666.223849272378,1403.99957813959,1799.1885229511,1870.65473069583,1004.99483689585,2024.58825400467,404.130800121176,1175.29754244068,1702.75001749748,2216.45922418577,1528.55945354244,1053.32446419217,1848.46802448715,1103.22584397928,1959.29060965803,1769.00678570407,176.351173322393,121.861027481503,1996.51286378568,834.654667043028,1885.0625994896,1544.42177941375
2205.52427472129,1956.93346649376,1719.68322626208,760.077413138569,3056.12639350469,1710.62722527527,559.539021669239,101.027763676039,2536.94617991463,2178.13578741811,1886.23334783718,2822.84936873397,1636.42938667757,1571.29696622319,2224.16400375207,160.232017216313,1163.18191126364,292.349387313693,0,907.079426381565,2586.1715792819,2683.16169651057,2491.81637450357,375.452212531053,2497.02085757708,2652.68068427804,111.892476529928,667.830528135777,2130.01505080136,2563.82216654082,2085.32923038416,348.831381087492,1949.47521867232,2254.75785510665,479.473678593906,490.851930139131,718.799795663141,2827.82497143004,2628.18585032174,1855.62564924948,1964.89369748025,1758.44494794343,2977.54862227972,3196.98932341952,2174.34212263644,2897.46272785766,2191.4108959712,2200.84025381743,2105.94859422041,2789.97740000492,2808.66482727244,1406.23665141908,2267.95558588346,2688.79766810435,1838.97970713874,3269.75465180553,2004.49875575905,174.225759161282,2566.87083466884,1072.21503379773,1918.88775149863,1984.45399169191,2261.643649446,500.423008474976,3070.58731420502,2096.46889627854,2170.91648245157,1504.31121735491,170.822225128482,349.732011636995,1966.34243901693,2920.39613728545,1591.33468114875,2922.76439693219,2323.16601251446,1696.95830444256,1798.82942219154,2145.98616029976,2160.25788941323,2426.24206101904,1839.62356320264,972.10517764819,3284.38473580124,2712.86218886251,2384.72082328041,1658.18319693968,717.353117706654,1989.7478077133,1901.66361601853,2977.67096382802,960.358060637789,1865.71850408329,2285.68600330519,1973.93580050539,2102.98405769401,2677.40907368547,1586.55432082572,2025.60335531581,2680.66617317188,1898.42870522131,478.403386719999,972.810164768176,2224.43477093824,2049.83024227772,935.814675348507,1472.90370342921,2081.85468808793,2149.72404881938,898.039530074636,2300.3598806873,674.99917753386,1466.81415003551,1666.2194860786,2496.32803648821,1786.94872303604,1241.24466730928,2124.07013509223,1386.79219837845,2228.14491306757,2048.01011309238,116.813080597077,262.463995459718,2268.28854365185,1125.25109477712,2164.56710441515,1828.48787319032
2084.46554410025,1968.95631179461,1647.48888117782,996.921922783984,2899.34528472206,1308.24777117584,491.52235028712,935.210729716757,2354.95899337372,2024.20081869385,1462.27346695728,1923.82045454864,748.015824696144,1706.66016935772,2119.48544878065,840.275044668448,327.521747131361,933.094383031245,907.079426381565,0,2434.64483008662,2563.59946911797,1857.34588258059,854.683750251508,2207.36136835757,2505.50573035839,801.589883729479,540.447744022716,2029.61122820525,2253.42612964285,1861.17289764988,852.662077570455,1641.61683988615,2097.70181530989,903.809619337108,451.931164378309,896.080388797265,2700.9754460953,2493.63818351195,1845.81338348606,1078.35829837309,1850.73051998173,2807.62241811907,2358.46581000987,1879.52616654324,2650.22871713351,2050.27638708783,2019.79523810277,1961.76898556186,2670.77151191279,2638.92783392464,520.430934237395,2023.61057880288,2016.80218681804,1413.43098269582,3111.86574512838,1780.15128038434,834.679997521618,2349.20638832591,1100.97060309241,1928.31111965247,1712.80002144851,1355.27581449373,517.486662426432,2170.47676149586,2006.93841593005,1995.88283495022,1525.78852685855,792.819786380882,604.204902242301,1932.80542569323,2589.20474475488,703.112027356953,2664.39740036125,2045.5219400513,1597.54618883933,1680.93472285232,2044.30067834617,1936.71580650487,2099.48813603436,1915.39723436118,1140.78993775455,3137.84823461684,2295.40534109406,1803.56490793337,1753.61646363053,313.454727384668,1957.64996357732,1970.69664968961,2758.5927741523,1150.01327397313,1903.30154841894,1964.73501364904,1937.33363187225,1660.89205670779,2343.45994497374,706.814524281428,1989.77025590772,2429.79343297224,1916.72030163872,893.031224985822,66.197811049546,2068.60454572478,1891.80150234641,1014.68115502096,641.749328276662,1994.52892158833,2017.71638876193,266.978143608723,2123.04116279859,916.515578880632,1610.94900677398,771.034046305479,2340.70493363364,1547.59024321893,817.285115223589,1963.1129615908,1420.34282458682,2002.36446278382,1926.62065412263,895.692673839326,814.330089229603,2060.83802347109,1321.65436576798,2035.25523946693,1788.60987665892
380.652434033867,684.203408835261,866.628204090769,1826.87643837828,474.367290144847,1167.97837714478,2727.98462471658,2501.37147940546,105.431815795385,417.629316835909,1067.24584990432,2827.99333622634,2749.40668772471,1094.84835067929,365.299343094506,2694.86343099916,2675.21212805212,2305.24947338079,2586.1715792819,2434.64483008662,0,145.314107302628,1405.22005703475,2210.75697894339,405.651567672915,70.8648656036909,2519.58339994888,2068.23438721067,457.610666264828,446.588844745281,576.922175730304,2237.38185953545,819.972856578925,341.049957487917,2107.82715826018,2342.26188249257,1871.03135646971,267.434058795917,69.4945528113474,752.362432207062,2924.47435677835,915.803038451909,391.595140069485,2504.08685977952,610.656228410389,385.29970272382,398.317673684382,414.921892326682,486.943876473283,241.56148087844,222.873445006298,2304.05841241712,441.407180961011,1558.49043709776,1104.59564345183,689.922184560921,655.728597535169,2415.02384586437,188.065336820853,1517.48007754407,712.272896267131,735.2853377012,2714.69230594386,2701.85457151615,3464.23322479765,492.819931396674,439.724771766028,1087.93610795012,2661.81925233273,2636.89606486901,639.675942686575,580.930160633279,2318.89161233677,423.566646346426,466.586176393384,893.389945727614,793.36523141972,441.758604505136,504.672682075005,530.020571163838,839.670617955184,1617.90097332322,710.357284812138,755.067410189624,1242.63568094124,993.929153163358,2662.01525127182,619.916482336268,788.611189116066,413.607460085499,1632.35163404537,780.340048282264,587.516982931516,631.03067068183,966.420316533015,510.650232482275,2769.04222869848,585.994974375704,280.795705187581,736.653344682848,2108.22377055091,2443.92806030243,371.312364041397,551.5382993926,1653.5513071241,2116.43457524618,507.528897175799,438.218978265392,2697.46172981034,311.668726621015,1911.54306616641,1181.52908603581,2719.98660666213,94.1693242505553,887.061810399515,1618.40525455311,477.163603585194,1202.47909655667,445.001084275495,539.468608119211,2471.19131938249,2327.63447807404,380.645541186115,1488.95487362033,422.59748628082,763.962238254121
487.6561320079,747.908888429242,969.176209286369,1923.09194546306,376.483050556925,1307.67776987905,2844.99226140924,2596.06152208962,249.420947044487,539.689737067494,1210.8046937596,2968.58944541383,2891.33210629268,1160.70346866499,461.818703795442,2796.54630151171,2809.4574273907,2398.86805528364,2683.16169651057,2563.59946911797,145.314107302628,0,1541.0390176985,2308.37401208218,541.73453564491,89.946224133093,2620.41514241958,2183.6804269983,556.567275241633,573.720213591928,713.200132126417,2334.96978794763,960.456101792862,465.97183035671,2203.80355906716,2456.71105751277,1972.34433263689,144.710891582113,76.1645086984709,832.491351625156,3068.80006064133,975.006122467548,311.658213666266,2630.79644896178,755.186255938458,406.150835260356,515.325647419983,546.414138880798,604.68553219882,108.635687101449,177.645111167609,2444.25816014172,585.459992567482,1687.98419418465,1247.44438868557,587.161290820121,789.667159187986,2513.58763737567,319.960452766995,1620.5352665621,780.789041588075,874.000703617956,2859.87516292128,2817.13663494948,3606.73697408727,588.168761278482,568.569104666768,1179.32244771394,2764.96177028597,2747.42635607374,719.844588012479,642.88668645737,2461.67901780218,445.887801165336,611.812769463654,1001.84106836838,904.578843602424,540.645133602659,643.284294919701,669.854151322248,895.099573609,1711.66994798449,601.343794923696,867.446835607542,1381.46996972793,1061.24115515184,2784.70933589308,697.623520954429,839.027999039843,387.139849915017,1724.73040083699,844.643584063387,732.470639778275,711.794343275245,1111.69619606427,620.69581829716,2910.22302343176,662.101960576567,378.926482148537,804.078821269106,2204.76035970735,2574.63248807976,494.998656113609,673.024499211862,1755.67887277805,2257.81909656189,602.610793390333,551.297061621874,2825.06675556267,445.973141931161,2010.3982291517,1253.46867246929,2862.40020676806,230.57426316523,1017.63958831501,1749.12546262495,600.66097113222,1296.3913953647,586.210337042167,649.352579301349,2567.39666204161,2426.86253668266,520.697077463066,1573.42647045415,534.379082628423,854.708754379083
1332.4968766774,1573.0089599279,1375.29533894693,1917.67999849519,1676.24601273739,877.780921059884,2320.32924220469,2451.1180618443,1301.48268402053,1247.33194227603,739.360177211787,1441.97043450362,1768.96746268624,1748.41598699307,1377.29360511065,2520.53572685577,1935.89257755314,2306.2594606899,2491.81637450357,1857.34588258059,1405.22005703475,1541.0390176985,0,2182.55614306221,999.924554006898,1451.17969123228,2386.71896003446,1824.3169265107,1361.42858522821,971.305948911767,1071.75843515102,2203.56848334571,907.896277619843,1259.39551062301,2124.35435794102,2047.42430436038,1885.48023525129,1606.599524124,1471.57096628818,1506.1870583324,1812.2895269477,1697.93931623761,1587.2714907391,1130.47731336373,915.076939092405,1326.52493586762,1280.8604669833,1187.98929974209,1255.29753739407,1603.97335046849,1479.94919304326,1454.73979452869,1048.92671738554,222.584144275607,766.42176488414,1828.29834799496,1069.58959158085,2331.69110422103,1221.17261197395,1638.3641146598,1558.58383173596,972.984577004893,1460.2436506944,2326.47499965786,2095.58883576616,1378.5216282827,1196.00448857131,1545.2592184661,2472.97282081371,2346.12905579653,1475.52350747932,1114.8712448802,1360.66591302549,1312.9363124936,977.917819713744,1327.78350587646,1287.89489635367,1362.43671442643,1080.43919352731,877.304521576771,1681.90534147631,1806.95119436807,1869.55440563673,748.780245240314,183.471116410432,1685.94053903066,2166.56565439816,1483.60750551751,1683.21694082083,1455.24085827265,1831.57152087238,1607.15314728738,862.040727544678,1470.3759822617,601.278654880571,961.022266894175,1814.63107222127,1483.51822993828,1188.82999670987,1573.18138524738,2117.73265149132,1826.80605203579,1254.11714848619,1215.6676880589,1731.41080798042,1262.65700327986,1380.22389171789,1292.42265962733,2102.16995918038,1222.86749651119,1944.81855772685,1751.28983504813,1722.83535793624,1351.91512157267,1070.62565506478,1254.83631820521,1220.00417632193,1573.24546579635,1086.19464183276,1296.85998686488,2407.39033123716,2253.32495169455,1139.71440070119,1822.7534910395,1302.23241879777,1441.407851078
1830.11602832317,1585.68791338438,1344.23855991102,385.608535018322,2680.96224960592,1366.03355307955,717.401365079057,295.999098914962,2161.62264207905,1802.82713820523,1540.53355582132,2676.21899120171,1599.54068201247,1207.69438232067,1848.97155492149,495.128767885677,1167.63617338827,123.896021474735,375.452212531053,854.683750251508,2210.75697894339,2308.37401208218,2182.55614306221,0,2126.28958490839,2277.34070011725,318.577904899147,411.738787607805,1754.75360883066,2194.29606178885,1712.77716960749,26.6249149397184,1585.35736987915,1879.40436553982,108.823418892985,411.772924539826,345.449241007223,2453.06496554079,2252.99939854047,1482.36794116242,1928.41116514573,1392.48489626818,2602.1653758551,2972.41022784195,1806.29926110177,2523.13142218621,1815.97984783357,1826.0170587576,1730.60818222454,2415.37513457932,2433.22692806659,1276.55113892226,1895.52192392649,2388.2558579651,1494.83949807428,2894.75379346039,1632.49975986,205.805097876932,2192.24340666991,697.472112988948,1547.18861239924,1616.22960062786,2149.93801754708,663.816512511343,3000.76008735892,1721.33523180799,1796.01309011943,1130.15950912889,471.353968221978,530.456601428993,1592.54508307361,2550.76773793629,1454.37627266012,2548.7951416146,1952.58160560941,1321.70503715847,1423.63378930029,1770.72822287611,1787.24931256418,2059.06210153324,1472.86036051987,598.804688254131,2909.67816154085,2353.82925819321,2062.34908465281,1291.2408709392,796.947979004792,1616.12637430057,1534.8731972346,2602.50222028073,588.393755259961,1495.67851901752,1919.10583887,1600.04080005883,1755.73804263333,2309.22613890973,1560.88495138968,1651.97881206931,2306.97536889108,1527.18988774938,105.346297692988,918.064580450674,1849.09744374797,1674.81899367359,561.258735744443,1293.42790908237,1706.73557953806,1774.27534390426,955.222799447142,1925.2480251302,299.649121371248,1102.41527823257,1618.49028191849,2120.87647954911,1418.26050332909,929.434868893358,1748.95852595072,1012.24333920812,1854.91656046791,1672.56074178414,261.568459587691,122.569629484446,1894.1072759044,759.213538000064,1789.11497426711,1453.85234958596
470.114699438326,814.265879791189,836.993649675138,1757.94921988327,744.365925371112,900.277713369332,2555.0399960771,2422.25539123343,303.280385409637,422.63928623854,761.523787468023,2427.96520481674,2434.86410449669,1168.3900808373,497.781606834773,2586.06159115694,2415.34135811463,2233.81112049351,2497.02085757708,2207.36136835757,405.651567672915,541.73453564491,999.924554006898,2126.28958490839,0,452.14473933883,2416.82537594547,1913.32881499427,540.337648326292,80.3844760379897,418.607499321434,2152.44864427284,571.26565945079,379.249435148299,2031.96550173064,2186.37713418218,1780.91255643723,620.597280267409,471.646417824404,821.839433677678,2583.4211301047,1025.89751914622,648.663544691382,2101.24461995286,332.271639792596,445.161537896452,437.929883995462,366.247044113905,480.843608961533,611.946790595684,506.040595196964,2007.27983290237,239.854836155868,1154.35858660153,806.80924271199,938.916144657895,495.360412468364,2322.84059382163,221.887390813524,1433.47350282548,823.905811970664,516.921779164368,2341.32242072627,2536.88336925069,3069.11079732573,574.873297641282,394.573468512909,1076.9820976761,2547.78458613858,2493.19866258336,730.574121159179,426.140175167732,1999.02189476974,457.17114205219,173.879628059531,834.955777165797,737.315638104531,531.17267108192,350.522795750771,133.71048430536,969.048940982638,1565.83721309311,972.606879129105,393.460398667996,839.989340654457,1072.211831115,2463.57816802497,722.727680668805,937.726800941868,562.35245767336,1584.89019495073,893.180293933077,244.909621468002,721.979708973159,611.3470253764,202.592869748515,2460.76382274408,701.481564099961,232.556552395027,847.328768725046,2030.23044204179,2206.96331999387,395.221725259525,501.988997833064,1567.58942752905,1811.66047002165,585.45729165645,474.840443513203,2474.17244509409,319.909890701864,1829.86871956013,1229.40478325918,2401.14830123293,361.483236429672,711.619588426731,1397.33425758457,445.465162155786,1172.78038564349,290.130014732974,549.814699002339,2386.94077332787,2234.55993143099,282.724313647314,1476.41358991824,472.123988558693,795.48734162355
447.634471883691,739.496119822298,933.687813382943,1893.03869288638,405.313633557084,1237.41023389139,2798.10614454346,2567.33312862169,165.709180926638,487.727448502791,1134.36463165322,2879.54402031643,2817.55505264874,1151.8287313211,429.350740167226,2762.40951035914,2745.73001521286,2370.9170764138,2652.68068427804,2505.50573035839,70.8648656036909,89.946224133093,1451.17969123228,2277.34070011725,452.14473933883,0,2586.92706536858,2138.1070885926,522.869067946072,483.913661403896,647.426577042478,2303.96444872899,889.227783858001,411.389360430038,2174.01004582726,2412.02350349839,1938.35246917901,197.111465237699,39.80488192629,813.191979714325,2990.30497636778,970.226528401536,325.124332063802,2541.40488521354,676.80466474765,353.87177077156,467.549538957609,485.785537163023,556.497146625318,173.383379188911,160.688731705118,2373.1285649033,508.539597991449,1598.22109506779,1172.34788245577,620.713808061675,726.464299481751,2481.85852635533,230.272674657103,1585.06376202943,769.287568498593,805.193930230938,2775.47420959187,2771.75668641576,3518.55024232391,557.242324820883,510.51498321155,1152.48945771173,2729.65980184644,2706.08739426405,700.187417997135,573.031888811873,2386.46225096693,393.431195906455,528.544366668009,961.732709765521,862.151361135181,506.925797617964,574.769880989745,580.996265987222,892.59106425383,1683.3990129955,640.369546480576,780.433435035119,1292.05599317668,1051.2234806737,2732.67865126781,679.585623312963,839.587226378915,362.74361852973,1697.51086756507,836.154934397696,647.907331717271,691.696180877852,1028.27411166124,533.810562695677,2837.61772260842,645.014916967208,293.781767721828,793.383694354915,2174.53711624265,2514.74243962194,441.550057477649,621.72853635686,1720.98466157904,2184.95350688115,571.937239599165,506.794337814393,2768.32432558608,382.507839428533,1978.33580735546,1240.56916699444,2787.80821572022,164.966653550357,957.920267865665,1689.23557503216,547.524023504585,1267.77884575275,514.272530875938,607.628861113144,2537.50158279347,2394.60062230786,450.47999196638,1551.95442689876,490.853240254352,827.894770570823
2139.30495150418,1902.55125790865,1653.2523432318,701.420767213631,2991.44534848377,1615.68813886528,489.385043561589,143.897460429745,2467.03188033947,2108.4018570389,1791.32241010354,2713.45479161071,1536.74825688599,1526.26436341996,2159.77502128431,176.999294479196,1067.44046405778,270.527963882522,111.892476529928,801.589883729479,2519.58339994888,2620.41514241958,2386.71896003446,318.577904899147,2416.82537594547,2586.92706536858,0,562.540457528519,2065.25108031141,2482.16903670438,2008.14790738292,292.948566519295,1863.86030900928,2185.33627714306,427.262780902657,379.168712510572,648.575536976828,2765.11959650043,2563.57334462095,1797.62795559389,1866.18114033429,1710.97147570676,2911.17850642182,3085.11587951138,2091.62188131816,2823.179599196,2123.05509736718,2128.65653774726,2036.55092574025,2727.86461944285,2741.49104154892,1296.47445740183,2190.36442616415,2582.16110358703,1743.58839783194,3205.85332484787,1926.58241193969,118.073080209916,2493.69184772987,1002.23285177294,1863.78301648323,1902.18439128868,2154.58216133139,429.947449336556,2968.94397816382,2032.5204545567,2099.06731043839,1444.5353089752,154.430124797841,277.224442823715,1907.02260567206,2838.56357643909,1481.45487609026,2847.54738696394,2242.97039852068,1627.44068063511,1728.80309523199,2081.23343538471,2083.75294453889,2342.4288756087,1791.2393244152,915.248368360487,3221.71076338583,2623.00222269456,2282.31083443382,1609.63397622573,630.402023357209,1930.8351956578,1853.23615978329,2906.4413260616,905.824396007104,1813.18803216283,2201.51261867858,1914.36587233507,2008.2890581185,2594.28092212601,1488.31118548116,1966.6587339999,2604.99066185432,1844.08699105929,423.86670804825,867.595935314983,2154.89370973074,1978.56103005558,866.039918177383,1361.19214502904,2017.99739596471,2081.92468989699,809.323771515063,2229.30391462659,610.592596739332,1420.99300079341,1565.15968691805,2428.76599532704,1705.48328700035,1139.12404371126,2053.18683365755,1326.03896330939,2151.96123547482,1980.34622599921,118.674178112729,196.251491935018,2194.11371081033,1077.78750384915,2097.16681040204,1766.88433220432
1696.02718209543,1519.7747661902,1223.05803214391,456.478214332324,2542.30734452995,1069.74837963659,662.008829348849,634.809141928095,2002.75775108953,1650.6369669726,1244.36101614217,2267.54447944338,1246.12207687366,1208.75189053599,1724.04249659456,705.602399698159,867.775253318473,527.630458249173,667.830528135777,540.447744022716,2068.23438721067,2183.6804269983,1824.3169265107,411.738787607805,1913.32881499427,2138.1070885926,562.540457528519,0,1630.00311751071,1972.89214175246,1521.25225066189,423.702230550649,1346.45696738109,1727.45313065998,413.484073106273,274.705229130013,355.633229958619,2326.61827384125,2119.82306675788,1401.66398772272,1567.72342426161,1370.00485894107,2456.05783136569,2565.36952419425,1582.14171638521,2338.08713209176,1670.88947143009,1660.20635226403,1581.69683536635,2292.31604792723,2284.95339459915,881.249418406957,1699.15789001076,2021.05342344255,1195.5888648271,2757.8342992441,1438.11182445972,513.563646158334,2016.04255403186,604.098414161395,1479.01776667266,1396.84249275353,1751.61066410353,633.664099194355,2613.43729833906,1601.69852939345,1632.5441845735,1057.74788718175,660.652762238315,580.099697674203,1500.92615870293,2326.31484906803,1053.56949255162,2358.77233441232,1741.18986443273,1183.76108918261,1279.23330437666,1645.6593644905,1598.36675732336,1826.68341838024,1441.86580727382,611.201070610162,2778.4763607642,2086.46676321423,1720.57279829277,1268.97227957016,631.608499630406,1525.85599097777,1500.90519751947,2432.26419496748,617.606810355987,1442.75110415251,1685.69303494731,1506.86874034758,1460.88473136021,2079.09994585718,1216.17160333221,1560.40597384911,2116.56019267348,1463.71078922257,402.862604159979,592.672568670595,1697.06272863845,1516.90375915372,495.206569484781,883.498240657668,1587.95290993653,1633.00810418379,731.940253603004,1763.83630002335,378.488970394094,1107.51779599975,1257.70356565339,1974.68726544953,1206.78842973593,578.77840561295,1591.62232864958,942.89690163587,1666.8343438864,1534.33479746659,590.011389051386,443.993503004777,1716.43030414368,795.558333227534,1649.65472759881,1355.0385217232
81.9998701533225,274.385680097319,412.697884148299,1370.23414704953,926.315797147159,844.622459247499,2291.9011139666,2044.46881830483,424.577863247149,124.358358876016,802.441687528283,2691.09327512115,2419.88307163543,656.83240766664,94.7527953929161,2241.08320345884,2291.33981409118,1848.06319143681,2130.01505080136,2029.61122820525,457.610666264828,556.567275241633,1361.42858522821,1754.75360883066,540.337648326292,522.869067946072,2065.25108031141,1630.00311751071,0,619.967205000572,297.088136439584,1781.37420435908,533.709769772975,164.671351693987,1651.20139254287,1902.14860111199,1416.81233956014,700.971174337215,498.36067444892,304.816207702779,2629.50443165046,494.737392514007,847.965112303407,2491.81062420874,446.466814058083,805.798459407908,102.494725889922,187.823673986358,109.173820362876,664.856270789118,680.473362765323,1961.29389255208,342.023098995357,1557.20476513677,824.29824892691,1140.60688289368,332.544914668016,1959.48431520353,483.373605729976,1064.33460716723,287.653095946406,441.584986541749,2485.47952471756,2262.85544169253,3293.72546150401,37.8195107915981,170.294037853073,630.355746584399,2209.01891074483,2191.1950289366,198.367805533037,920.628133388624,2003.80711132081,838.515585621445,431.464298446818,446.396593484215,352.071310342315,15.9826554097916,281.707280456865,577.60846774444,431.500992414368,1160.57183908605,1157.04367276126,923.14938645597,1179.42001644873,556.333423626514,2237.93168574356,185.811438200996,397.472410567116,862.759144948136,1174.83546565524,358.311404347816,518.254873386394,189.371820300809,795.455392323828,738.127527604206,2431.6613314491,161.452945138468,616.946857878754,311.968570892722,1651.78371115156,2045.41065733696,145.166407102321,169.852892314515,1199.78579340665,1787.09591168695,51.8065431391224,71.9802000720497,2287.10977710392,225.491707079776,1455.98603299934,734.890340313269,2396.33443449063,371.450773703231,512.579230171366,1225.34813756372,141.661135585898,745.007823379093,291.739578083039,105.759217541562,2014.73138601662,1872.38979677413,264.125716493568,1032.39640083026,69.1131904823292,307.085405334341
548.671039786107,894.096864515469,914.439140160782,1828.43901095653,735.545896789137,945.191111537254,2610.22134789903,2490.29278739197,350.420860655228,502.890444420206,798.088797293291,2407.56621248458,2458.27690046628,1248.42586838479,574.844948987396,2650.37469381142,2453.72233184602,2302.98676329899,2563.82216654082,2253.42612964285,446.588844745281,573.720213591928,971.305948911767,2194.29606178885,80.3844760379897,483.913661403896,2482.16903670438,1972.89214175246,619.967205000572,0,492.773667720928,2220.34989226325,626.986810142602,457.995481520861,2101.08894455864,2245.03784505747,1849.15658184193,636.197557199423,508.450352752306,902.193015971908,2597.34652028335,1106.2682774084,640.980325446194,2058.29906613557,391.368836393891,413.821987060201,517.665589514553,446.626914630763,561.190425985665,632.669677046371,513.005317759434,2037.16779792749,317.336084691781,1114.31561218952,845.013179241576,920.323262055927,567.149545170299,2389.59784605236,258.527923211957,1503.55238358326,904.087511914612,580.0315355686,2341.14902296857,2593.37881120476,3053.3220115537,654.756470259165,474.892710315708,1154.21450852651,2611.50153245364,2552.98863457307,810.839644697236,356.575170363188,2021.83147682764,419.325990433939,243.996474975223,910.662264104205,814.003141896483,610.532609007991,427.225770789814,154.714871371798,1049.20117909938,1638.42596447728,956.254595938081,323.096270688774,819.576196815993,1152.4217771406,2514.56670324944,802.818821899717,1017.43199723741,538.18823607153,1657.8134669926,973.445025898289,290.103824971097,802.229364290756,631.885853405491,122.990049779878,2486.06795424465,781.250308401264,223.633811793606,927.559320366047,2099.13563588293,2251.0110718729,474.801988230573,581.344385184475,1636.95909290162,1839.87400815263,665.476856116091,554.959099241873,2520.39803406354,398.105719491745,1898.87698841213,1308.71810190906,2423.25399947749,416.132164663245,776.930202372361,1447.90894604659,525.691740462082,1248.48443407995,368.787273090707,630.122238792259,2454.47580563095,2301.38488085302,363.108607170277,1552.24125682207,551.972754795441,875.390147075647
292.888069486851,508.325974614098,427.373660711787,1341.11403454741,1038.28627361707,596.745257528993,2174.04421143427,2008.45176864262,493.787805221046,205.665815025912,522.216041749914,2395.60775535489,2183.36015811774,785.092106232059,340.064560758443,2179.43260519422,2098.30613432084,1818.38934915337,2085.32923038416,1861.17289764988,576.922175730304,713.200132126417,1071.75843515102,1712.77716960749,418.607499321434,647.426577042478,2008.14790738292,1521.25225066189,297.088136439584,492.773667720928,0,1739.09239268817,255.661118574198,258.783708188727,1616.7512253894,1795.85090106869,1367.38213799407,844.356189372169,639.714533737629,466.250887119252,2374.31367465624,673.965090024892,947.194474874819,2200.77912480906,168.946966317085,817.938081779721,241.225914855597,171.18628229122,187.984926251371,817.130428855332,777.862202060472,1732.77592624187,182.764623703094,1273.48986732544,551.045863671501,1251.5102184169,83.1798453631781,1911.40072901935,495.448691440246,1017.45380027105,500.402951073512,163.944430808967,2205.41908069646,2151.76787483106,3002.69874518923,308.915812448286,158.112232471064,665.049285438426,2142.58619262794,2098.35725391693,410.789401828739,844.541736949029,1757.585199358,840.467029526982,249.652762022794,418.560512040695,324.605251429079,301.530618322262,77.1816932455274,384.960371760771,637.255252455337,1147.38442276328,1276.79459231066,733.972370448948,888.721798973568,696.784908005779,2097.23575892748,415.589853435599,626.036271286557,911.479142901938,1166.33196106799,558.908287299659,273.481059524064,404.578598184377,498.368541033047,614.102071391959,2200.28634945538,412.523131625512,597.656704061464,518.745521234723,1615.3448100551,1868.76226921208,236.217593340688,144.699852563322,1152.46173838556,1548.92193335356,309.361007677071,235.578124746354,2125.31945428066,267.253100987989,1415.00423069758,832.213675411386,2156.13485879214,484.272569275351,317.14977339375,1043.98162048578,158.196545148735,756.10394896861,145.582364799638,225.324833684925,1974.01451963586,1823.08698807196,199.72724903061,1059.86865982851,249.754036210015,418.364228425265
1856.74094327598,1612.02144861924,1370.86223986469,412.144054589735,2707.57907285888,1389.7547298194,700.436313254708,269.982653072793,2188.22073936074,1829.4228255729,1564.41384552403,2684.8204897593,1598.89555137608,1233.37004995794,1875.5890319438,469.250932810222,1162.9355465564,105.396718820284,348.831381087492,852.662077570455,2237.38185953545,2334.96978794763,2203.56848334571,26.6249149397184,2152.44864427284,2303.96444872899,292.948566519295,423.702230550649,1781.37420435908,2220.34989226325,1739.09239268817,0,1610.88856989604,1906.00619790895,134.34969922202,406.181426920961,371.718921891132,2479.65942596754,2279.61697232918,1508.8517076445,1928.23947093685,1418.38348941577,2628.79012628863,2987.04460067889,1832.2034119744,2549.62622654976,1842.59409163498,1852.55744710945,1757.20801719799,2441.95994135093,2459.85109557822,1282.17193471692,1921.83054759379,2408.62773878799,1518.5674031297,2921.36253916066,1658.76005152061,179.42255158676,2218.76559378225,723.986071437327,1573.55569904551,1642.1378555456,2155.53788880841,646.10427588669,3003.88893008545,1747.94952341746,1822.56189200647,1156.70320330111,446.167947834794,510.40642042954,1619.07033203616,2576.8407006375,1460.95477011973,2575.25566542164,1978.72200803177,1348.29232276123,1450.21420561151,1797.34867799604,1813.60973533072,2084.90340093332,1498.83225986578,625.247507069586,2936.27036359399,2378.9889357819,2084.40096647365,1317.20898443369,785.295022478313,1642.63926951866,1560.85265606397,2629.08235838327,614.703345039814,1521.91393512085,1944.88619295738,1626.57314093606,1779.80962825363,2335.1661225126,1559.35546534754,1678.4924470783,2333.40776828101,1553.5206595804,131.435952741038,916.589549975056,1875.69701553081,1701.37901788372,587.740735189029,1303.03603320053,1733.3490658625,1800.89412079157,945.994297662193,1951.82033286863,326.241131086487,1128.13896472989,1618.66838174065,2147.4984927559,1444.19629061777,949.761174244367,1775.53022531352,1038.81476193719,1881.29924676299,1699.17977748046,235.091263218302,97.5752422286325,1920.58279645174,784.99395186856,1815.73647066321,1480.43486953454
544.313630597944,684.013214067849,470.675802775165,1234.42714770547,1266.38978326853,348.317766750303,1984.08806797816,1880.44120947665,728.547863701321,459.376879487074,269.301265669684,2164.32786673033,1931.40009558644,848.716020854685,590.749638968133,2029.49726202821,1863.88706186306,1698.63619504763,1949.47521867232,1641.61683988615,819.972856578925,960.456101792862,907.896277619843,1585.35736987915,571.26565945079,889.227783858001,1863.86030900928,1346.45696738109,533.709769772975,626.986810142602,255.661118574198,1610.88856989604,0,514.226146963517,1497.50882482306,1618.17127721648,1243.0796124305,1086.04150726257,885.522708015249,603.166344663949,2118.87331223835,790.222408928587,1172.63320828129,2019.55488682905,239.370004750552,1009.72457585117,494.271645642102,426.328206491091,427.6909140668,1061.52413997949,1007.51001211417,1484.11051939928,386.318107927155,1123.5950271601,295.592402838847,1475.58318990045,201.171306951806,1775.52009006542,710.691194652511,911.419731939827,663.514837376719,93.2317824869077,1953.74732846825,1966.61204436584,2760.80086298996,535.584935154181,413.536324324897,667.047541197918,1989.51875094014,1926.52456168055,589.871773495582,979.917643038046,1503.7413967788,1025.68490479021,404.464614782034,428.888305700793,380.086838706802,541.551216475582,318.068152501363,480.515788914649,777.740331472389,1062.59531959651,1503.94957829763,773.248277411185,726.584338462838,780.20248276199,1892.93861202334,603.037568537112,784.846606575589,1117.00716873336,1084.54562161735,705.323532217356,339.372812805363,586.461488940898,306.645384592037,733.053717961103,1949.785115881,611.887259274865,788.546147345829,675.171758475962,1494.53651692326,1644.36587607395,491.840567476116,364.368911695279,1038.53567458464,1297.49667929949,531.629618101478,482.1132892675,1907.86474723127,517.499723605818,1296.04708935868,865.447069946524,1903.26420846155,729.940644155634,189.276684593652,827.670701422151,406.101321193718,724.644749691038,374.990008079077,440.378620530123,1842.86497563413,1687.76690299817,439.802026473806,1015.03305349574,498.014237808698,535.573041439651
90.9371315407782,438.502836443694,537.557473018473,1497.65490861823,814.854286509061,854.165674813122,2386.96653519309,2172.01648080455,282.290562969778,77.1717671071276,778.689008028055,2628.14078886163,2440.93071919935,816.845903866255,124.539423128024,2359.8659076994,2344.7203789651,1977.21539292502,2254.75785510665,2097.70181530989,341.049957487917,465.97183035671,1259.39551062301,1879.40436553982,379.249435148299,411.389360430038,2185.33627714306,1727.45313065998,164.671351693987,457.995481520861,258.783708188727,1906.00619790895,514.226146963517,0,1778.0861764106,2001.61910738323,1537.38238489208,604.166732662638,396.399757876092,464.171160901107,2633.05529687329,658.887331434456,729.445574011988,2387.84671992563,357.576666602084,655.314694604677,67.968297913105,88.0490443429412,148.830788164016,573.121177697758,558.504955065113,1988.71550190432,211.430748849116,1444.87298468636,809.149669534009,1030.3881333399,328.169764337095,2082.58926938277,326.282490628964,1183.36432471593,452.264021625876,422.700419490336,2458.32683337986,2361.0174730065,3244.7922116707,201.461061530765,103.939920651764,769.331209935934,2325.90477315811,2297.30247238042,361.878488312495,756.94466978872,2016.06032051682,685.934876108512,292.795524389547,558.001412787082,456.544337189625,153.640368463496,203.075816683568,431.180879091883,596.142823614316,1291.88197077689,1051.37905486738,767.585798271579,1080.94552415876,717.101140613104,2321.60721543908,350.382496071021,560.873932997599,723.966034429972,1307.72322046266,522.838098143329,398.504459445583,352.945361486329,727.772901369801,574.622870262122,2457.06300753979,325.682161142316,457.110393629504,476.506774783326,1777.99009156158,2108.68820515142,30.5313076181441,210.561106677209,1319.77630911741,1806.39374636518,213.906997986159,111.304642378277,2359.47030177909,60.8639761675943,1579.7728152474,890.46046915433,2414.15945743997,247.256561608059,552.008789762436,1283.23809493816,136.1348921007,879.233086990082,174.662908014616,210.007124366381,2140.5855817672,1994.80705535927,121.301230537556,1174.65632351113,101.620999362005,455.181527716395
1727.19593425298,1478.58381047906,1241.81654854695,280.971433486919,2577.07018850312,1292.28761572354,812.441661000619,393.931256015398,2060.37615780748,1701.74523090616,1465.37271963656,2677.93754604992,1640.33620599533,1099.02341107353,1745.20910934815,603.589501338672,1224.39138920126,201.899227124084,479.473678593906,903.809619337108,2107.82715826018,2203.80355906716,2124.35435794102,108.823418892985,2031.96550173064,2174.01004582726,427.262780902657,413.484073106273,1651.20139254287,2101.08894455864,1616.7512253894,134.34969922202,1497.50882482306,1778.0861764106,0,478.887636138254,254.692836887673,2348.45016566155,2149.18666796643,1376.30018911748,1966.72846251361,1284.08642633561,2499.00552127331,2946.46304144367,1714.80905244492,2424.17910387062,1714.13887675291,1726.35674803026,1629.40342118497,2310.54871462643,2330.4834760616,1293.88178601119,1799.49574620177,2333.45296599835,1420.80033398164,2790.51487661223,1537.2193607863,313.273591291892,2092.85300635078,599.450076110979,1440.26882403896,1524.83343255999,2165.03610391261,760.793611104078,3024.91340148191,1617.43962268258,1696.17917843424,1024.84093682873,580.177384870161,632.794591367565,1486.89616259937,2457.24050720728,1467.04637183734,2450.41514278049,1858.53997582079,1221.08192700673,1323.16045487975,1667.16284627674,1690.57948357923,1968.04061296548,1364.59236946076,492.666990883949,2804.9801352743,2268.53962998276,1998.19059156122,1182.9685483306,877.52840636647,1510.33429427048,1426.61925145097,2501.7284151647,481.351995201218,1388.14411162273,1828.73833152303,1494.47677795561,1678.95463034523,2217.13580522193,1605.06329755121,1546.19046862973,2209.08917990736,1420.07561926345,10.9023732236578,964.765637015051,1747.86904795543,1574.7684251269,464.409142363913,1293.75061485081,1602.80743728948,1672.1753229793,1027.75737890968,1824.8135101722,202.23816842294,993.789304904814,1656.13796022951,2018.44828785356,1326.76546395495,878.594908584752,1648.59180414793,907.412212294434,1757.90556213143,1570.46966471846,363.614173418234,231.390713962068,1795.64776969036,650.652897391767,1686.80034533205,1349.10140108996
1969.08700719358,1783.40158284875,1493.43165970452,648.362695309754,2816.45047427607,1331.9018382057,393.925175576467,497.580966762555,2277.32849660171,1924.73359160566,1504.8572017631,2338.93852294406,1199.92417217514,1454.47932362229,1996.40637180677,477.704549826419,756.80942504378,481.567199397059,490.851930139131,451.931164378309,2342.26188249257,2456.71105751277,2047.42430436038,411.772924539826,2186.37713418218,2412.02350349839,379.168712510572,274.705229130013,1902.14860111199,2245.03784505747,1795.85090106869,406.181426920961,1618.17127721648,2001.61910738323,478.887636138254,0,556.455622635733,2599.91891847351,2393.37348878911,1667.22188750457,1530.28940051017,1623.43354985205,2730.4521366176,2707.61618032536,1854.77576544834,2612.44443208887,1944.64067009219,1934.7798715097,1855.53887239278,2565.33895161499,2559.34806150814,922.073767623883,1973.48383162559,2234.78315296443,1455.56289035417,3031.99939177813,1712.69886334652,388.180543448797,2290.71880215973,861.00383670819,1742.83501654378,1670.30005453894,1787.66811306121,360.827057624892,2618.60584343456,1873.27886481898,1907.04323274205,1319.09958738129,428.852530236337,311.132544084161,1768.67725982464,2597.54154248109,1106.37860578415,2632.9075469281,2014.61722228532,1455.75227888457,1552.13223543888,1917.86972109169,1872.97891005346,2097.82629165979,1697.85159684542,838.28671434995,3052.37547387337,2350.45304487363,1956.30834002926,1521.43944684477,405.980405992441,1793.5150082757,1757.96463796959,2706.94220414049,839.279397336887,1703.45493163588,1957.04797586937,1774.87097235219,1720.10495967434,2350.00986474092,1157.81482141206,1828.39587936174,2390.82410053799,1726.58431681031,468.800839081155,517.33983228011,1971.20204173275,1791.1016439691,739.833270595051,982.052099266573,1859.40914079123,1906.46662518116,548.934416459218,2038.35982281982,553.325240434186,1350.78441443967,1222.60589553233,2248.81329401634,1481.07836372414,828.923535913382,1865.87887174193,1202.16699407159,1941.43023269994,1807.39750641861,455.087642773709,362.399422549813,1991.1339076222,1022.33734030409,1923.01971608139,1623.14993238858
1490.72941072947,1262.22462134197,1004.68495793216,100.896925952652,2342.91831124867,1041.76706106,941.55956747791,641.352075581734,1819.33531813352,1460.55993530483,1213.71986254778,2529.6042369947,1588.74976707745,907.092363160324,1511.38788359321,824.276495296673,1223.3636252787,455.572195659342,718.799795663141,896.080388797265,1871.03135646971,1972.34433263689,1885.48023525129,345.449241007223,1780.91255643723,1938.35246917901,648.575536976828,355.633229958619,1416.81233956014,1849.15658184193,1367.38213799407,371.718921891132,1243.0796124305,1537.38238489208,254.692836887673,556.455622635733,0,2117.02493460165,1915.0860526455,1153.48258802733,1904.41540671515,1083.5976615699,2262.62581110584,2748.22682789121,1461.7519466232,2178.66328993471,1474.74669071956,1482.26025466578,1388.55710023523,2079.98118245938,2093.0160584377,1194.42928098512,1550.11595081069,2097.78386633011,1169.86905025705,2557.41318126641,1287.05209521485,545.624214700597,1848.1398378941,354.022552762437,1222.6832306971,1271.69522771223,2047.55519056116,899.106366405042,2921.62669767745,1384.27608536732,1452.42188620817,799.826001465825,792.902677437734,797.846091075949,1261.43099239593,2205.56533227251,1353.3897788064,2204.01192368944,1607.2391958484,979.381580391516,1080.99356978817,1432.79343769873,1441.96233798265,1714.77328658705,1161.26639124925,285.21723720629,2573.53750810625,2013.85918692347,1753.82884344182,981.225508895998,956.934226582395,1285.53727919189,1222.66163603428,2259.50253136282,283.813118347234,1175.91414897484,1575.15194190572,1268.56146442592,1426.27665012367,1964.47571840662,1562.53520978419,1321.26795625997,1962.00459637128,1204.05907335813,251.46487069318,947.690992433714,1506.98119801535,1331.50253684796,217.616029763976,1157.47060500185,1369.78422966973,1433.48806880885,1077.16156629161,1582.16450613909,59.4252915513137,802.057623823676,1596.5579268477,1780.32741377034,1073.64042051169,657.817576725159,1405.91069816489,680.885560159041,1509.7079045157,1331.87248150826,606.654909748358,457.595827416072,1549.49107899274,467.014391066447,1448.66832029072,1119.88305008556
630.965307957924,889.322472338993,1113.64947218201,2067.76149443036,235.204111308452,1434.29653984543,2987.61405002706,2740.6253259842,359.197153587927,679.32713299154,1328.98428626187,3043.69635822006,3013.09845948178,1301.40749879898,606.220695073883,2941.23875688139,2942.64182499048,2543.38026837182,2827.82497143004,2700.9754460953,267.434058795917,144.710891582113,1606.599524124,2453.06496554079,620.597280267409,197.111465237699,2765.11959650043,2326.61827384125,700.971174337215,636.197557199423,844.356189372169,2479.65942596754,1086.04150726257,604.166732662638,2348.45016566155,2599.91891847351,2117.02493460165,0,207.811954324237,976.345967623669,3182.48405182855,1114.51079893364,185.044263085102,2673.86789531351,870.759746937383,364.135905503721,656.548083292983,681.325454495035,745.970754296201,41.2935049007494,134.01826372568,2569.68391448092,703.863306590067,1739.4458743557,1367.70105408226,442.983185452382,922.989714623831,2658.29102487084,404.576341836245,1765.11979513297,923.022177114429,1002.29231089251,2958.70661178475,2960.19425130756,3688.1448408479,732.80123446256,705.14362689131,1323.88616132263,2909.60854355051,2891.3872225422,863.885977869497,623.099248715286,2581.3097323518,400.633918242698,717.907904369415,1145.70707986842,1047.91602299971,685.029356809163,771.878446107174,753.59765021635,1033.88561491879,1856.25886775029,456.634638458576,899.646131592046,1455.36552889543,1202.48838051944,2925.38450351148,841.447928840383,976.649183548631,301.299872680162,1869.238190512,985.81768202833,834.319702149076,855.906928190461,1215.38108081921,657.29435370292,3033.65747429124,805.827411185687,418.782762335949,946.031006786891,2349.42627640014,2710.80311319585,633.835162849944,813.218930506096,1900.32010280945,2380.97349754431,747.261762207286,693.649893290896,2963.29827974427,578.683288883438,2155.1088179728,1395.38077479096,2982.94156210736,360.667601408503,1153.62065597942,1885.20362497299,739.903164645521,1441.04150432368,711.182586918508,792.592982175446,2712.0353658393,2571.57258019575,647.580662054123,1717.20513308384,676.963609756575,999.348752629078
425.53175813164,707.120292057509,910.565498018272,1868.25337931651,427.971774754268,1233.08500944059,2780.51875420279,2542.1788002483,174.537601225298,471.531689301947,1134.90217608386,2896.27249719937,2815.9929534659,1119.95790443915,404.028008664955,2739.33131972461,2737.20099815776,2345.45171550935,2628.18585032174,2493.63818351195,69.4945528113474,76.1645086984709,1471.57096628818,2252.99939854047,471.646417824404,39.80488192629,2563.57334462095,2119.82306675788,498.36067444892,508.450352752306,639.714533737629,2279.61697232918,885.522708015249,396.399757876092,2149.18666796643,2393.37348878911,1915.0860526455,207.811954324237,0,784.099256474382,2992.72673151334,937.157704034002,352.375112146539,2566.74933454263,679.054249794359,393.629647389127,449.146979273562,474.542968206629,538.526762292002,177.621081677308,193.817903237496,2369.54742786363,509.39913052439,1622.20983674298,1171.7506076843,642.378114027385,717.142121417468,2457.81241312671,251.217508150286,1562.29055831609,737.798610555282,799.684702030327,2784.15926923701,2753.46601301536,3533.16437955636,531.747086943583,497.771351236159,1126.24341536391,2707.04009327744,2685.98234493915,671.04585063728,611.488502737534,2386.03919891362,433.208763373694,536.049098266288,940.567677191505,841.916105759891,482.378498339255,568.895267306833,597.773437721804,858.895292356576,1657.90149964694,659.908466414868,810.552925233893,1310.1737711941,1019.59927925353,2717.59880529874,649.896320826898,805.123323356587,399.499905576977,1671.63797003392,803.921488528544,657.01019187001,662.682029161654,1035.84175234847,564.428125563272,2835.15418230841,614.966755348253,326.896313421709,761.700876867232,2149.8738022978,2503.89851956225,426.027377922586,605.457879940933,1697.94170483269,2182.66082250379,546.382752488649,486.922012994172,2755.73149006611,372.841986280993,1954.32906182261,1209.87798114707,2786.89074023943,155.734954041494,946.629528717684,1678.28419969525,532.091441217862,1242.24183463025,510.917253545728,586.71741905436,2512.77319158734,2370.7455370533,445.729605716521,1524.05603270692,470.479124703669,801.359379446494
386.811607895056,124.176316194379,210.637334418854,1096.85473660451,1208.59667412728,815.440690676092,2060.76307315072,1766.65055605669,728.431599451469,402.84248154257,838.213069400025,2738.34751849329,2313.95756562159,352.708888602071,389.342764543564,1974.48054265964,2129.82919542378,1568.93874656511,1855.62564924948,1845.81338348606,752.362432207062,832.491351625156,1506.1870583324,1482.36794116242,821.839433677678,813.191979714325,1797.62795559389,1401.66398772272,304.816207702779,902.193015971908,466.250887119252,1508.8517076445,603.166344663949,464.171160901107,1376.30018911748,1667.22188750457,1153.48258802733,976.345967623669,784.099256474382,0,2552.78550263613,208.773266251689,1136.46922463927,2622.69429075875,634.694900521053,1110.22922642821,396.746980116034,455.690110239209,341.005172194742,937.420102854741,973.436205331022,1850.5547529667,595.194973281526,1717.36584038717,842.432508158792,1419.32871823471,442.305976246759,1688.1287523671,787.767796607146,809.755806930489,84.8769008184827,533.242985123951,2466.97700198939,2027.03532310841,3308.89064619227,267.0656891575,427.352877085591,353.657815234475,1945.26196762211,1943.53330447863,113.055893443119,1220.08342657961,1919.84864168319,1143.22224535468,683.675414610762,271.309233627734,240.714871267809,319.232423064032,499.074722613434,831.223020190591,175.823177810413,883.685597391293,1431.57459052934,1184.53237070015,1323.248628551,253.051443636392,2025.62820350323,134.898346382892,184.707969899208,1163.10413998786,895.362299679677,102.395178882866,737.29654914263,121.495872675927,907.437903228081,1023.91809743298,2317.80996168309,170.583365183315,920.589021936201,82.0704012817325,1377.84616989011,1869.72658466632,439.287290879864,332.786092705179,940.610964610765,1694.57471356489,253.076790928588,354.578477550857,2093.18401828102,523.362639588812,1187.24250607511,430.806454108222,2296.48080634083,671.460241465705,482.269989698613,1078.66967817527,377.113043728936,472.601653665778,541.041559970657,272.286573663257,1739.31376762212,1602.48478675037,539.267574141908,740.935552131198,362.562608508553,74.0509139447813
2656.33869494274,2673.22782229185,2342.56296036833,2002.06487916501,3327.78261283225,1785.4577774345,1447.97098652702,2005.19906788436,2824.8420452084,2575.21189337119,1858.98634941277,1057.51310854492,330.558074647265,2537.70987053858,2700.91856041839,1869.52290659107,804.141566919781,2011.20953836353,1964.89369748025,1078.35829837309,2924.47435677835,3068.80006064133,1812.2895269477,1928.41116514573,2583.4211301047,2990.30497636778,1866.18114033429,1567.72342426161,2629.50443165046,2597.34652028335,2374.31367465624,1928.23947093685,2118.87331223835,2633.05529687329,1966.72846251361,1530.28940051017,1904.41540671515,3182.48405182855,2992.72673151334,2552.78550263613,0,2631.90838125454,3232.08334289167,1719.01480011103,2313.82353684036,3008.39347082468,2608.97801243328,2545.19930182984,2533.18457128118,3163.50082577665,3083.45832713296,732.698698344225,2483.34010007801,1859.3423752894,1824.95081257195,3517.66685499743,2310.55147696662,1910.42848562186,2782.26753577035,1993.89805988215,2636.83292639176,2210.52732079021,490.825053886907,1498.36292787523,1112.91401348187,2620.34363028873,2531.54309530009,2314.74959323109,1827.19638980085,1629.26843486897,2606.28686466818,2855.77860589002,633.054868553293,3007.95998409251,2464.80958940949,2281.47631606006,2331.27972312005,2640.60128917195,2435.08525917203,2451.94085519876,2675.48720313428,2090.95167219582,3553.38972449472,2496.68563373432,1867.6888505461,2551.68226491298,1260.54554283458,2628.26082434844,2717.97386230886,3135.04749202623,2107.10898848756,2637.20556338764,2351.07656951267,2607.55240482203,1972.58137684975,2643.93343038773,378.447512817991,2652.13894761899,2814.2821561673,2633.91505198826,1955.82695397731,1013.11515955604,2610.08546275,2463.30524767192,1955.3187665724,859.803564812815,2611.96309319222,2590.6075422505,1082.5675814816,2634.12745153717,1939.33872519924,2462.21916523024,310.601260904586,2839.58447921395,2119.84756800728,1504.26127453784,2518.39795814544,2239.11817211598,2485.6682522693,2525.43047759305,1967.8674256637,1892.6883574378,2552.24145224962,2249.36466902712,2607.65190616387,2481.93283138722
574.789831620744,231.79299839931,336.659646952578,1012.9428490726,1349.65097681434,955.122498415798,2016.42438357248,1664.91853318371,907.033603345158,603.940018098881,1004.91970574745,2886.03344799127,2375.20559849943,190.029490640281,567.255039379391,1887.60863894789,2150.4815571231,1467.14984192155,1758.44494794343,1850.73051998173,915.803038451909,975.006122467548,1697.93931623761,1392.48489626818,1025.89751914622,970.226528401536,1710.97147570676,1370.00485894107,494.737392514007,1106.2682774084,673.965090024892,1418.38348941577,790.222408928587,658.887331434456,1284.08642633561,1623.43354985205,1083.5976615699,1114.51079893364,937.157704034002,208.773266251689,2631.90838125454,0,1285.70189655499,2805.35888233156,841.812731114382,1288.25894655286,593.334999342116,659.923223861047,546.282405590616,1073.92772112005,1130.53566689023,1913.62422157018,802.748589107216,1912.18139902857,1002.07155471065,1553.79326096304,644.836888136876,1597.19827669642,975.104917389618,765.909970734718,208.231030259469,728.679372218199,2582.12927299253,1977.85508723468,3438.09417539394,457.489254448435,632.605708008903,327.339971445172,1862.56883119969,1881.43986605304,297.151039598701,1415.35636183285,2000.32237121252,1323.10848664358,891.698019979458,395.499878885655,411.225981594792,507.249989578851,707.805914842259,1039.51225815711,82.283739566727,800.746116338285,1561.34131919964,1392.69675899961,1516.03508023853,102.389296340342,2001.32225428276,309.212658471165,143.78416593161,1329.39415549734,807.226139200318,137.524061483262,945.786641902385,306.033326763856,1096.83157318091,1227.10915200959,2373.37206387541,337.839366209212,1109.81238823273,183.516684165198,1287.14627384904,1881.49316759905,636.57045415379,541.531174582839,883.790165696243,1772.54862750836,445.025674651699,553.133992094222,2085.83658449275,719.393924395571,1108.41505586234,292.068549953138,2362.13668799369,843.472193360435,644.993049100659,1132.7226133497,583.410241506628,430.968261311161,748.572414470839,478.644630575518,1641.64399151977,1514.72938891654,743.263978957193,633.621538071673,558.618422940068,260.071864280643
772.089218688454,1057.26079245261,1258.16440328872,2218.03578478902,95.7970768162455,1518.88000858143,3114.32925747554,2892.39569073836,454.757266643595,806.569670452901,1397.52120170678,3029.23467296751,3079.59400759943,1470.33538572181,754.453054046398,3086.44049429696,3036.51970336542,2696.02696901561,2977.54862227972,2807.62241811907,391.595140069485,311.658213666266,1587.2714907391,2602.1653758551,648.663544691382,325.124332063802,2911.17850642182,2456.05783136569,847.965112303407,640.980325446194,947.194474874819,2628.79012628863,1172.63320828129,729.445574011988,2499.00552127331,2730.4521366176,2262.62581110584,185.044263085102,352.375112146539,1136.46922463927,3232.08334289167,1285.70189655499,0,2616.88563298959,943.009641279459,268.47174799632,789.148949590992,796.538880926997,877.100247080482,225.391186779722,171.104879276681,2645.48075969476,786.537507656461,1699.41519855775,1439.81527071262,304.324051250134,1029.20554450306,2806.53473836748,462.585453528302,1909.06283569093,1088.9723252553,1095.91776789704,2982.03305541538,3089.35445462802,3681.36116923941,882.350671182288,823.673143714996,1477.54927147151,3053.3118333826,3026.74738012033,1023.41751020789,524.343357894021,2644.59782963713,293.563090478274,779.937556638663,1284.72809423372,1184.353834043,832.028969186257,871.113781534502,780.655758627883,1206.20494017164,2008.51802698683,331.317674755802,850.710534089032,1449.85832300807,1370.37299195419,3043.3237407472,1002.19581554306,1150.51890098098,156.409670286896,2022.63037550134,1154.1113798966,885.079173240599,1015.05712314189,1259.78162240562,626.573102141074,3103.72426177548,967.17524555969,419.061992283687,1112.6431432518,2499.4851459671,2813.69924938823,759.955372394806,939.640895314673,2045.14556532201,2452.42551943481,897.04225162022,829.588248912126,3072.24251918732,692.587153649169,2303.03275147335,1561.50032605703,3046.91235892913,483.1381803933,1263.40620562829,1990.35360538188,864.73784548732,1592.90271326883,805.269680530678,930.983073585229,2862.45610306179,2719.18217669498,747.529254995614,1876.31439635331,814.11655426654,1152.85650852872
2462.48008748942,2697.13578840867,2473.19729511851,2808.73826843675,2695.18020453074,1899.25643294132,2847.29135688678,3187.59117433564,2404.10439523421,2377.67980180961,1807.00108285784,752.224043219791,1882.42009342004,2832.18132871641,2506.94311993874,3172.77047671012,2270.0797280765,3091.9761498069,3196.98932341952,2358.46581000987,2504.08685977952,2630.79644896178,1130.47731336373,2972.41022784195,2101.24461995286,2541.40488521354,3085.11587951138,2565.36952419425,2491.81062420874,2058.29906613557,2200.77912480906,2987.04460067889,2019.55488682905,2387.84671992563,2946.46304144367,2707.61618032536,2748.22682789121,2673.86789531351,2566.74933454263,2622.69429075875,1719.01480011103,2805.35888233156,2616.88563298959,0,2045.53659719719,2348.44163396285,2411.04814641832,2318.00700694367,2385.35905452732,2678.57735383888,2541.15221125067,1841.11087878285,2176.67821417239,947.848573919112,1818.63749960417,2805.29941326223,2193.78659207656,3067.55809557779,2316.26800593714,2592.30145781574,2680.27341273947,2092.79247064893,1228.27811114245,2875.93792703632,1328.28874950558,2508.43677418806,2326.42048169626,2611.99355128789,3123.38686870125,2951.14502178941,2600.26635237285,2098.74742157324,1665.98498198275,2324.85400514269,2102.03983790549,2419.96046213017,2394.51444478653,2492.90405186151,2210.91635063435,1989.22286768683,2797.18277230445,2756.03257562179,2849.10384542496,1774.5901977079,1312.50616935069,2781.38615768039,2657.73555544694,2609.64671063193,2803.39711595789,2468.16161781469,2780.41015565709,2724.75690065556,1989.47284712327,2595.55569488842,1716.52768162814,2017.15908750853,1946.5438983559,2611.21689455507,2258.81589455597,2693.38030585387,2937.4501306475,2303.30059814086,2383.58582267869,2343.96897169591,2650.75647965788,1731.0392159423,2509.8187328261,2422.89888586056,2525.7706551411,2348.96196079372,2805.47449811972,2818.23005412505,1829.9971138977,2461.48242662826,2163.00652640292,2094.18666792125,2350.3126986405,2615.88873427869,2215.57541853429,2425.33379101152,3142.66761499477,3006.81533476239,2267.40468740573,2818.98857936483,2432.68191524823,2554.7409921737
420.774878976497,675.832419285802,577.62345487326,1445.16888905909,1037.82519144123,577.458058061034,2222.76873596091,2102.18004717385,511.805259269381,333.69241875597,458.3690896746,2270.65645252798,2143.09479966838,946.02267178947,466.988366924505,2259.32847755472,2096.22679664044,1916.62822698185,2174.34212263644,1879.52616654324,610.656228410389,755.186255938458,915.076939092405,1806.29926110177,332.271639792596,676.80466474765,2091.62188131816,1582.14171638521,446.466814058083,391.368836393891,168.946966317085,1832.2034119744,239.370004750552,357.576666602084,1714.80905244492,1854.77576544834,1461.7519466232,870.759746937383,679.054249794359,634.694900521053,2313.82353684036,841.812731114382,943.009641279459,2045.53659719719,0,770.896498512386,368.213012254925,277.410603342408,341.609484142003,850.159510774756,781.80160329283,1703.6419630708,170.295645627949,1111.66908083321,498.313602231983,1243.96109887789,208.461053657542,2000.13161119607,480.672892507748,1120.05944647449,669.030094974304,190.07130930489,2113.83274421608,2204.69909425031,2889.47620692198,464.994373992356,281.926611305754,808.333807518317,2220.28315256535,2162.18405944732,578.633896314526,747.125130168717,1710.6387325204,786.396175087738,166.129745068665,558.085998802904,473.999295716794,447.369603340038,165.530780868483,253.454126615806,806.187307561107,1261.48797587793,1273.86367888369,583.924246568792,733.443549155809,860.653486292763,2132.29703699749,582.250774152818,794.537064381117,880.110058890956,1281.9707147214,727.853907259748,118.268670138834,572.153656302307,371.601082587906,503.086341512215,2164.81869893683,576.729398093247,550.301724313324,687.598251902463,1712.50218636403,1881.09581159099,346.3140073909,311.373233131832,1251.70986981657,1512.39054144246,467.814617721305,377.409639360474,2146.01772122592,336.733875578574,1512.60918699288,986.591635289369,2112.43432942736,527.20950497453,388.112361945928,1066.76528285295,305.364233419038,889.090248865407,185.036745498125,389.816030452888,2065.7805971044,1912.01359854983,249.537562292868,1190.75607320436,387.641040369844,584.450949660605
723.900292601766,1056.90725517497,1190.07864626928,2145.14288709956,351.289868922523,1344.67747523086,2987.23827758107,2817.66109248729,382.130771031441,728.540685008703,1206.19291957226,2767.65972261418,2872.0979703538,1460.49578144413,722.868429571084,2995.55236381775,2860.50262581986,2624.71012070361,2897.46272785766,2650.22871713351,385.29970272382,406.150835260356,1326.52493586762,2523.13142218621,445.161537896452,353.87177077156,2823.179599196,2338.08713209176,805.798459407908,413.821987060201,817.938081779721,2549.62622654976,1009.72457585117,655.314694604677,2424.17910387062,2612.44443208887,2178.66328993471,364.135905503721,393.629647389127,1110.22922642821,3008.39347082468,1288.25894655286,268.47174799632,2348.44163396285,770.896498512386,0,722.646165889765,698.277055736438,800.711122509167,387.073074984109,239.352201002135,2449.70898901917,638.965375027756,1432.5731804643,1251.81455924647,511.977849220552,900.784169208437,2724.09733347283,331.854594876296,1825.67844407259,1081.17329772982,945.635157267896,2739.25377545492,2966.73446551751,3422.05018417287,843.377070538229,728.734584059871,1424.3648003479,2959.36827757873,2916.01423401043,1000.52207926167,262.149641824063,2435.64610390868,39.8281292339441,605.260119926993,1204.2417770771,1102.16483152511,791.093161026296,741.24182241639,565.943817741621,1215.19121925758,1942.75638584668,550.380553391083,584.316678964967,1196.0366047277,1359.48534996479,2901.87856179654,983.577898350247,1167.13956433191,129.647858254058,1959.45362445919,1151.09706257041,690.044696220823,991.570144576962,1045.70077519852,371.838700338895,2899.80234783107,951.987674694652,222.058258127245,1105.90713477335,2423.48850423638,2650.92206987087,684.194853582458,850.335741273886,1961.8886093006,2252.95835302204,857.601141107537,766.068402442951,2916.81772096479,602.947229932771,2223.86358474271,1540.68213980168,2837.01226284324,445.396913504982,1131.37241503676,1837.39079556047,777.664977815012,1532.83437033053,672.696155150661,865.095196666946,2784.69985891963,2635.89534603204,629.219169406299,1829.83442037357,754.257881282817,1109.13169622226
52.9609308506426,376.445605429807,472.635584256261,1433.48651434615,872.621827820131,825.188374670897,2331.39766689893,2108.02999453063,347.160986800924,35.8467955047157,762.612452732007,2631.86867960275,2410.10751426615,749.317595615694,100.126353644446,2297.94185909721,2302.31896025049,1912.84163735516,2191.4108959712,2050.27638708783,398.317673684382,515.325647419983,1280.8604669833,1815.97984783357,437.929883995462,467.549538957609,2123.05509736718,1670.88947143009,102.494725889922,517.665589514553,241.225914855597,1842.59409163498,494.271645642102,67.968297913105,1714.13887675291,1944.64067009219,1474.74669071956,656.548083292983,449.146979273562,396.746980116034,2608.97801243328,593.334999342116,789.148949590992,2411.04814641832,368.213012254925,722.646165889765,0,93.4873049652963,89.4283392335715,623.611530418423,618.764120420719,1955.24066279098,245.092268775754,1471.91552048281,789.67885414067,1088.14104911097,298.427366684736,2019.57379917833,394.179444852866,1120.83763185131,387.871084094192,401.153171496077,2446.48263641128,2304.55282440179,3242.53650979773,137.274395493764,87.2278415207283,702.6150983761,2264.43720300784,2238.61662199665,296.194055563693,823.648067156815,1988.25498330924,753.557050314181,332.954781314438,495.78193277146,395.206634227775,94.6014175905393,203.812740710985,477.433875081516,532.510711033626,1226.82922530276,1107.77711403932,821.141628504625,1100.32363348736,649.772019470641,2269.39647592148,286.082751497933,499.800046809711,789.078317064825,1242.37839293205,458.069882365883,427.151608272675,287.338986180783,730.963861949705,636.308389970069,2424.63834495537,263.584875984941,525.032433860456,411.832798781316,1714.189720596,2062.83918495839,43.2874318125573,158.498655200425,1257.14055553239,1775.75123066141,148.686851173104,43.4509641787659,2310.81013871304,126.678505296304,1516.42824627845,822.506938714359,2384.52414945961,306.036240777653,510.198302591637,1238.32354493396,91.2259790319634,813.358370240913,198.190296852761,143.97380200689,2076.96373056302,1931.92510255274,162.888589867671,1107.71812269428,34.7272464078051,387.287730677262
144.508170222723,454.007294703027,494.039391444437,1446.99535337432,884.733816340811,767.499979069086,2317.82573526353,2120.04570921192,342.551422308286,63.5701670739565,690.676414742173,2545.63110605299,2354.26111266221,804.036041338548,189.886312159349,2302.20663777339,2263.04909781784,1926.64195308706,2200.84025381743,2019.79523810277,414.921892326682,546.414138880798,1187.98929974209,1826.0170587576,366.247044113905,485.785537163023,2128.65653774726,1660.20635226403,187.823673986358,446.626914630763,171.18628229122,1852.55744710945,426.328206491091,88.0490443429412,1726.35674803026,1934.7798715097,1482.26025466578,681.325454495035,474.542968206629,455.690110239209,2545.19930182984,659.923223861047,796.538880926997,2318.00700694367,277.410603342408,698.277055736438,93.4873049652963,0,114.942358467889,652.115320849452,625.580071766168,1902.90445363169,154.200339195578,1378.46407574458,721.125597827722,1099.70672261101,243.544220900203,2027.88441429031,366.574460634917,1128.63609279145,460.095786227282,335.115866999648,2370.93573016453,2293.18053147284,3159.90743209289,217.096831869658,30.881779674915,731.846170018003,2267.20909438145,2233.09058306675,366.073171267007,771.282215775792,1928.76383969242,725.837822223266,243.803279229076,505.965061625571,403.898678689123,183.586794083365,116.787772542092,390.732194966711,605.221539967958,1244.66395530849,1122.59022345248,739.297817416879,1007.81134438598,706.84863382431,2248.28612527934,360.301740614811,577.934620259016,777.905566011882,1261.59776157073,528.39577322668,333.822997791036,357.695545946491,644.444697359747,568.229512706661,2370.84058662068,342.901611534482,487.920203002504,482.963026071193,1725.81280304608,2029.4992751676,69.7526519781364,152.160665743249,1265.02592380118,1719.76870147826,225.399475465237,116.273343557848,2282.54058102224,104.070318950552,1526.51168237794,869.508809242204,2327.20286984618,320.913647662627,472.300372976806,1203.88889184447,82.4099569404472,836.760184329397,105.056334173903,184.237735684781,2087.54127893075,1939.81731347573,83.5774863879965,1136.84642556201,120.139962081314,432.818724020475
125.566183271469,347.362752765528,389.769621776755,1349.06040987819,961.310064484042,747.824685952538,2242.07516897111,2023.33431352875,431.022929477718,72.4710719420484,696.939968384818,2582.19535882645,2329.60006688966,689.169464845373,167.982931236037,2211.14435063677,2215.52463009118,1828.681058168,2105.94859422041,1961.76898556186,486.943876473283,604.68553219882,1255.29753739407,1730.60818222454,480.843608961533,556.497146625318,2036.55092574025,1581.69683536635,109.173820362876,561.190425985665,187.984926251371,1757.20801719799,427.6909140668,148.830788164016,1629.40342118497,1855.53887239278,1388.55710023523,745.970754296201,538.526762292002,341.005172194742,2533.18457128118,546.282405590616,877.100247080482,2385.35905452732,341.609484142003,800.711122509167,89.4283392335715,114.942358467889,0,713.011362644583,706.400141042321,1873.22437637121,258.696579270603,1453.27824078073,720.612706354134,1176.86597498343,226.961285318002,1933.75969525656,469.506371048759,1034.54122986371,349.640205423592,334.895551993908,2381.12458141613,2215.3597943432,3186.08493626283,123.404039559293,86.4060748729564,624.106929387144,2177.29538485655,2150.01289802229,255.390490676998,884.925361192245,1910.0194060875,830.111958623102,348.848668826406,409.175587446749,307.813714887108,114.690985216197,179.864790082128,497.203087957066,494.143454997411,1143.819872944,1196.83658221295,848.847903313019,1072.85409629066,591.907063522292,2180.02380516165,252.496182572988,470.613279061668,872.420711009108,1159.91406571701,416.519964598307,422.144071160295,247.407678188627,686.3420989844,683.030197404713,2343.09605725292,240.173310274367,596.022980559949,371.743257693393,1629.267441385,1974.79962534981,118.489823308362,71.5571224740316,1170.94928800094,1695.67356384966,126.616400470444,58.0448198694409,2221.97684032609,197.799976511475,1430.97104004805,755.734109261723,2304.81923775411,394.054123210442,425.28056831509,1150.80766015596,38.9102621773729,732.223512507363,204.956362050511,69.3327380629772,1991.81701185211,1845.97633637003,198.440954185898,1029.65656349465,75.6335420166435,318.672290032496
596.291657709942,849.245958225005,1077.33278758875,2029.96552784518,276.066801076843,1409.47425438101,2953.61818532394,2702.47164580269,338.661743141566,647.461945926954,1307.73915215592,3038.5621659062,2990.70952119988,1261.05947843713,570.13238449577,2904.09533421438,2914.81426002444,2505.11967225304,2789.97740000492,2670.77151191279,241.56148087844,108.635687101449,1603.97335046849,2415.37513457932,611.946790595684,173.383379188911,2727.86461944285,2292.31604792723,664.856270789118,632.669677046371,817.130428855332,2441.95994135093,1061.52413997949,573.121177697758,2310.54871462643,2565.33895161499,2079.98118245938,41.2935049007494,177.621081677308,937.420102854741,3163.50082577665,1073.92772112005,225.391186779722,2678.57735383888,850.159510774756,387.073074984109,623.611530418423,652.115320849452,713.011362644583,0,149.439662395586,2545.61801598694,681.884347574445,1741.24084357645,1345.61747281197,482.173340834639,894.756979816483,2620.70248950489,392.540736532158,1728.4754290905,883.217453181488,976.510410638752,2945.37716494061,2925.77069665729,3681.02283990833,696.103053980656,675.077320120117,1285.80605383687,2872.7138058486,2855.89717753196,825.155804108101,642.382253744061,2559.79261772272,424.808842811209,700.538052333236,1110.37805605531,1013.20751067251,648.955532672915,745.766213343977,743.895773969896,993.189799192291,1818.20047198316,494.498262862176,905.944630010585,1449.97289176777,1162.29905282669,2892.99364208864,802.534001565243,935.795638645994,334.322288683965,1830.99606667155,945.646473475268,818.717466355836,817.250021793677,1199.62581966864,661.46823148164,3010.53419784755,766.848437030455,420.144699855412,906.116172424853,2311.60335054722,2681.31388445541,602.436333359736,781.038051233201,1863.47366987058,2357.90341893062,710.487985017802,659.85069537368,2932.57246620381,550.42519094651,2117.67218011142,1355.37750582051,2961.08110620866,332.87479511634,1124.07309093822,1855.71476754544,708.312021568833,1403.20151314964,686.561106299612,757.987911767996,2674.09501319386,2534.10020101489,622.043256247335,1678.12284088986,642.965876648437,961.528276582437
603.305968398285,900.03314351849,1088.99536966911,2049.55201129934,260.426747395223,1354.94339439746,2943.29718424167,2724.09210551499,284.418612599743,635.655201666707,1238.97299058529,2919.32947540473,2923.35467994227,1312.48637161577,587.886625778461,2916.56135146544,2870.85990625292,2528.04986030967,2808.66482727244,2638.92783392464,222.873445006298,177.645111167609,1479.94919304326,2433.22692806659,506.040595196964,160.688731705118,2741.49104154892,2284.95339459915,680.473362765323,513.005317759434,777.862202060472,2459.85109557822,1007.51001211417,558.504955065113,2330.4834760616,2559.34806150814,2093.0160584377,134.01826372568,193.817903237496,973.436205331022,3083.45832713296,1130.53566689023,171.104879276681,2541.15221125067,781.80160329283,239.352201002135,618.764120420719,625.580071766168,706.400141042321,149.439662395586,0,2485.43594066976,621.249847979841,1608.64990227139,1279.98682744746,474.370446409489,859.486693085591,2637.3344145626,302.354260375697,1739.27376448232,929.968625343236,928.782294919199,2847.33959049296,2918.25911787551,3566.23071300238,715.563816347276,652.604722760924,1310.76965398676,2883.18596887881,2855.76713858472,860.490027805678,492.942602798326,2489.48049474499,277.964626436357,621.76487663522,1114.51919587596,1013.88826583023,664.611843590943,702.233985539371,639.744982623505,1052.54889524323,1840.74319987129,498.936678892552,766.624552623411,1332.26264897311,1211.90236148584,2872.94840634388,840.06855657521,998.935945541542,210.06453553856,1855.22229753592,996.735403700666,732.447680456908,851.954890778336,1111.64640424898,525.785179939903,2946.06021197502,805.590864652401,291.285278199815,954.050534691051,2330.82794343504,2645.77050623285,589.026059223006,768.592883775713,1875.4644576683,2293.89808937142,730.273590461217,659.579257536017,2903.18165396116,521.583987789206,2133.91172644851,1401.20548015926,2891.70788416261,312.774210606272,1093.45507514987,1821.66012748884,693.672516624046,1425.34724447437,637.205642185006,761.147522282234,2693.78324018429,2549.8604030927,578.140708086407,1711.37116987326,644.353358153329,986.637412811071
1998.63297693815,1973.36437366008,1640.08734629016,1288.59604517039,2740.7189208645,1136.61227251981,1006.30989562403,1419.65470555926,2211.16670911038,1923.68255490646,1248.15213942507,1417.15917701342,463.416372993203,1810.55868736225,2040.53921075562,1354.82420973509,484.222694844505,1377.47680600455,1406.23665141908,520.430934237395,2304.05841241712,2444.25816014172,1454.73979452869,1276.55113892226,2007.27983290237,2373.1285649033,1296.47445740183,881.249418406957,1961.29389255208,2037.16779792749,1732.77592624187,1282.17193471692,1484.11051939928,1988.71550190432,1293.88178601119,922.073767623883,1194.42928098512,2569.68391448092,2369.54742786363,1850.5547529667,732.698698344225,1913.62422157018,2645.48075969476,1841.11087878285,1703.6419630708,2449.70898901917,1955.24066279098,1902.90445363169,1873.22437637121,2545.61801598694,2485.43594066976,0,1866.66885257907,1583.29202743359,1205.73979555801,2943.67539170976,1660.61552300403,1308.28141760812,2184.0259013068,1261.40411830032,1935.35316567615,1570.4807320107,873.40488220688,1036.49016437419,1732.69646447371,1947.34151063799,1884.95090178528,1591.88450655463,1306.42012068039,1122.57403310059,1914.11754052073,2341.0122143257,185.210243681265,2456.48028307451,1865.54909297014,1580.78569227722,1641.00813305057,1973.84462977609,1801.02132510148,1883.83347505219,1961.98665724456,1362.52911227857,2975.26177953779,2009.27835286015,1440.33866708024,1829.59285702837,816.948621347069,1937.27005857228,2007.81272823767,2569.60518007459,1379.59539554064,1929.30841893434,1763.86379615949,1916.35909977066,1408.07051121123,2106.80727964494,470.453975724925,1963.97668907256,2239.20696494664,1930.13891942701,1283.14054179159,462.780151078594,1962.90712315996,1801.82391737273,1226.92180795544,200.99160056485,1937.45883649724,1931.2691653169,696.240383869281,1999.44353887631,1235.15219412927,1732.36241070343,448.541672036305,2213.88302818418,1449.2347165762,780.96100725331,1864.06561909621,1511.30738994567,1859.05733695142,1855.62415111656,1377.00537480907,1268.93293382882,1923.8298411044,1517.6439576585,1948.82698377338,1782.25382197012
292.113580840088,605.080878219646,597.264114822842,1523.65259183088,880.108945293249,733.787926559931,2348.96009545763,2191.21113228935,344.750064974304,217.73064316434,625.909750930908,2429.82301207177,2309.26279929034,935.428951888442,333.400747571446,2361.30905557176,2250.09134497495,2001.11480550074,2267.95558588346,2023.61057880288,441.407180961011,585.459992567482,1048.92671738554,1895.52192392649,239.854836155868,508.539597991449,2190.36442616415,1699.15789001076,342.023098995357,317.336084691781,182.764623703094,1921.83054759379,386.318107927155,211.430748849116,1799.49574620177,1973.48383162559,1550.11595081069,703.863306590067,509.39913052439,595.194973281526,2483.34010007801,802.748589107216,786.537507656461,2176.67821417239,170.295645627949,638.965375027756,245.092268775754,154.200339195578,258.696579270603,681.884347574445,621.249847979841,1866.66885257907,0,1233.44505479979,663.900289931553,1089.91477888641,263.800737132654,2093.99078713482,325.631497909656,1200.16496858781,608.336374042182,310.909074586938,2283.20443417475,2327.96259859442,3053.40203555635,370.611643381771,175.023844097147,837.189090817488,2324.17400057847,2277.3848868351,514.086358608458,663.919647806325,1877.92306294175,659.993695027651,90.3548535355212,595.47970205583,497.475974890142,337.529674797932,110.910985943838,238.568880578729,752.72596077052,1328.88745854249,1117.82192377004,590.427475219289,871.523678767014,841.349475041444,2267.21481405129,510.538193075966,728.739910179938,737.832125206261,1347.54030338844,674.891940166748,187.205396255914,506.079036740216,537.447345349309,440.196318704052,2329.87462318789,495.342592520498,417.455820912048,630.354850751147,1798.10296604204,2028.21871630701,210.633714130766,266.499224587457,1335.22149804964,1677.19958719826,378.146200259095,270.362905403127,2289.11224348539,175.675266640739,1597.765710782,992.557407562239,2279.31500684685,356.951230905393,492.407542912476,1207.03602187468,220.33419601124,933.204354419578,54.1768009540305,324.375832227395,2156.7357318295,2005.67444272258,90.7946415069687,1236.74379029887,274.0759356884,562.171097243671
1522.39777332618,1779.13167320182,1592.90492935803,2132.95981845029,1783.66826258419,1099.19661315867,2490.29087453239,2651.82860542441,1457.54116818712,1439.57099509121,961.91000016809,1354.65317849812,1854.93416157275,1967.66254072729,1565.79686487769,2710.65104617291,2067.50054409732,2512.13008241467,2688.79766810435,2016.80218681804,1558.49043709776,1687.98419418465,222.584144275607,2388.2558579651,1154.35858660153,1598.22109506779,2582.16110358703,2021.05342344255,1557.20476513677,1114.31561218952,1273.48986732544,2408.62773878799,1123.5950271601,1444.87298468636,2333.45296599835,2234.78315296443,2097.78386633011,1739.4458743557,1622.20983674298,1717.36584038717,1859.3423752894,1912.18139902857,1699.41519855775,947.848573919112,1111.66908083321,1432.5731804643,1471.91552048281,1378.46407574458,1453.27824078073,1741.24084357645,1608.64990227139,1583.29202743359,1233.44505479979,0,988.89715374532,1917.60831187146,1277.53273566066,2531.63870249446,1371.15827437607,1857.92274702974,1766.61766859708,1184.57332545044,1464.01455219214,2499.99077215659,2016.22093265742,1576.66099434335,1389.08627601165,1766.65279534092,2662.50946192726,2528.19050107996,1681.38415800797,1198.90925369706,1469.37003318077,1413.71559491775,1156.36330080081,1546.63833511809,1503.56203119524,1557.02879682078,1275.51356567691,1041.38058521834,1893.18423467984,2026.63210999217,1960.29804638881,848.707365385655,397.418000425504,1903.29582998724,2329.00300543238,1688.1507618454,1891.89768456469,1557.93976311794,2051.29694522214,1817.49149669005,1046.59837692169,1675.83993137965,817.853416351516,1082.91606032804,1905.52445728397,1685.99881186967,1321.29759157472,1782.14470137226,2326.53037916735,1981.47212539603,1442.33390013538,1418.12981438509,1948.52231035327,1400.22798180922,1579.36218772797,1486.84228665591,2252.42588091628,1403.85776476075,2157.19670358507,1972.38448001568,1806.10301705366,1513.94243072655,1290.24610780353,1458.87340425563,1416.81886790947,1795.70579195924,1274.65130870561,1498.71606875274,2607.70808297716,2455.01284069265,1323.84023261354,2044.87764851349,1495.45339135724,1654.20710433854
839.319768646558,941.316133995664,665.446952832165,1185.50439603211,1534.99889488438,128.812915311929,1797.20012441693,1781.80893096383,1008.51211145183,754.901278996923,49.6943333576634,1896.5886178995,1645.40011558002,1013.7889959688,885.464094474746,1898.51891282339,1609.13287918624,1615.24337698481,1838.97970713874,1413.43098269582,1104.59564345183,1247.44438868557,766.42176488414,1494.83949807428,806.80924271199,1172.34788245577,1743.58839783194,1195.5888648271,824.29824892691,845.013179241576,551.045863671501,1518.5674031297,295.592402838847,809.149669534009,1420.80033398164,1455.56289035417,1169.86905025705,1367.70105408226,1171.7506076843,842.432508158792,1824.95081257195,1002.07155471065,1439.81527071262,1818.63749960417,498.313602231983,1251.81455924647,789.67885414067,721.125597827722,720.612706354134,1345.61747281197,1279.98682744746,1205.73979555801,663.900289931553,988.89715374532,0,1738.875279987,493.787978173653,1668.58935718567,978.325551914993,885.802784401362,914.458897272063,388.542570547482,1661.19692414093,1786.96529103944,2478.7401897328,822.608258893786,709.059155964109,794.696650176514,1854.90432363829,1766.65884485397,853.66283824816,1175.77636919612,1214.31103095941,1261.96996757089,659.889105154833,608.103878522682,602.264377381692,833.185736063144,610.136586976343,690.307683456183,1007.80957615365,1052.53041163509,1769.91694302723,896.928573433476,606.526704947059,967.227208448332,1685.75318902994,870.449717403654,1027.03330302807,1368.14882351943,1076.78280595992,943.496176471779,561.937338964318,851.860199813577,265.321935684219,930.415808862146,1666.57586169838,884.869813723361,1036.85687037133,921.427026161812,1415.8244844166,1408.15497436694,787.261697135332,654.478658640829,991.759066725677,1014.08480759583,817.09887954085,776.149260496335,1680.18106904051,809.238308903209,1227.64918714052,1001.55112316871,1615.46452758677,1017.15964876002,360.559108331015,629.436148788335,700.887782212659,810.550801682138,661.849365774473,726.230831250668,1740.82973675508,1583.70677286763,728.154419238117,1057.02230145644,792.391882913147,769.296674315052
1067.57231345912,1330.90646960415,1552.94354394745,2509.69036708385,215.565896201574,1820.88201604441,3416.94528820206,3183.02868228334,758.705222019333,1107.27356980735,1695.61906355188,3264.84259792602,3373.76944570855,1741.84547374306,1046.08920044075,3381.67582911042,3339.24020580347,2985.92743163243,3269.75465180553,3111.86574512838,689.922184560921,587.161290820121,1828.29834799496,2894.75379346039,938.916144657895,620.713808061675,3205.85332484787,2757.8342992441,1140.60688289368,920.323262055927,1251.5102184169,2921.36253916066,1475.58318990045,1030.3881333399,2790.51487661223,3031.99939177813,2557.41318126641,442.983185452382,642.378114027385,1419.32871823471,3517.66685499743,1553.79326096304,304.324051250134,2805.29941326223,1243.96109887789,511.977849220552,1088.14104911097,1099.70672261101,1176.86597498343,482.173340834639,474.370446409489,2943.67539170976,1089.91477888641,1917.60831187146,1738.875279987,0,1333.46938792018,3099.75933020331,764.906957522366,2204.66694951736,1365.23709066873,1399.81868244583,3250.92387276978,3391.36695465797,3922.43810094328,1173.50566629048,1126.37739278764,1766.34219878782,3349.41600092896,3326.75479999196,1306.85149537776,718.817721902113,2937.92692252122,518.546268050622,1079.51355844534,1582.28493951284,1482.86192514629,1124.62498771211,1175.43394574127,1067.59787722125,1472.48307218839,2298.60783025521,44.0411053759315,1079.8241113106,1704.90057515983,1643.6091373873,3347.31189596976,1284.43052687059,1414.00854441911,383.358609829543,2311.80818008331,1427.07553467615,1180.24988210181,1298.85331350831,1549.08815105056,883.172722031172,3399.35607127166,1248.80354625806,706.376621745289,1388.01194375976,2791.36247665809,3117.69940941396,1060.79761537146,1240.93076431458,2340.31008308914,2749.31154883455,1188.07809575985,1127.49896327739,3376.54757483954,995.651309512335,2596.35607875614,1837.05882410304,3340.01759437165,783.190116897631,1567.61298962324,2294.6138756464,1166.23781210294,1883.1587191117,1109.50217697718,1228.1826584285,3154.12836196305,3012.81731866538,1051.83079034372,2160.17071522671,1111.49083458412,1441.58026014842
346.465505551191,503.676472006758,369.180403047981,1262.62395258482,1119.85152611103,527.363421620106,2090.90700205937,1928.32264926739,575.149517296302,264.93514886807,470.162307754131,2362.32099420371,2113.57578864088,739.219556404441,392.090650622456,2097.5214131475,2020.05892399456,1738.98766308156,2004.49875575905,1780.15128038434,655.728597535169,789.667159187986,1069.58959158085,1632.49975986,495.360412468364,726.464299481751,1926.58241193969,1438.11182445972,332.544914668016,567.149545170299,83.1798453631781,1658.76005152061,201.171306951806,328.169764337095,1537.2193607863,1712.69886334652,1287.05209521485,922.989714623831,717.142121417468,442.305976246759,2310.55147696662,644.836888136876,1029.20554450306,2193.78659207656,208.461053657542,900.784169208437,298.427366684736,243.544220900203,226.961285318002,894.756979816483,859.486693085591,1660.61552300403,263.800737132654,1277.53273566066,493.787978173653,1333.46938792018,0,1830.47640957046,578.598108981399,938.319159265271,489.24347938665,109.483672849453,2154.17117658246,2068.58928702609,2961.57163362304,335.367901639096,224.337905876471,601.504118845126,2060.45637688797,2015.35082511565,406.520913944045,921.420941155592,1690.3285546138,922.970199684451,323.175583895311,351.815949980575,265.539130713747,340.441400119197,160.358257430316,449.101570184539,617.509705900688,1071.27642088487,1358.32485558021,790.715093451473,886.144448578721,656.223762188089,2014.64916820449,416.152229191196,614.374072719219,994.654936589546,1090.70337378858,540.76246595289,324.584484000199,401.771211104634,479.290601462571,686.877305347245,2129.1855742579,420.248424088914,680.179363038497,504.627493159486,1535.64614339166,1788.48214137608,302.40337232722,163.491985986422,1072.81452912357,1479.04587120477,332.189420193929,282.42112660066,2043.92261245114,344.396121365317,1335.26776756207,778.144494715784,2087.35311772765,562.366895598705,234.388078606851,963.224282086607,208.065177227833,686.653755564496,228.735148751615,241.396562579471,1893.55896962577,1742.15906438747,281.767462385489,989.872827215815,298.825016818181,384.92921448139
2034.445725818,1791.44360679535,1548.39692850199,591.299211552189,2885.78363799464,1540.03240394233,582.06275322898,121.341427679262,2364.66952867541,2005.85736710999,1715.52087231999,2723.84071549728,1579.92274032573,1411.65766972954,2053.806570838,291.256269748759,1120.97039454217,154.84298323304,174.225759161282,834.679997521618,2415.02384586437,2513.58763737567,2331.69110422103,205.805097876932,2322.84059382163,2481.85852635533,118.073080209916,513.563646158334,1959.48431520353,2389.59784605236,1911.40072901935,179.42255158676,1775.52009006542,2082.58926938277,313.273591291892,388.180543448797,545.624214700597,2658.29102487084,2457.81241312671,1688.1287523671,1910.42848562186,1597.19827669642,2806.53473836748,3067.55809557779,2000.13161119607,2724.09733347283,2019.57379917833,2027.88441429031,1933.75969525656,2620.70248950489,2637.3344145626,1308.28141760812,2093.99078713482,2531.63870249446,1668.58935718567,3099.75933020331,1830.47640957046,0,2393.7204271301,899.466559535565,1752.97478608488,1810.23530843476,2175.71740352186,523.738221615137,3004.74915923915,1926.26331013677,1998.04126152567,1335.77200310794,272.376662621352,374.875907135625,1798.21283378423,2746.17155785701,1491.80633668858,2749.21476388405,2148.98098879137,1524.63266986574,1626.38084678443,1975.46367922801,1986.429836679,2252.07559665593,1677.79929183395,804.606600217493,3114.92203893948,2539.71654163177,2220.52709154364,1496.17842403672,702.6584983594,1821.82857542151,1739.83219664172,2805.06071359629,794.123368581485,1701.28575670274,2111.55037320931,1805.68511172945,1932.04702755101,2503.20305679579,1534.72838416601,1857.67875898024,2507.01614122481,1732.94255446822,310.812410344732,900.767891429451,2052.22380209198,1877.08723921192,763.011159307313,1355.74994890818,1911.68342291586,1978.06660778597,876.63169823992,2127.71748073329,503.52374484244,1306.56831434922,1605.09522070945,2324.81543291482,1612.72299030408,1078.02558401521,1951.44664236575,1217.72124116886,2054.3722800047,1876.37714976665,76.4483504210586,88.3174461652408,2094.88561158141,963.632089332576,1993.05133634469,1659.22628444309
401.680882749233,746.918406063551,858.427098454806,1813.56803757893,557.18594844657,1056.34636566027,2669.49192590079,2486.47848030404,97.2231458645985,397.659497876618,936.889454887931,2649.63790173564,2621.04519602902,1140.16211780355,408.805451507209,2666.67872937931,2574.37349442637,2293.20517530228,2566.87083466884,2349.20638832591,188.065336820853,319.960452766995,1221.17261197395,2192.24340666991,221.887390813524,230.272674657103,2493.69184772987,2016.04255403186,483.373605729976,258.527923211957,495.448691440246,2218.76559378225,710.691194652511,326.282490628964,2092.85300635078,2290.71880215973,1848.1398378941,404.576341836245,251.217508150286,787.767796607146,2782.26753577035,975.104917389618,462.585453528302,2316.26800593714,480.672892507748,331.854594876296,394.179444852866,366.574460634917,469.506371048759,392.540736532158,302.354260375697,2184.0259013068,325.631497909656,1371.15827437607,978.325551914993,764.906957522366,578.598108981399,2393.7204271301,0,1494.78225624929,766.874603694097,636.418709564346,2554.15386247294,2647.10121587441,3289.78216954943,521.191141292286,396.946425303701,1093.57527845745,2631.07656489995,2592.07459507166,681.19761973658,448.372853976344,2187.1269615935,360.605985849333,319.423253740135,872.490771097517,770.391715657465,469.609764940426,418.279324288882,351.876206782239,906.513653545007,1610.90413546334,793.763777448665,570.643050625141,1061.8579353447,1039.70700513485,2591.12064979145,666.485483859311,863.753106592151,416.223933884771,1627.60636025715,837.652218964024,431.417350856629,672.186116782512,811.9693464652,330.044555319144,2643.94582981417,637.328065584941,135.348089211241,791.592264915944,2092.25883433795,2353.80825862349,354.247131062616,518.539828902375,1631.10156394416,1991.94596289231,534.878688081139,437.578882355943,2614.62155187301,271.75763160027,1892.82421059934,1216.14985394316,2589.35389048224,171.091578798745,812.284272700606,1532.48243855064,445.829456912336,1201.26791656697,350.251858366831,534.911427971562,2453.79631526002,2305.58423002192,300.385918674968,1499.12849570154,426.990532856857,781.459131034621
1137.44395149767,923.56826703451,651.737341308994,325.144915403008,1989.91443342793,764.045097662284,1254.9004010732,992.18047003595,1465.31611704618,1106.53744078204,924.102293103346,2471.92837999289,1702.7830111667,608.119690205459,1159.03072636407,1177.38636383027,1414.14515798294,800.959187311006,1072.21503379773,1100.97060309241,1517.48007754407,1620.5352665621,1638.3641146598,697.472112988948,1433.47350282548,1585.06376202943,1002.23285177294,604.098414161395,1064.33460716723,1503.55238358326,1017.45380027105,723.986071437327,911.419731939827,1183.36432471593,599.450076110979,861.00383670819,354.022552762437,1765.11979513297,1562.29055831609,809.755806930489,1993.89805988215,765.909970734718,1909.06283569093,2592.30145781574,1120.05944647449,1825.67844407259,1120.83763185131,1128.63609279145,1034.54122986371,1728.4754290905,1739.27376448232,1261.40411830032,1200.16496858781,1857.92274702974,885.802784401362,2204.66694951736,938.319159265271,899.466559535565,1494.78225624929,0,883.215074393258,930.802376633835,2051.31572904735,1219.11688428641,2932.00951769862,1032.38793100505,1098.70153594036,458.641035597428,1144.74956954707,1133.89415852362,914.789800023478,1859.20511571988,1388.888379267,1851.4881574886,1260.3808548074,625.366241291689,726.977253578495,1080.30395740241,1091.13755820822,1373.50387670255,838.273376172617,168.766533788981,2221.37301793927,1684.61704324033,1489.41931493155,664.93261173588,1235.5278402592,939.289068216008,897.795445931994,1905.59699634876,193.482185116897,842.48191587478,1235.59943370589,921.540150639487,1126.19646226333,1620.768766465,1689.31325592376,974.745087407258,1609.88831579838,866.32782497807,598.300518185017,1138.50568735497,1152.96015656754,977.651080355859,136.456478594147,1168.19102141114,1017.98783342023,1079.69888017554,1325.13000626296,1228.25446632676,398.266985071701,510.257939999901,1699.65430919673,1426.53749614336,733.440839890388,540.972547811138,1051.98062906921,341.182350342003,1158.46072788244,978.142338006687,959.03610361074,811.547482274863,1196.73701466495,260.217119666179,1094.98164950144,771.162477314362
366.913443680708,40.8679087869335,295.311683686124,1162.37243639409,1157.15885578911,893.260044891772,2136.65039365782,1828.44489806812,699.496863767901,401.324503986464,907.582579002782,2811.04350405452,2398.74884834131,382.661761629109,359.228905621698,2040.76827268901,2213.67621631083,1630.44180440712,1918.88775149863,1928.31111965247,712.272896267131,780.789041588075,1558.58383173596,1547.18861239924,823.905811970664,769.287568498593,1863.78301648323,1479.01776667266,287.653095946406,904.087511914612,500.402951073512,1573.55569904551,663.514837376719,452.264021625876,1440.26882403896,1742.83501654378,1222.6832306971,923.022177114429,737.798610555282,84.8769008184827,2636.83292639176,208.231030259469,1088.9723252553,2680.27341273947,669.030094974304,1081.17329772982,387.871084094192,460.095786227282,349.640205423592,883.217453181488,929.968625343236,1935.35316567615,608.336374042182,1766.61766859708,914.458897272063,1365.23709066873,489.24347938665,1752.97478608488,766.874603694097,883.215074393258,0,587.495833345713,2547.14349096731,2101.99474999841,3386.07149125416,250.930621003526,434.605255160265,424.748500476094,2012.62579409402,2015.7911151087,94.2649839463484,1207.81116202712,2003.96879388891,1115.69218645587,698.444636414282,355.528661830117,316.982119032332,299.656102466431,521.570841542165,846.811563874203,145.203187697257,948.594873027803,1375.49995560148,1198.32531988716,1375.19118465454,281.937763531022,2104.75462781986,101.892788809783,125.776342469546,1125.62726548632,958.931574969234,70.8603839528974,764.314931643371,102.442895259933,963.748784358482,1023.77759811093,2402.67496157192,129.655884435973,901.610261118297,24.7676697142845,1442.24246952294,1952.83670021618,431.150844178548,358.641405075278,1012.02524371297,1778.90313196018,239.193722287122,349.167710039316,2174.54268222268,513.011450779143,1254.34683084173,472.719722270037,2381.16914378238,637.179734319837,556.133042646936,1163.4810747078,388.117957689128,543.272341973639,554.529672386114,285.922946126397,1802.2932938947,1668.083287773,542.447072523779,797.905685585951,353.185154189037,155.234193011138
451.088597949035,605.034549527129,425.749262756643,1255.80733205716,1188.70482538835,433.913276948427,2042.01021975831,1912.11592848053,647.051325469232,366.367264806143,362.406266490701,2253.02132112879,2019.9626640245,804.392652875687,497.519354299969,2070.38649685341,1942.50405860196,1726.63236681747,1984.45399169191,1712.80002144851,735.2853377012,874.000703617956,972.984577004893,1616.22960062786,516.921779164368,805.193930230938,1902.18439128868,1396.84249275353,441.584986541749,580.0315355686,163.944430808967,1642.1378555456,93.2317824869077,422.700419490336,1524.83343255999,1670.30005453894,1271.69522771223,1002.29231089251,799.684702030327,533.242985123951,2210.52732079021,728.679372218199,1095.91776789704,2092.79247064893,190.07130930489,945.635157267896,401.153171496077,335.115866999648,334.895551993908,976.510410638752,928.782294919199,1570.4807320107,310.909074586938,1184.57332545044,388.542570547482,1399.81868244583,109.483672849453,1810.23530843476,636.418709564346,930.802376633835,587.495833345713,0,2046.89482805583,2022.4129627016,2852.24624727017,444.848039185129,321.133792693314,641.589385475475,2031.66219965257,1976.5223922319,509.063735138851,936.381594885294,1593.71512157107,964.114347187851,344.348276522603,393.8229471491,326.934102025586,449.053272473411,230.78987991865,443.221624102273,709.019613128276,1074.35163506013,1426.91444555215,762.484149660828,790.005637909763,728.693123765484,1957.19959073782,520.462571245448,711.122623960006,1048.06031698183,1095.2346164773,634.206789075114,304.831730102324,504.964276241641,376.305596807479,693.085574456164,2037.36923478567,526.780240540216,723.589044151437,601.023806451468,1522.49059984395,1717.88988331121,399.610864039684,272.939637383604,1061.96413965955,1385.63999800092,441.560419104684,388.97925845439,1978.22084019464,429.037751245938,1322.6519298945,831.586515297405,1992.48167676145,643.950685632615,198.074263612043,896.127246357879,312.873297880845,712.531844837044,292.070975250488,350.602541470277,1875.75655517129,1722.09266408077,354.713985136567,1010.91195260343,404.818994554572,469.755878587488
2497.42434852303,2579.36333982173,2263.92878786656,2136.49222906834,3076.19929011651,1656.46744249575,1798.44538519179,2283.62622408724,2610.74252157022,2411.05347714141,1684.49106433632,594.861582113057,701.552807107691,2521.92007437791,2544.16125627695,2191.99158394503,1158.9840232503,2250.30307000029,2261.643649446,1355.27581449373,2714.69230594386,2859.87516292128,1460.2436506944,2149.93801754708,2341.32242072627,2775.47420959187,2154.58216133139,1751.61066410353,2485.47952471756,2341.14902296857,2205.41908069646,2155.53788880841,1953.74732846825,2458.32683337986,2165.03610391261,1787.66811306121,2047.55519056116,2958.70661178475,2784.15926923701,2466.97700198939,490.825053886907,2582.12927299253,2982.03305541538,1228.27811114245,2113.83274421608,2739.25377545492,2446.48263641128,2370.93573016453,2381.12458141613,2945.37716494061,2847.33959049296,873.40488220688,2283.20443417475,1464.01455219214,1661.19692414093,3250.92387276978,2154.17117658246,2175.71740352186,2554.15386247294,2051.31572904735,2547.14349096731,2046.89482805583,0,1840.90924119264,880.934674471791,2483.39238491806,2362.83400196623,2288.11869366785,2145.60279650869,1952.18124466741,2500.10556848702,2556.78916564207,698.219920239763,2732.97412485062,2248.11019957519,2201.54587750765,2230.85279139081,2494.22675177718,2255.35709493068,2207.61193841445,2611.63867187213,2178.22811505686,3289.63208316637,2189.58596225286,1552.30213452649,2515.81319445003,1603.32380181685,2519.39392205783,2644.9127704457,2868.58476343835,2198.23606122709,2561.02619285672,2127.63077559145,2499.63601022178,1748.53610599263,2367.75132214159,766.112219764882,2537.77757090966,2564.11536652691,2548.97004129808,2154.37280529808,1290.12771127079,2439.48355121371,2315.6409927044,2045.75847867461,893.117742173172,2477.45192010862,2435.85954091495,1439.88173131147,2448.20561146034,2092.86753021747,2462.77324508018,653.794201746291,2637.69548717922,1998.55610261109,1516.79167677154,2359.63407633159,2234.48597016038,2295.90382645651,2386.93790481247,2242.10988620219,2140.29339092825,2362.08097343289,2311.32114326682,2451.69496616396,2393.25554681844
2329.48441189173,2142.46298706123,1854.25300916484,982.87718493658,3175.85991229187,1667.0498240372,59.5376760787884,571.419714792596,2635.69439751673,2284.24033320755,1836.62169883619,2422.52228983478,1177.03494140535,1805.12820042561,2357.06484021737,376.619917629496,696.08937967053,672.712978723703,500.423008474976,517.486662426432,2701.85457151615,2817.13663494948,2326.47499965786,663.816512511343,2536.88336925069,2771.75668641576,429.947449336556,633.664099194355,2262.85544169253,2593.37881120476,2151.76787483106,646.10427588669,1966.61204436584,2361.0174730065,760.793611104078,360.827057624892,899.106366405042,2960.19425130756,2753.46601301536,2027.03532310841,1498.36292787523,1977.85508723468,3089.35445462802,2875.93792703632,2204.69909425031,2966.73446551751,2304.55282440179,2293.18053147284,2215.3597943432,2925.77069665729,2918.25911787551,1036.49016437419,2327.96259859442,2499.99077215659,1786.96529103944,3391.36695465797,2068.58928702609,523.738221615137,2647.10121587441,1219.11688428641,2101.99474999841,2022.4129627016,1840.90924119264,0,2610.89238069753,2234.07195962394,2265.71733176912,1677.70971869635,339.941141458156,152.953433388201,2129.08010325882,2943.5112109199,1216.99536592718,2986.29853357737,2366.25975451305,1816.46731082151,1912.58496917826,2278.56291690307,2228.9475229729,2444.27128493365,2053.47816317232,1184.23163396416,3412.12406332974,2683.88848486247,2252.33213648176,1875.58408802649,239.303827749575,2153.88999488691,2114.0511815577,3063.23918753772,1182.55826017683,2061.3525293033,2304.14159304805,2135.33130879622,2048.83322384855,2695.62521360242,1121.74613830589,2188.84316432709,2744.82130615759,2085.38453288877,752.934534526797,573.791080956839,2330.64351668201,2150.45844036659,1094.52609732979,1154.90178876224,2220.21329326161,2266.62158530917,415.948155416634,2396.93652934971,885.310623085536,1700.4889740471,1212.92173667076,2608.26549973676,1835.82447240728,1157.68705661844,2225.12958950625,1560.17246986978,2297.25478166515,2167.78733088121,548.363582622263,560.446395313281,2348.13218949987,1365.44900633685,2283.23948103461,1983.66461738262
3294.97738600568,3415.7386594273,3111.94694176051,3012.47777623771,3771.25362455339,2493.45494991736,2560.83321140886,3105.13743633227,3358.80463172673,3206.69286905295,2494.34270586102,661.995751303412,1435.86092737653,3389.4467468127,3342.29225551078,2980.54116563078,1915.5081081701,3093.70714485661,3070.58731420502,2170.47676149586,3464.23322479765,3606.73697408727,2095.58883576616,3000.76008735892,3069.11079732573,3518.55024232391,2968.94397816382,2613.43729833906,3293.72546150401,3053.3220115537,3002.69874518923,3003.88893008545,2760.80086298996,3244.7922116707,3024.91340148191,2618.60584343456,2921.62669767745,3688.1448408479,3533.16437955636,3308.89064619227,1112.91401348187,3438.09417539394,3681.36116923941,1328.28874950558,2889.47620692198,3422.05018417287,3242.53650979773,3159.90743209289,3186.08493626283,3681.02283990833,3566.23071300238,1732.69646447371,3053.40203555635,2016.22093265742,2478.7401897328,3922.43810094328,2961.57163362304,3004.74915923915,3289.78216954943,2932.00951769862,3386.07149125416,2852.24624727017,880.934674471791,2610.89238069753,0,3296.35390168878,3156.23513127895,3154.4252768362,2937.43923861217,2739.72254862161,3331.1231924731,3205.49646362085,1568.23705807166,3408.41668124461,3004.51058712,3049.9146084624,3069.27653644794,3300.7030770197,3043.12279134715,2937.92849114475,3461.6678806083,3058.94957020252,3964.1021378264,2842.76772069946,2234.0629030628,3377.31580411383,2372.5879020429,3348.62866121303,3490.5298439482,3550.82915594044,3078.8298011088,3406.21528833957,2881.88052568029,3329.70948267116,2517.88125150985,3054.81466444094,1489.3302225354,3363.60511820068,3275.46488364018,3390.19775513627,3014.10677655537,2104.29756603245,3229.60289697497,3125.0334241178,2926.19346352085,1772.40910828595,3292.0971307472,3237.7417476195,2195.30063172554,3225.88385764528,2965.01827420088,3334.72877756916,1404.41291000526,3396.60682785248,2830.81942956879,2396.11722540061,3160.38105455073,3106.69925876209,3074.49793853749,3200.81060331219,3066.0768785372,2978.83057452164,3138.50726644471,3191.90969461422,3252.37390155283,3234.83976084018
119.759006789783,239.406443934076,381.460366286583,1336.50903135667,959.658537759485,837.158465492303,2263.69910810181,2010.47579026679,461.949886551032,154.748533590612,802.856441078176,2697.35639796676,2406.9748849533,619.013914136708,127.899704970822,2208.53027171478,2271.56394474705,1813.85697611148,2096.46889627854,2006.93841593005,492.819931396674,588.168761278482,1378.5216282827,1721.33523180799,574.873297641282,557.242324820883,2032.5204545567,1601.69852939345,37.8195107915981,654.756470259165,308.915812448286,1747.94952341746,535.584935154181,201.461061530765,1617.43962268258,1873.27886481898,1384.27608536732,732.80123446256,531.747086943583,267.0656891575,2620.34363028873,457.489254448435,882.350671182288,2508.43677418806,464.994373992356,843.377070538229,137.274395493764,217.096831869658,123.404039559293,696.103053980656,715.563816347276,1947.34151063799,370.611643381771,1576.66099434335,822.608258893786,1173.50566629048,335.367901639096,1926.26331013677,521.191141292286,1032.38793100505,250.930621003526,444.848039185129,2483.39238491806,2234.07195962394,3296.35390168878,0,196.325630497895,595.301370500293,2176.80738450395,2160.94302070033,160.774732751307,957.984712542746,1993.16206913052,876.195595124662,460.669901220011,418.052169672274,326.671837347723,52.3293989253703,302.300366677953,607.828155157515,395.308538163973,1126.30130595104,1189.2618501151,955.345606855582,1195.96002831488,518.516402675797,2211.98078737445,149.043607723719,363.04850359462,899.399345689091,1140.28609489017,321.406546827404,542.587675434171,151.794178596562,806.022583246551,773.582643311764,2417.79376541512,126.816194432559,654.720622206807,275.088084748955,1618.13744462312,2023.72429168465,180.466919104316,172.162235665551,1167.51893477887,1775.11268496366,14.7098025741785,101.358987350217,2263.40912807807,262.12535906354,1422.85099956558,697.31018945177,2384.14939327469,407.772556600569,500.954965164145,1205.77809605287,160.283188037964,710.638592245699,318.916814833837,96.4638065206544,1981.02794020288,1839.31547049851,296.22809306348,996.412101940096,102.791585098348,271.174648716179
140.188644276879,430.211882484597,463.191442204232,1416.69853126726,911.17850247597,750.933514988634,2290.71133363183,2089.91486733233,370.524590235168,51.8988789620581,680.251996549748,2544.76921669184,2337.57049138119,774.621197622898,187.278959282622,2272.76230739676,2241.30647346869,1896.37260804391,2170.91648245157,1995.88283495022,439.724771766028,568.569104666768,1196.00448857131,1796.01309011943,394.573468512909,510.51498321155,2099.06731043839,1632.5441845735,170.294037853073,474.892710315708,158.112232471064,1822.56189200647,413.536324324897,103.939920651764,1696.17917843424,1907.04323274205,1452.42188620817,705.14362689131,497.771351236159,427.352877085591,2531.54309530009,632.605708008903,823.673143714996,2326.42048169626,281.926611305754,728.734584059871,87.2278415207283,30.881779674915,86.4060748729564,675.077320120117,652.604722760924,1884.95090178528,175.023844097147,1389.08627601165,709.059155964109,1126.37739278764,224.337905876471,1998.04126152567,396.946425303701,1098.70153594036,434.605255160265,321.133792693314,2362.83400196623,2265.71733176912,3156.23513127895,196.325630497895,0,700.965895364492,2237.91532659678,2204.78290652181,340.377738941509,801.705105685049,1913.34260850787,756.473111977959,265.362142481287,475.546138158656,373.445446337672,168.372231151795,116.84118841047,413.347476130276,579.490120050817,1214.09594189893,1148.71967267253,763.792557856552,1014.94597123733,677.819178103062,2222.47919204045,335.865125415699,553.981193165897,807.380972251869,1230.96847694291,502.197820329716,347.973624674781,332.17469729411,643.772543644232,596.889050877219,2353.44504547556,320.342658600258,518.769307787601,457.100106301161,1695.67810423192,2006.24583217501,78.5820683296068,121.60117264839,1235.1162435731,1703.02498456309,203.299900588829,98.5115726338096,2258.18171663599,131.37462862847,1496.46961367468,839.292073193519,2311.03504566424,345.559611463189,449.081577425948,1180.66364230437,51.8672806713629,805.94041073688,122.630198904981,155.246084173231,2057.51707894619,1910.00233424417,112.715431938508,1105.96759524683,106.40256527461,402.859439329993
708.995774283743,464.992320959129,240.087390844929,744.560485762181,1553.60462401271,716.419886405274,1713.01823213091,1416.74142583382,1049.18715976328,695.963244822181,811.62485794782,2626.32515705183,2052.06956485486,235.460783104383,723.15591439714,1621.29430288309,1823.49513871041,1219.58815321297,1504.31121735491,1525.78852685855,1087.93610795012,1179.32244771394,1545.2592184661,1130.15950912889,1076.9820976761,1152.48945771173,1444.5353089752,1057.74788718175,630.355746584399,1154.21450852651,665.049285438426,1156.70320330111,667.047541197918,769.331209935934,1024.84093682873,1319.09958738129,799.826001465825,1323.88616132263,1126.24341536391,353.657815234475,2314.74959323109,327.339971445172,1477.54927147151,2611.99355128789,808.333807518317,1424.3648003479,702.6150983761,731.846170018003,624.106929387144,1285.80605383687,1310.76965398676,1591.88450655463,837.189090817488,1766.65279534092,794.696650176514,1766.34219878782,601.504118845126,1335.77200310794,1093.57527845745,458.641035597428,424.748500476094,641.589385475475,2288.11869366785,1677.70971869635,3154.4252768362,595.301370500293,700.965895364492,0,1591.751984358,1591.15581193121,462.515219811363,1497.91263467222,1685.44731447554,1454.16292164201,913.782795397403,250.292813881316,340.661001013124,646.184159394964,726.991912828586,1048.88044965491,389.656455458236,532.394868746009,1780.28744577996,1391.99297006512,1371.3183753331,237.771948775053,1686.55734626728,486.302370347548,446.013370271481,1490.58326402568,545.50700019024,385.008300846965,925.722369517581,469.929753234033,956.636145371503,1276.73534654502,2048.8106256049,522.123476896864,1219.28778235179,407.688064214784,1026.04119532871,1555.36146788424,740.200038449231,581.528971370684,587.545123398564,1457.38751973069,580.596742128291,659.435038184156,1764.42560514773,821.819240628546,833.982706758274,206.979182783994,2040.33826531424,1001.10925751535,482.700116178167,811.414164092837,649.97460300055,118.965890234159,787.484453247833,559.350684071849,1388.3245147432,1249.72931727711,809.921107520398,405.553585696558,672.4743172113,324.912154837142
2282.09361726621,2051.65857047396,1796.48298794337,851.041785356151,3134.62485404031,1728.20195057612,397.664901510864,261.433061675564,2606.9857311187,2248.82533542091,1903.37397159522,2716.61074127907,1501.57915465363,1678.61748232151,2303.68309261892,49.4804639959845,1023.08057384751,422.724829273396,170.822225128482,792.819786380882,2661.81925233273,2764.96177028597,2472.97282081371,471.353968221978,2547.78458613858,2729.65980184644,154.430124797841,660.652762238315,2209.01891074483,2611.50153245364,2142.58619262794,446.167947834794,1989.51875094014,2325.90477315811,580.177384870161,428.852530236337,792.902677437734,2909.60854355051,2707.04009327744,1945.26196762211,1827.19638980085,1862.56883119969,3053.3118333826,3123.38686870125,2220.28315256535,2959.36827757873,2264.43720300784,2267.20909438145,2177.29538485655,2872.7138058486,2883.18596887881,1306.42012068039,2324.17400057847,2662.50946192726,1854.90432363829,3349.41600092896,2060.45637688797,272.376662621352,2631.07656489995,1144.74956954707,2012.62579409402,2031.66219965257,2145.60279650869,339.941141458156,2937.43923861217,2176.80738450395,2237.91532659678,1591.751984358,0,197.945291671315,2053.92375097963,2967.34660656236,1491.27533814915,2982.90064314598,2374.1381208647,1768.66675691044,1869.50577720167,2224.99289378539,2218.70641926028,2469.48105647734,1942.52129528896,1064.80123335101,3366.00306807675,2741.74585085915,2376.84019571356,1760.9900323525,568.83877699396,2077.91393283302,2004.46785791139,3045.07767107146,1056.2430873598,1963.07401903404,2328.33344020818,2061.13674419842,2120.2065780175,2721.83509421149,1449.00115624517,2113.69106090742,2740.13002559775,1993.25527379449,576.300839143266,856.74433914024,2295.40729173234,2117.99957692911,1009.29005042184,1392.58614837937,2162.35187625298,2223.7294100288,749.569076433481,2368.62021806211,758.29584679947,1573.23057789126,1534.27398363258,2570.41764810402,1836.21566209659,1238.6215436987,2192.82561043071,1472.97422058129,2287.11728427578,2122.35230508089,255.947071163607,348.790710817767,2330.96986053548,1229.96770800756,2239.22389811552,1912.75991109884
2260.63111821129,2055.82978826842,1779.59844818877,873.897245107876,3111.23739198186,1643.02356486464,212.484332020151,418.474831979583,2575.30240692891,2220.18983341768,1815.96928502184,2526.65707246299,1303.8880592101,1703.97377239702,2285.84599694984,241.222423016438,825.142684404869,526.709906395679,349.732011636995,604.204902242301,2636.89606486901,2747.42635607374,2346.12905579653,530.456601428993,2493.19866258336,2706.08739426405,277.224442823715,580.099697674203,2191.1950289366,2552.98863457307,2098.35725391693,510.40642042954,1926.52456168055,2297.30247238042,632.794591367565,311.132544084161,797.846091075949,2891.3872225422,2685.98234493915,1943.53330447863,1629.26843486897,1881.43986605304,3026.74738012033,2951.14502178941,2162.18405944732,2916.01423401043,2238.61662199665,2233.09058306675,2150.01289802229,2855.89717753196,2855.76713858472,1122.57403310059,2277.3848868351,2528.19050107996,1766.65884485397,3326.75479999196,2015.35082511565,374.875907135625,2592.07459507166,1133.89415852362,2015.7911151087,1976.5223922319,1952.18124466741,152.953433388201,2739.72254862161,2160.94302070033,2204.78290652181,1591.15581193121,197.945291671315,0,2048.50314153676,2906.33210646617,1306.49977640411,2937.31471618436,2320.83296752088,1745.68274993045,1844.13038447969,2207.0548222106,2175.32296100023,2406.66271880942,1958.91968031043,1081.86474094968,3345.82218390952,2661.54897637665,2260.78544153474,1779.06383009559,371.450389187287,2073.06690008908,2020.19202572156,3008.08573303331,1077.73124674952,1971.60331969605,2265.71421320782,2055.15279427029,2031.11964339504,2659.02793441572,1251.1067811601,2108.44940166553,2694.83379749608,1998.06517528632,625.919542161873,666.558122348617,2266.79574249735,2087.23363397017,1003.80870340011,1221.08086897137,2146.80325969225,2199.43644864871,552.404548921209,2336.14515861887,776.502166027284,1598.63053904011,1336.96475468125,2544.01308552483,1785.34934003222,1139.48316019485,2162.19903293397,1472.51898777779,2243.87249734716,2099.26536959297,395.794044676819,419.635270144739,2291.90422370785,1258.84688035041,2215.64039635943,1904.2773433126
279.560899233709,97.7775665319512,285.348124617296,1206.93814347489,1095.78221745063,843.638498526826,2161.60763709392,1877.93087664658,618.410275379778,307.950074181597,842.86248668949,2748.0756947686,2376.88120637133,460.044676692776,278.068668278545,2083.7463867982,2210.40271618074,1680.36792156444,1966.34243901693,1932.80542569323,639.675942686575,719.844588012479,1475.52350747932,1592.54508307361,730.574121159179,700.187417997135,1907.02260567206,1500.92615870293,198.367805533037,810.839644697236,410.789401828739,1619.07033203616,589.871773495582,361.878488312495,1486.89616259937,1768.67725982464,1261.43099239593,863.885977869497,671.04585063728,113.055893443119,2606.28686466818,297.151039598701,1023.41751020789,2600.26635237285,578.633896314526,1000.52207926167,296.194055563693,366.073171267007,255.390490676998,825.155804108101,860.490027805678,1914.11754052073,514.086358608458,1681.38415800797,853.66283824816,1306.85149537776,406.520913944045,1798.21283378423,681.19761973658,914.789800023478,94.2649839463484,509.063735138851,2500.10556848702,2129.08010325882,3331.1231924731,160.774732751307,340.377738941509,462.515219811363,2053.92375097963,2048.50314153676,0,1118.68940267294,1974.55003251072,1034.09875497375,604.218291204628,338.213410119869,275.007250180247,211.642924914299,428.418069261303,752.581640357108,239.174211570789,994.237663336501,1319.50725207112,1104.06580041421,1292.05287954191,359.14057021641,2121.2685559474,25.0062584134373,216.967756072445,1051.05084753473,1006.43095685872,162.606392939837,671.572665510576,9.0116105674166,884.770180039026,930.985321208037,2383.36162345996,59.955527634328,815.142639206462,116.900364427609,1488.2603641366,1954.27234646404,339.443395827913,267.338526007598,1047.19363114208,1751.54327538802,147.972445297007,256.367551321526,2183.58079148213,422.287975567289,1296.44411051701,542.350260774025,2357.35213063876,559.780365701078,501.862322336942,1151.21210646307,293.913151861184,581.028594638866,460.306943839953,192.385867678824,1850.17284567662,1712.23988877416,448.669984852414,853.695579505626,261.473329676237,146.022534895862
840.954858308625,1190.64913742317,1257.93161210841,2183.85976754372,597.282447907798,1284.67065266501,2958.83286388351,2846.76680697454,534.540244625434,818.173286499974,1127.02888850945,2546.88497761018,2743.92884730742,1572.09857587589,853.806358096578,3006.45340488098,2774.56937183148,2659.1268694847,2920.39613728545,2589.20474475488,580.930160633279,642.88668645737,1114.8712448802,2550.76773793629,426.140175167732,573.031888811873,2838.56357643909,2326.31484906803,920.628133388624,356.575170363188,844.541736949029,2576.8407006375,979.917643038046,756.94466978872,2457.24050720728,2597.54154248109,2205.56533227251,623.099248715286,611.488502737534,1220.08342657961,2855.77860589002,1415.35636183285,524.343357894021,2098.74742157324,747.125130168717,262.149641824063,823.648067156815,771.282215775792,884.925361192245,642.382253744061,492.942602798326,2341.0122143257,663.919647806325,1198.90925369706,1175.77636919612,718.817721902113,921.420941155592,2746.17155785701,448.372853976344,1859.20511571988,1207.81116202712,936.381594885294,2556.78916564207,2943.5112109199,3205.49646362085,957.984712542746,801.705105685049,1497.91263467222,2967.34660656236,2906.33210646617,1118.68940267294,0,2308.47375616106,231.36588267417,598.825574541355,1259.16163752162,1160.19708711042,908.194117774643,774.800136834615,499.716201725739,1349.94924935257,1991.9045658954,761.402639333957,367.896159972634,1004.4877072283,1473.11384783548,2857.69068774776,1106.23456594189,1309.6162135035,371.032372366492,2010.86880148043,1278.63206838043,640.621999435359,1109.73074113118,937.532888125726,247.915539229479,2776.48660450814,1079.23827299565,314.55545122952,1232.30832596916,2455.36693476982,2583.29311872221,780.857785002732,917.547137555983,1992.98038041953,2141.02016949516,970.749794115374,865.51038204933,2855.95066082987,696.980344363895,2255.0611210505,1640.62717977214,2705.63304383062,609.33255182977,1133.48481655977,1792.43414878039,853.564511164381,1596.60959563184,711.258713812131,953.943598214001,2811.02010495147,2657.95984360752,689.92512869592,1899.81374228591,858.13159989447,1203.59646603857
2034.27481451121,2040.51113030807,1709.56298026469,1444.59676998235,2740.32871866593,1163.07175749848,1184.71636774706,1603.89982532908,2222.16882859851,1955.22944924135,1252.32672451829,1232.56274678141,436.544419664415,1911.18592530595,2078.00082419744,1539.58905600183,621.80688276205,1557.67057265588,1591.33468114875,703.112027356953,2318.89161233677,2461.67901780218,1360.66591302549,1454.37627266012,1999.02189476974,2386.46225096693,1481.45487609026,1053.56949255162,2003.80711132081,2021.83147682764,1757.585199358,1460.95477011973,1503.7413967788,2016.06032051682,1467.04637183734,1106.37860578415,1353.3897788064,2581.3097323518,2386.03919891362,1919.84864168319,633.054868553293,2000.32237121252,2644.59782963713,1665.98498198275,1710.6387325204,2435.64610390868,1988.25498330924,1928.76383969242,1910.0194060875,2559.79261772272,2489.48049474499,185.210243681265,1877.92306294175,1469.37003318077,1214.31103095941,2937.92692252122,1690.3285546138,1491.80633668858,2187.1269615935,1388.888379267,2003.96879388891,1593.71512157107,698.219920239763,1216.99536592718,1568.23705807166,1993.16206913052,1913.34260850787,1685.44731447554,1491.27533814915,1306.49977640411,1974.55003251072,2308.47375616106,0,2439.36317160765,1867.74601878681,1648.5454543515,1699.59169988465,2015.39306875828,1821.68572503614,1871.18496124928,2042.8698353959,1502.23249360607,2971.43820155107,1964.31394812874,1368.0281596097,1921.62716660609,993.014869546613,1996.74729865945,2085.01587908034,2558.9333754341,1520.7536731792,2004.16602134433,1759.51909037452,1975.98442244093,1390.03516704051,2081.97971509303,468.47952765772,2021.18824471457,2231.55046180178,2000.91880128597,1456.40747061307,643.565353803672,1991.8884627397,1839.43876603628,1367.51672901757,228.060389476031,1984.33077259415,1967.80253657929,861.253123925072,2021.17453125834,1397.12241323885,1839.31976513912,402.320518770041,2231.28213144577,1492.20712235631,878.282359382225,1897.20833509062,1613.94245401895,1875.71769754486,1899.02454296849,1561.05936143895,1450.71955793991,1941.74777236559,1648.22242179056,1985.07007851643,1849.15358798988
756.53300711183,1092.01824228272,1218.84354462568,2171.8400209044,370.969149269672,1357.42367305328,3006.12340368404,2843.64822070258,416.205513203302,758.211128200213,1215.75085737277,2752.8176076574,2875.90175682856,1494.14344127673,756.897290376643,3019.45737729972,2871.09586417299,2651.21516961533,2922.76439693219,2664.39740036125,423.566646346426,445.887801165336,1312.9363124936,2548.7951416146,457.17114205219,393.431195906455,2847.54738696394,2358.77233441232,838.515585621445,419.325990433939,840.467029526982,2575.25566542164,1025.68490479021,685.934876108512,2450.41514278049,2632.9075469281,2204.01192368944,400.633918242698,433.208763373694,1143.22224535468,3007.95998409251,1323.10848664358,293.563090478274,2324.85400514269,786.396175087738,39.8281292339441,753.557050314181,725.837822223266,830.111958623102,424.808842811209,277.964626436357,2456.48028307451,659.993695027651,1413.71559491775,1261.96996757089,518.546268050622,922.970199684451,2749.21476388405,360.605985849333,1851.4881574886,1115.69218645587,964.114347187851,2732.97412485062,2986.29853357737,3408.41668124461,876.195595124662,756.473111977959,1454.16292164201,2982.90064314598,2937.31471618436,1034.09875497375,231.36588267417,2439.36317160765,0,621.668297281937,1231.5761211045,1129.60947498751,823.989982628521,764.195387297416,573.228271294191,1250.61174676048,1970.46939008267,558.42586060038,567.206603478216,1186.45307828152,1393.20751547291,2918.57138390295,1017.54477076043,1203.14113211081,144.272364858539,1987.43395590141,1185.80602846543,701.241386193591,1025.12683377015,1050.24971770863,365.821905158742,2904.43856618505,986.315968254179,242.810536345391,1140.44528065874,2449.58719896719,2664.1314069113,714.422125446874,877.998488520829,1987.5477466944,2259.05633056094,890.316553976931,797.007787715844,2931.15963658418,632.347112901481,2249.75002057708,1573.31212898925,2840.25110931589,481.239943304828,1152.04383839403,1853.12551134358,806.006199655753,1561.724812317,695.794401925751,895.269570006635,2810.34690314039,2660.96551154264,654.777309382921,1859.71330348172,785.626201396628,1140.57855545118
377.862881125176,695.430151119775,674.897728012825,1585.08132443,875.188202327937,743.167603007207,2385.25364512006,2248.56176690026,363.080033495661,307.110730356569,617.77700753882,2374.90376797877,2301.62714012425,1020.94695366757,416.914310828845,2412.31275718873,2261.81232700759,2060.41104675149,2323.16601251446,2045.5219400513,466.586176393384,611.812769463654,977.917819713744,1952.58160560941,173.879628059531,528.544366668009,2242.97039852068,1741.18986443273,431.464298446818,243.996474975223,249.652762022794,1978.72200803177,404.464614782034,292.795524389547,1858.53997582079,2014.61722228532,1607.2391958484,717.907904369415,536.049098266288,683.675414610762,2464.80958940949,891.698019979458,779.937556638663,2102.03983790549,166.129745068665,605.260119926993,332.954781314438,243.803279229076,348.848668826406,700.538052333236,621.76487663522,1865.54909297014,90.3548535355212,1156.36330080081,659.889105154833,1079.51355844534,323.175583895311,2148.98098879137,319.423253740135,1260.3808548074,698.444636414282,344.348276522603,2248.11019957519,2366.25975451305,3004.51058712,460.669901220011,265.362142481287,913.782795397403,2374.1381208647,2320.83296752088,604.218291204628,598.825574541355,1867.74601878681,621.668297281937,0,668.187701572026,573.123584402874,426.387248325774,189.439228226085,148.368595633711,842.662012972352,1394.4440635597,1110.12437087642,501.016272351511,803.818171962733,928.003153547906,2296.99865745882,600.863389363722,819.070735720197,714.009028135358,1413.81704746761,764.699694117928,122.630963399505,596.256345563219,499.937223721428,364.553226974823,2324.67595339413,585.645497465069,384.273165776869,720.333975540058,1856.73701308164,2047.22268170153,296.189171563292,352.74728945458,1394.22056817167,1672.86385794994,468.384222093006,360.076432034071,2311.95416203604,247.654945871354,1656.39680947175,1075.11996630438,2269.95395302991,392.490660625651,537.922694309894,1232.13175306434,310.335348102726,1005.75120522379,143.915525595997,413.887483079753,2213.16121515548,2060.70365760971,172.322847251342,1309.51091485133,363.056192333442,648.217256853547
515.057128441831,392.78626628146,62.3886305174642,941.269692911835,1367.02459955375,560.621603296089,1845.73337409343,1614.9509286004,840.038883408061,481.224708767067,613.946687012535,2491.39058342604,2044.08385269537,421.163785688869,540.728975574456,1802.19290515435,1872.43082933636,1420.98154774297,1696.95830444256,1597.54618883933,893.389945727614,1001.84106836838,1327.78350587646,1321.70503715847,834.955777165797,961.732709765521,1627.44068063511,1183.76108918261,446.396593484215,910.662264104205,418.560512040695,1348.29232276123,428.888305700793,558.001412787082,1221.08192700673,1455.75227888457,979.381580391516,1145.70707986842,940.567677191505,271.309233627734,2281.47631606006,395.499878885655,1284.72809423372,2419.96046213017,558.085998802904,1204.2417770771,495.78193277146,505.965061625571,409.175587446749,1110.37805605531,1114.51919587596,1580.78569227722,595.47970205583,1546.63833511809,608.103878522682,1582.28493951284,351.815949980575,1524.63266986574,872.490771097517,625.366241291689,355.528661830117,393.8229471491,2201.54587750765,1816.46731082151,3049.9146084624,418.052169672274,475.546138158656,250.292813881316,1768.66675691044,1745.68274993045,338.213410119869,1259.16163752162,1648.5454543515,1231.5761211045,668.187701572026,0,102.125502334668,462.127332636366,484.581178565413,800.31825591367,411.7553344404,739.010227508625,1600.47380084909,1141.86016793548,1149.30133898858,361.452588945027,1795.09543212193,362.579040496739,443.506165471424,1280.82460990473,756.359547736569,359.97277853307,675.610008317626,341.856347813343,729.521076469764,1032.4598300974,2048.90805288591,393.236026693782,992.076342162654,352.640037478396,1220.75244997893,1617.62418046666,527.608566341865,353.968523315834,761.77493347175,1423.37568181554,404.443550858272,455.175685418147,1850.8191795673,603.73301227175,1022.0565514178,438.42283083434,2026.0277284529,801.752483707482,258.086713324402,813.405448052236,427.519099875188,337.852886977955,548.225786272419,354.111422637374,1583.03985615849,1436.81968981936,578.387869321591,641.583400029865,470.895375824937,201.476604426855
416.976698108018,348.519930051569,103.715470253593,1043.39248875086,1267.44293393596,576.2779286845,1940.84111686243,1717.01206531292,738.342943739513,379.605504141679,599.764859690158,2497.70467965461,2103.33620185745,478.101958132523,445.294451397184,1903.33534635763,1949.19264933902,1523.10239062142,1798.82942219154,1680.93472285232,793.36523141972,904.578843602424,1287.89489635367,1423.63378930029,737.315638104531,862.151361135181,1728.80309523199,1279.23330437666,352.071310342315,814.003141896483,324.605251429079,1450.21420561151,380.086838706802,456.544337189625,1323.16045487975,1552.13223543888,1080.99356978817,1047.91602299971,841.916105759891,240.714871267809,2331.27972312005,411.225981594792,1184.353834043,2394.51444478653,473.999295716794,1102.16483152511,395.206634227775,403.898678689123,307.813714887108,1013.20751067251,1013.88826583023,1641.00813305057,497.475974890142,1503.56203119524,602.264377381692,1482.86192514629,265.539130713747,1626.38084678443,770.391715657465,726.977253578495,316.982119032332,326.934102025586,2230.85279139081,1912.58496917826,3069.27653644794,326.671837347723,373.445446337672,340.661001013124,1869.50577720167,1844.13038447969,275.007250180247,1160.19708711042,1699.59169988465,1129.60947498751,573.123584402874,102.125502334668,0,367.459054618029,386.87893562507,709.13420495703,406.870040597039,840.877401226803,1501.69599569414,1055.1584383015,1106.66099849157,402.217021464942,1885.90547639165,297.206353473399,424.954887752511,1178.86841436228,858.039185753586,341.247046399466,589.628048035209,276.409926579728,686.618505011642,936.346922933395,2110.77028678239,322.973349642194,890.408908184416,321.162952154921,1322.80044220525,1698.65501459983,426.092011710796,251.856486141581,863.422484436809,1476.84452725877,313.887750048352,355.366197573512,1936.83972028219,501.679414392434,1123.99258482575,512.662843456081,2083.23949103043,701.226559236481,241.77774354093,885.051934247872,325.43203250365,436.590352050878,448.939342429529,255.324579115196,1685.01101662443,1538.51297287402,476.979174834133,739.620286948413,371.510009051831,167.128768380949
67.9301673605211,284.869729487476,428.654288441453,1386.19647646927,910.334555538659,855.418273761769,2307.5356922017,2060.41861729265,409.620789041097,120.080646730157,810.592041966249,2696.67720047478,2432.11437622974,670.848950934306,78.8273657435649,2257.06388507025,2305.38082174237,1863.99797751323,2145.98616029976,2044.30067834617,441.758604505136,540.645133602659,1362.43671442643,1770.72822287611,531.17267108192,506.925797617964,2081.23343538471,1645.6593644905,15.9826554097916,610.532609007991,301.530618322262,1797.34867799604,541.551216475582,153.640368463496,1667.16284627674,1917.86972109169,1432.79343769873,685.029356809163,482.378498339255,319.232423064032,2640.60128917195,507.249989578851,832.028969186257,2492.90405186151,447.369603340038,791.093161026296,94.6014175905393,183.586794083365,114.690985216197,648.955532672915,664.611843590943,1973.84462977609,337.529674797932,1557.02879682078,833.185736063144,1124.62498771211,340.441400119197,1975.46367922801,469.609764940426,1080.30395740241,299.656102466431,449.053272473411,2494.22675177718,2278.56291690307,3300.7030770197,52.3293989253703,168.372231151795,646.184159394964,2224.99289378539,2207.0548222106,211.642924914299,908.194117774643,2015.39306875828,823.989982628521,426.387248325774,462.127332636366,367.459054618029,0,282.05868325998,571.69015004861,442.833754616094,1176.49843479727,1141.07775008838,915.682166046587,1180.73536206435,570.217842510431,2253.23080547288,198.05418151829,407.340545816936,847.317055548067,1190.73651097211,370.449473698879,515.993504893736,202.632249416157,799.614311691604,728.027973184271,2444.16533308221,172.10684928187,603.50709897206,324.118746630358,1667.75027426947,2059.89108328152,136.152538549246,178.907323685241,1215.76295152177,1799.09520520664,66.7631179907604,70.1879497767834,2301.99949028635,214.486729308102,1471.96631092526,749.609391599524,2408.35677680327,355.863007923524,524.813425825057,1239.40019154993,144.325876185007,760.92085761394,288.302113559791,119.046153097913,2030.69622085384,1888.37119167793,257.386626568925,1048.04297058031,63.4645823058371,322.718071986311
256.695953208879,523.561331605682,487.303644424906,1414.10996348786,962.637402988859,664.413686723335,2251.21296400083,2082.75289522059,418.676815671412,168.737872519442,577.720860177331,2429.41953488477,2249.40543533084,832.061320380643,303.496476561792,2255.34768011342,2171.54004261267,1892.06509865651,2160.25788941323,1936.71580650487,504.672682075005,643.284294919701,1080.43919352731,1787.24931256418,350.522795750771,574.769880989745,2083.75294453889,1598.36675732336,281.707280456865,427.225770789814,77.1816932455274,1813.60973533072,318.068152501363,203.075816683568,1690.57948357923,1872.97891005346,1441.96233798265,771.878446107174,568.895267306833,499.074722613434,2435.08525917203,707.805914842259,871.113781534502,2210.91635063435,165.530780868483,741.24182241639,203.812740710985,116.787772542092,179.864790082128,745.766213343977,702.233985539371,1801.02132510148,110.910985943838,1275.51356567691,610.136586976343,1175.43394574127,160.358257430316,1986.429836679,418.279324288882,1091.13755820822,521.570841542165,230.78987991865,2255.35709493068,2228.9475229729,3043.12279134715,302.300366677953,116.84118841047,726.991912828586,2218.70641926028,2175.32296100023,428.418069261303,774.800136834615,1821.68572503614,764.195387297416,189.439228226085,484.581178565413,386.87893562507,282.05868325998,0,333.840911260236,663.489533875616,1218.45421779497,1201.13511777695,686.942400002061,898.954097841631,740.001715398315,2174.01156446549,428.744994697792,645.345020298756,834.297711635351,1236.98411817316,584.96325274686,243.448760096159,421.132006794384,528.173682537036,549.785534916766,2267.45190549918,419.225949039194,521.429761978734,542.087810853839,1689.32046790188,1943.70325939673,186.489899623326,166.292951839708,1226.51646714327,1615.36377290892,306.39627321001,211.987566633272,2201.14875820596,199.492038171128,1489.05670553605,885.717180597064,2221.33162255656,413.160952273124,394.164278703016,1119.4368162296,142.028937708811,822.336008629386,68.5651135967956,236.08890860271,2048.61390590454,1898.12799491708,124.65776055255,1125.91692269429,222.126564260867,459.986395889826
519.551501896534,843.549516091329,812.22761884394,1698.61928635295,876.195099803946,791.415317568074,2460.19384551581,2354.850143805,425.274539611999,453.523161482608,643.383551674599,2298.74736033872,2307.4179994122,1165.59185594366,555.586168059711,2509.10698223869,2299.02829221552,2169.82348440813,2426.24206101904,2099.48813603436,530.020571163838,669.854151322248,877.304521576771,2059.06210153324,133.71048430536,580.996265987222,2342.4288756087,1826.68341838024,577.60846774444,154.714871371798,384.960371760771,2084.90340093332,480.515788914649,431.180879091883,1968.04061296548,2097.82629165979,1714.77328658705,753.59765021635,597.773437721804,831.223020190591,2451.94085519876,1039.51225815711,780.655758627883,1989.22286768683,253.454126615806,565.943817741621,477.433875081516,390.732194966711,497.203087957066,743.895773969896,639.744982623505,1883.83347505219,238.568880578729,1041.38058521834,690.307683456183,1067.59787722125,449.101570184539,2252.07559665593,351.876206782239,1373.50387670255,846.811563874203,443.221624102273,2207.61193841445,2444.27128493365,2937.92849114475,607.828155157515,413.347476130276,1048.88044965491,2469.48105647734,2406.66271880942,752.581640357108,499.716201725739,1871.18496124928,573.228271294191,148.368595633711,800.31825591367,709.13420495703,571.69015004861,333.840911260236,0,991.012683600628,1514.13011606645,1102.2357683076,353.370251327195,712.630550848072,1073.84196667518,2362.26068480078,749.079727063723,967.266495790092,687.779649860978,1534.39331988751,913.015123905956,141.1857492215,744.608903360471,481.529790407319,252.538795634595,2334.39144370014,733.356524183724,362.346974168798,868.694918074725,1965.66690858188,2096.66674939248,438.577389899926,499.278585262029,1505.11821513759,1687.02107814162,615.942908814624,506.791909183294,2366.46628041761,379.286545595436,1765.86804707185,1216.55561794249,2273.01041859254,474.854835605739,641.277020886642,1295.81611389418,458.703937741154,1135.72921469617,292.283849206267,562.13661351368,2318.1889425216,2164.04454352534,314.694219498579,1438.77171087386,508.744633306856,793.827103457526
509.311556773644,159.596139352737,349.821169811774,1092.26468972254,1269.07965154685,971.00017546132,2091.28707557336,1746.37653392698,835.221587406702,546.508460806523,1006.57802545267,2900.14779849172,2424.63095761325,272.313005062501,497.713267410359,1967.97953151106,2211.52730665347,1548.53235461217,1839.62356320264,1915.39723436118,839.670617955184,895.099573609,1681.90534147631,1472.86036051987,969.048940982638,892.59106425383,1791.2393244152,1441.86580727382,431.500992414368,1049.20117909938,637.255252455337,1498.83225986578,777.740331472389,596.142823614316,1364.59236946076,1697.85159684542,1161.26639124925,1033.88561491879,858.895292356576,175.823177810413,2675.48720313428,82.283739566727,1206.20494017164,2797.18277230445,806.187307561107,1215.19121925758,532.510711033626,605.221539967958,494.143454997411,993.189799192291,1052.54889524323,1961.98665724456,752.72596077052,1893.18423467984,1007.80957615365,1472.48307218839,617.509705900688,1677.79929183395,906.513653545007,838.273376172617,145.203187697257,709.019613128276,2611.63867187213,2053.47816317232,3461.6678806083,395.308538163973,579.490120050817,389.656455458236,1942.52129528896,1958.91968031043,239.174211570789,1349.94924935257,2042.8698353959,1250.61174676048,842.662012972352,411.7553344404,406.870040597039,442.833754616094,663.489533875616,991.012683600628,0,879.482257011153,1479.70032675034,1342.99078350595,1499.01726378262,181.623976482381,2072.53031799375,246.491020002056,62.0471691009689,1252.9788258225,886.607786492355,78.590865419376,905.080500276322,247.52726087256,1082.74265416157,1168.69218663833,2424.60417173793,270.910865558347,1041.68166109752,122.408203050644,1367.51409832091,1944.52127740731,575.752031738207,498.642653031372,958.963935201672,1815.68377118362,383.965088087642,494.2448001006,2153.5735612732,656.984849504509,1187.28871028603,373.908197324579,2410.11297962731,769.844794655026,647.494032189444,1182.28993861239,532.393336661829,499.630054210242,698.779716481142,429.137209149219,1722.81300022897,1594.9880029919,687.645755195696,714.490660389876,497.887039704567,242.607809230095
1237.60771315425,987.304297391575,754.336328256698,213.851044375832,2085.5718014851,931.842872089816,1226.16570609112,884.421929172344,1573.87282455601,1216.29093906589,1089.88035779022,2616.84702192079,1788.75751429813,622.199118357736,1254.18261331629,1092.24586594403,1463.70178557158,687.558271793177,972.10517764819,1140.78993775455,1617.90097332322,1711.66994798449,1806.95119436807,598.804688254131,1565.83721309311,1683.3990129955,915.248368360487,611.201070610162,1160.57183908605,1638.42596447728,1147.38442276328,625.247507069586,1062.59531959651,1291.88197077689,492.666990883949,838.28671434995,285.21723720629,1856.25886775029,1657.90149964694,883.685597391293,2090.95167219582,800.746116338285,2008.51802698683,2756.03257562179,1261.48797587793,1942.75638584668,1226.82922530276,1244.66395530849,1143.819872944,1818.20047198316,1840.74319987129,1362.52911227857,1328.88745854249,2026.63210999217,1052.53041163509,2298.60783025521,1071.27642088487,804.606600217493,1610.90413546334,168.766533788981,948.594873027803,1074.35163506013,2178.22811505686,1184.23163396416,3058.94957020252,1126.30130595104,1214.09594189893,532.394868746009,1064.80123335101,1081.86474094968,994.237663336501,1991.9045658954,1502.23249360607,1970.46939008267,1394.4440635597,739.010227508625,840.877401226803,1176.49843479727,1218.45421779497,1514.13011606645,879.482257011153,0,2312.68204138838,1833.93193433776,1657.13509130983,698.546799468511,1233.48438698208,1017.6677053484,941.209951610899,2015.77482757171,24.7568815082363,898.273002911377,1378.57005775564,1001.83383759533,1289.12062200847,1757.7289371586,1769.89879534194,1053.52390740911,1731.04533217236,928.838621068158,494.162795738878,1185.7504825761,1261.94519968382,1092.51525484053,135.662629227405,1287.78335881477,1111.63159128859,1184.35557162391,1343.05794389108,1340.72286111153,307.812628284493,517.003193652273,1790.04501369481,1529.5038267788,879.54398430583,685.970170215515,1165.17704217927,415.667589400598,1284.24673254666,1082.8670064996,855.98939342311,719.488677503613,1317.23388229299,185.075993595164,1198.48662041381,857.027766174456
1085.42490283288,1340.47840104503,1569.71587269897,2524.33866396792,238.509932771671,1850.10920385495,3438.33970027319,3196.96930937799,783.175450569977,1127.9742581529,1727.11115361504,3306.82033738339,3407.0271015643,1750.05361493761,1062.34281169642,3397.78347587651,3367.83652127707,2999.61291797186,3284.38473580124,3137.84823461684,710.357284812138,601.343794923696,1869.55440563673,2909.67816154085,972.606879129105,640.369546480576,3221.71076338583,2778.4763607642,1157.04367276126,956.254595938081,1276.79459231066,2936.27036359399,1503.94957829763,1051.37905486738,2804.9801352743,3052.37547387337,2573.53750810625,456.634638458576,659.908466414868,1431.57459052934,3553.38972449472,1561.34131919964,331.317674755802,2849.10384542496,1273.86367888369,550.380553391083,1107.77711403932,1122.59022345248,1196.83658221295,494.498262862176,498.936678892552,2975.26177953779,1117.82192377004,1960.29804638881,1769.91694302723,44.0411053759315,1358.32485558021,3114.92203893948,793.763777448665,2221.37301793927,1375.49995560148,1426.91444555215,3289.63208316637,3412.12406332974,3964.1021378264,1189.2618501151,1148.71967267253,1780.28744577996,3366.00306807675,3345.82218390952,1319.50725207112,761.402639333957,2971.43820155107,558.42586060038,1110.12437087642,1600.47380084909,1501.69599569414,1141.07775008838,1201.13511777695,1102.2357683076,1479.70032675034,2312.68204138838,0,1121.3501276307,1744.85398783303,1652.46543719474,3370.84898521464,1296.73652607616,1420.62337560624,421.128247744989,2325.49307848977,1436.23920174831,1212.71164827005,1311.64791956444,1583.48820723972,922.070405338771,3432.07477835045,1260.99404342695,740.297994554322,1397.95932822567,2805.99442917815,3144.45589962962,1081.66743410071,1261.89431768901,2356.72138611988,2781.47223501602,1203.7556315332,1146.45445648803,3402.11199652501,1018.53832157806,2611.74096850881,1846.35028742296,3373.63925815768,804.176946078167,1592.12386030837,2320.57186463769,1187.45416724578,1897.59257178528,1135.81716635615,1246.59141614278,3168.54498130761,3028.20622057304,1077.07614800348,2171.90796556395,1130.18849197412,1455.89765368937
858.304737292658,1193.30464166718,1158.8188776033,2007.58254787644,935.601547238592,1018.62519934136,2693.70484302145,2647.57408535317,666.647435327624,800.629852506248,847.284718125835,2186.09544345883,2397.38939603577,1517.80043032375,889.01417431605,2783.81814427149,2457.68103951075,2468.98043306633,2712.86218886251,2295.40534109406,755.067410189624,867.446835607542,748.780245240314,2353.82925819321,393.460398667996,780.433435035119,2623.00222269456,2086.46676321423,923.14938645597,323.096270688774,733.972370448948,2378.9889357819,773.248277411185,767.585798271579,2268.53962998276,2350.45304487363,2013.85918692347,899.646131592046,810.552925233893,1184.53237070015,2496.68563373432,1392.69675899961,850.710534089032,1774.5901977079,583.924246568792,584.316678964967,821.141628504625,739.297817416879,848.847903313019,905.944630010585,766.624552623411,2009.27835286015,590.427475219289,848.707365385655,896.928573433476,1079.8241113106,790.715093451473,2539.71654163177,570.643050625141,1684.61704324033,1198.32531988716,762.484149660828,2189.58596225286,2683.88848486247,2842.76772069946,955.345606855582,763.792557856552,1391.99297006512,2741.74585085915,2661.54897637665,1104.06580041421,367.896159972634,1964.31394812874,567.206603478216,501.016272351511,1141.86016793548,1055.1584383015,915.682166046587,686.942400002061,353.370251327195,1342.99078350595,1833.93193433776,1121.3501276307,0,637.561903304838,1426.81944726953,2577.61237216589,1099.4412647482,1317.23217765136,710.954055532615,1855.39091256706,1265.27897729962,466.270593782199,1095.9268657952,636.910403265934,246.751213452792,2432.7588516171,1081.86782684545,489.195884878691,1220.58766276932,2265.21819995628,2283.48958012038,779.955162868121,852.626621822345,1811.50062559713,1808.33485378953,964.417739989273,853.993960367264,2560.1366044721,710.135261202256,2067.73247464944,1565.93502132969,2357.35793893935,736.008511289164,954.484385542724,1526.32887400807,810.698175108285,1472.29133529795,644.521875056334,914.755586524134,2608.87720128453,2452.66839220768,659.199701038467,1772.75783026572,854.053972722696,1146.80234272187
1152.26723458517,1389.53867335996,1195.51063441194,1779.3851719568,1541.37354607278,725.374586855695,2250.66678165522,2338.34506653883,1137.87405667676,1066.46174157019,574.364073782258,1588.59163120134,1791.7361504428,1570.38398687843,1197.47736480929,2423.41113255616,1912.53504783671,2185.34783381355,2384.72082328041,1803.56490793337,1242.63568094124,1381.46996972793,183.471116410432,2062.34908465281,839.989340654457,1292.05599317668,2282.31083443382,1720.57279829277,1179.42001644873,819.576196815993,888.721798973568,2084.40096647365,726.584338462838,1080.94552415876,1998.19059156122,1956.30834002926,1753.82884344182,1455.36552889543,1310.1737711941,1323.248628551,1867.6888505461,1516.03508023853,1449.85832300807,1312.50616935069,733.443549155809,1196.0366047277,1100.32363348736,1007.81134438598,1072.85409629066,1449.97289176777,1332.26264897311,1440.33866708024,871.523678767014,397.418000425504,606.526704947059,1704.90057515983,886.144448578721,2220.52709154364,1061.8579353447,1489.41931493155,1375.19118465454,790.005637909763,1552.30213452649,2252.33213648176,2234.0629030628,1195.96002831488,1014.94597123733,1371.3183753331,2376.84019571356,2260.78544153474,1292.05287954191,1004.4877072283,1368.0281596097,1186.45307828152,803.818171962733,1149.30133898858,1106.66099849157,1180.73536206435,898.954097841631,712.630550848072,1499.01726378262,1657.13509130983,1744.85398783303,637.561903304838,0,1505.95140941018,2106.94103550401,1300.17139140925,1499.89460288046,1325.65484571502,1681.54941608619,1424.05932831301,685.557911024956,1286.91033795279,420.489421378348,824.988182124832,1832.41622303325,1300.23748483256,1041.40274011303,1389.87944185692,1992.15493218889,1778.94429756173,1074.62300583313,1032.45984106276,1589.22697138532,1241.98124430358,1197.46520511417,1110.84103946114,2057.13912806562,1046.42765363876,1812.79671439493,1576.47476022284,1748.56374956547,1184.59073085831,893.252324748848,1143.48829612786,1037.86541687352,1404.44429247622,907.008041751384,1113.70164277663,2295.38246817343,2139.63734343097,962.160041985561,1662.40838404058,1120.98545311858,1258.90392754061
638.108093654132,313.332265153146,310.671932403886,910.978929230524,1437.19376981562,908.708289757066,1914.29835402875,1565.17594654348,977.355510053857,655.513235969718,974.956387040973,2835.96136082268,2289.83781591215,101.097637506662,636.668156728436,1786.36262901554,2055.77428044721,1367.26544681305,1658.18319693968,1753.61646363053,993.929153163358,1061.24115515184,1685.94053903066,1291.2408709392,1072.211831115,1051.2234806737,1609.63397622573,1268.97227957016,556.333423626514,1152.4217771406,696.784908005779,1317.20898443369,780.20248276199,717.101140613104,1182.9685483306,1521.43944684477,981.225508895998,1202.48838051944,1019.59927925353,253.051443636392,2551.68226491298,102.389296340342,1370.37299195419,2781.38615768039,860.653486292763,1359.48534996479,649.772019470641,706.84863382431,591.907063522292,1162.29905282669,1211.90236148584,1829.59285702837,841.349475041444,1903.29582998724,967.227208448332,1643.6091373873,656.223762188089,1496.17842403672,1039.70700513485,664.93261173588,281.937763531022,728.693123765484,2515.81319445003,1875.58408802649,3377.31580411383,518.516402675797,677.819178103062,237.771948775053,1760.9900323525,1779.06383009559,359.14057021641,1473.11384783548,1921.62716660609,1393.20751547291,928.003153547906,361.452588945027,402.217021464942,570.217842510431,740.001715398315,1073.84196667518,181.623976482381,698.546799468511,1652.46543719474,1426.81944726953,1505.95140941018,0,1900.45976812562,376.04627005126,243.653835279314,1407.02755795876,705.277056703521,216.673254371114,970.242315645054,368.125412369001,1085.4625450107,1274.66653822649,2286.42721250952,408.59795805299,1173.05037573914,257.901722802953,1185.89457420182,1785.48586429012,692.338694525033,575.292371958544,781.692838661008,1693.58972286207,504.897548674756,607.623289130859,1986.74169166281,776.406022927457,1006.27813863629,194.460022819028,2278.06845639127,917.273967167417,619.106559654176,1048.96282578794,626.746681205356,333.341557747097,787.529668018497,522.655974949683,1541.3702818491,1413.38249419595,790.318285144632,532.965108929747,615.524692346404,280.024339105619
2299.10395209237,2145.60965019196,1839.11153652021,1051.64132418508,3132.79773168962,1573.06881132877,195.415429789283,774.206719232694,2588.62678141568,2246.06761195838,1735.26487060756,2187.12797733944,938.015241762052,1839.99013770331,2330.54171332773,609.668804128347,457.213942989796,836.690515006167,717.353117706654,313.454727384668,2662.01525127182,2784.70933589308,2166.56565439816,796.947979004792,2463.57816802497,2732.67865126781,630.402023357209,631.608499630406,2237.93168574356,2514.56670324944,2097.23575892748,785.295022478313,1892.93861202334,2321.60721543908,877.52840636647,405.980405992441,956.934226582395,2925.38450351148,2717.59880529874,2025.62820350323,1260.54554283458,2001.32225428276,3043.3237407472,2657.73555544694,2132.29703699749,2901.87856179654,2269.39647592148,2248.28612527934,2180.02380516165,2892.99364208864,2872.94840634388,816.948621347069,2267.21481405129,2329.00300543238,1685.75318902994,3347.31189596976,2014.64916820449,702.6584983594,2591.12064979145,1235.5278402592,2104.75462781986,1957.19959073782,1603.32380181685,239.303827749575,2372.5879020429,2211.98078737445,2222.47919204045,1686.55734626728,568.83877699396,371.450389187287,2121.2685559474,2857.69068774776,993.014869546613,2918.57138390295,2296.99865745882,1795.09543212193,1885.90547639165,2253.23080547288,2174.01156446549,2362.26068480078,2072.53031799375,1233.48438698208,3370.84898521464,2577.61237216589,2106.94103550401,1900.45976812562,0,2146.27321157729,2131.13664780676,3005.02811362312,1236.62229093833,2071.15914316356,2224.51473020865,2126.73680261385,1940.81905459513,2610.34418885062,883.261841094161,2180.10685141964,2680.07892526972,2090.38901471603,867.996133833544,358.443729570337,2291.71768051227,2112.17333243291,1124.92133270137,953.191091114389,2198.74582897414,2233.93852337382,181.018137983628,2352.32174093879,957.904763278617,1738.18803060151,973.635396646644,2567.86270911049,1780.26455739104,1066.67250138511,2185.61577733587,1573.05116632271,2241.30189467768,2138.34251474713,743.778318333415,716.019456399681,2296.37887116004,1418.51222529548,2251.11397427189,1975.30123589217
265.59333724363,94.9526582185529,310.165440286535,1230.53298364451,1073.7985474036,863.013666020205,2186.48430167168,1901.10349832903,601.483238813401,300.464464486212,858.572439605329,2763.57848612879,2399.91686594376,477.12817419221,260.710135936998,2107.5955949064,2234.91525620182,1703.4676788292,1989.7478077133,1957.64996357732,619.916482336268,697.623520954429,1483.60750551751,1616.12637430057,722.727680668805,679.585623312963,1930.8351956578,1525.85599097777,185.811438200996,802.818821899717,415.589853435599,1642.63926951866,603.037568537112,350.382496071021,1510.33429427048,1793.5150082757,1285.53727919189,841.447928840383,649.896320826898,134.898346382892,2628.26082434844,309.212658471165,1002.19581554306,2609.64671063193,582.250774152818,983.577898350247,286.082751497933,360.301740614811,252.496182572988,802.534001565243,840.06855657521,1937.27005857228,510.538193075966,1688.1507618454,870.449717403654,1284.43052687059,416.152229191196,1821.82857542151,666.485483859311,939.289068216008,101.892788809783,520.462571245448,2519.39392205783,2153.88999488691,3348.62866121303,149.043607723719,335.865125415699,486.302370347548,2077.91393283302,2073.06690008908,25.0062584134373,1106.23456594189,1996.74729865945,1017.54477076043,600.863389363722,362.579040496739,297.206353473399,198.05418151829,428.744994697792,749.079727063723,246.491020002056,1017.6677053484,1296.73652607616,1099.4412647482,1300.17139140925,376.04627005126,2146.27321157729,0,218.211240481707,1032.05205619093,1029.66832542029,172.501372564914,672.192987058559,20.9218358317835,895.254535724971,922.201191664683,2406.65793162201,35.8562301867742,800.917534948727,126.157851074601,1511.76132024973,1979.01136638862,329.348829752753,271.129730042185,1071.50950654433,1774.03524022297,137.475804949453,247.890317676271,2208.5279739209,411.120424135828,1320.28394459535,561.616366495044,2380.17700738836,541.421609983195,520.849437030454,1175.28953640325,291.357776158945,604.950626348945,457.164208023832,193.156629988479,1873.52198399473,1735.95026317922,441.979705924543,875.808776965038,251.427579724957,171.013413198606
471.879400381013,123.937660585008,381.124281107303,1154.10892585791,1211.83549519056,997.427629571823,2151.54460051545,1808.38182351402,789.168617683584,517.107684994789,1022.8859744106,2922.61528387835,2470.88609899358,333.596838410737,455.811756651722,2029.98816029633,2264.74263109797,1610.54965145457,1901.66361601853,1970.69664968961,788.611189116066,839.027999039843,1683.21694082083,1534.8731972346,937.726800941868,839.587226378915,1853.23615978329,1500.90519751947,397.472410567116,1017.43199723741,626.036271286557,1560.85265606397,784.846606575589,560.873932997599,1426.61925145097,1757.96463796959,1222.66163603428,976.649183548631,805.123323356587,184.707969899208,2717.97386230886,143.78416593161,1150.51890098098,2803.39711595789,794.537064381117,1167.13956433191,499.800046809711,577.934620259016,470.613279061668,935.795638645994,998.935945541542,2007.81272823767,728.739910179938,1891.89768456469,1027.03330302807,1414.00854441911,614.374072719219,1739.83219664172,863.753106592151,897.795445931994,125.776342469546,711.122623960006,2644.9127704457,2114.0511815577,3490.5298439482,363.04850359462,553.981193165897,446.013370271481,2004.46785791139,2020.19202572156,216.967756072445,1309.6162135035,2085.01587908034,1203.14113211081,819.070735720197,443.506165471424,424.954887752511,407.340545816936,645.345020298756,967.266495790092,62.0471691009689,941.209951610899,1420.62337560624,1317.23217765136,1499.89460288046,243.653835279314,2131.13664780676,218.211240481707,0,1201.12072099658,948.478203134372,84.3256997580049,888.540247889288,224.225163028498,1087.02350161925,1135.36470184417,2471.96833936489,236.277009490026,999.100114694825,110.100448311908,1429.52716756498,1998.92276077276,542.637798027563,483.726175287345,1019.53763241841,1858.36455770599,353.15838828947,463.968670248184,2210.43246770343,621.638279491753,1249.0225600854,435.767458474087,2455.47648264224,721.902929058061,666.702884547059,1229.58436709569,509.429535174411,558.111441490505,675.370606468119,409.264408956901,1784.85346616197,1656.98542863515,658.826273470832,776.537795708309,465.655790333685,257.826125156511
782.34347835531,1097.81065762471,1261.44322030524,2221.47314628815,227.065023115802,1456.8526177984,3085.37779158036,2895.64862378777,441.928414569015,800.021875996443,1323.43953559706,2895.88240174303,2995.19521939741,1508.03003693574,773.918856702154,3080.10645855834,2974.91448049182,2701.10161811553,2977.67096382802,2758.5927741523,413.607460085499,387.139849915017,1455.24085827265,2602.50222028073,562.35245767336,362.74361852973,2906.4413260616,2432.26419496748,862.759144948136,538.18823607153,911.479142901938,2629.08235838327,1117.00716873336,723.966034429972,2501.7284151647,2706.94220414049,2259.50253136282,301.299872680162,399.499905576977,1163.10413998786,3135.04749202623,1329.39415549734,156.409670286896,2468.16161781469,880.110058890956,129.647858254058,789.078317064825,777.905566011882,872.420711009108,334.322288683965,210.06453553856,2569.60518007459,737.832125206261,1557.93976311794,1368.14882351943,383.358609829543,994.654936589546,2805.06071359629,416.223933884771,1905.59699634876,1125.62726548632,1048.06031698183,2868.58476343835,3063.23918753772,3550.82915594044,899.399345689091,807.380972251869,1490.58326402568,3045.07767107146,3008.08573303331,1051.05084753473,371.032372366492,2558.9333754341,144.272364858539,714.009028135358,1280.82460990473,1178.86841436228,847.317055548067,834.297711635351,687.779649860978,1252.9788258225,2015.77482757171,421.128247744989,710.954055532615,1325.65484571502,1407.02755795876,3005.02811362312,1032.05205619093,1201.12072099658,0,2031.44224747286,1193.9062642442,806.528329426334,1042.28194779761,1169.01606360274,501.438085717886,3022.02789178165,998.629025115177,331.347426353113,1150.07014536639,2501.5083100995,2761.04666440989,754.035934223168,928.014213793171,2042.05061090329,2373.73821506956,913.995964430882,831.823350102103,3024.71503645212,677.343221158414,2302.85998638717,1593.39542155181,2960.67287381961,491.841090127882,1227.94991070869,1943.39097634797,853.619080059373,1602.36025825063,766.051442071672,933.044074052788,2863.86377489522,2717.09670594719,716.181577957334,1894.52913111778,818.262970035676,1169.63046557864
1252.33104685317,997.32530751719,770.208040138634,205.716806711861,2099.10087758002,956.295836297475,1225.35619857888,871.52497477628,1589.51382207427,1232.37543943944,1113.96984349128,2639.04737815425,1803.57731690173,626.561212247241,1268.18579774328,1082.79311205283,1473.84315207895,674.142067553603,960.358060637789,1150.01327397313,1632.35163404537,1724.73040083699,1831.57152087238,588.393755259961,1584.89019495073,1697.51086756507,905.824396007104,617.606810355987,1174.83546565524,1657.8134669926,1166.33196106799,614.703345039814,1084.54562161735,1307.72322046266,481.351995201218,839.279397336887,283.813118347234,1869.238190512,1671.63797003392,895.362299679677,2107.10898848756,807.226139200318,2022.63037550134,2780.41015565709,1281.9707147214,1959.45362445919,1242.37839293205,1261.59776157073,1159.91406571701,1830.99606667155,1855.22229753592,1379.59539554064,1347.54030338844,2051.29694522214,1076.78280595992,2311.80818008331,1090.70337378858,794.123368581485,1627.60636025715,193.482185116897,958.931574969234,1095.2346164773,2198.23606122709,1182.55826017683,3078.8298011088,1140.28609489017,1230.96847694291,545.50700019024,1056.2430873598,1077.73124674952,1006.43095685872,2010.86880148043,1520.7536731792,1987.43395590141,1413.81704746761,756.359547736569,858.039185753586,1190.73651097211,1236.98411817316,1534.39331988751,886.607786492355,24.7568815082363,2325.49307848977,1855.39091256706,1681.54941608619,705.277056703521,1236.62229093833,1029.66832542029,948.478203134372,2031.44224747286,0,907.39689636372,1399.22095533538,1014.12969241116,1312.73167842941,1777.38145011575,1784.01064481487,1065.51576481103,1748.41531833769,938.822400819664,483.336794298164,1195.91809623972,1277.87897659649,1109.43774584835,153.237491183594,1307.20665786696,1125.59902264302,1199.76335546376,1348.91500946148,1357.07868658092,301.765253243033,521.086519521751,1805.44943212424,1544.37566166274,900.915992196066,708.754694531284,1181.79130352078,429.88318157854,1302.5155085876,1098.40574894253,843.969406365536,709.749562587745,1334.73667559546,183.225507694293,1213.71856729068,870.400405128866
437.762439172613,96.8553236924468,297.652328139876,1112.06891755159,1220.52733659182,913.104010892595,2097.36836526511,1774.16226907159,769.667839651294,470.554708919119,940.038307642908,2838.68094780909,2392.5913540441,316.224006155208,429.736458023452,1990.17101134439,2193.85849512593,1576.09860110032,1865.71850408329,1903.30154841894,780.340048282264,844.643584063387,1607.15314728738,1495.67851901752,893.180293933077,836.154934397696,1813.18803216283,1442.75110415251,358.311404347816,973.445025898289,558.908287299659,1521.91393512085,705.323532217356,522.838098143329,1388.14411162273,1703.45493163588,1175.91414897484,985.81768202833,803.921488528544,102.395178882866,2637.20556338764,137.524061483262,1154.1113798966,2724.75690065556,727.853907259748,1151.09706257041,458.069882365883,528.39577322668,416.519964598307,945.646473475268,996.735403700666,1929.30841893434,674.891940166748,1817.49149669005,943.496176471779,1427.07553467615,540.76246595289,1701.28575670274,837.652218964024,842.48191587478,70.8603839528974,634.206789075114,2561.02619285672,2061.3525293033,3406.21528833957,321.406546827404,502.197820329716,385.008300846965,1963.07401903404,1971.60331969605,162.606392939837,1278.63206838043,2004.16602134433,1185.80602846543,764.699694117928,359.97277853307,341.247046399466,370.449473698879,584.96325274686,913.015123905956,78.590865419376,898.273002911377,1436.23920174831,1265.27897729962,1424.05932831301,216.673254371114,2071.15914316356,172.501372564914,84.3256997580049,1193.9062642442,907.39689636372,0,826.489658697721,171.231663256651,1009.11059274724,1093.51052118235,2394.56079845457,200.339014586376,972.430391702651,46.343879206362,1390.4847972627,1929.97091161007,501.357125892878,420.051787359927,968.265841793419,1777.86072556592,309.404781080772,418.823966551529,2146.01605304807,583.531896075363,1205.37220996707,410.111728395348,2376.53108387846,706.628816955793,583.021187554951,1152.66819808021,454.581729862455,501.299643630332,620.874664509112,350.950319868925,1748.97828402566,1617.14590708165,611.183377037423,741.846585829276,423.353113668089,174.233764401402
476.546358995593,766.994044276957,693.343494541078,1560.55445804768,980.817088033678,656.716818296929,2320.53129125985,2214.78556824288,483.162579084185,396.42123990051,516.914525933604,2252.63659369588,2194.63604144839,1057.88659490943,519.32229612974,2368.01162391791,2170.47135606052,2030.42845256915,2285.68600330519,1964.73501364904,587.516982931516,732.470639778275,862.040727544678,1919.10583887,244.909621468002,647.907331717271,2201.51261867858,1685.69303494731,518.254873386394,290.103824971097,273.481059524064,1944.88619295738,339.372812805363,398.504459445583,1828.73833152303,1957.04797586937,1575.15194190572,834.319702149076,657.01019187001,737.29654914263,2351.07656951267,945.786641902385,885.079173240599,1989.47284712327,118.268670138834,690.044696220823,427.151608272675,333.822997791036,422.144071160295,818.717466355836,732.447680456908,1763.86379615949,187.205396255914,1046.59837692169,561.937338964318,1180.24988210181,324.584484000199,2111.55037320931,431.417350856629,1235.59943370589,764.314931643371,304.831730102324,2127.63077559145,2304.14159304805,2881.88052568029,542.587675434171,347.973624674781,925.722369517581,2328.33344020818,2265.71421320782,671.572665510576,640.621999435359,1759.51909037452,701.241386193591,122.630963399505,675.610008317626,589.628048035209,515.993504893736,243.448760096159,141.1857492215,905.080500276322,1378.57005775564,1212.71164827005,466.270593782199,685.557911024956,970.242315645054,2224.51473020865,672.192987058559,888.540247889288,806.528329426334,1399.22095533538,826.489658697721,0,664.395085780949,381.075939420875,393.710742715249,2219.3632381616,662.200130270313,475.505174943308,784.361517866675,1826.23612508082,1963.38430497629,395.93085888177,406.438144672312,1366.43179458939,1569.06951876482,547.881614335979,446.458806153276,2231.66083830037,360.980968620212,1626.65085165987,1101.59870909343,2161.83318542843,514.999106855912,502.389773216225,1157.84499948277,383.553596143938,1007.32018361355,228.986794280126,479.406097447134,2177.9254140412,2023.56833864224,277.950875563011,1309.02160528193,453.040416858908,691.71292137761
270.549649495996,103.748367820772,289.859860863054,1214.43237188951,1087.63730085569,843.194324271216,2167.70337877912,1885.64709377872,609.463860880036,299.342033485505,840.556581492895,2745.71599391277,2379.01610266902,469.017721025847,269.177659165039,2091.06267918001,2214.24662702235,1688.12187588235,1973.93580050539,1937.33363187225,631.03067068183,711.794343275245,1470.3759822617,1600.04080005883,721.979708973159,691.696180877852,1914.36587233507,1506.86874034758,189.371820300809,802.229364290756,404.578598184377,1626.57314093606,586.461488940898,352.945361486329,1494.47677795561,1774.87097235219,1268.56146442592,855.906928190461,662.682029161654,121.495872675927,2607.55240482203,306.033326763856,1015.05712314189,2595.55569488842,572.153656302307,991.570144576962,287.338986180783,357.695545946491,247.407678188627,817.250021793677,851.954890778336,1916.35909977066,506.079036740216,1675.83993137965,851.860199813577,1298.85331350831,401.771211104634,1805.68511172945,672.186116782512,921.540150639487,102.442895259933,504.964276241641,2499.63601022178,2135.33130879622,3329.70948267116,151.794178596562,332.17469729411,469.929753234033,2061.13674419842,2055.15279427029,9.0116105674166,1109.73074113118,1975.98442244093,1025.12683377015,596.256345563219,341.856347813343,276.409926579728,202.632249416157,421.132006794384,744.608903360471,247.52726087256,1001.83383759533,1311.64791956444,1095.9268657952,1286.91033795279,368.125412369001,2126.73680261385,20.9218358317835,224.225163028498,1042.28194779761,1014.12969241116,171.231663256651,664.395085780949,0,880.391281785703,922.297423262777,2385.7391917861,53.5411480709212,806.133093459388,125.382210308141,1495.80510145229,1958.54328433757,330.597545469712,260.786766303256,1054.13922311232,1753.21136259679,139.038903398855,247.639003291532,2188.45555207056,413.378963515288,1303.77689384116,551.136394170564,2359.30071902256,550.952526773458,501.172397371603,1154.44007187169,286.011970702636,588.33388370384,452.358600072217,185.044395336723,1857.79798971641,1719.65338094849,440.188362378118,861.860231525245,252.614812496248,151.83029779095
783.910116316169,981.148497685134,775.056085951948,1435.84753154778,1355.54108497231,392.602421737943,2057.61395779233,2044.41829365607,862.976908518204,695.319542231236,216.996228592625,1901.24767459968,1826.4311689957,1150.68288167008,831.05148784352,2163.76406035342,1837.09944215717,1875.19391385574,2102.98405769401,1660.89205670779,966.420316533015,1111.69619606427,601.278654880571,1755.73804263333,611.3470253764,1028.27411166124,2008.2890581185,1460.88473136021,795.455392323828,631.885853405491,498.368541033047,1779.80962825363,306.645384592037,727.772901369801,1678.95463034523,1720.10495967434,1426.27665012367,1215.38108081921,1035.84175234847,907.437903228081,1972.58137684975,1096.83157318091,1259.78162240562,1716.52768162814,371.601082587906,1045.70077519852,730.963861949705,644.444697359747,686.3420989844,1199.62581966864,1111.64640424898,1408.07051121123,537.447345349309,817.853416351516,265.321935684219,1549.08815105056,479.290601462571,1932.04702755101,811.9693464652,1126.19646226333,963.748784358482,376.305596807479,1748.53610599263,2048.83322384855,2517.88125150985,806.022583246551,643.772543644232,956.636145371503,2120.2065780175,2031.11964339504,884.770180039026,937.532888125726,1390.03516704051,1050.24971770863,499.937223721428,729.521076469764,686.618505011642,799.614311691604,528.173682537036,481.529790407319,1082.74265416157,1289.12062200847,1583.48820723972,636.910403265934,420.489421378348,1085.4625450107,1940.81905459513,895.254535724971,1087.02350161925,1169.01606360274,1312.73167842941,1009.11059274724,381.075939420875,880.391281785703,0,699.165072184636,1854.27144146733,899.320120173835,843.220787217197,976.961036149429,1674.36647089787,1651.22537487692,714.154040044377,635.828148049249,1240.07972640861,1209.61052080059,805.20583090206,732.260048779726,1926.52273376391,708.186763637631,1483.23693900668,1160.09531330528,1791.66264027713,889.423940129002,475.191934184309,892.525768639936,655.512496147662,998.512453738134,556.616682247934,716.826340366782,2003.8143871196,1846.71218344162,620.862231467684,1271.42489212693,745.153635428469,841.252803776008
664.565382590574,1012.51304178787,1037.08300435767,1945.86051210815,716.86207190922,1037.5381091073,2710.92122677006,2605.14845092184,427.19154421951,623.221416814586,882.049283103245,2402.95020257752,2518.36254180475,1370.9699583478,687.790288287378,2761.33070529048,2533.77948856166,2419.0132049452,2677.40907368547,2343.45994497374,510.650232482275,620.69581829716,961.022266894175,2309.22613890973,202.592869748515,533.810562695677,2594.28092212601,2079.09994585718,738.127527604206,122.990049779878,614.102071391959,2335.1661225126,733.053717961103,574.622870262122,2217.13580522193,2350.00986474092,1964.47571840662,657.29435370292,564.428125563272,1023.91809743298,2643.93343038773,1227.10915200959,626.573102141074,2017.15908750853,503.086341512215,371.838700338895,636.308389970069,568.229512706661,683.030197404713,661.46823148164,525.785179939903,2106.80727964494,440.196318704052,1082.91606032804,930.415808862146,883.172722031172,686.877305347245,2503.20305679579,330.044555319144,1620.768766465,1023.77759811093,693.085574456164,2367.75132214159,2695.62521360242,3054.81466444094,773.582643311764,596.889050877219,1276.73534654502,2721.83509421149,2659.02793441572,930.985321208037,247.915539229479,2081.97971509303,365.821905158742,364.553226974823,1032.4598300974,936.346922933395,728.027973184271,549.785534916766,252.538795634595,1168.69218663833,1757.7289371586,922.070405338771,246.751213452792,824.988182124832,1274.66653822649,2610.34418885062,922.201191664683,1135.36470184417,501.438085717886,1777.38145011575,1093.51052118235,393.710742715249,922.297423262777,699.165072184636,0,2548.69640482545,899.580417602006,242.764093300791,1047.46657356615,2214.97489294498,2338.54114745761,593.160489903803,704.28685523021,1753.45382607032,1907.76869873982,784.728025851861,674.6931791436,2610.32927512987,514.038617892629,2014.89932525912,1431.6834196792,2481.60153953436,499.527641773507,890.969843084477,1544.74968478006,647.944036903102,1370.16983038231,491.776394303926,752.125468300767,2568.84214767414,2415.09389176576,484.652375326019,1673.94234038543,670.856800051925,998.076962003491
2468.42461774844,2441.04473552596,2107.65681941125,1662.1349826985,3199.28369102756,1603.57083028095,1072.43745837007,1627.85393100839,2674.62440898247,2392.81658235403,1707.08830601371,1360.81369813739,65.034693912347,2261.2949607057,2510.5552667513,1491.58900416476,426.225835379652,1639.36946549495,1586.55432082572,706.814524281428,2769.04222869848,2910.22302343176,1814.63107222127,1560.88495138968,2460.76382274408,2837.61772260842,1488.31118548116,1216.17160333221,2431.6613314491,2486.06795424465,2200.28634945538,1559.35546534754,1949.785115881,2457.06300753979,1605.06329755121,1157.81482141206,1562.53520978419,3033.65747429124,2835.15418230841,2317.80996168309,378.447512817991,2373.37206387541,3103.72426177548,1946.5438983559,2164.81869893683,2899.80234783107,2424.63834495537,2370.84058662068,2343.09605725292,3010.53419784755,2946.06021197502,470.453975724925,2329.87462318789,1905.52445728397,1666.57586169838,3399.35607127166,2129.1855742579,1534.72838416601,2643.94582981417,1689.31325592376,2402.67496157192,2037.36923478567,766.112219764882,1121.74613830589,1489.3302225354,2417.79376541512,2353.44504547556,2048.8106256049,1449.00115624517,1251.1067811601,2383.36162345996,2776.48660450814,468.47952765772,2904.43856618505,2324.67595339413,2048.90805288591,2110.77028678239,2444.16533308221,2267.45190549918,2334.39144370014,2424.60417173793,1769.89879534194,3432.07477835045,2432.7588516171,1832.41622303325,2286.42721250952,883.261841094161,2406.65793162201,2471.96833936489,3022.02789178165,1784.01064481487,2394.56079845457,2219.3632381616,2385.7391917861,1854.27144146733,2548.69640482545,0,2433.68814467261,2693.27737596177,2396.81095165921,1594.19270815766,642.837908719439,2431.58278799912,2271.75347777703,1635.39956403005,652.684029760226,2407.91142728198,2401.13785389322,706.686815946324,2466.38247287006,1592.91738924189,2178.12683997052,116.601937700264,2679.67533580692,1919.46831045524,1242.43939988139,2333.427516835,1962.25140659162,2324.26577436912,2326.01017094211,1590.98005738428,1519.83303860597,2389.53004330193,1937.49150844078,2418.66933868401,2250.26491969319
238.412782708642,112.93276219401,342.52813053318,1266.38409127677,1038.36334085774,882.10758806086,2221.24201460203,1936.94221859861,570.112872373424,281.274253768076,871.15606201481,2775.07443028639,2426.29131013856,509.681702711969,229.61878631078,2143.4116602721,2265.56957670568,1739.29737040537,2025.60335531581,1989.77025590772,585.994974375704,662.101960576567,1483.51822993828,1651.97881206931,701.481564099961,645.014916967208,1966.6587339999,1560.40597384911,161.452945138468,781.250308401264,412.523131625512,1678.4924470783,611.887259274865,325.682161142316,1546.19046862973,1828.39587936174,1321.26795625997,805.827411185687,614.966755348253,170.583365183315,2652.13894761899,337.839366209212,967.17524555969,2611.21689455507,576.729398093247,951.987674694652,263.584875984941,342.901611534482,240.173310274367,766.848437030455,805.590864652401,1963.97668907256,495.342592520498,1685.99881186967,884.869813723361,1248.80354625806,420.248424088914,1857.67875898024,637.328065584941,974.745087407258,129.655884435973,526.780240540216,2537.77757090966,2188.84316432709,3363.60511820068,126.816194432559,320.342658600258,522.123476896864,2113.69106090742,2108.44940166553,59.955527634328,1079.23827299565,2021.18824471457,986.315968254179,585.645497465069,393.236026693782,322.973349642194,172.10684928187,419.225949039194,733.356524183724,270.910865558347,1053.52390740911,1260.99404342695,1081.86782684545,1300.23748483256,408.59795805299,2180.10685141964,35.8562301867742,236.277009490026,998.629025115177,1065.51576481103,200.339014586376,662.200130270313,53.5411480709212,899.320120173835,899.580417602006,2433.68814467261,0,772.166520585392,154.415910364803,1547.61703385884,2010.60292809799,306.531534336161,268.000249605321,1107.12200680919,1799.17895293539,117.506639617448,227.977258096716,2241.31704335935,386.544782204335,1356.1006433764,595.699084098761,2406.03883162539,508.74470074127,539.758794070905,1204.61075068191,278.967871465287,640.742009095427,442.732710738873,187.32426234435,1909.37551743895,1771.79037723901,422.920230292351,911.384271898825,229.38167361083,205.368904794636
535.614842023349,882.087156570649,981.959051126555,1931.03538889059,514.3108682004,1126.05522095863,2765.20826416413,2602.0564278578,220.535478115578,525.392952264442,992.32041354223,2628.06731174089,2667.41808320102,1273.24626348502,544.018209876437,2776.75693621835,2643.71230530022,2410.1226421037,2680.66617317188,2429.79343297224,280.795705187581,378.926482148537,1188.82999670987,2306.97536889108,232.556552395027,293.781767721828,2604.99066185432,2116.56019267348,616.946857878754,223.633811793606,597.656704061464,2333.40776828101,788.546147345829,457.110393629504,2209.08917990736,2390.82410053799,1962.00459637128,418.782762335949,326.896313421709,920.589021936201,2814.2821561673,1109.81238823273,419.061992283687,2258.81589455597,550.301724313324,222.058258127245,525.032433860456,487.920203002504,596.022980559949,420.144699855412,291.285278199815,2239.20696494664,417.455820912048,1321.29759157472,1036.85687037133,706.376621745289,680.179363038497,2507.01614122481,135.348089211241,1609.88831579838,901.610261118297,723.589044151437,2564.11536652691,2744.82130615759,3275.46488364018,654.720622206807,518.769307787601,1219.28778235179,2740.13002559775,2694.83379749608,815.142639206462,314.55545122952,2231.55046180178,242.810536345391,384.273165776869,992.076342162654,890.408908184416,603.50709897206,521.429761978734,362.346974168798,1041.68166109752,1731.04533217236,740.297994554322,489.195884878691,1041.40274011303,1173.05037573914,2680.07892526972,800.917534948727,999.100114694825,331.347426353113,1748.41531833769,972.430391702651,475.505174943308,806.133093459388,843.220787217197,242.764093300791,2693.27737596177,772.166520585392,0,926.300660225695,2208.1359215821,2431.28350764316,483.825649103651,639.693403119365,1745.79818035494,2043.92648378657,668.190299006424,568.157827535552,2696.22351786378,399.954176555453,2008.14337580185,1347.51325936597,2633.65246931173,295.831904302977,909.772498080002,1616.07289340371,569.372899851559,1324.64665478535,453.077423193731,663.087384829983,2568.49130527538,2418.7453301741,413.908246703631,1624.57072359593,558.562940961478,911.51013723297
391.470993395413,58.5096118042746,291.35601652795,1142.67489763325,1180.35118501428,896.832665190076,2120.47242863113,1807.65226319833,724.252758636711,424.691020714097,915.825381233118,2817.85785174418,2393.5543473362,358.455613693974,383.996176458588,2021.08430577697,2203.84037617608,1609.61641490472,1898.42870522131,1916.72030163872,736.653344682848,804.078821269106,1573.18138524738,1527.18988774938,847.328768725046,793.383694354915,1844.08699105929,1463.71078922257,311.968570892722,927.559320366047,518.745521234723,1553.5206595804,675.171758475962,476.506774783326,1420.07561926345,1726.58431681031,1204.05907335813,946.031006786891,761.700876867232,82.0704012817325,2633.91505198826,183.516684165198,1112.6431432518,2693.38030585387,687.598251902463,1105.90713477335,411.832798781316,482.963026071193,371.743257693393,906.116172424853,954.050534691051,1930.13891942701,630.354850751147,1782.14470137226,921.427026161812,1388.01194375976,504.627493159486,1732.94255446822,791.592264915944,866.32782497807,24.7676697142845,601.023806451468,2548.97004129808,2085.38453288877,3390.19775513627,275.088084748955,457.100106301161,407.688064214784,1993.25527379449,1998.06517528632,116.900364427609,1232.30832596916,2000.91880128597,1140.44528065874,720.333975540058,352.640037478396,321.162952154921,324.118746630358,542.087810853839,868.694918074725,122.408203050644,928.838621068158,1397.95932822567,1220.58766276932,1389.87944185692,257.901722802953,2090.38901471603,126.157851074601,110.100448311908,1150.07014536639,938.822400819664,46.343879206362,784.361517866675,125.382210308141,976.961036149429,1047.46657356615,2396.81095165921,154.415910364803,926.300660225695,0,1422.15809424651,1941.95653258583,455.119892018976,378.150094839911,994.261113551568,1775.38629427571,263.151350126746,372.777909074118,2161.82810465403,537.211378228504,1235.06371175124,449.411525959274,2376.49478312397,661.838624966241,561.960932868747,1156.44616792985,410.030331566399,525.742570301193,576.435756627831,307.061220023133,1781.78310728134,1648.26765597263,565.558292736408,776.452865641237,377.123610459797,155.755523510424
1727.57564538317,1480.66162838368,1242.01049961137,281.674898000123,2577.7936437312,1287.251696099,804.299186924418,394.236917693837,2060.27202214594,1701.57901269218,1460.5456651504,2667.6527427288,1629.44354665676,1102.47016086337,1745.8663885613,600.473295957108,1213.74013352789,204.201960643553,478.403386719999,893.031224985822,2108.22377055091,2204.76035970735,2117.73265149132,105.346297692988,2030.23044204179,2174.53711624265,423.86670804825,402.862604159979,1651.78371115156,2099.13563588293,1615.3448100551,131.435952741038,1494.53651692326,1777.99009156158,10.9023732236578,468.800839081155,251.46487069318,2349.42627640014,2149.8738022978,1377.84616989011,1955.82695397731,1287.14627384904,2499.4851459671,2937.4501306475,1712.50218636403,2423.48850423638,1714.189720596,1725.81280304608,1629.267441385,2311.60335054722,2330.82794343504,1283.14054179159,1798.10296604204,2326.53037916735,1415.8244844166,2791.36247665809,1535.64614339166,310.812410344732,2092.25883433795,598.300518185017,1442.24246952294,1522.49059984395,2154.37280529808,752.934534526797,3014.10677655537,1618.13744462312,1695.67810423192,1026.04119532871,576.300839143266,625.919542161873,1488.2603641366,2455.36693476982,1456.40747061307,2449.58719896719,1856.73701308164,1220.75244997893,1322.80044220525,1667.75027426947,1689.32046790188,1965.66690858188,1367.51409832091,494.162795738878,2805.99442917815,2265.21819995628,1992.15493218889,1185.89457420182,867.996133833544,1511.76132024973,1429.52716756498,2501.5083100995,483.336794298164,1390.4847972627,1826.23612508082,1495.80510145229,1674.36647089787,2214.97489294498,1594.19270815766,1547.61703385884,2208.1359215821,1422.15809424651,0,953.945618493959,1747.74618950815,1574.31595294445,462.885127335808,1283.4342142772,1603.51590527796,1672.30050204045,1017.71139231597,1824.4773445902,200.379559739261,997.158923545602,1645.23626408359,2018.68675635771,1324.41635124571,871.072851291817,1648.22774891349,908.404827194505,1756.72776785754,1570.58664082522,362.971634659965,227.698817611145,1794.80988778245,653.930555085534,1686.99070431579,1350.09698195416
2098.29866298931,1993.32543635954,1668.98400614939,1048.58316524549,2906.05549480838,1306.74435813093,544.098542989629,1001.39926870506,2362.33806915735,2035.98044320639,1456.52026947631,1860.35616752238,682.965948438715,1741.5224394684,2134.29513169424,903.894876760611,277.952644207661,998.109086100375,972.810164768176,66.197811049546,2443.92806030243,2574.63248807976,1826.80605203579,918.064580450674,2206.96331999387,2514.74243962194,867.595935314983,592.672568670595,2045.41065733696,2251.0110718729,1868.76226921208,916.589549975056,1644.36587607395,2108.68820515142,964.765637015051,517.33983228011,947.690992433714,2710.80311319585,2503.89851956225,1869.72658466632,1013.11515955604,1881.49316759905,2813.69924938823,2303.30059814086,1881.09581159099,2650.92206987087,2062.83918495839,2029.4992751676,1974.79962534981,2681.31388445541,2645.77050623285,462.780151078594,2028.21871630701,1981.47212539603,1408.15497436694,3117.69940941396,1788.48214137608,900.767891429451,2353.80825862349,1138.50568735497,1952.83670021618,1717.88988331121,1290.12771127079,573.791080956839,2104.29756603245,2023.72429168465,2006.24583217501,1555.36146788424,856.74433914024,666.558122348617,1954.27234646404,2583.29311872221,643.565353803672,2664.1314069113,2047.22268170153,1617.62418046666,1698.65501459983,2059.89108328152,1943.70325939673,2096.66674939248,1944.52127740731,1185.7504825761,3144.45589962962,2283.48958012038,1778.94429756173,1785.48586429012,358.443729570337,1979.01136638862,1998.92276077276,2761.04666440989,1195.91809623972,1929.97091161007,1963.38430497629,1958.54328433757,1651.22537487692,2338.54114745761,642.837908719439,2010.60292809799,2431.28350764316,1941.95653258583,953.945618493959,0,2079.8997703654,1904.36110679439,1057.50345685696,595.521273888293,2011.57709107133,2031.22714506243,278.743111210236,2132.27185563765,970.503517605484,1647.36457498089,705.316563189919,2350.20939183152,1557.26977520964,825.617130488994,1974.83774752836,1452.19022695682,2008.64291182405,1941.68375288934,961.889215260132,879.701240815228,2068.14194723861,1364.91209883884,2048.8345491907,1810.93980900901
81.7017592354617,419.441296585458,507.673812026404,1467.48831016599,845.253600844637,829.370294060054,2356.67271669761,2141.80030723663,312.534287039163,46.6405060839287,757.910472102032,2615.30184669658,2415.90560883101,791.670591665801,123.477362817894,2329.39494503124,2316.68364375421,1947.08199565303,2224.43477093824,2068.60454572478,371.312364041397,494.998656113609,1254.11714848619,1849.09744374797,395.221725259525,441.550057477649,2154.89370973074,1697.06272863845,145.166407102321,474.801988230573,236.217593340688,1875.69701553081,491.840567476116,30.5313076181441,1747.86904795543,1971.20204173275,1506.98119801535,633.835162849944,426.027377922586,439.287290879864,2610.08546275,636.57045415379,759.955372394806,2383.58582267869,346.3140073909,684.194853582458,43.2874318125573,69.7526519781364,118.489823308362,602.436333359736,589.026059223006,1962.90712315996,210.633714130766,1442.33390013538,787.261697135332,1060.79761537146,302.40337232722,2052.22380209198,354.247131062616,1152.96015656754,431.150844178548,399.610864039684,2439.48355121371,2330.64351668201,3229.60289697497,180.466919104316,78.5820683296068,740.200038449231,2295.40729173234,2266.79574249735,339.443395827913,780.857785002732,1991.8884627397,714.422125446874,296.189171563292,527.608566341865,426.092011710796,136.152538549246,186.489899623326,438.577389899926,575.752031738207,1261.94519968382,1081.66743410071,779.955162868121,1074.62300583313,692.338694525033,2291.71768051227,329.348829752753,542.637798027563,754.035934223168,1277.87897659649,501.357125892878,395.93085888177,330.597545469712,714.154040044377,593.160489903803,2431.58278799912,306.531534336161,483.825649103651,455.119892018976,1747.74618950815,2079.8997703654,0,180.227054193852,1289.37980288118,1781.3636211677,191.972263936614,84.7792383306076,2330.15539417363,84.2237338835512,1549.45954609734,863.816344753142,2389.4781775052,277.624589329809,523.743358311594,1254.57312744204,106.102022630975,849.626609654948,168.010853433408,180.905820249348,2110.30579867775,1964.42654286317,124.196713563891,1145.64097490465,78.0078076523529,427.735106866097
197.1193111155,364.460126617031,342.649541747623,1295.17936241802,1025.40623651117,677.848352524476,2176.44632078704,1968.55067917042,489.093367918113,134.043711676123,632.739094199548,2525.19438379953,2258.44255383923,668.93601008892,238.914516717571,2152.53177147897,2144.3840950305,1774.87093601811,2049.83024227772,1891.80150234641,551.5382993926,673.024499211862,1215.6676880589,1674.81899367359,501.988997833064,621.72853635686,1978.56103005558,1516.90375915372,169.852892314515,581.344385184475,144.699852563322,1701.37901788372,364.368911695279,210.561106677209,1574.7684251269,1791.1016439691,1331.50253684796,813.218930506096,605.457879940933,332.786092705179,2463.30524767192,541.531174582839,939.640895314673,2343.96897169591,311.373233131832,850.335741273886,158.498655200425,152.160665743249,71.5571224740316,781.038051233201,768.592883775713,1801.82391737273,266.499224587457,1418.12981438509,654.478658640829,1240.93076431458,163.491985986422,1877.08723921192,518.539828902375,977.651080355859,358.641405075278,272.939637383604,2315.6409927044,2150.45844036659,3125.0334241178,172.162235665551,121.60117264839,581.528971370684,2117.99957692911,2087.23363397017,267.338526007598,917.547137555983,1839.43876603628,877.998488520829,352.74728945458,353.968523315834,251.856486141581,178.907323685241,166.292951839708,499.278585262029,498.642653031372,1092.51525484053,1261.89431768901,852.626621822345,1032.45984106276,575.292371958544,2112.17333243291,271.129730042185,483.726175287345,928.014213793171,1109.43774584835,420.051787359927,406.438144672312,260.786766303256,635.828148049249,704.28685523021,2271.75347777703,268.000249605321,639.693403119365,378.150094839911,1574.31595294445,1904.36110679439,180.227054193852,0,1114.0940452114,1624.63978784134,169.867548375635,129.532162035576,2152.47549968978,250.74288032846,1375.23198849609,727.422059762085,2233.83551255689,457.81653339696,353.724071018607,1079.98845013853,74.991988120497,685.015631904535,213.176242819934,81.4082025188061,1936.28850781964,1789.09836686505,228.398937885267,985.854357438199,147.16711734009,295.736499147044
1273.35026578632,1052.02714560136,787.408970898767,196.713217882343,2125.68821114778,866.373587812448,1132.63518110859,856.319552303782,1601.75582871466,1242.96824180856,1032.70654462699,2491.51825468543,1653.69605163738,715.860812072248,1294.42523894767,1041.44007944424,1335.2506150073,666.223849272378,935.814675348507,1014.68115502096,1653.5513071241,1755.67887277805,1731.41080798042,561.258735744443,1567.58942752905,1720.98466157904,866.039918177383,495.206569484781,1199.78579340665,1636.95909290162,1152.46173838556,587.740735189029,1038.53567458464,1319.77630911741,464.409142363913,739.833270595051,217.616029763976,1900.32010280945,1697.94170483269,940.610964610765,1955.3187665724,883.790165696243,2045.14556532201,2650.75647965788,1251.70986981657,1961.8886093006,1257.14055553239,1265.02592380118,1170.94928800094,1863.47366987058,1875.4644576683,1226.92180795544,1335.22149804964,1948.52231035327,991.759066725677,2340.31008308914,1072.81452912357,763.011159307313,1631.10156394416,136.456478594147,1012.02524371297,1061.96413965955,2045.75847867461,1094.52609732979,2926.19346352085,1167.51893477887,1235.1162435731,587.545123398564,1009.29005042184,1003.80870340011,1047.19363114208,1992.98038041953,1367.51672901757,1987.5477466944,1394.22056817167,761.77493347175,863.422484436809,1215.76295152177,1226.51646714327,1505.11821513759,958.963935201672,135.662629227405,2356.72138611988,1811.50062559713,1589.22697138532,781.692838661008,1124.92133270137,1071.50950654433,1019.53763241841,2042.05061090329,153.237491183594,968.265841793419,1366.43179458939,1054.13922311232,1240.07972640861,1753.45382607032,1635.39956403005,1107.12200680919,1745.79818035494,994.261113551568,462.885127335808,1057.50345685696,1289.37980288118,1114.0940452114,0,1154.27883867475,1153.06809502189,1215.91475271083,1225.48947605367,1364.70762723594,262.55052361509,613.361749560095,1654.65205439664,1562.75707348332,864.059311332887,565.821243674993,1188.43549397878,468.772416898106,1294.01321244808,1114.3169375084,822.823779746983,675.094125965841,1332.84868894008,307.429283061547,1231.12985225527,904.553454339639
1820.59138910246,1815.80740658226,1484.08134813598,1244.53479232957,2547.87045327234,952.274079414706,1132.63837875156,1472.80113590335,2021.94825302111,1743.39475464814,1055.09448041109,1384.2979978895,634.54552467506,1683.33129165722,1863.53730993662,1441.92471485813,673.457814269967,1403.99957813959,1472.90370342921,641.749328276662,2116.43457524618,2257.81909656189,1262.65700327986,1293.42790908237,1811.66047002165,2184.95350688115,1361.19214502904,883.498240657668,1787.09591168695,1839.87400815263,1548.92193335356,1303.03603320053,1297.49667929949,1806.39374636518,1293.75061485081,982.052099266573,1157.47060500185,2380.97349754431,2182.66082250379,1694.57471356489,859.803564812815,1772.54862750836,2452.42551943481,1731.0392159423,1512.39054144246,2252.95835302204,1775.75123066141,1719.76870147826,1695.67356384966,2357.90341893062,2293.89808937142,200.99160056485,1677.19958719826,1400.22798180922,1014.08480759583,2749.31154883455,1479.04587120477,1355.74994890818,1991.94596289231,1168.19102141114,1778.90313196018,1385.63999800092,893.117742173172,1154.90178876224,1772.40910828595,1775.11268496366,1703.02498456309,1457.38751973069,1392.58614837937,1221.08086897137,1751.54327538802,2141.02016949516,228.060389476031,2259.05633056094,1672.86385794994,1423.37568181554,1476.84452725877,1799.09520520664,1615.36377290892,1687.02107814162,1815.68377118362,1287.78335881477,2781.47223501602,1808.33485378953,1241.98124430358,1693.58972286207,953.191091114389,1774.03524022297,1858.36455770599,2373.73821506956,1307.20665786696,1777.86072556592,1569.06951876482,1753.21136259679,1209.61052080059,1907.76869873982,652.684029760226,1799.17895293539,2043.92648378657,1775.38629427571,1283.4342142772,595.521273888293,1781.3636211677,1624.63978784134,1154.27883867475,0,1765.86636238166,1753.64096117687,856.200902206249,1814.49882468512,1204.80745355407,1612.1263161202,609.26838336407,2027.25099989746,1274.60191804801,650.990297775857,1684.53847388953,1386.36538744117,1671.74689646236,1681.8362311683,1428.56222882888,1304.9274584792,1737.1275084187,1428.19956598172,1771.05928475742,1624.36288573719
133.78737884687,229.283555191022,367.248673990552,1321.8820713488,974.277722841954,829.60235572012,2249.96015894758,1995.82253191786,476.307476654504,163.955260585501,798.128235076303,2694.50761101155,2397.39358933235,605.283695000141,142.589209308409,2194.02874815472,2259.9337103674,1799.1885229511,2081.85468808793,1994.52892158833,507.528897175799,602.610793390333,1380.22389171789,1706.73557953806,585.45729165645,571.937239599165,2017.99739596471,1587.95290993653,51.8065431391224,665.476856116091,309.361007677071,1733.3490658625,531.629618101478,213.906997986159,1602.80743728948,1859.40914079123,1369.78422966973,747.261762207286,546.382752488649,253.076790928588,2611.96309319222,445.025674651699,897.04225162022,2509.8187328261,467.814617721305,857.601141107537,148.686851173104,225.399475465237,126.616400470444,710.487985017802,730.273590461217,1937.45883649724,378.146200259095,1579.36218772797,817.09887954085,1188.07809575985,332.189420193929,1911.68342291586,534.878688081139,1017.98783342023,239.193722287122,441.560419104684,2477.45192010862,2220.21329326161,3292.0971307472,14.7098025741785,203.299900588829,580.596742128291,2162.35187625298,2146.80325969225,147.972445297007,970.749794115374,1984.33077259415,890.316553976931,468.384222093006,404.443550858272,313.887750048352,66.7631179907604,306.39627321001,615.942908814624,383.965088087642,1111.63159128859,1203.7556315332,964.417739989273,1197.46520511417,504.897548674756,2198.74582897414,137.475804949453,353.15838828947,913.995964430882,1125.59902264302,309.404781080772,547.881614335979,139.038903398855,805.20583090206,784.728025851861,2407.91142728198,117.506639617448,668.190299006424,263.151350126746,1603.51590527796,2011.57709107133,191.972263936614,169.867548375635,1153.06809502189,1765.86636238166,0,110.851300234609,2250.72499798613,274.369458047736,1408.28448705009,683.085053815856,2374.79841265381,422.409817822625,492.226937561928,1194.28122937272,164.549083599383,695.966744230045,325.889196635053,91.2885410016668,1966.39938025729,1824.75250340649,305.671287915523,981.722279626255,113.991758293849,256.471864881807
67.6713517327579,340.123662079336,430.4219055454,1391.43327550895,912.099311465769,805.383504403293,2293.97645557903,2066.02526505386,389.991826640814,53.3977410086775,751.382120441255,2631.0780323961,2387.60356927032,706.896984985844,110.312174029187,2256.98889117198,2272.73122058204,1870.65473069583,2149.72404881938,2017.71638876193,438.218978265392,551.297061621874,1292.42265962733,1774.27534390426,474.840443513203,506.794337814393,2081.92468989699,1633.00810418379,71.9802000720497,554.959099241873,235.578124746354,1800.89412079157,482.1132892675,111.304642378277,1672.1753229793,1906.46662518116,1433.48806880885,693.649893290896,486.922012994172,354.578477550857,2590.6075422505,553.133992094222,829.588248912126,2422.89888586056,377.409639360474,766.068402442951,43.4509641787659,116.273343557848,58.0448198694409,659.85069537368,659.579257536017,1931.2691653169,270.362905403127,1486.84228665591,776.149260496335,1127.49896327739,282.42112660066,1978.06660778597,437.578882355943,1079.69888017554,349.167710039316,388.97925845439,2435.85954091495,2266.62158530917,3237.7417476195,101.358987350217,98.5115726338096,659.435038184156,2223.7294100288,2199.43644864871,256.367551321526,865.51038204933,1967.80253657929,797.007787715844,360.076432034071,455.175685418147,355.366197573512,70.1879497767834,211.987566633272,506.791909183294,494.2448001006,1184.35557162391,1146.45445648803,853.993960367264,1110.84103946114,607.623289130859,2233.93852337382,247.890317676271,463.968670248184,831.823350102103,1199.76335546376,418.823966551529,446.458806153276,247.639003291532,732.260048779726,674.6931791436,2401.13785389322,227.977258096716,568.157827535552,372.777909074118,1672.30050204045,2031.22714506243,84.7792383306076,129.532162035576,1215.91475271083,1753.64096117687,110.851300234609,0,2277.4479397529,168.986204976672,1474.79044980889,779.357216758039,2362.76610944818,346.84265115325,483.200962958897,1207.69142278624,77.4209005713412,770.536983560656,219.778418276625,101.717498889564,2035.14319182608,1890.49304261934,194.942983405482,1064.43617551913,17.7021969671945,343.880421847196
2343.84240241076,2215.35156429687,1898.80346766466,1175.50158185907,3163.60495637947,1575.21455464826,365.750645077434,952.846257180521,2619.00246933048,2285.40188173471,1728.95214176114,2028.37830596199,763.233583865748,1933.22970650472,2377.89597172317,789.80708582684,283.177976670564,1004.99483689585,898.039530074636,266.978143608723,2697.46172981034,2825.06675556267,2102.16995918038,955.222799447142,2474.17244509409,2768.32432558608,809.323771515063,731.940253603004,2287.10977710392,2520.39803406354,2125.31945428066,945.994297662193,1907.86474723127,2359.47030177909,1027.75737890968,548.934416459218,1077.16156629161,2963.29827974427,2755.73149006611,2093.18401828102,1082.5675814816,2085.83658449275,3072.24251918732,2525.7706551411,2146.01772122592,2916.81772096479,2310.81013871304,2282.54058102224,2221.97684032609,2932.57246620381,2903.18165396116,696.240383869281,2289.11224348539,2252.42588091628,1680.18106904051,3376.54757483954,2043.92261245114,876.63169823992,2614.62155187301,1325.13000626296,2174.54268222268,1978.22084019464,1439.88173131147,415.948155416634,2195.30063172554,2263.40912807807,2258.18171663599,1764.42560514773,749.569076433481,552.404548921209,2183.58079148213,2855.95066082987,861.253123925072,2931.15963658418,2311.95416203604,1850.8191795673,1936.83972028219,2301.99949028635,2201.14875820596,2366.46628041761,2153.5735612732,1343.05794389108,3402.11199652501,2560.1366044721,2057.13912806562,1986.74169166281,181.018137983628,2208.5279739209,2210.43246770343,3024.71503645212,1348.91500946148,2146.01605304807,2231.66083830037,2188.45555207056,1926.52273376391,2610.32927512987,706.686815946324,2241.31704335935,2696.22351786378,2161.82810465403,1017.71139231597,278.743111210236,2330.15539417363,2152.47549968978,1225.48947605367,856.200902206249,2250.72499798613,2277.4479397529,0,2386.04518423491,1085.83345157627,1834.17572124652,801.101757453373,2603.41260457323,1810.71556612828,1082.17160516555,2224.4059005192,1654.97410714531,2267.12905117427,2184.97885507203,921.148150746605,883.354270531391,2325.04296911009,1527.49836314961,2294.90886671231,2038.45209503685
150.663673019281,499.35548306489,587.230237890043,1544.87243059816,780.663498507065,862.942719077416,2421.74309138768,2218.68270638838,239.157250371135,125.939531510319,775.849696230313,2604.47256501769,2448.66879864158,875.836205925906,178.948594796266,2403.24564537325,2364.40991005393,2024.58825400467,2300.3598806873,2123.04116279859,311.668726621015,445.973141931161,1222.86749651119,1925.2480251302,319.909890701864,382.507839428533,2229.30391462659,1763.83630002335,225.491707079776,398.105719491745,267.253100987989,1951.82033286863,517.499723605818,60.8639761675943,1824.8135101722,2038.35982281982,1582.16450613909,578.683288883438,372.841986280993,523.362639588812,2634.12745153717,719.393924395571,692.587153649169,2348.96196079372,336.733875578574,602.947229932771,126.678505296304,104.070318950552,197.799976511475,550.42519094651,521.583987789206,1999.44353887631,175.675266640739,1403.85776476075,809.238308903209,995.651309512335,344.396121365317,2127.71748073329,271.75763160027,1228.25446632676,513.011450779143,429.037751245938,2448.20561146034,2396.93652934971,3225.88385764528,262.12535906354,131.37462862847,821.819240628546,2368.62021806211,2336.14515861887,422.287975567289,696.980344363895,2021.17453125834,632.347112901481,247.654945871354,603.73301227175,501.679414392434,214.486729308102,199.492038171128,379.286545595436,656.984849504509,1340.72286111153,1018.53832157806,710.135261202256,1046.42765363876,776.406022927457,2352.32174093879,411.120424135828,621.638279491753,677.343221158414,1357.07868658092,583.531896075363,360.980968620212,413.378963515288,708.186763637631,514.038617892629,2466.38247287006,386.544782204335,399.954176555453,537.211378228504,1824.4773445902,2132.27185563765,84.2237338835512,250.74288032846,1364.70762723594,1814.49882468512,274.369458047736,168.986204976672,2386.04518423491,0,1625.62189661015,947.926437760028,2420.7442660954,218.016819620432,575.45362993471,1306.73731256173,176.291057300582,929.902295788561,152.420378642562,263.460340523207,2186.66160704788,2039.75692790416,87.3866242975724,1227.37192779861,161.164842138203,511.576369252129
1530.94438641843,1293.4393881129,1044.93082477162,97.6754073133607,2382.29690524623,1099.71859944899,930.338903004287,593.915260377056,1861.98135140136,1503.18194145271,1271.21831054678,2580.25888838099,1621.02677811517,928.314859219846,1550.34112172803,787.311679453536,1244.00133843261,404.130800121176,674.99917753386,916.515578880632,1911.54306616641,2010.3982291517,1944.81855772685,299.649121371248,1829.86871956013,1978.33580735546,610.592596739332,378.488970394094,1455.98603299934,1898.87698841213,1415.00423069758,326.241131086487,1296.04708935868,1579.7728152474,202.23816842294,553.325240434186,59.4252915513137,2155.1088179728,1954.32906182261,1187.24250607511,1939.33872519924,1108.41505586234,2303.03275147335,2805.47449811972,1512.60918699288,2223.86358474271,1516.42824627845,1526.51168237794,1430.97104004805,2117.67218011142,2133.91172644851,1235.15219412927,1597.765710782,2157.19670358507,1227.64918714052,2596.35607875614,1335.26776756207,503.52374484244,1892.82421059934,398.266985071701,1254.34683084173,1322.6519298945,2092.86753021747,885.310623085536,2965.01827420088,1422.85099956558,1496.46961367468,833.982706758274,758.29584679947,776.502166027284,1296.44411051701,2255.0611210505,1397.12241323885,2249.75002057708,1656.39680947175,1022.0565514178,1123.99258482575,1471.96631092526,1489.05670553605,1765.86804707185,1187.28871028603,307.812628284493,2611.74096850881,2067.73247464944,1812.79671439493,1006.27813863629,957.904763278617,1320.28394459535,1249.0225600854,2302.85998638717,301.765253243033,1205.37220996707,1626.65085165987,1303.77689384116,1483.23693900668,2014.89932525912,1592.91738924189,1356.1006433764,2008.14337580185,1235.06371175124,200.379559739261,970.503517605484,1549.45954609734,1375.23198849609,262.55052361509,1204.80745355407,1408.28448705009,1474.79044980889,1085.83345157627,1625.62189661015,0,822.82046682192,1630.45287717871,1821.46526783722,1124.59133847089,716.361422885162,1449.33455843025,715.446971894529,1556.52266007804,1373.0829423681,561.056515081022,416.47534939989,1594.99032875034,482.362563133997,1489.69467419146,1156.42593721169
816.827136854609,506.161898198638,409.267558240524,726.213867062017,1629.76263116605,920.941481538674,1741.35950574178,1372.98349204534,1159.1172309915,823.686419033187,1018.57299368416,2819.22267484127,2186.36368315518,105.559683531409,820.031606537192,1597.35785674067,1921.80917492487,1175.29754244068,1466.81415003551,1610.94900677398,1181.52908603581,1253.46867246929,1751.28983504813,1102.41527823257,1229.40478325918,1240.56916699444,1420.99300079341,1107.51779599975,734.890340313269,1308.71810190906,832.213675411386,1128.13896472989,865.447069946524,890.46046915433,993.789304904814,1350.78441443967,802.057623823676,1395.38077479096,1209.87798114707,430.806454108222,2462.21916523024,292.068549953138,1561.50032605703,2818.23005412505,986.591635289369,1540.68213980168,822.506938714359,869.508809242204,755.734109261723,1355.37750582051,1401.20548015926,1732.36241070343,992.557407562239,1972.38448001568,1001.55112316871,1837.05882410304,778.144494715784,1306.56831434922,1216.14985394316,510.257939999901,472.719722270037,831.586515297405,2462.77324508018,1700.4889740471,3334.72877756916,697.31018945177,839.292073193519,206.979182783994,1573.23057789126,1598.63053904011,542.350260774025,1640.62717977214,1839.31976513912,1573.31212898925,1075.11996630438,438.42283083434,512.662843456081,749.609391599524,885.717180597064,1216.55561794249,373.908197324579,517.003193652273,1846.35028742296,1565.93502132969,1576.47476022284,194.460022819028,1738.18803060151,561.616366495044,435.767458474087,1593.39542155181,521.086519521751,410.111728395348,1101.59870909343,551.136394170564,1160.09531330528,1431.6834196792,2178.12683997052,595.699084098761,1347.51325936597,449.411525959274,997.158923545602,1647.36457498089,863.816344753142,727.422059762085,613.361749560095,1612.1263161202,683.085053815856,779.357216758039,1834.17572124652,947.926437760028,822.82046682192,0,2178.53570137182,1102.04208206926,684.999184228222,961.138890539292,787.441224754125,228.287336348193,940.096439811787,686.874788564675,1350.03754659807,1224.85649911758,951.711063391157,343.26334950484,789.235403206387,437.129928199655
2429.64342986999,2418.80901633451,2085.86609816224,1694.79975320307,3142.64570321603,1560.10814783947,1165.80278628757,1702.50862227042,2623.75649641677,2351.96392545186,1654.0671671094,1248.62740414201,52.8880598599475,2258.09893133843,2472.71581014814,1578.12800477049,517.982328831338,1702.75001749748,1666.2194860786,771.034046305479,2719.98660666213,2862.40020676806,1722.83535793624,1618.49028191849,2401.14830123293,2787.80821572022,1565.15968691805,1257.70356565339,2396.33443449063,2423.25399947749,2156.13485879214,1618.66838174065,1903.26420846155,2414.15945743997,1656.13796022951,1222.60589553233,1596.5579268477,2982.94156210736,2786.89074023943,2296.48080634083,310.601260904586,2362.13668799369,3046.91235892913,1829.9971138977,2112.43432942736,2837.01226284324,2384.52414945961,2327.20286984618,2304.81923775411,2961.08110620866,2891.70788416261,448.541672036305,2279.31500684685,1806.10301705366,1615.46452758677,3340.01759437165,2087.35311772765,1605.09522070945,2589.35389048224,1699.65430919673,2381.16914378238,1992.48167676145,653.794201746291,1212.92173667076,1404.41291000526,2384.14939327469,2311.03504566424,2040.33826531424,1534.27398363258,1336.96475468125,2357.35213063876,2705.63304383062,402.320518770041,2840.25110931589,2269.95395302991,2026.0277284529,2083.23949103043,2408.35677680327,2221.33162255656,2273.01041859254,2410.11297962731,1790.04501369481,3373.63925815768,2357.35793893935,1748.56374956547,2278.06845639127,973.635396646644,2380.17700738836,2455.47648264224,2960.67287381961,1805.44943212424,2376.53108387846,2161.83318542843,2359.30071902256,1791.66264027713,2481.60153953436,116.601937700264,2406.03883162539,2633.65246931173,2376.49478312397,1645.23626408359,705.316563189919,2389.4781775052,2233.83551255689,1654.65205439664,609.26838336407,2374.79841265381,2362.76610944818,801.101757453373,2420.7442660954,1630.45287717871,2178.53570137182,0,2631.89499521728,1883.80556971999,1229.50131896413,2293.33728078974,1958.75433711333,2276.23958043867,2291.03626075248,1664.2577683686,1584.88312893265,2342.07771765838,1952.37393997303,2380.16250240741,2227.46369578183
292.158489399954,611.858261003451,776.685052850333,1737.5863503213,567.637174249902,1077.37956921894,2634.19978176306,2412.19346870703,75.576404084175,324.083526756042,980.982675699952,2764.68829065974,2660.76504938326,1018.37054000114,282.143027676503,2603.79620089867,2582.25601528455,2216.45922418577,2496.32803648821,2340.70493363364,94.1693242505553,230.57426316523,1351.91512157267,2120.87647954911,361.483236429672,164.966653550357,2428.76599532704,1974.68726544953,371.450773703231,416.132164663245,484.272569275351,2147.4984927559,729.940644155634,247.256561608059,2018.44828785356,2248.81329401634,1780.32741377034,360.667601408503,155.734954041494,671.460241465705,2839.58447921395,843.472193360435,483.1381803933,2461.48242662826,527.20950497453,445.396913504982,306.036240777653,320.913647662627,394.054123210442,332.87479511634,312.774210606272,2213.88302818418,356.951230905393,1513.94243072655,1017.15964876002,783.190116897631,562.366895598705,2324.81543291482,171.091578798745,1426.53749614336,637.179734319837,643.950685632615,2637.69548717922,2608.26549973676,3396.60682785248,407.772556600569,345.559611463189,1001.10925751535,2570.41764810402,2544.01308552483,559.780365701078,609.33255182977,2231.28213144577,481.239943304828,392.490660625651,801.752483707482,701.226559236481,355.863007923524,413.160952273124,474.854835605739,769.844794655026,1529.5038267788,804.176946078167,736.008511289164,1184.59073085831,917.273967167417,2567.86270911049,541.421609983195,721.902929058061,491.841090127882,1544.37566166274,706.628816955793,514.999106855912,550.952526773458,889.423940129002,499.527641773507,2679.67533580692,508.74470074127,295.831904302977,661.838624966241,2018.68675635771,2350.20939183152,277.624589329809,457.81653339696,1562.75707348332,2027.25099989746,422.409817822625,346.84265115325,2603.41260457323,218.016819620432,1821.46526783722,1102.04208206926,2631.89499521728,0,793.163460075518,1524.63720893999,383.282332788343,1114.56196694711,355.662672810558,448.469389625224,2381.59945100753,2237.28173004735,290.147789903819,1403.83072156204,331.77068296188,678.535446278093
550.832652366124,584.945185039097,310.25736297087,1058.25158200954,1353.7183045209,342.367174882684,1857.44803374953,1714.17868141491,809.041402681145,481.053764430067,360.070858965848,2256.09182669198,1907.32267965362,677.817154361953,591.688427673362,1874.44464796695,1792.98075163276,1528.55945354244,1786.94872303604,1547.59024321893,887.061810399515,1017.63958831501,1070.62565506478,1418.26050332909,711.619588426731,957.920267865665,1705.48328700035,1206.78842973593,512.579230171366,776.930202372361,317.14977339375,1444.19629061777,189.276684593652,552.008789762436,1326.76546395495,1481.07836372414,1073.64042051169,1153.62065597942,946.629528717684,482.269989698613,2119.84756800728,644.993049100659,1263.40620562829,2163.00652640292,388.112361945928,1131.37241503676,510.198302591637,472.300372976806,425.28056831509,1124.07309093822,1093.45507514987,1449.2347165762,492.407542912476,1290.24610780353,360.559108331015,1567.61298962324,234.388078606851,1612.72299030408,812.284272700606,733.440839890388,556.133042646936,198.074263612043,1998.55610261109,1835.82447240728,2830.81942956879,500.954965164145,449.081577425948,482.700116178167,1836.21566209659,1785.34934003222,501.862322336942,1133.48481655977,1492.20712235631,1152.04383839403,537.922694309894,258.086713324402,241.77774354093,524.813425825057,394.164278703016,641.277020886642,647.494032189444,879.54398430583,1592.12386030837,954.484385542724,893.252324748848,619.106559654176,1780.26455739104,520.849437030454,666.702884547059,1227.94991070869,900.915992196066,583.021187554951,502.389773216225,501.172397371603,475.191934184309,890.969843084477,1919.46831045524,539.758794070905,909.772498080002,561.960932868747,1324.41635124571,1557.26977520964,523.743358311594,353.724071018607,864.059311332887,1274.60191804801,492.226937561928,483.200962958897,1810.71556612828,575.45362993471,1124.59133847089,684.999184228222,1883.80556971999,793.163460075518,0,731.654672168291,420.111428434329,535.614478926514,462.035462957014,407.234482172402,1677.95308724703,1524.53452512201,516.122956439628,826.180557559915,500.863750685696,408.887846808605
1275.05773908379,1202.58456514716,869.991893046386,714.551586808254,2082.07223376414,509.94707362277,1169.02489575359,1196.8096787316,1537.76335488525,1210.9198341427,679.053783591918,1932.0948694371,1242.66441610156,1033.66255546412,1312.33811972148,1284.09966027516,1065.99167695084,1053.32446419217,1241.24466730928,817.285115223589,1618.40525455311,1749.12546262495,1254.83631820521,929.434868893358,1397.33425758457,1689.23557503216,1139.12404371126,578.77840561295,1225.34813756372,1447.90894604659,1043.98162048578,949.761174244367,827.670701422151,1283.23809493816,878.594908584752,828.923535913382,657.817576725159,1885.20362497299,1678.28419969525,1078.66967817527,1504.26127453784,1132.7226133497,1990.35360538188,2094.18666792125,1066.76528285295,1837.39079556047,1238.32354493396,1203.88889184447,1150.80766015596,1855.71476754544,1821.66012748884,780.96100725331,1207.03602187468,1458.87340425563,629.436148788335,2294.6138756464,963.224282086607,1078.02558401521,1532.48243855064,540.972547811138,1163.4810747078,896.127246357879,1516.79167677154,1157.68705661844,2396.11722540061,1205.77809605287,1180.66364230437,811.414164092837,1238.6215436987,1139.48316019485,1151.21210646307,1792.43414878039,878.282359382225,1853.12551134358,1232.13175306434,813.405448052236,885.051934247872,1239.40019154993,1119.4368162296,1295.81611389418,1182.28993861239,685.970170215515,2320.57186463769,1526.32887400807,1143.48829612786,1048.96282578794,1066.67250138511,1175.28953640325,1229.58436709569,1943.39097634797,708.754694531284,1152.66819808021,1157.84499948277,1154.44007187169,892.525768639936,1544.74968478006,1242.43939988139,1204.61075068191,1616.07289340371,1156.44616792985,871.072851291817,825.617130488994,1254.57312744204,1079.98845013853,565.821243674993,650.990297775857,1194.28122937272,1207.69142278624,1082.17160516555,1306.73731256173,716.361422885162,961.138890539292,1229.50131896413,1524.63720893999,731.654672168291,0,1149.77645032336,735.760836771881,1185.11511106007,1120.57000420801,1153.35964966216,998.67359003139,1243.605055614,798.465668845266,1225.35542304436,1013.33532400811
138.495334000706,386.244911487093,412.934335765721,1368.74971626298,950.744303297951,734.172375403139,2250.92215226191,2042.44285289417,414.189147626436,61.1460737940331,675.178204518373,2553.77783712432,2318.88534240386,723.209673595271,184.652975019469,2227.26437246136,2212.88840523702,1848.46802448715,2124.07013509223,1963.1129615908,477.163603585194,600.66097113222,1220.00417632193,1748.95852595072,445.465162155786,547.524023504585,2053.18683365755,1591.62232864958,141.661135585898,525.691740462082,158.196545148735,1775.53022531352,406.101321193718,136.1348921007,1648.59180414793,1865.87887174193,1405.91069816489,739.903164645521,532.091441217862,377.113043728936,2518.39795814544,583.410241506628,864.73784548732,2350.3126986405,305.364233419038,777.664977815012,91.2259790319634,82.4099569404472,38.9102621773729,708.312021568833,693.672516624046,1864.06561909621,220.33419601124,1416.81886790947,700.887782212659,1166.23781210294,208.065177227833,1951.44664236575,445.829456912336,1051.98062906921,388.117957689128,312.873297880845,2359.63407633159,2225.12958950625,3160.38105455073,160.283188037964,51.8672806713629,649.97460300055,2192.82561043071,2162.19903293397,293.913151861184,853.564511164381,1897.20833509062,806.006199655753,310.335348102726,427.519099875188,325.43203250365,144.325876185007,142.028937708811,458.703937741154,532.393336661829,1165.17704217927,1187.45416724578,810.698175108285,1037.86541687352,626.746681205356,2185.61577733587,291.357776158945,509.429535174411,853.619080059373,1181.79130352078,454.581729862455,383.553596143938,286.011970702636,655.512496147662,647.944036903102,2333.427516835,278.967871465287,569.372899851559,410.030331566399,1648.22774891349,1974.83774752836,106.102022630975,74.991988120497,1188.43549397878,1684.53847388953,164.549083599383,77.4209005713412,2224.4059005192,176.291057300582,1449.33455843025,787.441224754125,2293.33728078974,383.282332788343,420.111428434329,1149.77645032336,0,755.819162434269,166.421099005129,104.877635392324,2010.37741866428,1863.49845108644,164.39937580642,1055.19781378554,92.2434587611103,351.125257677653
822.476682866148,583.347504829079,342.891972960793,626.765562986091,1669.95560806604,717.242588055372,1596.07428594084,1299.98132516276,1160.49714273998,804.559168562806,834.052706572488,2595.2377971751,1968.23833669576,299.360696028464,838.525047387794,1502.72935962131,1722.91446757177,1103.22584397928,1386.79219837845,1420.34282458682,1202.47909655667,1296.3913953647,1573.24546579635,1012.24333920812,1172.78038564349,1267.77884575275,1326.03896330939,942.89690163587,745.007823379093,1248.48443407995,756.10394896861,1038.81476193719,724.644749691038,879.233086990082,907.412212294434,1202.16699407159,680.885560159041,1441.04150432368,1242.24183463025,472.601653665778,2239.11817211598,430.968261311161,1592.90271326883,2615.88873427869,889.090248865407,1532.83437033053,813.358370240913,836.760184329397,732.223512507363,1403.20151314964,1425.34724447437,1511.30738994567,933.204354419578,1795.70579195924,810.550801682138,1883.1587191117,686.653755564496,1217.72124116886,1201.26791656697,341.182350342003,543.272341973639,712.531844837044,2234.48597016038,1560.17246986978,3106.69925876209,710.638592245699,805.94041073688,118.965890234159,1472.97422058129,1472.51898777779,581.028594638866,1596.60959563184,1613.94245401895,1561.724812317,1005.75120522379,337.852886977955,436.590352050878,760.92085761394,822.336008629386,1135.72921469617,499.630054210242,415.667589400598,1897.59257178528,1472.29133529795,1404.44429247622,333.341557747097,1573.05116632271,604.950626348945,558.111441490505,1602.36025825063,429.88318157854,501.299643630332,1007.32018361355,588.33388370384,998.512453738134,1370.16983038231,1962.25140659162,640.742009095427,1324.64665478535,525.742570301193,908.404827194505,1452.19022695682,849.626609654948,685.015631904535,468.772416898106,1386.36538744117,695.966744230045,770.536983560656,1654.97410714531,929.902295788561,715.446971894529,228.287336348193,1958.75433711333,1114.56196694711,535.614478926514,735.760836771881,755.819162434269,0,885.393512366947,669.468405291379,1271.00975359642,1131.459614134,912.518121196143,303.773119359776,784.248390840441,441.696138139576
247.788016241352,551.85283028499,547.400512937943,1480.99770820315,897.417216407994,723.139017827104,2319.3517133833,2150.31422340212,354.981646727587,168.253187203504,626.689112426775,2455.12660894786,2305.12826238314,881.923306244076,291.422631984179,2323.68202664803,2234.55765733769,1959.29060965803,2228.14491306757,2002.36446278382,445.001084275495,586.210337042167,1086.19464183276,1854.91656046791,290.130014732974,514.272530875938,2151.96123547482,1666.8343438864,291.739578083039,368.787273090707,145.582364799638,1881.29924676299,374.990008079077,174.662908014616,1757.90556213143,1941.43023269994,1509.7079045157,711.182586918508,510.917253545728,541.041559970657,2485.6682522693,748.572414470839,805.269680530678,2215.57541853429,185.036745498125,672.696155150661,198.190296852761,105.056334173903,204.956362050511,686.561106299612,637.205642185006,1859.05733695142,54.1768009540305,1274.65130870561,661.849365774473,1109.50217697718,228.735148751615,2054.3722800047,350.251858366831,1158.46072788244,554.529672386114,292.070975250488,2295.90382645651,2297.25478166515,3074.49793853749,318.916814833837,122.630198904981,787.484453247833,2287.11728427578,2243.87249734716,460.306943839953,711.258713812131,1875.71769754486,695.794401925751,143.915525595997,548.225786272419,448.939342429529,288.302113559791,68.5651135967956,292.283849206267,698.779716481142,1284.24673254666,1135.81716635615,644.521875056334,907.008041751384,787.529668018497,2241.30189467768,457.164208023832,675.370606468119,766.051442071672,1302.5155085876,620.874664509112,228.986794280126,452.358600072217,556.616682247934,491.776394303926,2324.26577436912,442.732710738873,453.077423193731,576.435756627831,1756.72776785754,2008.64291182405,168.010853433408,213.176242819934,1294.01321244808,1671.74689646236,325.889196635053,219.778418276625,2267.12905117427,152.420378642562,1556.52266007804,940.096439811787,2276.23958043867,355.662672810558,462.035462957014,1185.11511106007,166.421099005129,885.393512366947,0,270.241848957462,2116.33559891171,1966.07927049284,66.7133892339314,1188.55884559533,224.964619468548,508.60421021482
161.697159714735,287.705559889715,328.762734801465,1289.74305739289,1012.91372778857,741.414519365459,2195.75116098529,1964.32737972804,491.119238192981,137.695738688723,706.897474426774,2603.62386184933,2314.40406835452,619.836939719841,192.922479243043,2155.48444716689,2186.51999931062,1769.00678570407,2048.01011309238,1926.62065412263,539.468608119211,649.352579301349,1296.85998686488,1672.56074178414,549.814699002339,607.628861113144,1980.34622599921,1534.33479746659,105.759217541562,630.122238792259,225.324833684925,1699.17977748046,440.378620530123,210.007124366381,1570.46966471846,1807.39750641861,1331.87248150826,792.592982175446,586.71741905436,272.286573663257,2525.43047759305,478.644630575518,930.983073585229,2425.33379101152,389.816030452888,865.095196666946,143.97380200689,184.237735684781,69.3327380629772,757.987911767996,761.147522282234,1855.62415111656,324.375832227395,1498.71606875274,726.230831250668,1228.1826584285,241.396562579471,1876.37714976665,534.911427971562,978.142338006687,285.922946126397,350.602541470277,2386.93790481247,2167.78733088121,3200.81060331219,96.4638065206544,155.246084173231,559.350684071849,2122.35230508089,2099.26536959297,192.385867678824,953.943598214001,1899.02454296849,895.269570006635,413.887483079753,354.111422637374,255.324579115196,119.046153097913,236.08890860271,562.13661351368,429.137209149219,1082.8670064996,1246.59141614278,914.755586524134,1113.70164277663,522.655974949683,2138.34251474713,193.156629988479,409.264408956901,933.044074052788,1098.40574894253,350.950319868925,479.406097447134,185.044395336723,716.826340366782,752.125468300767,2326.01017094211,187.32426234435,663.087384829983,307.061220023133,1570.58664082522,1941.68375288934,180.905820249348,81.4082025188061,1114.3169375084,1681.8362311683,91.2885410016668,101.717498889564,2184.97885507203,263.460340523207,1373.0829423681,686.874788564675,2291.03626075248,448.469389625224,407.234482172402,1120.57000420801,104.877635392324,669.468405291379,270.241848957462,0,1933.42613603087,1788.82035009563,267.663113918032,964.748882596097,116.871594948781,249.744890528146
2090.54169502966,1840.28498678433,1604.91467676591,644.52029785088,2940.66983594828,1612.16222794374,607.737934719875,45.0574757118125,2422.83990639949,2064.07722954899,1787.51318724519,2793.5106788756,1637.66868868927,1454.55668097225,2108.78140009177,261.899656084818,1173.4234885474,176.351173322393,116.813080597077,895.692673839326,2471.19131938249,2567.39666204161,2407.39033123716,261.568459587691,2386.94077332787,2537.50158279347,118.674178112729,590.011389051386,2014.73138601662,2454.47580563095,1974.01451963586,235.091263218302,1842.86497563413,2140.5855817672,363.614173418234,455.087642773709,606.654909748358,2712.0353658393,2512.77319158734,1739.31376762212,1967.8674256637,1641.64399151977,2862.45610306179,3142.66761499477,2065.7805971044,2784.69985891963,2076.96373056302,2087.54127893075,1991.81701185211,2674.09501319386,2693.78324018429,1377.00537480907,2156.7357318295,2607.70808297716,1740.82973675508,3154.12836196305,1893.55896962577,76.4483504210586,2453.79631526002,959.03610361074,1802.2932938947,1875.75655517129,2242.10988620219,548.363582622263,3066.0768785372,1981.02794020288,2057.51707894619,1388.3245147432,255.947071163607,395.794044676819,1850.17284567662,2811.02010495147,1561.05936143895,2810.34690314039,2213.16121515548,1583.03985615849,1685.01101662443,2030.69622085384,2048.61390590454,2318.1889425216,1722.81300022897,855.98939342311,3168.54498130761,2608.87720128453,2295.38246817343,1541.3702818491,743.778318333415,1873.52198399473,1784.85346616197,2863.86377489522,843.969406365536,1748.97828402566,2177.9254140412,1857.79798971641,2003.8143871196,2568.84214767414,1590.98005738428,1909.37551743895,2568.49130527538,1781.78310728134,362.971634659965,961.889215260132,2110.30579867775,1936.28850781964,822.823779746983,1428.56222882888,1966.39938025729,2035.14319182608,921.148150746605,2186.66160704788,561.056515081022,1350.03754659807,1664.2577683686,2381.59945100753,1677.95308724703,1153.35964966216,2010.37741866428,1271.00975359642,2116.33559891171,1933.42613603087,0,157.123814133088,2155.67038886988,1008.43850652292,2049.88026699933,1712.6891535903
1947.10910457083,1706.74756354141,1461.0177533162,505.775553299568,2798.70551264968,1455.03843886253,616.487413742769,198.861698473758,2276.83614666033,1918.03618884156,1630.39315727667,2680.36457765379,1562.30913447049,1330.16796315352,1966.7786090102,373.094780226831,1113.92869284222,121.861027481503,262.463995459718,814.330089229603,2327.63447807404,2426.86253668266,2253.32495169455,122.569629484446,2234.55993143099,2394.60062230786,196.251491935018,443.993503004777,1872.38979677413,2301.38488085302,1823.08698807196,97.5752422286325,1687.76690299817,1994.80705535927,231.390713962068,362.399422549813,457.595827416072,2571.57258019575,2370.7455370533,1602.48478675037,1892.6883574378,1514.72938891654,2719.18217669498,3006.81533476239,1912.01359854983,2635.89534603204,1931.92510255274,1939.81731347573,1845.97633637003,2534.10020101489,2549.8604030927,1268.93293382882,2005.67444272258,2455.01284069265,1583.70677286763,3012.81731866538,1742.15906438747,88.3174461652408,2305.58423002192,811.547482274863,1668.083287773,1722.09266408077,2140.29339092825,560.446395313281,2978.83057452164,1839.31547049851,1910.00233424417,1249.72931727711,348.790710817767,419.635270144739,1712.23988877416,2657.95984360752,1450.71955793991,2660.96551154264,2060.70365760971,1436.81968981936,1538.51297287402,1888.37119167793,1898.12799491708,2164.04454352534,1594.9880029919,719.488677503613,3028.20622057304,2452.66839220768,2139.63734343097,1413.38249419595,716.019456399681,1735.95026317922,1656.98542863515,2717.09670594719,709.749562587745,1617.14590708165,2023.56833864224,1719.65338094849,1846.71218344162,2415.09389176576,1519.83303860597,1771.79037723901,2418.7453301741,1648.26765597263,227.698817611145,879.701240815228,1964.42654286317,1789.09836686505,675.094125965841,1304.9274584792,1824.75250340649,1890.49304261934,883.354270531391,2039.75692790416,416.47534939989,1224.85649911758,1584.88312893265,2237.28173004735,1524.53452512201,998.67359003139,1863.49845108644,1131.459614134,1966.07927049284,1788.82035009563,157.123814133088,0,2006.67884396346,881.621347754156,1905.53495739214,1572.74911046509
205.719530378561,534.927796152104,570.776017344109,1517.26653546646,838.566663830619,787.462711298252,2371.25584673888,2188.87895237376,294.202949769849,141.718682562917,693.288526510646,2517.28592767303,2370.74348401835,887.301879784784,244.758541224208,2366.78427062234,2296.17913872165,1996.51286378568,2268.28854365185,2060.83802347109,380.645541186115,520.697077463066,1139.71440070119,1894.1072759044,282.724313647314,450.47999196638,2194.11371081033,1716.43030414368,264.125716493568,363.108607170277,199.72724903061,1920.58279645174,439.802026473806,121.301230537556,1795.64776969036,1991.1339076222,1549.49107899274,647.580662054123,445.729605716521,539.267574141908,2552.24145224962,743.263978957193,747.529254995614,2267.40468740573,249.537562292868,629.219169406299,162.888589867671,83.5774863879965,198.440954185898,622.043256247335,578.140708086407,1923.8298411044,90.7946415069687,1323.84023261354,728.154419238117,1051.83079034372,281.767462385489,2094.88561158141,300.385918674968,1196.73701466495,542.447072523779,354.713985136567,2362.08097343289,2348.13218949987,3138.50726644471,296.22809306348,112.715431938508,809.921107520398,2330.96986053548,2291.90422370785,448.669984852414,689.92512869592,1941.74777236559,654.777309382921,172.322847251342,578.387869321591,476.979174834133,257.386626568925,124.65776055255,314.694219498579,687.645755195696,1317.23388229299,1077.07614800348,659.199701038467,962.160041985561,790.318285144632,2296.37887116004,441.979705924543,658.826273470832,716.181577957334,1334.73667559546,611.183377037423,277.950875563011,440.188362378118,620.862231467684,484.652375326019,2389.53004330193,422.920230292351,413.908246703631,565.558292736408,1794.80988778245,2068.14194723861,124.196713563891,228.398937885267,1332.84868894008,1737.1275084187,305.671287915523,194.942983405482,2325.04296911009,87.3866242975724,1594.99032875034,951.711063391157,2342.07771765838,290.147789903819,516.122956439628,1243.605055614,164.39937580642,912.518121196143,66.7133892339314,267.663113918032,2155.67038886988,2006.67884396346,0,1214.01305231825,195.016366857951,515.521772377316
1112.23590145068,834.769728060322,643.243665064896,384.982096219938,1949.47747041347,946.78982895382,1408.50829926345,1032.67333528209,1453.73612008963,1101.50721925259,1088.14469829884,2725.70099191605,1953.57093947994,448.675003524628,1123.65999706747,1254.24220811041,1642.67778864416,834.654667043028,1125.25109477712,1321.65436576798,1488.95487362033,1573.42647045415,1822.7534910395,759.213538000064,1476.41358991824,1551.95442689876,1077.78750384915,795.558333227534,1032.39640083026,1552.24125682207,1059.86865982851,784.99395186856,1015.03305349574,1174.65632351113,650.652897391767,1022.33734030409,467.014391066447,1717.20513308384,1524.05603270692,740.935552131198,2249.36466902712,633.621538071673,1876.31439635331,2818.98857936483,1190.75607320436,1829.83442037357,1107.71812269428,1136.84642556201,1029.65656349465,1678.12284088986,1711.37116987326,1517.6439576585,1236.74379029887,2044.87764851349,1057.02230145644,2160.17071522671,989.872827215815,963.632089332576,1499.12849570154,260.217119666179,797.905685585951,1010.91195260343,2311.32114326682,1365.44900633685,3191.90969461422,996.412101940096,1105.96759524683,405.553585696558,1229.96770800756,1258.84688035041,853.695579505626,1899.81374228591,1648.22242179056,1859.71330348172,1309.51091485133,641.583400029865,739.620286948413,1048.04297058031,1125.91692269429,1438.77171087386,714.490660389876,185.075993595164,2171.90796556395,1772.75783026572,1662.40838404058,532.965108929747,1418.51222529548,875.808776965038,776.537795708309,1894.52913111778,183.225507694293,741.846585829276,1309.02160528193,861.860231525245,1271.42489212693,1673.94234038543,1937.49150844078,911.384271898825,1624.57072359593,776.452865641237,653.930555085534,1364.91209883884,1145.64097490465,985.854357438199,307.429283061547,1428.19956598172,981.722279626255,1064.43617551913,1527.49836314961,1227.37192779861,482.362563133997,343.26334950484,1952.37393997303,1403.83072156204,826.180557559915,798.465668845266,1055.19781378554,303.773119359776,1188.55884559533,964.748882596097,1008.43850652292,881.621347754156,1214.01305231825,0,1077.1276606419,725.324968572981
49.9809666436983,342.143892750493,444.985457993181,1405.98945679157,896.161904415062,822.528962789743,2310.733663501,2080.60089843492,376.715016423516,56.714920465686,767.206738940835,2644.71652073712,2405.06213851906,715.226890000186,93.368939944212,2272.33851294178,2290.42027385247,1885.0625994896,2164.56710441515,2035.25523946693,422.59748628082,534.379082628423,1302.23241879777,1789.11497426711,472.123988558693,490.853240254352,2097.16681040204,1649.65472759881,69.1131904823292,551.972754795441,249.754036210015,1815.73647066321,498.014237808698,101.620999362005,1686.80034533205,1923.01971608139,1448.66832029072,676.963609756575,470.479124703669,362.562608508553,2607.65190616387,558.618422940068,814.11655426654,2432.68191524823,387.641040369844,754.257881282817,34.7272464078051,120.139962081314,75.6335420166435,642.965876648437,644.353358153329,1948.82698377338,274.0759356884,1495.45339135724,792.391882913147,1111.49083458412,298.825016818181,1993.05133634469,426.990532856857,1094.98164950144,353.185154189037,404.818994554572,2451.69496616396,2283.23948103461,3252.37390155283,102.791585098348,106.40256527461,672.4743172113,2239.22389811552,2215.64039635943,261.473329676237,858.13159989447,1985.07007851643,785.626201396628,363.056192333442,470.895375824937,371.510009051831,63.4645823058371,222.126564260867,508.744633306856,497.887039704567,1198.48662041381,1130.18849197412,854.053972722696,1120.98545311858,615.524692346404,2251.11397427189,251.427579724957,465.655790333685,818.262970035676,1213.71856729068,423.353113668089,453.040416858908,252.614812496248,745.153635428469,670.856800051925,2418.66933868401,229.38167361083,558.562940961478,377.123610459797,1686.99070431579,2048.8345491907,78.0078076523529,147.16711734009,1231.12985225527,1771.05928475742,113.991758293849,17.7021969671945,2294.90886671231,161.164842138203,1489.69467419146,789.235403206387,2380.16250240741,331.77068296188,500.863750685696,1225.35542304436,92.2434587611103,784.248390840441,224.964619468548,116.871594948781,2049.88026699933,1905.53495739214,195.016366857951,1077.1276606419,0,354.956493360033
387.364253832225,191.454838020108,143.387174383695,1068.44564128286,1228.70055023856,741.389969630923,2015.90943562986,1741.44933979543,729.953094772311,386.7521914171,765.934736362911,2664.81393764328,2245.55911098691,373.330366991349,398.756507218007,1943.35572984616,2068.77381168069,1544.42177941375,1828.48787319032,1788.60987665892,763.962238254121,854.708754379083,1441.407851078,1453.85234958596,795.48734162355,827.894770570823,1766.88433220432,1355.0385217232,307.085405334341,875.390147075647,418.364228425265,1480.43486953454,535.573041439651,455.181527716395,1349.10140108996,1623.14993238858,1119.88305008556,999.348752629078,801.359379446494,74.0509139447813,2481.93283138722,260.071864280643,1152.85650852872,2554.7409921737,584.450949660605,1109.13169622226,387.287730677262,432.818724020475,318.672290032496,961.528276582437,986.637412811071,1782.25382197012,562.171097243671,1654.20710433854,769.296674315052,1441.58026014842,384.92921448139,1659.22628444309,781.459131034621,771.162477314362,155.234193011138,469.755878587488,2393.25554681844,1983.66461738262,3234.83976084018,271.174648716179,402.859439329993,324.912154837142,1912.75991109884,1904.2773433126,146.022534895862,1203.59646603857,1849.15358798988,1140.57855545118,648.217256853547,201.476604426855,167.128768380949,322.718071986311,459.986395889826,793.827103457526,242.607809230095,857.027766174456,1455.89765368937,1146.80234272187,1258.90392754061,280.024339105619,1975.30123589217,171.013413198606,257.826125156511,1169.63046557864,870.400405128866,174.233764401402,691.71292137761,151.83029779095,841.252803776008,998.076962003491,2250.26491969319,205.368904794636,911.51013723297,155.755523510424,1350.09698195416,1810.93980900901,427.735106866097,295.736499147044,904.553454339639,1624.36288573719,256.471864881807,343.880421847196,2038.45209503685,511.576369252129,1156.42593721169,437.129928199655,2227.46369578183,678.535446278093,408.887846808605,1013.33532400811,351.125257677653,441.696138139576,508.60421021482,249.744890528146,1712.6891535903,1572.74911046509,515.521772377316,725.324968572981,354.956493360033,0
