0,1065.83059404206,954.024397968526,1210.53885586112,1186.47964999506,688.746013856842,1675.97879717118,695.007087578208,1222.79278034719,1444.74962389562,270.058864924268,1100.5092033463,1663.07305828227,1437.38897440047,852.541583175072,852.541583175072,1718.85791684552,731.103977083183,1104.57142245151,1202.46900668959,545.93915113829,978.582624228919,1962.53532326325,1802.26933358336,830.379316409011,164.866444820568,609.736681768604,889.915229226726,611.071255041126,988.350537673974,1445.9248690282,1479.24827609923,1532.14592954732,876.579600049286,117.395209738681,1228.08289941935,512.816578159941,1135.45483710301,781.591337680207,408.570875118188,923.017444362567,1765.63515414448,450.416269838763,643.858427703401,84.9495293177115,1598.11715614738,1197.65742482695,1733.51111848538,1378.52516605149,993.099606635375,1912.51500944759,1411.95598936507,1066.13360578092,366.466205681797,1941.74313304801,1641.50176308988,1095.06852606951,1021.55486336319,1021.55486336319,156.23283177114,289.827343960468,1217.95532199602,990.669315505658,835.317578379029,1009.16051078741,265.211254273254,428.480510533696,626.810341821873,151.151309351279,1031.31204104587,1124.34161138084,554.851925294435,908.326254383991,1049.32408545512,1188.15295154385,885.081888514408,889.162732923236,849.688334884534,649.74737010752,891.737762887987,827.157493084913,818.836200484888,1563.46339922444,565.139411632683,1254.80002716792,1279.58676163126,974.800321964035,219.241214393482,532.821715311011,980.578961499648,84.9495293177115,891.166348391836,691.477109173377,233.926706588897,518.745624107766,684.756732314949,1243.25149023581,828.952154621976,734.753991547199,1245.20298577178,1462.00988301362,1668.73729584923,755.883939871996,1596.74159932218,1327.71699220091,1227.03790155495,285.379810757924,1211.3707320179,1466.17722875376,498.36960453668,929.021902896049,1491.75804677409,1236.20338850244,972.564323178795,866.222253352442,1586.45449080297,1264.98207150439,161.176163227663,989.011311764154,119.257891514561,1023.7530781523
1065.83059404206,0,113.772459789942,1883.48455196607,628.547718800803,1050.48971811243,1054.3884782777,372.03619690929,905.704359500027,1457.6573131932,896.517374072142,403.592214487117,1518.05998278175,857.751351915053,461.664986488531,461.664986488531,1182.74957225788,363.162245063443,573.962809866452,672.751594997403,550.601201779104,154.909635382126,2085.71511284933,1024.90561723842,623.156694630352,1121.39493703943,1557.11909074062,1333.82521326541,1245.74821358306,263.837544319199,862.002417311386,564.581889730978,1726.95770486924,398.93476861234,989.688685282415,266.068632350063,637.281581530917,641.503478861822,1353.35781615216,899.864306574271,683.249760905106,1333.99998719897,809.412623538321,428.904011113467,1026.73689882209,2040.88450782412,501.448580816114,1023.7920590028,409.078877150723,1835.4002843768,1329.56283019472,1847.62992216516,3.58638848116184,1378.86661855759,1389.83480994609,1205.79871066225,421.291694370387,681.285906398839,681.285906398839,953.890763645,966.277006497383,164.656449006084,1486.0474899712,555.600874815447,140.270410445972,801.208102734534,780.387383145725,1083.8123602333,1207.72904116219,334.386722285134,592.293854730223,571.0961476595,1376.78615640982,502.676951635962,1888.74813408485,590.636308757486,1127.16363541684,458.029691139267,498.502807173969,1373.04891270107,738.904765418648,1717.68596327926,2144.29063755829,780.12873869122,1948.81041729945,1719.97861812656,1122.64708815176,897.851721088644,661.02989514427,272.98626562308,1026.73689882209,957.200050809811,515.352133642035,875.948070000657,559.808623704928,415.420363424969,921.74593115913,1207.77538830974,337.7154507056,334.238497200843,1608.65674379739,2278.34867076577,1675.49624695656,1413.08296435031,604.428415682819,1896.29173028643,1329.71741917647,1937.70795792188,1371.85264309044,568.976827775953,1312.82896320335,2088.19409832517,1918.56587853667,1280.80621879857,842.077762030001,1543.85421302612,1973.36738739758,1163.22273441776,1813.43753632626,1166.90226901543,1841.52296447125
954.024397968526,113.772459789942,0,1807.90106290737,608.638798135522,978.353320397177,1069.53464353608,262.971688791528,905.847070641983,1438.71583439473,792.589654754058,427.502763862847,1519.12636842885,857.761116834563,382.776179892636,382.776179892636,1226.21321758109,269.094561262541,542.626259348873,651.341329288688,437.09216049481,103.945300567727,2066.93566051666,1067.71466386654,577.142901646693,1013.98051411447,1455.99242683314,1266.92013144344,1160.32776410869,261.105704638215,862.991738205737,653.281441772345,1694.63022129778,359.607112934175,880.33879481315,352.758082683754,541.528972244,610.370079692344,1276.17396203421,805.802817119436,651.5618449514,1327.49700125535,716.868727401967,315.233976152174,916.8843496832,1988.72383616818,499.576734180345,1053.75064848648,504.959739032332,1744.88348444072,1382.89614994758,1793.33896447064,113.494909685007,1271.93620415286,1402.23985747581,1196.3023045352,402.378414299326,627.566674435076,627.566674435076,845.298218016478,865.031101625164,276.414875355152,1418.95199236132,510.403748027262,152.240777696159,689.949978964706,684.599253098008,1005.25505662394,1097.03852812533,344.055498268569,563.384523260541,474.407959521834,1309.06122277242,465.074928330368,1810.80452551666,554.852689977048,1071.2502128917,413.940035859356,410.846728541195,1304.08137035228,690.782143298191,1621.57876790002,2080.1071402168,698.546120634109,1872.13058765414,1663.00714559855,1075.98888057796,790.693700125647,570.227727069806,226.961512692095,916.8843496832,909.706797933435,412.802570448401,768.705365104435,453.420921422963,320.243056549518,923.512706863804,1142.01899434897,223.954198153916,380.142712368042,1578.86310868879,2212.7371474774,1577.42423313308,1416.14692947992,655.480546426895,1821.19107800966,1220.37127364829,1858.06147347438,1362.89485391814,456.331746121345,1250.67582484731,2021.94134478517,1842.57268002383,1224.66975996435,796.260242330689,1533.52022041002,1895.67893987735,1054.77310360198,1724.18703412699,1056.53229685699,1753.09591184801
1210.53885586112,1883.48455196607,1807.90106290737,0,2277.01885649572,833.449705674284,2786.50380182499,1585.22117659623,1312.1224094835,977.87213136172,1129.90224642536,1635.72771948295,1236.46382313433,2547.29189907488,1920.91033402145,1920.91033402145,1697.65231778429,1542.78814057333,2191.49040393827,2305.05943205802,1590.01845600764,1887.6185251886,1092.31623071318,2851.02759475887,1288.12184373785,1046.77908612602,692.402956679702,565.835265796753,667.870511861637,1657.65378050773,2555.02518177638,1970.05361505169,775.18593979468,1501.13942213071,1165.06600795062,1879.22938539444,1288.52509819683,2240.36339245605,531.931109861906,1039.5350469642,1275.86260809715,2936.23758053402,1114.54880623587,1608.29589899368,1159.20362739427,503.495384540708,2236.04857005777,2811.6061857794,1969.35510599492,350.606649150911,1858.64282611539,414.154119085848,1885.87494072176,920.835920683862,3086.92780730969,2806.03629019525,2123.62182958154,2155.72688408719,2155.72688408719,1167.71874809888,1044.78821180817,1968.12728291938,422.841012836466,1350.89764566916,1758.10770105478,1318.51880039613,1157.6843643447,803.021451182425,1112.29264895089,1633.03222016659,2214.25790869817,1353.44219625585,521.727325339576,2118.8748197159,51.3633027226777,1339.70990929324,804.895202382455,1441.64900791361,1399.26834563781,520.686531579433,1178.91027890937,513.902457112793,363.4157587382,1110.28430812239,69.0946670647584,384.310071067718,860.650635046596,1175.60452414581,1248.49603422561,1956.81666263283,1159.20362739427,990.427735242233,1771.52450831449,1191.63075943901,1416.24656854209,1495.05392096886,1318.27418725884,690.142442473915,1668.29532605926,2184.63478351253,815.620033854388,458.349312921083,576.134497619051,1254.35429086577,1713.61730987919,16.6522988254522,1020.73116502011,104.139094382666,1110.12931922824,1490.78582982436,607.846724129909,290.452470220024,35.9947810484464,672.416751725561,1095.25096614746,1086.41086619977,100.333243944339,1053.43717344946,321.269262435776,1114.28292770089,297.587056959081
1186.47964999506,628.547718800803,608.638798135522,2277.01885649572,0,1488.48159570818,509.506839548019,722.31611615946,1514.40453131685,2037.52035580021,1157.17226924096,1027.70466594028,2127.43823720941,271.780969589673,356.239690789134,356.239690789134,1809.87918382139,796.094921247553,85.6008046870184,44.4550742396463,689.602901926893,505.03837135144,2663.6303091222,617.796288457901,1160.5542553276,1312.90001464627,1785.74694345267,1781.75203658322,1609.1533223617,868.63650447805,279.100489424242,1145.37021483147,2277.02870491518,958.559460078291,1169.9759288049,873.926271487094,1000.99360489391,63.3179785282427,1755.11795668288,1237.72347742562,1247.45789088488,721.564270567799,1167.00724533743,675.262870168092,1193.27006427591,2530.38367998283,148.061133063591,548.166496858175,983.150584471573,2140.44348473845,1950.7269157922,2332.10985209208,625.014774203692,1552.23475581668,822.14444727463,589.077653752294,208.09707665386,202.931928223444,202.931928223444,1151.08316464035,1242.6355918823,723.349212227016,1928.74942934225,1097.59541199049,750.719425177621,981.951280993449,1121.68298661003,1491.86519433044,1335.38031200306,949.631428614493,63.3460653425408,941.909951314021,1820.04796262173,161.387413294323,2269.78998394254,1149.62261837608,1620.64760481153,1006.70778768952,925.98228195199,1811.27111999192,1266.92861285614,1984.11335393652,2586.22465797805,1196.60139139366,2335.14600686334,2196.84969645689,1643.49642753789,1122.92233641781,1047.87835930986,383.915514787945,1193.27006427591,1479.84294540855,511.22275260307,1103.53397258911,865.36644196552,829.693570911761,1532.13970067346,1664.39132831529,634.072799215341,379.625396426696,2165.49422190763,2712.19578917276,1926.8379970637,2024.71390987353,1230.84155680441,2291.99029410441,1470.19435539139,2308.2222877567,1968.34787560559,786.359516388349,1779.64011554353,2522.01391706258,2309.17789228901,1769.45327340915,1372.26098695668,2137.8862950895,2353.77267048389,1335.13471626732,2128.11684280547,1305.6892039245,2160.8925577689
688.746013856842,1050.48971811243,978.353320397177,833.449705674284,1488.48159570818,0,1994.32313425449,772.386224242508,653.411007712819,756.058317806454,457.343961255774,823.263449539624,981.496361075948,1760.09968085858,1139.24559709559,1139.24559709559,1147.09300658893,718.156125212862,1404.49836423689,1521.40318239973,829.520108409537,1062.74797225873,1295.63245121214,2034.96563904875,465.013134084777,562.995011481599,700.023840033547,293.762269409701,259.660495025668,826.562388470873,1767.22284331983,1187.21092666071,868.321044079897,669.456366681029,582.323332648842,1056.143214636,488.757095686552,1460.33220166919,308.044287957442,309.954419955341,478.998738030058,2183.88614447628,340.799206184592,813.812702638616,605.094408931913,1044.30600160025,1428.91684077395,2005.23190807917,1160.3380934195,836.09424394071,1339.26330469337,845.868468803908,1052.93383798899,684.623586029629,2309.92848500728,2050.44404626487,1317.11188869834,1397.35075361725,1397.35075361725,556.796706514172,403.182032649299,1136.43509214675,443.560662799908,523.547440354808,924.739603325465,632.218747952421,389.516549382441,82.8644306441878,701.298155061658,808.486951997935,1427.7628732492,546.594979564916,333.659455014024,1327.27804122334,840.850342267885,522.240008014955,200.416763530279,610.56814552627,575.655090011088,326.981000134842,367.169008326225,773.544437706831,1105.60138199708,292.075897560308,899.443022764905,709.549852778601,289.585259222488,521.260640052363,440.656248303063,1142.42653952775,605.094408931913,260.440146916521,1007.25118881051,524.67376615007,627.675601997277,673.52538753989,669.512237208314,177.935611743762,859.268975898211,1357.48150882026,784.769497330018,1236.38887815366,758.180845448176,923.850622170492,950.761119920509,846.029635445218,721.60596348158,892.263282968042,785.232191192218,723.78664389608,294.606355547419,1045.33228992863,868.735503115903,305.695191646794,314.622703631006,898.203733266038,924.93724401463,607.745311794918,806.850804039878,670.604201001125,829.16028512466
1675.97879717118,1054.3884782777,1069.53464353608,2786.50380182499,509.506839548019,1994.32313425449,0,1223.67183360551,1959.99916965383,2507.24488722567,1664.76052127775,1454.40135276061,2571.55239357521,240.672487895011,865.616308274486,865.616308274486,2185.49396531394,1290.19366133942,595.013868629686,482.589239057429,1198.09116087146,967.800472472315,3135.70218692972,264.439018995614,1642.8741945767,1810.94660491645,2282.11708277588,2287.98906659674,2118.63405144998,1315.4870052222,232.538400425705,1468.16010610383,2762.49302585432,1429.07597328562,1669.60336066246,1251.29817042967,1508.46578993755,548.625040643862,2264.27267224959,1747.22841930595,1721.05862907603,350.814769169293,1676.03026391745,1183.08911971905,1690.3724943664,3033.28789404725,573.611366720711,140.816316868708,1317.26246614512,2644.66943562589,2300.41484758184,2835.37307033248,1050.85636441153,2042.3092570663,335.727417261663,280.450997470836,681.784591019663,654.484751751475,654.484751751475,1653.23028778628,1750.37359477411,1093.31450336459,2435.95886332597,1577.33465165334,1191.67923362905,1486.15683664694,1630.95665081402,2000.07152339938,1821.54073659871,1388.77394964479,572.265958838948,1448.03047287743,2326.87331248782,668.827331180536,2779.06724507505,1624.11815457037,2119.25495226838,1482.30513841438,1425.72701278936,2318.50898322902,1753.65995072159,2484.37256112137,3094.66437432023,1702.2487238731,2844.5015202354,2700.91730794902,2135.82441980119,1628.37517650986,1554.33785490963,863.073805367382,1690.3724943664,1970.40434065803,1018.1204934352,1609.49490289424,1374.04669998208,1328.06425018862,1975.8316889726,2169.13689093198,1135.90505861126,728.294611139561,2647.74016582138,3221.17767161447,2425.34141123557,2466.05533855496,1617.5128824199,2801.48698882579,1955.37872815178,2817.10324768161,2425.78497453645,1295.77072178717,2283.62157037489,3030.83791101956,2818.62082277516,2269.88363717899,1859.59141295535,2597.56230911974,2862.96197026562,1829.62187031249,2633.43216176422,1794.95356009233,2666.53575168709
695.007087578208,372.03619690929,262.971688791528,1585.22117659623,722.31611615946,772.386224242508,1223.67183360551,0,870.086049571362,1338.93578291188,531.667565924355,501.578643516268,1463.04571620896,992.364672709701,390.420194377753,390.420194377753,1276.61586526361,96.0989013855503,640.590728238733,758.133068667993,224.505328127232,312.882096755018,1957.81103736038,1266.42131929059,461.433365244412,751.022644312896,1196.52831614164,1066.07941225292,924.786773071271,341.700873316233,999.149694912474,831.463530573304,1560.53329205322,314.777028039497,617.797798227103,550.775378834073,297.768811371118,701.005154813917,1054.73275040034,558.971866951397,562.136791590049,1434.10323095007,474.53793707896,99.5452950834771,654.715552894836,1809.7260806202,656.55250623909,1233.05929667961,706.693191978597,1497.9624796924,1452.61176508628,1611.73118489459,372.582689601202,1009.02049186653,1544.09107756066,1300.13801879667,544.737978232375,663.398855316581,663.398855316581,582.424387120836,606.722814016464,523.289891659933,1215.59611897536,407.908571053461,322.890292718968,429.907657954495,436.607352207037,785.159781471783,835.791006776996,413.041553227973,663.846986973074,231.862905418442,1105.90223656328,561.184816662285,1583.9369342443,468.634503961585,898.33810523884,337.743017302689,203.831513915694,1098.47732376376,556.568342509962,1367.38805208565,1876.93808433889,481.03910756873,1647.17720897811,1477.27213496519,923.734485885249,527.808868687492,336.97696378161,371.910004504311,654.715552894836,762.257666838202,309.959267259022,505.807962225344,191.549373883872,110.186245535934,890.440315756439,945.87191461083,88.2438714716337,608.671839964195,1452.13043760087,2006.20051353278,1320.97648056166,1367.05498082871,752.893454659335,1599.30330766093,957.862422682335,1628.03289555572,1287.622914166,203.93997674527,1060.01058896813,1815.19739192873,1618.97943128974,1047.37310001483,659.328761359197,1451.15036361447,1668.85357671474,791.886591401825,1479.19018566614,794.884501626441,1509.24968975455
1222.79278034719,905.704359500027,905.847070641983,1312.1224094835,1514.40453131685,653.411007712819,1959.99916965383,870.086049571362,0,575.935726530673,952.776775093007,508.854447007025,613.620940303196,1759.8784023023,1240.54316045579,1240.54316045579,502.488474740125,774.604829158489,1446.1783691783,1556.87222783836,1058.72400076933,1009.66066969904,1193.36849741523,1912.43697100266,432.361673212389,1147.56300582194,1352.7888795243,777.239794961645,908.051466124722,647.879003671605,1764.60819227307,705.480898351709,881.258148611908,567.641366222713,1105.41444562374,744.690624600898,768.30642424544,1513.34974002112,892.166120894715,822.353334364061,324.254328144715,2232.70172235733,772.633452097813,962.995632832148,1140.68852641617,1278.4400694058,1401.23878081146,1923.86732960051,762.842414224168,1431.9191498551,697.045201814336,1111.16954409511,909.248268939614,1322.1906918942,2295.52095729781,2101.96179468554,1308.05711375262,1510.66734053963,1510.66734053963,1067.23118226823,947.962782017819,890.37430459465,895.908959027029,468.445785581144,770.136728240768,1044.04905996293,799.506840863327,735.300154498239,1287.65068867825,571.453640995247,1467.59389834455,770.776277774001,816.618843001852,1366.98088416156,1339.45085562075,405.476234808882,542.021802759246,533.17993860203,708.982249253713,825.409126839557,397.752600502622,1406.81549046015,1455.18686949413,657.74861952309,1380.7622777764,1013.59772058445,460.833090878548,1007.71205476932,725.780354044504,1131.21178362264,1140.68852641617,393.678420259206,1179.99622169664,997.771534257352,866.294997299503,769.172976611614,21.3140698128586,680.01678973598,942.981243348459,1234.90629087094,758.20981098855,1591.68232732861,1400.70940173902,510.309491729282,443.394751319289,1318.98986431864,1341.3635401865,1399.80586810955,470.628340068729,974.697170607585,719.021457650813,1418.47140224784,1347.21418993892,644.158097443056,364.93115982361,642.824640835312,1412.44291190573,1198.48212278186,1397.34114442133,1249.12816468944,1411.61045527817
1444.74962389562,1457.6573131932,1438.71583439473,977.87213136172,2037.52035580021,756.058317806454,2507.24488722567,1338.93578291188,575.935726530673,0,1203.27794315132,1075.61707045845,268.670816423391,2295.39951575527,1728.55567370496,1728.55567370496,764.171273969752,1251.77942007756,1962.49469787221,2077.76129830676,1480.36781104846,1541.71658087747,628.480909595724,2477.41024246598,880.266627474329,1315.19989475547,1312.98535358763,640.216869622032,910.725012984803,1194.03385485957,2300.88979358504,1266.57933710719,323.199515547657,1080.59570295792,1336.86730516488,1318.6697720647,1137.51412106073,2027.34755041556,792.490606113515,1052.52758107108,790.087121464832,2758.93082917804,1052.53420354853,1416.52166456511,1360.87819457863,768.97218111971,1938.10455042128,2481.42756092523,1337.20699752141,1221.34883443289,900.031284249765,646.212831471861,1461.08557923796,1391.48004355236,2840.81184466752,2625.90908416814,1837.15369647561,2002.0574107088,2002.0574107088,1309.10118878375,1157.60163347766,1460.2714293162,660.678089006784,940.84906018365,1318.08637785675,1358.86248758361,1096.70934458721,822.686033044656,1450.04006811194,1126.44484540019,1985.05235455506,1169.64129300642,653.443538115357,1881.91761086817,1020.48332890575,887.916165697279,555.679102642356,1030.85005998214,1143.86774433429,671.245150391215,783.18802100316,1275.04693294877,995.083734498406,956.03836067502,1037.84018307519,602.056870302853,473.075688149848,1267.31726009614,1085.33216867445,1655.33536074046,1360.87819457863,598.094151464025,1634.93625723748,1267.14074551568,1268.67107069748,1229.08227262255,566.49574561763,638.35913488135,1423.12454380162,1791.42114273382,206.922984362316,1122.6037929128,1297.92706805995,277.253202612631,1011.0810554483,978.015623850305,1449.79822660729,1080.63054155243,147.555516618958,1379.80470648778,576.0721218198,978.994050198373,1006.83087491339,503.482904923768,684.16172893849,144.692347116882,1070.89578986263,1357.12841147996,1183.00852974697,1422.28943882808,1183.05021479392
270.058864924268,896.517374072142,792.589654754058,1129.90224642536,1157.17226924096,457.343961255774,1664.76052127775,531.667565924355,952.776775093007,1203.27794315132,0,860.313375103164,1409.13768559547,1424.32951085619,802.141478959444,802.141478959444,1449.05405775407,537.022641467292,1071.7027837462,1182.17172775367,467.930621718286,841.810140836433,1752.32521336868,1752.97352316809,565.745069286235,236.605643971992,665.225562839824,706.185477350972,468.946153191834,769.864707965864,1432.32422162601,1246.0666115955,1323.81952825093,640.106089995753,152.769127422794,1017.52618081044,276.56805395843,1116.32708887627,632.48536547873,150.754493931522,654.904647866288,1806.72020675869,180.399357695874,516.521509112203,189.427770427407,1451.80605290428,1134.48422899537,1700.94832505489,1160.46818514923,987.085454802542,1642.8599758008,1257.11238404423,897.581732305244,486.625897784172,1958.48504518086,1676.21459882127,1023.95265678312,1026.33748613239,1026.33748613239,114.75404187761,85.6887750589456,1033.46471559719,831.797698836855,577.180508178268,814.055780167224,191.819353579304,162.796526779665,413.52880238973,357.659190209618,799.992742902603,1093.88112029241,334.372356279107,734.04453863924,1003.4478213612,1118.39894685088,622.809740455891,653.417394122879,604.658040248937,424.684682206636,720.201308582269,557.225455318162,842.955510427738,1459.70207519965,295.081847223291,1184.62728654733,1120.4334602131,730.204216634518,64.1850036692701,281.189656643517,876.813262207175,189.427770427407,630.379142682008,646.640855382066,68.874876483162,340.138647025434,485.516854890404,973.26580811898,620.022574447397,596.335389000849,1131.77737434589,1242.11331020071,1577.8650762576,792.98697048898,1338.10096131557,1075.33817891811,1145.50912713586,453.853874998528,1153.8173067609,1212.74700190188,378.348679269285,731.211264184579,1391.37539162047,1160.45776774952,759.127730127939,597.801653042054,1341.96127858705,1201.31527905521,285.598210824447,972.766774369556,315.30497148399,1005.00210065717
1100.5092033463,403.592214487117,427.502763862847,1635.72771948295,1027.70466594028,823.263449539624,1454.40135276061,501.578643516268,508.854447007025,1075.61707045845,860.313375103164,0,1117.3676822917,1261.33032933874,799.936355943091,799.936355943091,801.399421936422,416.229295023042,966.903205492241,1071.43609790587,725.298408786965,526.82287598818,1699.70966719684,1404.09740478467,359.842151413236,1095.8236009338,1454.07323934676,1070.02780246331,1064.33823580811,173.670752785108,1265.54606772571,387.811109387681,1363.05668558331,224.082834484905,995.958563871973,253.381187820293,589.268408838668,1034.84433193515,1128.66352239855,795.523758277732,360.983679576308,1737.50620630216,708.736006169458,600.171730965816,1035.93155374378,1716.07669995387,904.710523850114,1415.25642814796,337.076923427562,1656.99129561824,965.305332689799,1531.00855217442,407.178058646166,1333.05172963415,1790.12726811527,1608.94120274592,819.6076740227,1054.44947912676,1054.44947912676,954.913054389965,901.678203234383,384.827068664895,1217.28339605392,310.400043519545,277.927105635617,852.529253819232,703.618392767436,881.265455420182,1215.40390686024,90.6295621272346,986.797930898283,546.6015669886,1114.18064541673,890.963696261341,1650.32924191249,301.027749629899,836.370018955347,256.144939954444,452.206308674476,1115.11635458884,459.097245657734,1574.93905060565,1852.1418271303,627.006460466066,1704.0421443141,1413.0360710737,804.759752745984,890.012048137833,579.234684334477,652.848025817974,1035.93155374378,651.470970450026,785.98873434235,871.452115320618,603.847520587298,444.120481549045,523.399790762886,945.81547155511,542.48770210096,727.285203927444,1241.60572444776,1989.01631932887,1546.76314203383,1011.68059858153,251.31943817037,1646.38437814906,1312.88265855419,1705.3211314902,979.021162143467,680.473050265243,1033.48580173946,1803.43494942379,1671.68876207412,983.549914845007,541.442880609932,1151.33872722509,1732.16476356899,1145.69815210661,1628.92437646741,1172.62194192113,1652.03812596073
1663.07305828227,1518.05998278175,1519.12636842885,1236.46382313433,2127.43823720941,981.496361075948,2571.55239357521,1463.04571620896,613.620940303196,268.670816423391,1409.13768559547,1117.3676822917,0,2373.40208171628,1844.23812023883,1844.23812023883,599.601977247937,1370.08225476415,2058.16043800884,2169.68652046375,1630.18467453395,1623.01001524113,636.757911398592,2513.65846535381,1003.91142214205,1544.44495369941,1575.522155491,901.795595665248,1161.8355274021,1261.48510516162,2378.08743739917,1225.74903355272,510.367841497466,1174.4907823723,1550.83513123673,1338.57485144945,1302.77052048452,2125.03234711653,1054.04664630078,1259.73271936713,900.919372549325,2846.27611060355,1245.39618946772,1549.83847700591,1578.24795141116,968.154177176225,2014.81481235746,2531.11391255322,1325.24697924,1489.36430095509,694.046538654855,878.384045371069,1521.62038877374,1640.87006430083,2907.24670925348,2715.39935091933,1921.45772060001,2116.59450065287,2116.59450065287,1519.70836372244,1373.31467386705,1491.06735699916,929.188015556042,1055.17977485836,1383.4869534777,1548.42653488941,1285.6444927529,1055.03064838108,1682.61177176801,1184.35365767556,2079.80067836425,1323.9994603718,917.970518342645,1978.56715328878,1280.78362831839,995.31499433483,785.450499527721,1133.64112721658,1281.86665126586,935.387933858187,926.513507999593,1543.17147362055,1215.53971145993,1139.44022249746,1293.9362637453,854.825359818771,691.911696097844,1472.06379303191,1252.66882243919,1743.85866490667,1578.24795141116,781.113027761614,1769.66133936118,1469.03919550582,1423.70341853029,1356.44753103493,596.705243525083,886.051489005414,1541.6232119758,1844.60672872948,427.963392374708,1334.83755520329,1564.96121126884,107.139752100811,993.013358710347,1235.46807053232,1693.1833451329,1340.07595502254,196.900068405151,1535.6148882168,835.994842872614,1209.13551440228,1263.899478371,759.228125867641,841.645058482885,153.160486464115,1326.71429137027,1589.08975435158,1451.01068187398,1652.06247306998,1450.44489700349
1437.38897440047,857.751351915053,857.761116834563,2547.29189907488,271.780969589673,1760.09968085858,240.672487895011,992.364672709701,1759.8784023023,2295.39951575527,1424.32951085619,1261.33032933874,2373.40208171628,0,626.589857991346,626.589857991346,2020.5251475766,1063.24424908371,356.634447659929,242.352754966644,958.07293657802,754.162279991413,2923.02907507459,408.13762951977,1423.03106258789,1570.8950644189,2042.47378584055,2053.4464605264,1879.45663324666,1112.05969960422,8.77985357774067,1323.08462653347,2541.91259845036,1214.80949473254,1429.29762189319,1078.75320424408,1272.76670263279,308.036336615445,2026.48893088752,1508.43721345814,1506.00728591328,477.568146482095,1438.52413322941,947.039802834589,1450.41921218478,2801.47711380556,358.766120359515,308.673398282372,1165.06118316369,2404.03134712532,2148.42577313914,2603.27276005194,854.166306456269,1803.84218655443,551.952813872071,354.074048388825,458.779000921661,417.143998360245,417.143998360245,1412.66872803999,1509.96582776593,921.445273750681,2200.52695950286,1358.74233603692,989.989938294735,1245.48603615321,1393.00646072937,1763.60674597557,1583.79201436655,1189.43653804755,333.584040445552,1213.50557610217,2091.80341449241,432.821956666169,2539.38117728333,1408.38384181257,1890.28317206937,1265.63477668894,1195.628580808,2083.04857533554,1531.55723344221,2244.13169931629,2857.89011131828,1468.15091574799,2604.93147669505,2468.18545149321,1910.80359461765,1387.7141612975,1319.54802430173,641.254170972343,1450.41921218478,1746.32237767705,777.729421940551,1368.85904368482,1137.05832984359,1098.70552775393,1776.71113441644,1935.82058322262,904.196752819788,552.219794324279,2428.97837005968,2983.64336594134,2185.35943618683,2269.17269030431,1444.30616419399,2562.34937486564,1717.96412302574,2577.05264472458,2220.44533872624,1056.53969524047,2050.91335390447,2793.55028600938,2579.24669370481,2039.73520740537,1637.27516981673,2391.24607810723,2623.16482407665,1590.16540449611,2392.76012367904,1556.50509073681,2425.86414867923
852.541583175072,461.664986488531,382.776179892636,1920.91033402145,356.239690789134,1139.24559709559,865.616308274486,390.420194377753,1240.54316045579,1728.55567370496,802.141478959444,799.936355943091,1844.23812023883,626.589857991346,0,0,1601.3030739912,477.27123234778,270.652177058128,384.782430981903,334.210870223473,306.821890825352,2348.22828306534,956.117764048404,849.091149864047,967.731225194589,1440.29368927067,1431.39015196195,1253.0408604046,626.866202959359,634.238913681138,1026.16266642323,1949.63365787079,672.916135100219,823.883598867573,726.481765584598,650.498728481015,321.703597824491,1400.2054036658,881.852294187675,945.937813179197,1048.02490152844,812.712575780586,326.57948876414,850.028068591921,2183.24127670075,345.116575910386,899.083612997739,870.175148748828,1787.48009616982,1762.72195140351,1984.79142602616,459.086874284351,1214.12334170001,1172.09469010633,914.100112466225,245.734588312926,273.639679345787,273.639679345787,802.098366668429,887.397701532808,613.189122127186,1576.85147133102,791.753547975401,533.453313406336,631.319131845114,766.776026472749,1138.84620413677,1003.46672881831,711.458069791095,293.352050638083,594.638962366951,1468.80516733425,201.768916085124,1913.55126337064,849.739544938404,1280.98527510856,710.655620485511,591.600443112331,1459.44378594809,946.87831195947,1634.65708734228,2232.2700567226,848.658167324737,1978.92121396067,1848.74278505756,1311.73458859328,770.204215873284,699.199704127501,207.20667457289,850.028068591921,1151.73853658056,161.633364566814,750.294496251343,512.562455843794,500.606285804375,1259.99952316899,1316.32789215136,305.460443439184,437.215202904111,1842.12171076131,2357.40432861963,1579.05002734976,1745.69353735905,1036.51962950653,1935.91799449399,1137.91988033088,1952.06036380813,1673.24152990537,430.154883598149,1432.35686052589,2167.50300318701,1953.00449395652,1426.81660197247,1049.7324499185,1838.60041668921,1997.53556636807,993.802813008924,1774.30757629351,970.562716901614,1806.81667304732
852.541583175072,461.664986488531,382.776179892636,1920.91033402145,356.239690789134,1139.24559709559,865.616308274486,390.420194377753,1240.54316045579,1728.55567370496,802.141478959444,799.936355943091,1844.23812023883,626.589857991346,0,0,1601.3030739912,477.27123234778,270.652177058128,384.782430981903,334.210870223473,306.821890825352,2348.22828306534,956.117764048404,849.091149864047,967.731225194589,1440.29368927067,1431.39015196195,1253.0408604046,626.866202959359,634.238913681138,1026.16266642323,1949.63365787079,672.916135100219,823.883598867573,726.481765584598,650.498728481015,321.703597824491,1400.2054036658,881.852294187675,945.937813179197,1048.02490152844,812.712575780586,326.57948876414,850.028068591921,2183.24127670075,345.116575910386,899.083612997739,870.175148748828,1787.48009616982,1762.72195140351,1984.79142602616,459.086874284351,1214.12334170001,1172.09469010633,914.100112466225,245.734588312926,273.639679345787,273.639679345787,802.098366668429,887.397701532808,613.189122127186,1576.85147133102,791.753547975401,533.453313406336,631.319131845114,766.776026472749,1138.84620413677,1003.46672881831,711.458069791095,293.352050638083,594.638962366951,1468.80516733425,201.768916085124,1913.55126337064,849.739544938404,1280.98527510856,710.655620485511,591.600443112331,1459.44378594809,946.87831195947,1634.65708734228,2232.2700567226,848.658167324737,1978.92121396067,1848.74278505756,1311.73458859328,770.204215873284,699.199704127501,207.20667457289,850.028068591921,1151.73853658056,161.633364566814,750.294496251343,512.562455843794,500.606285804375,1259.99952316899,1316.32789215136,305.460443439184,437.215202904111,1842.12171076131,2357.40432861963,1579.05002734976,1745.69353735905,1036.51962950653,1935.91799449399,1137.91988033088,1952.06036380813,1673.24152990537,430.154883598149,1432.35686052589,2167.50300318701,1953.00449395652,1426.81660197247,1049.7324499185,1838.60041668921,1997.53556636807,993.802813008924,1774.30757629351,970.562716901614,1806.81667304732
1718.85791684552,1182.74957225788,1226.21321758109,1697.65231778429,1809.87918382139,1147.09300658893,2185.49396531394,1276.61586526361,502.488474740125,764.171273969752,1449.05405775407,801.399421936422,599.601977247937,2020.5251475766,1601.3030739912,1601.3030739912,0,1182.10845179612,1756.56955196955,1854.26744179166,1489.02425658112,1321.62999210547,1226.73341965025,2079.40355093308,900.860447779777,1649.31166830516,1840.77649035989,1220.37860605175,1394.47483755369,974.536776392107,2023.42980325044,731.666293784609,1076.98349599031,962.510968344109,1601.78732721991,941.909946258759,1241.93670843984,1824.20649940201,1353.77821416897,1323.00637307737,799.517452154556,2497.05116402242,1268.6934349332,1375.65539226573,1638.05804289207,1531.86132503702,1675.76842848365,2119.60316771087,870.551811751856,1875.04960036087,194.621364938995,1406.91553434656,1186.22010796571,1823.17767900227,2516.30372732013,2374.16689356759,1603.70379597777,1853.68723452027,1853.68723452027,1562.70720902097,1448.68073751019,1099.10760700633,1311.1414127383,917.055312389469,1074.28330974502,1524.04434614447,1291.77908536367,1229.84310486194,1788.97683045845,890.089737698924,1775.04231329943,1231.67909691626,1253.71052617834,1683.74950103718,1733.54135167677,856.867197423145,1008.00543460452,950.567683264894,1155.02028230543,1266.19896581402,891.873022242659,1874.67618365879,1757.75503227266,1154.46272171355,1763.02553171095,1345.6291552374,913.506148013778,1501.45839791719,1205.17930707762,1447.7325750131,1638.05804289207,887.095525897542,1578.03174493901,1489.98053999352,1319.26205978917,1192.15624959347,483.644486762064,1144.4505691657,1332.64291597794,1468.68664704415,969.341976536526,1886.50015776946,1876.02491842887,515.507445735443,579.05872203729,1701.05441444522,1843.81155870565,1795.04860762287,616.740061984264,1419.80948860877,1155.27263695929,1737.94720644884,1730.19732171085,1073.11134304904,867.410566746669,727.821973031759,1796.05934024226,1700.39162539391,1838.38807157593,1749.99798866372,1847.57015641462
731.103977083183,363.162245063443,269.094561262541,1542.78814057333,796.094921247553,718.156125212862,1290.19366133942,96.0989013855503,774.604829158489,1251.77942007756,537.022641467292,416.229295023042,1370.08225476415,1063.24424908371,477.27123234778,477.27123234778,1182.10845179612,0,716.79446470155,833.854263538477,311.15905430886,345.141392821129,1873.45527749492,1317.22889246648,371.852008412327,767.186849824569,1194.39956026702,1010.09248847814,891.593851254497,267.632813863902,1069.66228259335,763.881956540205,1481.29103459961,219.646601645579,642.592049925812,497.552570534641,274.253854688745,779.518686534979,1010.86546406656,537.741461282823,469.701457517907,1513.32764717586,448.156138617067,193.730093596885,681.320753097614,1745.29719771724,718.118359880577,1291.37182959231,650.108626578228,1476.01437760613,1359.38000380126,1548.07102586911,364.604753271872,1022.61074817319,1615.05592376724,1379.5648807403,608.431499247522,750.908926743583,750.908926743583,604.398787530635,604.034815629672,496.687656370639,1161.27044853264,315.260222190577,279.752256065984,468.065502125846,417.470036021238,739.787389611105,864.534666424631,330.462048320528,739.841800885219,207.936603319269,1051.22790833578,636.440316545346,1544.38718460996,374.853220144957,829.272032118498,241.824752732383,143.525425691936,1045.09702059758,472.450551591063,1354.97837416175,1823.42240461334,432.514145906165,1606.32863246177,1415.11014442933,847.651498217724,544.618879973533,301.135645167649,428.560691552532,681.320753097614,683.748833855618,405.784771344475,523.175076835866,212.358367540313,52.2685367241805,794.877284917794,887.141427015422,172.103341465648,641.856403873454,1370.84186452681,1954.54275599733,1312.36662693912,1273.30712147888,666.697339770594,1556.35675143785,980.099941986134,1590.81888027988,1196.57005834567,266.943990152988,999.05241355604,1763.4883389223,1577.1842348769,980.648154835272,577.035220059472,1361.39653087485,1629.32649332813,811.593189727031,1455.14902384081,822.479599954639,1484.00987420631
1104.57142245151,573.962809866452,542.626259348873,2191.49040393827,85.6008046870184,1404.49836423689,595.013868629686,640.590728238733,1446.1783691783,1962.49469787221,1071.7027837462,966.903205492241,2058.16043800884,356.634447659929,270.652177058128,270.652177058128,1756.56955196955,716.79446470155,0,117.549329414956,604.054270716748,440.512776918523,2587.52604469625,697.916565321307,1083.80950965701,1229.10127789099,1702.04833306346,1697.57948033454,1523.6211924549,803.711889553359,364.113736385307,1108.76712029669,2198.07732489116,886.002865964125,1085.94845228408,828.162773056775,916.58905209145,67.9435880750009,1669.90267080088,1152.25571765424,1172.8897450173,797.121154942405,1081.89257517772,590.881712505732,1109.74266080643,2447.03542201636,149.951820112559,632.189758888638,946.322626535878,2055.37087478284,1902.37694671773,2248.69819623377,570.519315262606,1469.84424240477,905.514772049861,663.674716973899,156.896281101568,160.345672548555,160.345672548555,1066.56415382099,1157.14111424301,682.919648957096,1844.24779546887,1021.77014969214,688.994542290718,897.103855102319,1036.43219520973,1407.06639027507,1253.99042974835,886.137274824256,23.3018994515908,858.062684696167,1735.68350052082,80.6125416269601,2184.20280785035,1075.11174132857,1538.73923711311,932.422852911704,844.417197040795,1726.77399095179,1188.70478620536,1899.68669701652,2501.27003943632,1112.7851674692,2249.57034918669,2113.2411052326,1563.27165818649,1037.79526610477,963.84282594305,315.717832700122,1109.74266080643,1400.25282737899,426.05918006709,1018.32327569207,780.473936847416,748.800680729371,1464.31885300449,1580.70163740244,552.406619160561,365.011386022217,2087.38449761769,2627.03371822981,1842.72131184371,1956.24030408718,1178.38283944014,2206.47397738879,1388.8521138293,2222.6221629087,1896.28621856263,700.790537174913,1696.14595223527,2436.91935035673,2223.62589049896,1686.96699181387,1293.69313564673,2065.0683639706,2268.17807280083,1252.03083982749,2042.88972562624,1223.68536226151,2075.61876397566
1202.46900668959,672.751594997403,651.341329288688,2305.05943205802,44.4550742396463,1521.40318239973,482.589239057429,758.133068667993,1556.87222783836,2077.76129830676,1182.17172775367,1071.43609790587,2169.68652046375,242.352754966644,384.782430981903,384.782430981903,1854.26744179166,833.854263538477,117.549329414956,0,715.721234396344,547.940196787708,2703.38845979345,608.250142390424,1199.88970740705,1332.2773393498,1804.66697161588,1814.30939427805,1637.25706541225,911.684341918269,250.235253960381,1189.28241507294,2315.12769336949,999.645351957813,1189.97636549605,918.363326443209,1033.19647539534,67.0746567526238,1784.98496027411,1266.43759631757,1287.82659356807,681.203461255851,1197.35187230587,707.619804000444,1212.16066236726,2564.26243786038,190.251989522981,531.240417827288,1027.12257602628,2163.09025793742,1995.1756699006,2365.90092905275,669.223219391921,1568.75034823287,788.530242515034,548.197821429174,251.935297010667,198.033713920801,198.033713920801,1172.33479339345,1267.78466731772,767.633481364726,1960.62832412507,1137.37688933537,794.246399197159,1004.32197101759,1151.53857554967,1523.07847916936,1350.42775042153,992.954825522581,94.2864980951303,975.126489383055,1852.22590304273,197.439030195659,2297.04058206212,1189.9995656452,1656.28603820736,1047.14932397909,961.956673711285,1843.16878909166,1305.44465021355,2004.72776268867,2616.90888968512,1229.83133193806,2362.60801038664,2230.34777173135,1680.64860393605,1146.17120012932,1080.76198464795,425.843420085225,1212.16066236726,1517.46788500505,535.531309651058,1127.14690254011,896.48075874735,866.260697261421,1574.70709789598,1697.78542830719,669.94139268306,421.645597103669,2204.13087475502,2742.18370352869,1946.67233819915,2067.16424373558,1275.23829460202,2320.14079572842,1485.06905523955,2334.7131181101,2009.74215372709,814.392785526444,1813.32769244898,2552.253844016,2336.96682901064,1804.45895887409,1410.57185703475,2179.02396460709,2380.8141230421,1353.07773522244,2151.42220477721,1321.72549606833,2184.41411989884
545.93915113829,550.601201779104,437.09216049481,1590.01845600764,689.602901926893,829.520108409537,1198.09116087146,224.505328127232,1058.72400076933,1480.36781104846,467.930621718286,725.298408786965,1630.18467453395,958.07293657802,334.210870223473,334.210870223473,1489.02425658112,311.15905430886,604.054270716748,715.721234396344,0,440.396206330879,2083.80386717272,1287.34804708533,630.874032148397,642.857442541626,1112.72919268207,1116.64799704487,922.616678144655,565.932741082002,965.942451770928,1051.8097482344,1671.09753524889,528.112386974644,499.313629422705,763.967216702765,349.872718376853,650.540947228616,1074.30255419059,553.873003011957,738.191641937343,1358.14956065296,492.488177175896,130.489556915666,529.226278458104,1871.67325728668,670.353335049601,1233.13786728483,920.609819774946,1453.7621082241,1668.65953458534,1673.54987027949,550.063047837289,895.698516621172,1497.73793529106,1225.49512378523,561.890591715997,571.132165087054,571.132165087054,473.714649000744,553.215966302284,713.108982802694,1258.03673852739,590.379658480654,534.910575566809,302.394304216053,444.620109847708,819.510002663538,695.990694985096,637.301731948132,626.387136813486,310.744574675757,1151.9139329371,535.621094477904,1581.41871830928,653.436641764285,989.547478277826,539.42054972794,350.842963341331,1141.27357101272,704.615122189081,1303.25242944489,1907.514346714,547.894559515051,1647.08318210015,1536.56093734608,1034.47772108307,437.467278742508,402.311827020347,434.809136796721,529.226278458104,885.186679983037,181.846682689285,417.106931380756,212.417026681094,296.929770772048,1079.70992454344,1007.41166513914,215.138283916784,699.294283793523,1570.79420840446,2030.5541188733,1249.06885559909,1539.37356217533,976.478664877431,1605.21883177818,827.59220672685,1619.02084687828,1446.18814971447,105.852833368104,1124.09550616788,1841.5078043006,1621.67684141078,1127.74019376161,797.413634952975,1602.49577480959,1665.12301895049,673.630046117058,1440.26431197417,659.251972196201,1472.69750708759
978.582624228919,154.909635382126,103.945300567727,1887.6185251886,505.03837135144,1062.74797225873,967.800472472315,312.882096755018,1009.66066969904,1541.71658087747,841.810140836433,526.82287598818,1623.01001524113,754.162279991413,306.821890825352,306.821890825352,1321.62999210547,345.141392821129,440.512776918523,547.940196787708,440.396206330879,0,2169.76389511378,974.946550195004,676.065246684963,1053.47891072182,1507.00765945398,1353.7545606348,1232.95769657526,363.789411444187,759.47084019485,719.491324767245,1795.08705418742,461.629243785885,915.117218414513,420.509487632495,607.395586663328,508.405504105831,1355.7520011019,870.717026955817,753.531474891705,1223.55285000566,784.499781609779,335.739287779451,949.706028564497,2082.2532811082,396.392993870846,955.965593416712,563.467772423472,1810.37217028828,1474.30635225518,1886.0835919677,152.285410488323,1311.43533178517,1299.71835196121,1092.39624643963,298.456876381961,533.509332954416,533.509332954416,882.707331194864,918.695141934296,310.001472278787,1505.32001169324,609.974315877939,248.987410101191,719.459804907398,748.411702490227,1084.72631046954,1125.67805722201,445.685491189988,460.868488908508,540.303977928974,1395.27982031041,364.143000917976,1888.61195034861,656.390399875594,1164.47089407583,514.524622328337,488.59198695266,1389.51582796529,788.449094766425,1680.09525634716,2167.31590097228,777.494114512478,1950.88052428021,1754.61846993421,1172.9384277947,832.556777170356,641.683983327017,126.270563587963,949.706028564497,1006.77985473354,372.759291444092,810.565497878686,502.540854857244,392.669560427037,1027.25307309256,1229.8914622182,247.5228610923,297.775355563769,1679.96970185406,2298.94911888636,1633.13715981344,1519.94068398984,746.835976898247,1901.2646578223,1253.20744637964,1934.34697599194,1466.72673188573,482.605345426729,1340.3116619723,2107.94000120404,1921.91509456783,1317.41350894743,894.260829339711,1637.2576012829,1973.57030157538,1091.16266706872,1791.17990198575,1086.61377646038,1820.95457085526
1962.53532326325,2085.71511284933,2066.93566051666,1092.31623071318,2663.6303091222,1295.63245121214,3135.70218692972,1957.81103736038,1193.36849741523,628.480909595724,1752.32521336868,1699.70966719684,636.757911398592,2923.02907507459,2348.22828306534,2348.22828306534,1226.73341965025,1873.45527749492,2587.52604469625,2703.38845979345,2083.80386717272,2169.76389511378,0,3103.42541564714,1503.75717306607,1812.97830652124,1668.39913903719,1076.51239067065,1365.53610921909,1822.25193469141,2928.60545097056,1854.32940968361,430.419777757607,1708.33825254439,1867.04200881226,1937.81598678118,1735.09273487863,2651.72596290365,1205.90776067744,1605.52463061389,1417.06057489533,3384.5348542665,1625.17248068827,2030.55139322096,1883.55279973513,624.866366243611,2566.14793290478,3109.34016313347,1942.75795846011,1429.81412724106,1286.94806754621,681.96999663084,2089.15705139679,1819.79813946174,3469.13840147832,3251.19928291995,2464.49770042749,2620.93514329938,2620.93514329938,1846.39794616865,1691.56820882244,2083.25653067979,1007.32003929094,1566.05085933309,1946.32601198137,1926.30725345007,1672.47713351289,1342.40705907929,1933.39364148975,1753.6323870331,2610.24520256565,1774.58566933654,1065.06820327632,2506.91351635101,1143.67932044089,1514.76503601558,1106.56086280681,1657.64102285539,1758.64341401844,1083.12126046032,1401.51740226224,1554.73444795454,886.128816530908,1542.51910055875,1122.49892221834,763.370611019288,1050.07723905616,1815.8713685684,1682.4376953046,2282.39191669878,1883.55279973513,1200.47524094767,2246.26610063504,1820.11057559341,1871.46037595208,1847.62699774102,1181.15437001256,1136.11091632674,2043.51685376392,2419.19515263908,514.506552246951,958.647937467851,1601.03552123407,737.944541154613,1611.11454638041,1082.86767158592,1898.99449914741,1187.42351484387,723.997040925899,1980.2801023297,1033.58094247108,918.050959036795,1103.97214311178,994.095548783022,1298.6059129577,553.880330531132,1148.59756378931,1846.01684884878,1394.9509577317,1914.25517098635,1379.07480906947
1802.26933358336,1024.90561723842,1067.71466386654,2851.02759475887,617.796288457901,2034.96563904875,264.439018995614,1266.42131929059,1912.43697100266,2477.41024246598,1752.97352316809,1404.09740478467,2513.65846535381,408.13762951977,956.117764048404,956.117764048404,2079.40355093308,1317.22889246648,697.916565321307,608.250142390424,1287.34804708533,974.946550195004,3103.42541564714,0,1642.69816048489,1923.50831233355,2396.28825891608,2327.31721378248,2187.05699143971,1287.82304622994,399.723148907912,1348.98081941363,2751.77753133804,1420.37223674986,1779.77965689028,1175.29847736724,1562.50384063183,673.512783326475,2321.11911992338,1816.1116150402,1707.99764565203,588.995543360036,1737.12346586173,1245.91775994396,1805.10474850046,3056.34057622446,618.745862839517,123.964748164814,1211.39148742702,2740.05530732638,2176.18650755247,2860.62932890744,1021.64453596878,2167.03316491166,481.898066575917,541.399205101035,730.259898864653,803.855720878988,803.855720878988,1758.18626063255,1837.17582142662,1023.14132841538,2478.3685590607,1575.33450534747,1165.1003071578,1587.23785701811,1695.43183059144,2051.47720089285,1951.87240837779,1351.31878143546,678.746300299979,1497.85190174559,2368.34478900961,755.155215536392,2848.38909473351,1614.41436205755,2138.66520424019,1477.78472123944,1459.31093171219,2361.93571705771,1757.41505395116,2590.30912196915,3140.51922289569,1745.97205806789,2912.2617728004,2729.51095646445,2142.7332112799,1724.80081054887,1603.39161969224,894.515802912754,1805.10474850046,1976.52104341519,1117.16198884042,1704.43820885467,1437.16397478069,1361.50647696916,1926.18959151191,2204.16512139396,1182.73257616722,691.915847946558,2633.13354865454,3271.11837884151,2535.11519684195,2406.7736638612,1532.04585856864,2865.26381898029,2086.73747613329,2890.7457953614,2382.9673720682,1375.19786760863,2315.1449819187,3080.04079971037,2884.52139996054,2291.89147386596,1862.31988885007,2555.23640766638,2933.16426716167,1948.21888107566,2725.39327345715,1921.29652899704,2757.25898554491
830.379316409011,623.156694630352,577.142901646693,1288.12184373785,1160.5542553276,465.013134084777,1642.8741945767,461.433365244412,432.361673212389,880.266627474329,565.745069286235,359.842151413236,1003.91142214205,1423.03106258789,849.091149864047,849.091149864047,900.860447779777,371.852008412327,1083.80950965701,1199.88970740705,630.874032148397,676.065246684963,1503.75717306607,1642.69816048489,0,788.622386169997,1104.53547493522,725.683981602149,704.786500408537,374.314083313323,1428.96642425849,735.887182778077,1119.6877751914,224.286274708998,715.628711144918,592.281021415833,341.423755069201,1147.99422751184,772.152905139879,466.652274112049,108.253668812356,1880.89533715604,391.437229667229,545.969822472632,754.057516217793,1417.72820171727,1069.5800791474,1630.87623950188,696.427919256598,1297.21217808295,1091.59354359879,1224.71233016904,626.130983514031,1006.05092955533,1972.79142773744,1747.48050852149,964.425092544902,1122.72995793018,1122.72995793018,675.002753265545,585.768680513509,683.675677791547,876.414826854962,67.5804444474049,486.515136333942,623.19473357799,403.234922575705,521.423627177097,920.753415565239,345.132958020372,1106.56942681483,338.578358224164,769.643364187951,1003.1993610915,1299.73224815836,62.7462182367033,506.215436741039,165.299001492621,280.083533888176,768.546389402607,115.822148466805,1217.00300926687,1527.30091977903,288.890161193952,1355.66025766808,1098.09778315953,500.224546800071,611.140520309217,304.793035135817,781.889496916332,754.057516217793,334.280861791307,765.856793720383,597.214709049935,434.061556090833,353.170376093826,453.631711932382,599.467292390811,543.71304452012,951.278342473455,1005.95772913891,1662.66832169803,1190.94678008507,910.332768839328,524.925817492241,1299.59267972381,1000.39440256044,1353.20204906901,826.295712394198,543.224158225996,697.129201766056,1473.83411675375,1323.91088822513,659.357384059458,219.63230077045,989.892882339263,1382.71674499521,840.232894364824,1269.32785739,879.151548669974,1292.74375158965
164.866444820568,1121.39493703943,1013.98051411447,1046.77908612602,1312.90001464627,562.995011481599,1810.94660491645,751.022644312896,1147.56300582194,1315.19989475547,236.605643971992,1095.8236009338,1544.44495369941,1570.8950644189,967.731225194589,967.731225194589,1649.31166830516,767.186849824569,1229.10127789099,1332.2773393498,642.857442541626,1053.47891072182,1812.97830652124,1923.50831233355,788.622386169997,0,472.979014216853,737.007314882188,452.477402219375,1005.96975164445,1579.27975603162,1482.18564594023,1383.20070157907,876.473026495367,143.944892161951,1253.07292039695,512.96813082107,1265.25792899884,621.654869215604,327.909613575322,869.293631682027,1916.12507343148,397.344617399449,719.398629412797,120.848208410586,1434.69413520646,1310.59882547867,1861.05483489113,1396.86812655728,840.834664649785,1843.91322813831,1249.82829173556,1122.20301194527,258.182123980099,2086.11095345541,1790.0925757015,1203.84307470956,1158.65135232507,1158.65135232507,171.166705058869,203.610895931162,1263.60756991361,830.770281726625,806.753383027836,1046.17432664947,340.780301490348,393.292178905753,492.5278576403,141.26658253919,1036.53268888402,1249.9205535302,568.971638319034,752.530406323155,1168.35605209786,1025.33551432993,848.185939515311,761.253152445356,839.812797092944,660.636275370025,735.416128829368,762.973797892047,673.745352162833,1398.77768952469,503.80745329911,1092.09268377521,1118.44293318084,852.560516693008,223.551410619806,516.681372407558,1073.04885163279,120.848208410586,789.575874990722,806.388523760286,245.447950199395,561.603295157835,716.63410777892,1167.13025302946,686.619184682695,805.959195098452,1334.61445770367,1318.61985924936,1504.77361438775,614.483039080549,1484.67013753796,1306.15261714197,1063.23805491477,217.309391033662,1050.0870025221,1348.03538703136,573.313120606928,780.419334896143,1327.15507083961,1072.90447090147,830.058403277892,783.457280800535,1458.63803358031,1103.04877661382,51.7391767984123,834.235499329361,107.618281313201,868.633548648062
609.736681768604,1557.11909074062,1455.99242683314,692.402956679702,1785.74694345267,700.023840033547,2282.11708277588,1196.52831614164,1352.7888795243,1312.98535358763,665.225562839824,1454.07323934676,1575.522155491,2042.47378584055,1440.29368927067,1440.29368927067,1840.77649035989,1194.39956026702,1702.04833306346,1804.66697161588,1112.72919268207,1507.00765945398,1668.39913903719,2396.28825891608,1104.53547493522,472.979014216853,0,673.730454363425,446.318650223192,1401.23665928821,2050.90970643835,1838.58990181821,1265.30053749601,1253.9056311151,616.524623207596,1649.72146492258,921.839621960303,1737.61268381407,521.502814376427,668.095695380197,1152.46721847929,2374.13654910406,759.531585173233,1178.94712574541,592.549084793063,1165.09150925821,1782.27955813397,2333.9134137653,1780.11056949385,401.027675598884,2030.46207080996,1014.21029267441,1558.40639583052,254.207763326045,2551.45112024489,2250.81383881404,1674.58614817547,1628.55178677921,1628.55178677921,639.127350456598,591.054615725876,1685.92478555496,676.499140792031,1144.6602261798,1463.9962858216,810.531635174219,780.541049364033,619.515971506664,474.998070729549,1413.01300288235,1722.81502247762,986.775651990342,659.973969770109,1641.17422380031,655.633193028183,1167.21130929902,838.076763583416,1205.27531274659,1067.40179551447,641.942962377867,1035.97836958361,214.4434243831,1055.05065321111,827.361503546153,717.112599848607,908.320991401114,936.675207623662,679.028860012913,906.207381842189,1537.53338415706,592.549084793063,959.119657614486,1279.12698214511,700.571437579592,1005.15545252551,1142.16435956391,1368.35668621765,708.52481900763,1261.04484862882,1795.58767273194,1241.76307375202,1136.27090635585,147.657571758441,1545.75936735685,1624.63536610861,708.672293557829,354.968331403787,659.989415225596,1393.95235656506,1035.93737225568,739.756291895663,982.305768652521,708.142958543891,818.594341097157,1008.45632655588,1454.36263094083,717.68276798079,452.666337128397,406.872956345893,493.354950483706,441.530454798217
889.915229226726,1333.82521326541,1266.92013144344,565.835265796753,1781.75203658322,293.762269409701,2287.98906659674,1066.07941225292,777.239794961645,640.216869622032,706.185477350972,1070.02780246331,901.795595665248,2053.4464605264,1431.39015196195,1431.39015196195,1220.37860605175,1010.09248847814,1697.57948033454,1814.30939427805,1116.64799704487,1353.7545606348,1076.51239067065,2327.31721378248,725.683981602149,737.007314882188,673.730454363425,0,290.331656389562,1098.30299925989,2060.61102052908,1407.6306997182,647.753700942067,943.272561603132,801.476759199367,1314.75371950062,781.142120458263,1752.81766603487,152.366605010455,574.154619360801,710.029504065232,2473.82746991988,624.251439312889,1106.71733160906,813.815473456024,755.178661825767,1722.5647693053,2298.74478349962,1403.55460063249,657.606401938351,1400.71972791437,557.388936553619,1336.43610680946,762.867572037301,2602.81568591441,2340.66862079644,1610.81685943829,1686.71997327358,1686.71997327358,786.041357866161,634.009064565277,1408.64775945556,152.239828282603,790.029627961481,1203.70178858296,894.134318044391,672.450099953803,299.039187624053,857.342024971205,1069.53365514148,1720.82475512721,840.059038387615,44.1616691002201,1620.63886604263,582.663313017373,775.347380362684,243.214051937623,883.318440614204,868.33163327836,48.3350965943685,614.476428426225,660.742490661957,813.567519855293,585.770752900093,634.363197326787,420.187146352901,316.641794932885,766.299477117042,733.905485249941,1435.69004188365,813.815473456024,426.43392538715,1296.22625065694,774.986690220139,919.020014103083,966.40047059605,787.100895322746,126.488189430586,1153.026679999,1646.86936856077,593.974526233653,945.819814541998,672.165066175953,874.859775072938,1154.48410998248,576.360136771201,832.047000618258,639.768100792519,722.13786621359,1011.4899963912,67.6327468654106,755.089033711244,601.818601899134,150.460673651145,529.440884852747,782.862149354824,663.072687173176,769.508035996589,622.030647545141,837.743124873484,634.872915335178
611.071255041126,1245.74821358306,1160.32776410869,667.870511861637,1609.1533223617,259.660495025668,2118.63405144998,924.786773071271,908.051466124722,910.725012984803,468.946153191834,1064.33823580811,1161.8355274021,1879.45663324666,1253.0408604046,1253.0408604046,1394.47483755369,891.593851254497,1523.6211924549,1637.25706541225,922.616678144655,1232.95769657526,1365.53610921909,2187.05699143971,704.786500408537,452.477402219375,446.318650223192,290.331656389562,0,1045.50972326047,1887.1778599902,1437.36277056746,937.706041038372,889.433739541526,534.332809063678,1285.45008425775,627.025647462421,1572.6822437945,171.022045064966,372.008743860556,732.896737920352,2273.82728834338,450.54528126227,942.014396597904,540.416706997235,993.136294893138,1570.32964475407,2144.92271061776,1399.92293058142,596.212321667096,1584.40752446204,803.170177164886,1247.7707999944,480.76345002142,2420.1724684046,2142.64933362174,1458.00888098923,1490.30999725279,1490.30999725279,526.333559540935,386.337640649711,1349.83234920385,379.714460573845,756.354098417443,1130.94179120667,660.47236350194,491.650626770707,185.949868387913,567.880682336281,1039.22779212188,1546.38757762635,693.437815571864,301.173036678959,1451.16429668084,661.873238647465,765.366292152945,395.706014835387,833.667460105745,749.637788277654,283.632124454139,618.073358475325,516.006186126123,990.808070679374,466.430715500593,726.57131900493,669.362252230073,495.277279477443,520.928559673682,591.413286474839,1294.51243450408,540.416706997235,514.649841213063,1104.31770960493,534.357053442481,750.170123907528,841.569400636969,923.158521357924,276.157311293306,1005.47282552027,1530.71892545319,882.959254778227,1110.06645525549,498.572085186264,1120.50659783849,1206.77901727621,682.893115771989,543.693166379317,703.798871492466,972.144475528049,822.927430428301,342.852679515732,922.756467657707,700.112241417898,407.673298578084,573.953773371733,1055.27456961452,746.436544838634,481.629288365927,571.028767592877,549.994461011514,597.448735277609
988.350537673974,263.837544319199,261.105704638215,1657.65378050773,868.63650447805,826.562388470873,1315.4870052222,341.700873316233,647.879003671605,1194.03385485957,769.864707965864,173.670752785108,1261.48510516162,1112.05969960422,626.866202959359,626.866202959359,974.536776392107,267.632813863902,803.711889553359,911.684341918269,565.932741082002,363.789411444187,1822.25193469141,1287.82304622994,374.314083313323,1005.96975164445,1401.23665928821,1098.30299925989,1045.50972326047,0,1116.84554534242,496.516912754166,1464.04741336499,157.247234121761,892.125108137962,249.130907119644,493.363085873994,871.472464532966,1134.22882224114,733.184630141258,422.550116376601,1585.07235822423,641.973346581752,437.420925767351,931.780445398549,1787.05214833118,753.373371539356,1287.54693265036,391.532604133374,1641.56776186784,1138.8941565562,1595.87549524297,267.227252936794,1254.48426872604,1650.37058501846,1454.72804693558,661.304950755782,884.258506102424,884.258506102424,852.183705198109,824.142517702745,310.544406431262,1249.65981217258,308.496599204738,124.079113693535,729.590502206635,625.625626770653,871.289584803224,1114.60727394476,84.6759679264555,824.385429986203,438.191404942813,1142.05734643288,726.111379891707,1666.98032143044,333.668874948209,880.187300672082,216.097087577327,345.340342680265,1140.1343891475,489.231879344229,1541.44823053079,1901.57822059445,583.654721650688,1724.52700410653,1470.9533656885,867.597770415586,789.130641112063,497.936528256197,488.067095308654,931.780445398549,703.979261982855,614.20248314327,768.825503329669,473.724791681626,306.681525555746,664.93229765837,971.842192996445,372.783081489363,598.038834608398,1345.3263078582,2036.98224937016,1506.44296292218,1157.66493663345,419.750449077853,1669.59795620688,1222.55732679976,1718.81706332884,1110.43861664916,534.058389787959,1071.32859199228,1848.10054078656,1693.25478673243,1032.92740184997,588.699304203442,1282.09999307672,1750.7286593919,1053.46708075311,1616.45486064556,1071.96060848918,1642.25458833043
1445.9248690282,862.002417311386,862.991738205737,2555.02518177638,279.100489424242,1767.22284331983,232.538400425705,999.149694912474,1764.60819227307,2300.88979358504,1432.32422162601,1265.54606772571,2378.08743739917,8.77985357774067,634.238913681138,634.238913681138,2023.42980325044,1069.66228259335,364.113736385307,250.235253960381,965.942451770928,759.47084019485,2928.60545097056,399.723148907912,1428.96642425849,1579.27975603162,2050.90970643835,2060.61102052908,1887.1778599902,1116.84554534242,0,1324.84223850109,2547.98644283773,1220.32358522248,1437.63598992957,1081.7638746579,1280.01910327669,316.093440298677,2034.01219892706,1516.09070064041,1511.62569414473,474.149811901069,1445.99728470725,954.306104559266,1458.82037689497,2808.40853159874,363.728425819731,299.920658638964,1167.084835776,2412.2462129434,2150.72877194681,2610.22498356207,858.418397627824,1812.38173643362,545.417969185896,351.733641409532,464.598438227897,425.799839658448,425.799839658448,1420.93071864829,1517.9527896015,924.322683991877,2207.78525916887,1364.58023686307,994.621416390728,1253.66008684382,1400.53617329676,1770.96559947256,1592.37664521297,1193.99774069604,341.109981122968,1220.62867488285,2099.02190278281,439.973257528541,2547.19792297498,1414.03327981767,1896.94674772744,1271.3231441613,1202.33230114265,2090.30704766131,1537.66784207216,2252.47808556141,2865.30390578253,1475.24775599065,2612.72690055714,2475.19050707493,1917.16082039751,1395.84007870426,1326.70611411034,647.117289444446,1458.82037689497,1752.59806807313,785.702816610515,1376.95712181082,1144.45243224402,1105.33218780882,1781.3853106518,1942.86341510918,911.00477414816,554.905815943608,2434.92365727158,2991.1474651664,2193.7502988677,2273.77727003695,1447.49681820543,2570.07073414301,1726.56375820847,2584.94581663408,2225.53363527373,1064.25217312307,2057.90415863614,2801.02283839289,2587.00733457853,2046.50287992156,1643.41212249813,2396.40596452947,2631.00375644146,1598.62586647037,2400.92556682959,1565.04884837096,2434.01372849327
1479.24827609923,564.581889730978,653.281441772345,1970.05361505169,1145.37021483147,1187.21092666071,1468.16010610383,831.463530573304,705.480898351709,1266.57933710719,1246.0666115955,387.811109387681,1225.74903355272,1323.08462653347,1026.16266642323,1026.16266642323,731.666293784609,763.881956540205,1108.76712029669,1189.28241507294,1051.8097482344,719.491324767245,1854.32940968361,1348.98081941363,735.887182778077,1482.18564594023,1838.58990181821,1407.6306997182,1437.36277056746,496.516912754166,1324.84223850109,0,1581.91957571114,606.157146112492,1378.16858582379,300.819922541804,972.333519723566,1172.9715052167,1485.00338144092,1183.1125395714,708.767471913911,1792.88460611851,1096.54674614184,921.350408946946,1418.1195457749,1983.04425762239,1000.87475636725,1393.90033114311,162.47283364549,2023.08845974376,832.452427190104,1811.63408573,567.234958976925,1720.82614927397,1794.28609827893,1676.18287542427,951.94839816709,1234.86667484803,1234.86667484803,1337.42426961463,1289.28839508619,426.645426676253,1547.26299671558,694.140284110857,520.89951392938,1224.13357634063,1090.86639600991,1251.99470648657,1599.15427678411,448.125420308366,1123.29613047491,924.663229753679,1451.12273851664,1047.29379868687,1989.87413321333,673.806635611589,1165.6398338875,643.555206945469,829.80412273969,1454.83888727003,820.478783697628,1951.83130573276,2150.05451613688,1012.99577748525,2039.08796414901,1706.69548127055,1113.39079882336,1272.9809474338,965.567546389905,833.266470757745,1418.1195457749,981.210359672448,1064.37455048335,1253.74120157995,969.289684518756,802.78599359419,709.390864372206,1288.84312075567,843.795542221289,776.039228107515,1459.16328832526,2287.23893152562,1926.78777281692,1120.19004991382,263.521542590873,1979.2216701403,1699.43062837335,2047.38635787498,1140.26119310819,1029.29965230361,1362.210072237,2108.54815479431,2005.96848709705,1300.81562185402,883.849027103795,1303.39493038556,2068.89650788164,1531.66081735646,1993.19283568546,1556.34354124498,2014.24135628838
1532.14592954732,1726.95770486924,1694.63022129778,775.18593979468,2277.02870491518,868.321044079897,2762.49302585432,1560.53329205322,881.258148611908,323.199515547657,1323.81952825093,1363.05668558331,510.367841497466,2541.91259845036,1949.63365787079,1949.63365787079,1076.98349599031,1481.29103459961,2198.07732489116,2315.12769336949,1671.09753524889,1795.08705418742,430.419777757607,2751.77753133804,1119.6877751914,1383.20070157907,1265.30053749601,647.753700942067,937.706041038372,1464.04741336499,2547.98644283773,1581.91957571114,0,1335.56377964743,1436.80537352496,1612.37618862463,1321.2393883031,2260.38011475645,781.91274403352,1178.19425450154,1044.78506056238,2994.14288831096,1202.06996450093,1626.90183761972,1453.14289802735,459.100745262446,2189.26787347394,2747.1286019756,1643.55427314591,1077.89617850341,1196.9681226846,380.27000357791,1730.24418272775,1399.63556697983,3092.32309425373,2860.25202268977,2083.70340863498,2220.02066625387,2220.02066625387,1416.54730285095,1261.7736417635,1746.71705025869,591.516189166342,1185.19269579789,1586.71420786259,1500.30088250718,1249.96392505586,912.663321813142,1505.09527303789,1403.89075002027,2221.13258199355,1365.08963143484,638.848470285295,2117.72820440854,824.16395817714,1140.21198782973,684.439118212693,1280.77356901609,1358.04608021959,657.208410552261,1010.40154927408,1175.78956822095,706.074980867396,1125.05921623951,823.483529898773,396.878493626726,638.668714017686,1387.11521476478,1268.79132496632,1901.22551624633,1453.14289802735,798.30695664965,1838.73635525364,1391.91292086357,1459.69366212547,1450.82429501183,874.659551380421,706.071005776812,1647.843424138,2060.77241470896,123.049363107899,824.497956614872,1214.2258091873,566.980358556189,1322.94961444711,770.574246880235,1475.35912806433,878.66758538878,467.186120919604,1566.32546577601,603.286528746219,703.66371265394,797.006635520921,564.779220564067,904.82994190681,359.82576164047,854.726132635311,1416.95947605641,1040.52539486436,1485.09770380034,1031.48891092178
876.579600049286,398.93476861234,359.607112934175,1501.13942213071,958.559460078291,669.456366681029,1429.07597328562,314.777028039497,567.641366222713,1080.59570295792,640.106089995753,224.082834484905,1174.4907823723,1214.80949473254,672.916135100219,672.916135100219,962.510968344109,219.646601645579,886.002865964125,999.645351957813,528.112386974644,461.629243785885,1708.33825254439,1420.37223674986,224.286274708998,876.473026495367,1253.9056311151,943.272561603132,889.433739541526,157.247234121761,1220.32358522248,606.157146112492,1335.56377964743,0,772.899314446024,398.099323397803,366.428698689199,952.196933491478,977.027101308105,587.586873992316,291.983244638237,1680.04921140138,497.782560353479,413.33700187947,812.877895806678,1641.97358617623,857.900511244944,1411.71842830399,527.159341739932,1485.63313290752,1140.6305556737,1448.97795373742,401.932191389844,1118.57850858769,1761.34671777285,1547.61169476385,756.652606690956,943.35338070342,943.35338070342,731.974649538361,686.498165249399,467.098560873505,1094.99364915447,156.802283019811,262.536354663276,629.0763842331,487.20216508958,714.230394908627,993.240122882988,160.939251242961,908.102575303069,322.533376912966,986.86399082982,805.841381699748,1510.05806075312,195.379717963334,729.620856181879,60.0453618709777,228.303354462923,984.51944697134,340.093507494062,1388.62759243017,1749.46552043421,430.519784151565,1567.85403513641,1322.04008198497,723.857450756003,667.28279790212,360.479759691155,575.233772834338,812.877895806678,558.275848273403,621.458612356446,648.373576130018,383.815210070541,233.395311833844,587.088120501304,816.787338216195,378.740375337182,728.515370404039,1219.37884588985,1884.36439160086,1355.3093666636,1074.36068429347,463.210565987782,1513.19953254778,1093.77971925931,1561.71828778752,1010.28825859919,469.125801833076,918.24081196057,1694.94222826105,1536.6887510748,883.053833269138,443.213392599023,1179.3812359604,1593.9003476759,925.691279594314,1460.16654597113,950.431014352097,1485.7155977415
117.395209738681,989.688685282415,880.33879481315,1165.06600795062,1169.9759288049,582.323332648842,1669.60336066246,617.797798227103,1105.41444562374,1336.86730516488,152.769127422794,995.958563871973,1550.83513123673,1429.29762189319,823.883598867573,823.883598867573,1601.78732721991,642.592049925812,1085.94845228408,1189.97636549605,499.313629422705,915.117218414513,1867.04200881226,1779.77965689028,715.628711144918,143.944892161951,616.524623207596,801.476759199367,534.332809063678,892.125108137962,1437.63598992957,1378.16858582379,1436.80537352496,772.899314446024,0,1135.84474817714,406.691208779831,1123.01670747705,705.044576504225,292.960368042305,806.809516823064,1782.4039104834,333.168021347917,579.836432213491,39.9793342406063,1527.37504758392,1166.65404417098,1718.05453474073,1283.56277442119,977.736863298551,1795.5461962255,1337.22849118208,990.302876300653,397.789918390829,1948.31249938238,1655.09187644952,1059.96902430613,1018.66157157999,1018.66157157999,41.2558276227529,179.303077543325,1136.33092652019,912.329014442867,723.160111452628,922.317394101775,197.965476442285,312.712262475911,525.630903441291,222.612360009727,930.14829659745,1106.90771016012,454.545896643355,823.536056256318,1024.65199039295,1147.08156333784,771.339387489661,782.272320615223,742.627067861409,548.967258976899,807.846040538496,709.984722267454,814.85485217341,1510.00059010261,447.809232313307,1213.95335915221,1202.66498126567,865.148921702465,106.444498020041,421.95247937311,930.776979058226,39.9793342406063,776.156679176915,662.620375341966,124.529012349106,432.253443095573,593.783248643452,1125.86447616568,731.011413351188,667.93729475166,1193.17830976115,1362.15137144853,1620.96756020646,756.871530464185,1482.81997092693,1218.45362525862,1181.29183950359,340.066267718702,1175.57324239813,1354.02220367983,433.088143089051,835.678689125161,1439.43710761498,1192.91948474009,873.788596061754,749.068563119613,1477.59063530716,1226.92485685499,176.198304704346,969.160338518709,180.160930885671,1003.13427389706
1228.08289941935,266.068632350063,352.758082683754,1879.22938539444,873.926271487094,1056.143214636,1251.29817042967,550.775378834073,744.690624600898,1318.6697720647,1017.52618081044,253.381187820293,1338.57485144945,1078.75320424408,726.481765584598,726.481765584598,941.909946258759,497.552570534641,828.162773056775,918.363326443209,763.967216702765,420.509487632495,1937.81598678118,1175.29847736724,592.281021415833,1253.07292039695,1649.72146492258,1314.75371950062,1285.45008425775,249.130907119644,1081.7638746579,300.819922541804,1612.37618862463,398.099323397803,1135.84474817714,0,741.397846650127,894.458291808953,1363.93468491282,981.852925788651,610.406848271279,1555.6793481133,890.815417608036,633.952016679041,1175.1877957261,1969.45781128065,735.737897454492,1197.90043356356,156.642605961223,1881.48132441804,1076.91542781172,1784.18008578257,268.944895788032,1502.95200021144,1585.42332836526,1432.27211883833,671.955542009075,944.564872470126,944.564872470126,1096.48358096824,1073.10914376129,158.189247240474,1463.74959151267,532.724132659049,229.17911486074,965.615987728093,874.734096087564,1107.14323921562,1358.44056230432,247.666483751696,844.691685783235,684.208965720078,1358.88877497671,761.355084528496,1891.73472573365,539.542758129914,1085.07664039598,451.960040358769,592.895552424961,1358.79170264394,700.40195492836,1786.72347310105,2103.62518900112,828.603788175911,1947.07265715563,1665.50586187511,1057.10422589803,1034.33446964213,747.060631548726,538.081123088589,1175.1877957261,901.458364709255,764.818325270621,1013.62215691808,709.626137212742,543.387353596243,756.668562269697,1189.31907401381,551.458743729831,527.56590291471,1490.33592888708,2240.30990919806,1753.1640506652,1231.61205478922,366.655958161204,1890.38728098303,1469.08630386582,1945.44362014002,1214.16121309233,753.765917344355,1281.17593839194,2053.94903172858,1915.09885761094,1234.00702544778,789.378685154732,1385.71431798576,1974.46381699541,1299.9369443072,1855.22553251876,1315.98967272643,1880.00072784219
512.816578159941,637.281581530917,541.528972244,1288.52509819683,1000.99360489391,488.757095686552,1508.46578993755,297.768811371118,768.30642424544,1137.51412106073,276.56805395843,589.268408838668,1302.77052048452,1272.76670263279,650.498728481015,650.498728481015,1241.93670843984,274.253854688745,916.58905209145,1033.19647539534,349.872718376853,607.395586663328,1735.09273487863,1562.50384063183,341.423755069201,512.96813082107,921.839621960303,781.142120458263,627.025647462421,493.363085873994,1280.01910327669,972.333519723566,1321.2393883031,366.428698689199,406.691208779831,741.397846650127,0,971.727739389216,759.33439141177,264.374462321618,446.355440608329,1695.87830197292,177.143387140166,325.735384517391,446.665641114203,1532.92554428464,948.755235698496,1525.31422233506,883.922298390543,1204.14189012455,1431.91093357254,1334.47219214001,638.776134609604,761.623613163534,1821.68095276153,1562.28008059632,836.348955138832,910.300388983236,910.300388983236,365.667780014551,334.082675180469,764.554357949664,927.766325358329,330.634151443883,543.104504077867,283.150351703649,143.246479020744,491.970797111938,626.847232234149,524.895278909628,939.813431103841,67.2945742248136,819.094967406004,840.133841968767,1286.52061216577,386.88614536457,640.129302358147,336.879773814959,148.62867431611,810.288265800388,381.123904895835,1080.76184888709,1586.45467350182,199.73304125349,1350.0075186125,1198.29073599039,685.194200490673,300.872336674767,52.656984515953,668.44201600857,446.665641114203,539.735598581201,521.710273562249,282.185331546106,140.10652507041,222.112690767642,789.60386860566,666.035669611528,379.771518986456,904.805099811487,1221.54139560882,1714.02641890196,1038.23287691237,1217.64026559034,815.324589310226,1302.76813381745,729.969785281276,1330.31620418363,1113.44321315152,245.304569062322,782.290530937254,1523.31015970566,1322.07015933031,780.648460160139,461.446048097465,1263.98105937512,1371.40647899244,561.141009416473,1184.25197602281,584.036312737224,1213.7712217281
1135.45483710301,641.503478861822,610.370079692344,2240.36339245605,63.3179785282427,1460.33220166919,548.625040643862,701.005154813917,1513.34974002112,2027.34755041556,1116.32708887627,1034.84433193515,2125.03234711653,308.036336615445,321.703597824491,321.703597824491,1824.20649940201,779.518686534979,67.9435880750009,67.0746567526238,650.540947228616,508.405504105831,2651.72596290365,673.512783326475,1147.99422751184,1265.25792899884,1737.61268381407,1752.81766603487,1572.6822437945,871.472464532966,316.093440298677,1172.9715052167,2260.38011475645,952.196933491478,1123.01670747705,894.458291808953,971.727739389216,0,1721.42850896002,1202.29888512686,1238.15855521975,733.832980751106,1134.29943506749,646.672336866541,1145.11594834902,2503.89400705013,192.375916196442,598.151984636104,1010.49917472453,2096.48615558178,1969.39220957881,2305.47302913861,638.047897856221,1501.71321923141,850.391145071635,600.046183062556,222.510489992192,139.715817652899,139.715817652899,1105.53941402161,1201.97415869059,747.853370546926,1898.52249723163,1086.50041066744,756.933109301813,937.764570234177,1088.1676737715,1460.54858497017,1283.50523390887,953.990904685697,49.8085977521365,914.662507069324,1790.39393125984,146.469964044723,2231.95722162862,1140.4483472228,1598.13167018958,997.932447470976,904.720077770018,1781.10310181817,1251.86567496893,1937.80129618027,2553.79660458033,1169.19065032472,2297.61898489069,2169.6503960725,1624.58283771552,1079.79760552643,1019.88430161757,383.418572569235,1145.11594834902,1462.21988827437,469.79581780369,1060.875408818,834.210241338158,809.99278602757,1531.56538138107,1637.10915449136,613.089297346278,419.508079690541,2150.35909909851,2678.58554191293,1879.67139815217,2023.30274070624,1245.87109785029,2255.50060920966,1418.17241862102,2269.29130067314,1962.37320323127,750.103577361457,1752.91075650131,2488.84022002679,2272.13991985056,1745.48196372823,1356.54824306141,2130.86164088683,2315.62815136498,1286.00364849459,2084.96746213646,1254.71235503647,2118.0113860731
781.591337680207,1353.35781615216,1276.17396203421,531.931109861906,1755.11795668288,308.044287957442,2264.27267224959,1054.73275040034,892.166120894715,792.490606113515,632.48536547873,1128.66352239855,1054.04664630078,2026.48893088752,1400.2054036658,1400.2054036658,1353.77821416897,1010.86546406656,1669.90267080088,1784.98496027411,1074.30255419059,1355.7520011019,1205.90776067744,2321.11911992338,772.152905139879,621.654869215604,521.502814376427,152.366605010455,171.022045064966,1134.22882224114,2034.01219892706,1485.00338144092,781.91274403352,977.027101308105,705.044576504225,1363.93468491282,759.33439141177,1721.42850896002,0,520.495087409526,777.03869871981,2430.58304444136,588.282955671363,1082.17395493041,711.437467409703,822.994046124558,1708.05874097979,2284.49404136699,1465.55657041059,544.165892204256,1537.65023170393,632.232577128688,1355.67405481345,618.757279509429,2571.0966146938,2298.62201979209,1595.63700612808,1644.76750887204,1644.76750887204,695.987183434629,552.294156010221,1443.71887204588,209.164802249118,831.503032828684,1230.34900564483,824.253337923887,633.484263259643,271.090482233724,731.618625926653,1116.3193694594,1692.90997496449,823.324541794127,145.104438513274,1595.50496906163,535.390430053929,828.072658973955,350.575725666418,918.370575954199,867.34307552902,126.412372900094,670.02249099214,520.931942637087,833.218647267329,578.355828479083,595.992080662044,498.362573149447,440.65492298129,687.2700654403,717.75953522398,1426.61130822272,711.437467409703,514.902439269053,1256.04872163023,699.446205580948,890.489440994075,963.266666723316,904.187697963221,212.263285250248,1138.76575792248,1652.70605801167,738.177461591231,957.198915932035,526.266497817303,1025.58065661016,1240.28839181993,545.512689858064,693.597500014749,585.187873292737,873.231626333517,971.905209163153,218.338242756434,767.471649517003,566.438479983529,298.46687609737,601.677552962141,934.887148743902,620.047183248726,648.257150107192,511.702424349877,716.485363493253,530.453011768512
408.570875118188,899.864306574271,805.802817119436,1039.5350469642,1237.72347742562,309.954419955341,1747.22841930595,558.971866951397,822.353334364061,1052.52758107108,150.754493931522,795.523758277732,1259.73271936713,1508.43721345814,881.852294187675,881.852294187675,1323.00637307737,537.741461282823,1152.25571765424,1266.43759631757,553.873003011957,870.717026955817,1605.52463061389,1816.1116150402,466.652274112049,327.909613575322,668.095695380197,574.154619360801,372.008743860556,733.184630141258,1516.09070064041,1183.1125395714,1178.19425450154,587.586873992316,292.960368042305,981.852925788651,264.374462321618,1202.29888512686,520.495087409526,0,542.290149334336,1910.44779090444,91.6990119515231,570.409975691438,324.025292665199,1327.20789620164,1198.74469191049,1772.95936580895,1114.71645740106,939.931013511743,1517.51011110653,1130.42263290919,901.487685935362,540.677714006027,2051.21980344758,1778.30438441527,1086.5095237388,1124.30648659365,1124.30648659365,260.10388409355,125.676595916414,1020.76278611916,708.7947029344,492.914561011038,798.637611554278,323.454951904111,122.369751770777,275.697966646326,466.20139307535,747.851209743769,1175.10318573568,331.638751076929,605.822363683507,1079.34083828702,1033.81743827136,527.946354997971,503.595997464797,541.792106641505,402.974331133185,593.615306392875,435.064187106684,818.004194303756,1353.70789047869,178.139725888908,1098.57988765361,993.182300683526,579.452561825929,214.809243709208,240.090169355856,925.353475041043,324.025292665199,483.219886360957,735.676210898637,215.841734385438,378.971955973909,485.883578352608,842.275810853276,478.623935518355,636.673143249893,1167.53195306173,1093.95434752168,1476.80820067415,777.717991949647,1190.25420744789,989.976249758343,1054.40329067872,534.726050800635,1074.83447642807,1063.14253460458,452.206055428342,592.628191632572,1287.64034454291,1072.01014537978,614.495946362491,460.619491368445,1191.26301897256,1118.29316060145,379.528341398086,920.463034267943,426.992269131543,950.33367876482
923.017444362567,683.249760905106,651.5618449514,1275.86260809715,1247.45789088488,478.998738030058,1721.05862907603,562.136791590049,324.254328144715,790.087121464832,654.904647866288,360.983679576308,900.919372549325,1506.00728591328,945.937813179197,945.937813179197,799.517452154556,469.701457517907,1172.8897450173,1287.82659356807,738.191641937343,753.531474891705,1417.06057489533,1707.99764565203,108.253668812356,869.293631682027,1152.46721847929,710.029504065232,732.896737920352,422.550116376601,1511.62569414473,708.767471913911,1044.78506056238,291.983244638237,806.809516823064,610.406848271279,446.355440608329,1238.15855521975,777.03869871981,542.290149334336,0,1968.93075670481,476.138822406952,649.854823566153,844.289021728126,1367.17100582661,1149.65566011059,1702.45270272329,693.587894206171,1314.40956381016,991.727395341008,1178.17613495095,686.471268272275,1074.14038898028,2053.22866686455,1836.01852149821,1047.43730341735,1219.2982364436,1219.2982364436,766.870607189201,665.705480510307,721.358370455946,856.475657489283,154.445400011199,543.325546492648,725.981426442669,494.570045344475,546.947582594113,1004.95138147846,373.302769217284,1195.34365297095,446.524856910644,754.136942714131,1092.37446967622,1291.64065371291,97.8355084120415,475.427247569111,240.762988281279,387.377668768332,755.678723684439,116.496156438051,1248.87556672816,1493.39906422318,365.55330898394,1344.37212145178,1056.67562461087,449.003161512006,704.295252364259,406.624254249824,865.39218328793,844.289021728126,291.062758300718,869.331402538882,691.834796152723,542.31030999413,455.909777667596,345.542580247805,586.886508118996,641.666947226903,1016.39176712177,927.845540412257,1629.98982892799,1228.31843003087,805.629451399517,474.3016799292,1286.27902286432,1076.43763481384,1347.42850712985,727.320330737653,651.402624598574,672.511751356786,1443.55558385354,1311.84735626558,623.600179643551,180.689348394101,893.642744432193,1372.86986544023,921.02756236104,1284.42558797933,964.184415402989,1305.57332278036
1765.63515414448,1333.99998719897,1327.49700125535,2936.23758053402,721.564270567799,2183.88614447628,350.814769169293,1434.10323095007,2232.70172235733,2758.93082917804,1806.72020675869,1737.50620630216,2846.27611060355,477.568146482095,1048.02490152844,1048.02490152844,2497.05116402242,1513.32764717586,797.121154942405,681.203461255851,1358.14956065296,1223.55285000566,3384.5348542665,588.995543360036,1880.89533715604,1916.12507343148,2374.13654910406,2473.82746991988,2273.82728834338,1585.07235822423,474.149811901069,1792.88460611851,2994.14288831096,1680.04921140138,1782.4039104834,1555.6793481133,1695.87830197292,733.832980751106,2430.58304444136,1910.44779090444,1968.93075670481,0,1850.32535933872,1374.40564285455,1796.16192615678,3228.04352372876,832.930181957431,476.870376878914,1637.15779850102,2756.75919921406,2621.86333302112,3029.65884578345,1330.41366351803,2124.0620380637,234.189137463024,133.990292979045,925.1740543426,787.190441125696,787.190441125696,1773.68441643326,1891.55559670123,1398.02982306706,2616.16508459728,1818.56674885842,1464.22753206816,1617.79321018959,1802.68796541924,2177.55024704578,1900.67479146381,1663.89701045734,774.326557894694,1642.1066049027,2509.73302771817,877.719364588101,2922.99546913425,1871.09667572185,2328.99494899852,1728.20590523712,1637.48028433929,2499.31122628391,1985.5928959824,2584.46108232348,3263.31760087153,1895.14313158814,2989.580584282,2893.03529357702,2357.83093286627,1760.96117746427,1745.70925344062,1104.9975080321,1796.16192615678,2195.90669442975,1177.67169987261,1744.63861440186,1556.32331555143,1543.47906130921,2249.96292832101,2361.60427244751,1346.46413374496,1028.37337038656,2884.16619217197,3383.88780104656,2521.03757314702,2742.72499582507,1921.59648400888,2951.95249069335,2029.34304014446,2955.18394445379,2689.43447534642,1462.66558264083,2478.03854806382,3196.20912399529,2966.2899300361,2474.58567901412,2090.362875686,2859.2520808293,3004.80157588573,1925.73012930368,2750.25173490743,1880.79983256529,2784.53612419962
450.416269838763,809.412623538321,716.868727401967,1114.54880623587,1167.00724533743,340.799206184592,1676.03026391745,474.53793707896,772.633452097813,1052.53420354853,180.399357695874,708.736006169458,1245.39618946772,1438.52413322941,812.712575780586,812.712575780586,1268.6934349332,448.156138617067,1081.89257517772,1197.35187230587,492.488177175896,784.499781609779,1625.17248068827,1737.12346586173,391.437229667229,397.344617399449,759.531585173233,624.251439312889,450.54528126227,641.973346581752,1445.99728470725,1096.54674614184,1202.06996450093,497.782560353479,333.168021347917,890.815417608036,177.143387140166,1134.29943506749,588.282955671363,91.6990119515231,476.138822406952,1850.32535933872,0,494.175686760071,369.448914801569,1379.39355879251,1121.50048877787,1697.28802728313,1024.89204107637,1028.0265898725,1462.5581215272,1181.40829349079,811.092970648423,624.540901729183,1984.55494319461,1717.42594004892,1009.07301584759,1063.13905212142,1063.13905212142,294.610061745463,195.581150916456,929.142071568981,765.998863567125,410.900344228726,707.028330977072,306.328349797439,48.7223118439487,327.289677790187,529.820268078408,658.43202392839,1104.94895406663,244.207774977164,659.461264861093,1007.23543518125,1111.26885084742,450.847916217109,518.646927734314,453.679591791025,311.754558772462,649.00525829092,376.838054631813,909.033439891043,1419.56557442006,114.921905948855,1175.20985846281,1044.3184974745,582.633925864202,235.93086145965,148.742267812216,844.008327589037,369.448914801569,464.31403442606,672.721825694894,228.185015655288,302.275591313342,396.634340155725,793.190308986687,517.604662851806,554.978296329761,1081.9473319469,1111.05828801146,1545.19698459843,869.284375348124,1170.03707186722,910.08002378312,1129.03057747825,610.773183220255,1154.24797366861,1050.29793286367,387.66204217258,634.040737907829,1355.0267648271,1147.73194545523,644.818493069543,420.70741547462,1187.41769697788,1196.06226913131,448.886798502536,1007.64752778683,488.58635235253,1036.95444101085
643.858427703401,428.904011113467,315.233976152174,1608.29589899368,675.262870168092,813.812702638616,1183.08911971905,99.5452950834771,962.995632832148,1416.52166456511,516.521509112203,600.171730965816,1549.83847700591,947.039802834589,326.57948876414,326.57948876414,1375.65539226573,193.730093596885,590.881712505732,707.619804000444,130.489556915666,335.739287779451,2030.55139322096,1245.91775994396,545.969822472632,719.398629412797,1178.94712574541,1106.71733160906,942.014396597904,437.420925767351,954.306104559266,921.350408946946,1626.90183761972,413.33700187947,579.836432213491,633.952016679041,325.735384517391,646.672336866541,1082.17395493041,570.409975691438,649.854823566153,1374.40564285455,494.175686760071,0,614.070993722513,1857.23088050652,628.350121810771,1203.31077154893,790.577940370193,1499.33380853998,1552.07021561311,1658.80491056247,428.715323529813,976.893184215008,1496.14903627059,1240.52673115831,516.099804629026,593.300932601874,593.300932601874,548.295640347062,597.665711476062,588.865637260278,1253.48714643229,496.941115294958,404.796072646315,383.726593322697,450.653950700615,816.982713609502,790.151307093559,511.078580933663,614.117532141899,268.132011922898,1144.82091840721,514.49089726734,1603.85426604728,558.955713905852,954.890950139065,433.070565261924,272.671315678961,1136.00877280567,633.55614057547,1359.39806163815,1911.57865629005,522.520381532427,1668.29532384052,1522.99428496743,988.308641460417,500.76380262793,373.235022602933,360.440299107775,614.070993722513,830.792700198638,219.92816581716,478.951873648019,192.050884187507,194.252973194479,983.57781719196,990.441741466325,91.6811082141973,616.771754494745,1521.40536549795,2038.43446312452,1309.30027038719,1455.45573943692,851.463599429197,1622.8935578945,917.480339813784,1645.24415537125,1371.2582936064,146.901113335283,1106.25377616211,1847.93208821624,1641.23373388811,1100.26252614004,733.187259564007,1532.48660971511,1688.45055687541,756.003979139906,1482.85779896286,750.921552066176,1514.05704303587
84.9495293177115,1026.73689882209,916.8843496832,1159.20362739427,1193.27006427591,605.094408931913,1690.3724943664,654.715552894836,1140.68852641617,1360.87819457863,189.427770427407,1035.93155374378,1578.24795141116,1450.41921218478,850.028068591921,850.028068591921,1638.05804289207,681.320753097614,1109.74266080643,1212.16066236726,529.226278458104,949.706028564497,1883.55279973513,1805.10474850046,754.057516217793,120.848208410586,592.549084793063,813.815473456024,540.416706997235,931.780445398549,1458.82037689497,1418.1195457749,1453.14289802735,812.877895806678,39.9793342406063,1175.1877957261,446.665641114203,1145.11594834902,711.437467409703,324.025292665199,844.289021728126,1796.16192615678,369.448914801569,614.070993722513,0,1531.90453765127,1193.8519016415,1741.42973275104,1323.17175598209,961.242165317333,1831.9873064335,1343.41730838189,1027.29791855268,366.473917649976,1965.34299686506,1669.7964964522,1088.11706993729,1037.85554939571,1037.85554939571,81.0960148585411,204.94281037875,1174.32528496077,919.843995890308,762.432672385925,960.97366650889,230.60807128691,350.877341001912,544.85624787805,183.320980498744,970.085591903175,1130.39523370807,494.363740505029,834.054547258085,1050.02679864615,1139.57581648139,810.154352349788,805.468715700752,782.532717642655,588.842684433867,817.902581504317,746.189165259735,794.549693570187,1507.44028374371,483.642265454392,1206.43161428656,1209.76539332581,890.400518023168,146.249127108404,461.583292104548,962.373239398104,0,806.316499626669,688.454422826986,164.508344738937,470.441271746709,632.791916969389,1161.03487611989,748.48217890568,702.923426816488,1225.50901164599,1381.02733344881,1616.2893088393,734.969242083727,1511.79207824035,1258.13158442226,1175.54735279213,303.817541329663,1166.19997107389,1381.35705363138,467.17208372696,850.645241621257,1436.39239831155,1186.27125871218,891.848498264024,782.705347579163,1502.32437337097,1218.40723458407,144.469557183734,954.099539539715,141.162419791183,988.375422610736
1598.11715614738,2040.88450782412,1988.72383616818,503.495384540708,2530.38367998283,1044.30600160025,3033.28789404725,1809.7260806202,1278.4400694058,768.97218111971,1451.80605290428,1716.07669995387,968.154177176225,2801.47711380556,2183.24127670075,2183.24127670075,1531.86132503702,1745.29719771724,2447.03542201636,2564.26243786038,1871.67325728668,2082.2532811082,624.866366243611,3056.34057622446,1417.72820171727,1434.69413520646,1165.09150925821,755.178661825767,993.136294893138,1787.05214833118,2808.40853159874,1983.04425762239,459.100745262446,1641.97358617623,1527.37504758392,1969.45781128065,1532.92554428464,2503.89400705013,822.994046124558,1327.20789620164,1367.17100582661,3228.04352372876,1379.39355879251,1857.23088050652,1531.90453765127,0,2463.14235836642,3036.24380229103,2023.7718851132,854.004030910927,1655.95672754305,198.453991207788,2043.8584307232,1366.01786717401,3352.46628869106,3094.67612380778,2352.6108769257,2441.19826397422,2441.19826397422,1518.98087138375,1373.88824525115,2088.378423607,620.046559782115,1485.28982545677,1903.60942047397,1642.63942171964,1427.62647703982,1053.68144128167,1528.25034822125,1740.16989713357,2470.33074160707,1589.26350086648,721.476278350856,2369.00183450202,552.954312539711,1453.40537299692,917.790805723236,1582.92136852891,1607.68941746069,733.655242730722,1302.00823888356,1008.77296217113,267.762459964135,1334.71255543632,517.701118753896,335.116925833806,919.454407937359,1508.66395751464,1484.0898767714,2173.84340551734,1531.90453765127,1083.89501399889,2050.80486326311,1519.76180249562,1671.97808939306,1705.56641541289,1276.31944088259,866.919886512981,1897.67949436044,2367.09262887962,562.64730864805,369.630734349773,1066.23506304799,1025.53920556133,1719.79605362481,490.632843436565,1459.5991463285,585.700775456436,916.40386171728,1766.36350257825,750.985344634709,293.219158938955,505.880816676254,765.006909509185,1199.19658427745,818.778065565966,539.412510494936,1454.14706330891,823.693462776995,1520.64774555602,801.041638455354
1197.65742482695,501.448580816114,499.576734180345,2236.04857005777,148.061133063591,1428.91684077395,573.611366720711,656.55250623909,1401.23878081146,1938.10455042128,1134.48422899537,904.710523850114,2014.81481235746,358.766120359515,345.116575910386,345.116575910386,1675.76842848365,718.118359880577,149.951820112559,190.251989522981,670.353335049601,396.392993870846,2566.14793290478,618.745862839517,1069.5800791474,1310.59882547867,1782.27955813397,1722.5647693053,1570.32964475407,753.373371539356,363.728425819731,1000.87475636725,2189.26787347394,857.900511244944,1166.65404417098,735.737897454492,948.755235698496,192.375916196442,1708.05874097979,1198.74469191049,1149.65566011059,832.930181957431,1121.50048877787,628.350121810771,1193.8519016415,2463.14235836642,0,576.753035048396,839.053728482737,2121.54640354252,1812.21287272095,2265.6619153768,497.864638806253,1558.73311952447,903.694300528494,704.350124898937,112.441152787522,310.292662536798,310.292662536798,1143.21399880571,1218.52440834094,582.212801223557,1872.13755107512,1004.34503806908,631.643324247155,971.852914507465,1078.79847425505,1440.11396435999,1348.57782097183,831.246547506063,150.483745473353,885.598027395249,1762.45470647906,157.702806926045,2232.12212318182,1052.30711910749,1547.34699441257,909.965869383459,855.950703982656,1754.98221226887,1180.06810441529,1973.5123548727,2533.28171916452,1137.51928795266,2296.43741839452,2132.07115598036,1562.35463405091,1107.59921436632,991.868592081801,289.849064716973,1193.8519016415,1396.83893929325,506.414577562898,1086.98781680765,820.178372160847,757.85472008029,1418.16329775561,1601.78067410907,570.268713099156,231.587319619297,2075.02548664944,2662.04004467741,1919.38274514652,1910.74723018272,1097.08905242128,2250.52166591751,1483.03493026823,2273.57442653234,1861.82291649748,756.504876437824,1715.19908935064,2471.12765776839,2269.17618852403,1698.72213237145,1285.99622012763,2032.75413845626,2316.75425749374,1337.94581323752,2106.69644060263,1315.62117179375,2138.52572207498
1733.51111848538,1023.7920590028,1053.75064848648,2811.6061857794,548.166496858175,2005.23190807917,140.816316868708,1233.05929667961,1923.86732960051,2481.42756092523,1700.94832505489,1415.25642814796,2531.11391255322,308.673398282372,899.083612997739,899.083612997739,2119.60316771087,1291.37182959231,632.189758888638,531.240417827288,1233.13786728483,955.965593416712,3109.34016313347,123.964748164814,1630.87623950188,1861.05483489113,2333.9134137653,2298.74478349962,2144.92271061776,1287.54693265036,299.920658638964,1393.90033114311,2747.1286019756,1411.71842830399,1718.05453474073,1197.90043356356,1525.31422233506,598.151984636104,2284.49404136699,1772.95936580895,1702.45270272329,476.870376878914,1697.28802728313,1203.31077154893,1741.42973275104,3036.24380229103,576.753035048396,0,1249.05373942124,2686.51020286203,2225.4915871876,2839.30005502141,1020.37379519276,2099.65060744949,404.055028697538,419.769013624602,689.045457837075,720.385167367582,720.385167367582,1698.71703396713,1786.00052586627,1041.8857456116,2448.61370573082,1564.13715330865,1163.59959039763,1528.99524429301,1653.93740285973,2016.83856472912,1881.6549273199,1356.04974127799,611.15148826641,1462.34149832233,2338.85225417289,697.51917685791,2806.77520426719,1606.98271759078,2118.96776953293,1467.4002636468,1431.0923048147,2331.53280692034,1744.10554716097,2531.85467659542,3109.95666059194,1714.09562239347,2871.42845465351,2706.47832415787,2128.87172960061,1669.0323253956,1568.62120256655,863.392616430955,1741.42973275104,1962.6743507714,1057.6567492759,1649.27339110261,1395.36110710658,1332.91258566288,1938.64989243041,2177.3588660673,1147.00818444677,690.184192315361,2630.16644718955,3238.79296872464,2474.87856272139,2424.74431413911,1560.82573239305,2826.19926354595,2016.30796529844,2847.20912258888,2393.01986412965,1325.7849354003,2290.15536784727,3047.87932786428,2844.50753720503,2271.27172741607,1849.77956485058,2565.30355846897,2891.23886166798,1883.15020480831,2673.37549109259,1852.76758050556,2705.83535916166
1378.52516605149,409.078877150723,504.959739032332,1969.35510599492,983.150584471573,1160.3380934195,1317.26246614512,706.693191978597,762.842414224168,1337.20699752141,1160.46818514923,337.076923427562,1325.24697924,1165.06118316369,870.175148748828,870.175148748828,870.551811751856,650.108626578228,946.322626535878,1027.12257602628,920.609819774946,563.467772423472,1942.75795846011,1211.39148742702,696.427919256598,1396.86812655728,1780.11056949385,1403.55460063249,1399.92293058142,391.532604133374,1167.084835776,162.47283364549,1643.55427314591,527.159341739932,1283.56277442119,156.642605961223,883.922298390543,1010.49917472453,1465.55657041059,1114.71645740106,693.587894206171,1637.15779850102,1024.89204107637,790.577940370193,1323.17175598209,2023.7718851132,839.053728482737,1249.05373942124,0,1993.58693715611,984.852254769827,1844.57764680476,411.485819848965,1643.50155873875,1646.42670988505,1518.75505519339,789.523304823776,1073.37209994481,1073.37209994481,1243.68806050279,1211.92233067599,264.731842885068,1549.05527022753,643.807510579502,385.786111845723,1117.566406335,1012.64238966699,1217.67218905908,1506.08896861539,367.129705073452,960.823361378937,829.710548780058,1447.63799480444,885.237687739223,1985.15647846961,638.098750722691,1166.64448348945,574.935946036009,736.52144090717,1449.26513601277,795.669774930542,1908.18893496972,2173.98916018205,953.745985125111,2037.91718028495,1732.003436074,1127.01692284974,1180.65890848707,885.06626369623,673.988314886345,1323.17175598209,980.789598282706,917.762290572033,1160.35453761292,861.227043918616,694.185098234005,770.957206538018,1280.36689022942,707.939637063047,615.725069207349,1520.55664886119,2311.23409177044,1877.9180941352,1218.33772990918,332.477555861735,1979.65242170497,1613.70362159444,2040.69049705264,1220.64441597636,909.145303135762,1364.36912177824,2128.00399579518,2005.34501109801,1310.29895760202,874.11380764538,1388.95194048747,2066.45751210542,1444.68382465206,1965.74915658239,1463.45968218953,1989.01878449871
993.099606635375,1835.4002843768,1744.88348444072,350.606649150911,2140.44348473845,836.09424394071,2644.66943562589,1497.9624796924,1431.9191498551,1221.34883443289,987.085454802542,1656.99129561824,1489.36430095509,2404.03134712532,1787.48009616982,1787.48009616982,1875.04960036087,1476.01437760613,2055.37087478284,2163.09025793742,1453.7621082241,1810.37217028828,1429.81412724106,2740.05530732638,1297.21217808295,840.834664649785,401.027675598884,657.606401938351,596.212321667096,1641.56776186784,2412.2462129434,2023.08845974376,1077.89617850341,1485.63313290752,977.736863298551,1881.48132441804,1204.14189012455,2096.48615558178,544.165892204256,939.931013511743,1314.40956381016,2756.75919921406,1028.0265898725,1499.33380853998,961.242165317333,854.004030910927,2121.54640354252,2686.51020286203,1993.58693715611,0,2051.56757841607,747.92778112451,1837.2439506465,653.339465123841,2925.99548954924,2630.92690293995,2010.8310438657,1995.9973428707,1995.9973428707,991.742722267401,903.159166492862,1944.68570256298,570.537854615801,1351.12154836744,1724.7096966389,1158.77861535878,1062.07244730538,775.95122748646,868.959682904958,1634.90612267434,2077.10490802508,1271.43626810869,621.930052107481,1989.1856659933,302.232831881154,1356.41883607876,890.47336515161,1429.82670624154,1336.99864477889,610.452279987961,1203.24771854928,190.01599095592,690.95132294569,1060.31908469329,349.841625335897,682.649973761187,973.215154391218,1017.59117020728,1175.15851947318,1859.11410799299,961.242165317333,1059.0648040703,1629.3134576118,1037.24065388096,1312.61293618266,1424.64064120337,1442.77206649073,753.675089716597,1572.68807762522,2106.56015891866,1092.94152474127,753.201946501342,259.089603191679,1487.27694581003,1782.48945024235,364.033331368442,754.958904368739,283.674646161897,1335.42883856195,1365.15026507955,720.768309314248,621.08266118811,352.447892053717,802.191584043306,1142.95704617513,1347.66529253519,340.568403543319,832.098043577047,38.3592662238092,881.986902055807,53.1158132703749
1912.51500944759,1329.56283019472,1382.89614994758,1858.64282611539,1950.7269157922,1339.26330469337,2300.41484758184,1452.61176508628,697.045201814336,900.031284249765,1642.8599758008,965.305332689799,694.046538654855,2148.42577313914,1762.72195140351,1762.72195140351,194.621364938995,1359.38000380126,1902.37694671773,1995.1756699006,1668.65953458534,1474.30635225518,1286.94806754621,2176.18650755247,1091.59354359879,1843.91322813831,2030.46207080996,1400.71972791437,1584.40752446204,1138.8941565562,2150.72877194681,832.452427190104,1196.9681226846,1140.6305556737,1795.5461962255,1076.91542781172,1431.91093357254,1969.39220957881,1537.65023170393,1517.51011110653,991.727395341008,2621.86333302112,1462.5581215272,1552.07021561311,1831.9873064335,1655.95672754305,1812.21287272095,2225.4915871876,984.852254769827,2051.56757841607,0,1546.09382277588,1332.92263273825,2016.97969474739,2626.59283460873,2502.44882003971,1747.28473961872,2007.81573642934,2007.81573642934,1756.31656589682,1643.17961218444,1230.42314450565,1483.88632999891,1104.80462416525,1230.72934915778,1714.58996503592,1485.00513457366,1422.09403013198,1983.53131700466,1055.53094956988,1919.78785186349,1419.28695104738,1432.33947209804,1832.23466793331,1896.69961382334,1045.65014900619,1194.98557913727,1132.87028638221,1340.25364420642,1445.60181834906,1085.82951143446,2058.39168364541,1893.36901700693,1348.49328452475,1922.50652705784,1496.1648124118,1098.90541025059,1694.77955775592,1396.31032216201,1599.41810153541,1831.9873064335,1079.76156973823,1749.24587903437,1683.02078719728,1504.84662994533,1372.51961515643,678.088290902427,1330.16444298554,1504.19648688428,1596.79048365234,1098.61234457446,2018.11092969029,2061.91681262313,630.816721781913,727.669039277123,1861.01584824496,2038.28300523823,1958.07178109894,756.179684951343,1603.19089652507,1334.6508373382,1878.9841711025,1890.16802388354,1251.83781016424,1061.97629745167,838.200396798626,1955.66552589816,1895.00408016813,2014.45374333338,1944.4945305065,2022.12241845432
1411.95598936507,1847.62992216516,1793.33896447064,414.154119085848,2332.10985209208,845.868468803908,2835.37307033248,1611.73118489459,1111.16954409511,646.212831471861,1257.11238404423,1531.00855217442,878.384045371069,2603.27276005194,1984.79142602616,1984.79142602616,1406.91553434656,1548.07102586911,2248.69819623377,2365.90092905275,1673.54987027949,1886.0835919677,681.96999663084,2860.62932890744,1224.71233016904,1249.82829173556,1014.21029267441,557.388936553619,803.170177164886,1595.87549524297,2610.22498356207,1811.63408573,380.27000357791,1448.97795373742,1337.22849118208,1784.18008578257,1334.47219214001,2305.47302913861,632.232577128688,1130.42263290919,1178.17613495095,3029.65884578345,1181.40829349079,1658.80491056247,1343.41730838189,198.453991207788,2265.6619153768,2839.30005502141,1844.57764680476,747.92778112451,1546.09382277588,0,1850.55585329538,1198.47852112494,3154.15902620509,2896.27052003832,2154.96276895361,2242.87049205114,2242.87049205114,1327.29369479667,1180.36147357898,1899.41700490323,425.924705522385,1292.17967552877,1711.12895152666,1447.38045157424,1229.71373233301,856.224995001138,1349.30922043753,1551.47795163833,2271.99178464555,1390.86150054828,524.644905183485,2170.73410798263,465.26900952036,1262.30368718864,722.094016719826,1389.6222438581,1409.96299487449,537.440803313844,1108.89178884481,879.795310500426,351.882517285191,1136.28460408018,453.091096544137,137.267067173002,729.245845154501,1314.82668005304,1285.64921945799,1976.54469655581,1343.41730838189,891.918127068645,1852.51258287822,1325.36026582597,1473.54367119647,1507.92102117401,1110.99480525177,668.467161022401,1699.62805288914,2172.30329560116,451.570741150856,484.78926950088,930.709110826731,918.348453827685,1548.13129417161,406.398383335014,1288.59196379595,513.751481851952,791.87943698463,1568.17377964563,552.58281172608,332.993858209816,430.138497035249,568.737990117956,1007.24438316904,725.236421406084,482.600218104537,1271.9492053818,713.324856467824,1339.25240474445,697.104805830505
1066.13360578092,3.58638848116184,113.494909685007,1885.87494072176,625.014774203692,1052.93383798899,1050.85636441153,372.582689601202,909.248268939614,1461.08557923796,897.581732305244,407.178058646166,1521.62038877374,854.166306456269,459.086874284351,459.086874284351,1186.22010796571,364.604753271872,570.519315262606,669.223219391921,550.063047837289,152.285410488323,2089.15705139679,1021.64453596878,626.130983514031,1122.20301194527,1558.40639583052,1336.43610680946,1247.7707999944,267.227252936794,858.418397627824,567.234958976925,1730.24418272775,401.932191389844,990.302876300653,268.944895788032,638.776134609604,638.047897856221,1355.67405481345,901.487685935362,686.471268272275,1330.41366351803,811.092970648423,428.715323529813,1027.29791855268,2043.8584307232,497.864638806253,1020.37379519276,411.485819848965,1837.2439506465,1332.92263273825,1850.55585329538,0,1379.72768002507,1386.29578070826,1202.21477511697,417.783805572034,678.096011196871,678.096011196871,954.57989108935,967.522948139438,165.88027171287,1488.66221152472,558.569337117324,143.589318843734,801.581570173577,781.909721915775,1086.06297962078,1208.19583785971,337.9176372575,588.82655868332,572.525608406706,1379.37822178605,499.31265375785,1891.06417290307,593.776029454229,1130.01854462624,460.976647306994,500.300215717561,1375.60750861298,741.866259648146,1719.26171678568,2147.00267335821,782.235427627728,1951.16870074084,1722.84400360584,1125.68344370251,898.667849595389,662.756267360258,269.886999122642,1027.29791855268,960.205562629916,513.671746305939,876.755100529405,560.641456864269,416.85218920782,925.297884658915,1210.40692364843,337.441475213913,330.881089102222,1611.9720367221,2281.02820851814,1676.96607245104,1416.6493373684,607.866009788892,1898.69733737061,1330.34561863322,1939.96942228071,1375.35834752434,569.10614063178,1315.55693400948,2090.85275438817,1920.94471356021,1283.66793546086,845.099230780225,1547.35420056879,1975.69428263482,1163.93669209895,1815.33468439188,1167.40802672537,1843.4553081318
366.466205681797,1378.86661855759,1271.93620415286,920.835920683862,1552.23475581668,684.623586029629,2042.3092570663,1009.02049186653,1322.1906918942,1391.48004355236,486.625897784172,1333.05172963415,1640.87006430083,1803.84218655443,1214.12334170001,1214.12334170001,1823.17767900227,1022.61074817319,1469.84424240477,1568.75034823287,895.698516621172,1311.43533178517,1819.79813946174,2167.03316491166,1006.05092955533,258.182123980099,254.207763326045,762.867572037301,480.76345002142,1254.48426872604,1812.38173643362,1720.82614927397,1399.63556697983,1118.57850858769,397.789918390829,1502.95200021144,761.623613163534,1501.71321923141,618.757279509429,540.677714006027,1074.14038898028,2124.0620380637,624.540901729183,976.893184215008,366.473917649976,1366.01786717401,1558.73311952447,2099.65060744949,1643.50155873875,653.339465123841,2016.97969474739,1198.47852112494,1379.72768002507,0,2304.94035252667,2001.9653548095,1453.86480572928,1387.83750011712,1387.83750011712,428.738976400549,432.092701256244,1519.29834319191,812.534498296547,1033.48299869203,1300.53375973655,595.685142378463,631.386860794551,602.742575814662,223.439719840013,1279.48131608402,1489.87867616488,820.958559860677,763.536025776976,1412.81712452856,889.270172986223,1067.89306484884,862.642278710137,1077.41062218127,910.232769472013,744.885462573865,961.061455372421,468.58633044537,1283.78213272585,717.26551322608,953.500333484924,1078.99170739701,961.407225995079,481.24958296999,758.599631297394,1328.41060547576,366.473917649976,939.154074874353,1052.51603995068,503.231608046998,819.104479152183,971.500447404074,1340.21984035805,755.048013210502,1063.9408154651,1590.96820036702,1355.99353041445,1373.9981324154,401.656277072197,1595.32092919416,1530.36515132839,937.439424938845,101.926089205678,900.860284685877,1449.25151564277,830.434258192499,820.841619080326,1210.79300281993,940.732403970237,888.35659814881,959.756333303474,1536.03795117464,957.627526124582,222.112346082336,656.192805694113,247.35895496872,691.177597598487
1941.74313304801,1389.83480994609,1402.23985747581,3086.92780730969,822.14444727463,2309.92848500728,335.727417261663,1544.09107756066,2295.52095729781,2840.81184466752,1958.48504518086,1790.12726811527,2907.24670925348,551.952813872071,1172.09469010633,1172.09469010633,2516.30372732013,1615.05592376724,905.514772049861,788.530242515034,1497.73793529106,1299.71835196121,3469.13840147832,481.898066575917,1972.79142773744,2086.11095345541,2551.45112024489,2602.81568591441,2420.1724684046,1650.37058501846,545.417969185896,1794.28609827893,3092.32309425373,1761.34671777285,1948.31249938238,1585.42332836526,1821.68095276153,850.391145071635,2571.0966146938,2051.21980344758,2053.22866686455,234.189137463024,1984.55494319461,1496.14903627059,1965.34299686506,3352.46628869106,903.694300528494,404.055028697538,1646.42670988505,2925.99548954924,2626.59283460873,3154.15902620509,1386.29578070826,2304.94035252667,0,315.272997962379,1008.69654886065,932.562435066276,932.562435066276,1935.95569669272,2044.07828234177,1427.67764749626,2748.86860946524,1907.86302758351,1526.71215872849,1773.82649716225,1938.21675720278,2310.93709349092,2081.78518718096,1724.19286214937,882.231686241373,1763.57108629319,2640.62303147528,983.529474444582,3076.76025897675,1955.96069300725,2442.18458610812,1813.66014155445,1747.49260675468,2631.43419333649,2082.29812323174,2758.77925967503,3403.85891619656,2018.29169157344,3142.84649536212,3018.75403639725,2462.46630737253,1917.26431231222,1869.28029831863,1191.11436936026,1965.34299686506,2297.74263387737,1315.92714290912,1899.58514650385,1684.56035541448,1650.6468560448,2311.42570397757,2486.21632040605,1455.88069625973,1063.86395367497,2978.55823755049,3528.00507906703,2697.13769837207,2801.77494042222,1951.14264852386,3102.27294843916,2213.05213931447,3112.05174109418,2760.80018640493,1599.21884482038,2601.63204365429,3338.56707993769,3118.13866968912,2591.434612751,2188.12915013786,2932.44938577405,3159.79817558348,2099.77770953449,2917.25414954747,2059.04642850991,2951.04550740884
1641.50176308988,1205.79871066225,1196.3023045352,2806.03629019525,589.077653752294,2050.44404626487,280.450997470836,1300.13801879667,2101.96179468554,2625.90908416814,1676.21459882127,1608.94120274592,2715.39935091933,354.074048388825,914.100112466225,914.100112466225,2374.16689356759,1379.5648807403,663.674716973899,548.197821429174,1225.49512378523,1092.39624643963,3251.19928291995,541.399205101035,1747.48050852149,1790.0925757015,2250.81383881404,2340.66862079644,2142.64933362174,1454.72804693558,351.733641409532,1676.18287542427,2860.25202268977,1547.61169476385,1655.09187644952,1432.27211883833,1562.28008059632,600.046183062556,2298.62201979209,1778.30438441527,1836.01852149821,133.990292979045,1717.42594004892,1240.52673115831,1669.7964964522,3094.67612380778,704.350124898937,419.769013624602,1518.75505519339,2630.92690293995,2502.44882003971,2896.27052003832,1202.21477511697,2001.9653548095,315.272997962379,0,793.942508336078,654.371764945323,654.371764945323,1645.41570791684,1761.24806673688,1275.22822858092,2483.36929738279,1685.35284233711,1334.54441253586,1487.97232328848,1669.89378299766,2044.69628269491,1778.53124667952,1534.1834883913,640.968450942075,1508.29094578126,2376.74316053049,744.286899103791,2793.38319274096,1738.19361453008,2195.04957924273,1595.34716578373,1503.49652477388,2366.43109460148,1851.89081735207,2460.17947825229,3131.57737082788,1761.46398647441,2859.88810729538,2759.7102603075,2223.85986633558,1631.31535413889,1612.01080892618,972.879713451918,1669.7964964522,2061.99606567965,1044.70571778278,1614.70077331577,1422.81558944556,1409.54409314916,2119.39549638981,2228.11136660104,1212.5237445997,906.243488090468,2750.40483863346,3252.68794622887,2397.34527573002,2612.16034993973,1797.29106177259,2821.68779290149,1908.35613524993,2826.23319445747,2557.3951474788,1329.77486303295,2344.50671329929,3064.70860689067,2836.31474255315,2340.74598006855,1956.5932582335,2726.96065735995,2875.46572338053,1801.00571042159,2623.76691205186,1757.53386695393,2657.92488650466
1095.06852606951,421.291694370387,402.378414299326,2123.62182958154,208.09707665386,1317.11188869834,681.784591019663,544.737978232375,1308.05711375262,1837.15369647561,1023.95265678312,819.6076740227,1921.45772060001,458.779000921661,245.734588312926,245.734588312926,1603.70379597777,608.431499247522,156.896281101568,251.935297010667,561.890591715997,298.456876381961,2464.49770042749,730.259898864653,964.425092544902,1203.84307470956,1674.58614817547,1610.81685943829,1458.00888098923,661.304950755782,464.598438227897,951.94839816709,2083.70340863498,756.652606690956,1059.96902430613,671.955542009075,836.348955138832,222.510489992192,1595.63700612808,1086.5095237388,1047.43730341735,925.1740543426,1009.07301584759,516.099804629026,1088.11706993729,2352.6108769257,112.441152787522,689.045457837075,789.523304823776,2010.8310438657,1747.28473961872,2154.96276895361,417.783805572034,1453.86480572928,1008.69654886065,793.942508336078,0,295.889043874703,295.889043874703,1035.48960953193,1107.68259469884,526.023450303446,1760.19584851647,899.983059465118,542.726674904185,864.09244425109,966.439654108147,1327.79338889821,1246.19778122362,741.835771029993,172.736143225544,773.310232960527,1650.57128104349,104.823938889968,2119.77091545669,949.751035286932,1437.61428150306,806.938931938654,745.013885076157,1642.99077335055,1073.6023043775,1864.20688457252,2421.16475967915,1025.54427433086,2184.05205340665,2021.09362594573,1454.486489613,998.376794271731,879.616790792234,182.536406435161,1088.11706993729,1289.38115512056,404.102797896209,977.574672516345,707.840911639792,647.050526878798,1325.57001624558,1490.36397517583,458.131571933462,226.860962442384,1970.37691195263,2549.77888860616,1810.72095952017,1818.30402236712,1024.90051058977,2138.08883480027,1380.21980204566,2161.34300050115,1764.57591257591,645.689447356885,1604.05491114418,2358.88849782324,2156.76360862173,1588.56795279845,1179.44161075138,1934.77559258446,2204.41897105525,1232.47093314427,1995.65541527883,1212.28601036057,2027.35877646504
1021.55486336319,681.285906398839,627.566674435076,2155.72688408719,202.931928223444,1397.35075361725,654.484751751475,663.398855316581,1510.66734053963,2002.0574107088,1026.33748613239,1054.44947912676,2116.59450065287,417.143998360245,273.639679345787,273.639679345787,1853.68723452027,750.908926743583,160.345672548555,198.033713920801,571.132165087054,533.509332954416,2620.93514329938,803.855720878988,1122.72995793018,1158.65135232507,1628.55178677921,1686.71997327358,1490.30999725279,884.258506102424,425.799839658448,1234.86667484803,2220.02066625387,943.35338070342,1018.66157157999,944.564872470126,910.300388983236,139.715817652899,1644.76750887204,1124.30648659365,1219.2982364436,787.190441125696,1063.13905212142,593.300932601874,1037.85554939571,2441.19826397422,310.292662536798,720.385167367582,1073.37209994481,1995.9973428707,2007.81573642934,2242.87049205114,678.096011196871,1387.83750011712,932.562435066276,654.371764945323,295.889043874703,0,0,1004.60242651079,1111.84335577708,808.666828883001,1829.02686867855,1065.2233402402,779.405989843517,841.305078520844,1015.5434138443,1390.38005545357,1167.14028871334,968.701470611534,163.033454606737,858.747458773459,1722.54381126504,192.067005659205,2144.73598901908,1122.85378111639,1547.12875910059,983.016136947805,862.877269378955,1712.13408083287,1219.96094467597,1832.39631038706,2477.91877001588,1109.95200271918,2210.95194414045,2106.12853825432,1581.52718076593,984.716398634951,960.830254337613,408.879233509136,1037.85554939571,1422.98063005883,390.500756919064,967.030606360145,770.356211210255,773.512135818186,1529.82956261515,1575.20167423145,579.066713366974,518.232037300454,2113.66774222815,2599.91394313312,1772.48356196998,2017.4092114496,1280.30404322515,2171.20124382991,1301.12627382862,2179.57922380078,1946.6170633639,675.477458650599,1691.75812957295,2411.43078583584,2186.59836385154,1690.54024610926,1322.32948712182,2112.19562670318,2227.56836225915,1175.89844562325,1986.27950527704,1140.48654596823,2019.85677556136
1021.55486336319,681.285906398839,627.566674435076,2155.72688408719,202.931928223444,1397.35075361725,654.484751751475,663.398855316581,1510.66734053963,2002.0574107088,1026.33748613239,1054.44947912676,2116.59450065287,417.143998360245,273.639679345787,273.639679345787,1853.68723452027,750.908926743583,160.345672548555,198.033713920801,571.132165087054,533.509332954416,2620.93514329938,803.855720878988,1122.72995793018,1158.65135232507,1628.55178677921,1686.71997327358,1490.30999725279,884.258506102424,425.799839658448,1234.86667484803,2220.02066625387,943.35338070342,1018.66157157999,944.564872470126,910.300388983236,139.715817652899,1644.76750887204,1124.30648659365,1219.2982364436,787.190441125696,1063.13905212142,593.300932601874,1037.85554939571,2441.19826397422,310.292662536798,720.385167367582,1073.37209994481,1995.9973428707,2007.81573642934,2242.87049205114,678.096011196871,1387.83750011712,932.562435066276,654.371764945323,295.889043874703,0,0,1004.60242651079,1111.84335577708,808.666828883001,1829.02686867855,1065.2233402402,779.405989843517,841.305078520844,1015.5434138443,1390.38005545357,1167.14028871334,968.701470611534,163.033454606737,858.747458773459,1722.54381126504,192.067005659205,2144.73598901908,1122.85378111639,1547.12875910059,983.016136947805,862.877269378955,1712.13408083287,1219.96094467597,1832.39631038706,2477.91877001588,1109.95200271918,2210.95194414045,2106.12853825432,1581.52718076593,984.716398634951,960.830254337613,408.879233509136,1037.85554939571,1422.98063005883,390.500756919064,967.030606360145,770.356211210255,773.512135818186,1529.82956261515,1575.20167423145,579.066713366974,518.232037300454,2113.66774222815,2599.91394313312,1772.48356196998,2017.4092114496,1280.30404322515,2171.20124382991,1301.12627382862,2179.57922380078,1946.6170633639,675.477458650599,1691.75812957295,2411.43078583584,2186.59836385154,1690.54024610926,1322.32948712182,2112.19562670318,2227.56836225915,1175.89844562325,1986.27950527704,1140.48654596823,2019.85677556136
156.23283177114,953.890763645,845.298218016478,1167.71874809888,1151.08316464035,556.796706514172,1653.23028778628,582.424387120836,1067.23118226823,1309.10118878375,114.75404187761,954.913054389965,1519.70836372244,1412.66872803999,802.098366668429,802.098366668429,1562.70720902097,604.398787530635,1066.56415382099,1172.33479339345,473.714649000744,882.707331194864,1846.39794616865,1758.18626063255,675.002753265545,171.166705058869,639.127350456598,786.041357866161,526.333559540935,852.183705198109,1420.93071864829,1337.42426961463,1416.54730285095,731.974649538361,41.2558276227529,1096.48358096824,365.667780014551,1105.53941402161,695.987183434629,260.10388409355,766.870607189201,1773.68441643326,294.610061745463,548.295640347062,81.0960148585411,1518.98087138375,1143.21399880571,1698.71703396713,1243.68806050279,991.742722267401,1756.31656589682,1327.29369479667,954.57989108935,428.738976400549,1935.95569669272,1645.41570791684,1035.48960953193,1004.60242651079,1004.60242651079,0,154.851801958578,1099.12364940039,901.599175683105,682.031550842113,884.144184770946,171.405170199003,272.438112688302,503.993926312981,262.455546101905,889.470805209516,1087.85514871645,414.293689567898,809.914246952172,1003.49577323214,1151.46308785842,730.456535432373,755.84649020658,701.436706377134,508.528407609536,794.7339923888,671.126006256703,833.142231253205,1508.90194156629,409.483631248549,1218.27160266056,1191.93549865791,836.553184660972,65.1905267601833,380.706866806572,902.197375545685,81.0960148585411,742.855729096168,641.555469252453,83.6920343556209,395.145381946065,555.135239506203,1087.76567635998,710.496190628003,635.23128859274,1163.4910880804,1339.41748919045,1621.98366367894,776.953576577518,1450.2445272249,1177.19907603451,1183.80248554865,376.295464667388,1181.86344907627,1323.0433039318,402.146425044837,817.485908024188,1438.89447503577,1196.35423482244,852.385546073926,712.493186929536,1449.05560291928,1232.26501092916,209.475613001871,981.677130009914,219.778135960285,1015.28225740674
289.827343960468,966.277006497383,865.031101625164,1044.78821180817,1242.6355918823,403.182032649299,1750.37359477411,606.722814016464,947.962782017819,1157.60163347766,85.6887750589456,901.678203234383,1373.31467386705,1509.96582776593,887.397701532808,887.397701532808,1448.68073751019,604.034815629672,1157.14111424301,1267.78466731772,553.215966302284,918.695141934296,1691.56820882244,1837.17582142662,585.768680513509,203.610895931162,591.054615725876,634.009064565277,386.337640649711,824.142517702745,1517.9527896015,1289.28839508619,1261.7736417635,686.498165249399,179.303077543325,1073.10914376129,334.082675180469,1201.97415869059,552.294156010221,125.676595916414,665.705480510307,1891.55559670123,195.581150916456,597.665711476062,204.94281037875,1373.88824525115,1218.52440834094,1786.00052586627,1211.92233067599,903.159166492862,1643.17961218444,1180.36147357898,967.522948139438,432.092701256244,2044.07828234177,1761.24806673688,1107.68259469884,1111.84335577708,1111.84335577708,154.851801958578,0,1098.14033617597,754.485777064814,606.445742650256,877.035868603526,274.685798242926,199.359177012756,349.161571263607,340.681911089948,847.413855365906,1179.35920038459,397.203292606308,659.581051425615,1088.55894232372,1032.91629821137,645.872175553872,602.995538950355,645.735089505534,482.127865836982,645.000876554635,560.075661057362,762.4115796463,1376.4309809295,300.19761127764,1099.19653435074,1044.18988359893,686.156848671782,134.976084925819,326.861775409881,958.089124482174,204.94281037875,602.674090657837,732.255222641109,148.094769921913,416.172411059408,551.901001609869,967.845439042543,555.76774827361,675.033994996553,1210.85926522253,1184.70655303685,1493.71453703516,714.442730532911,1307.09866697226,1105.66068981785,1060.44845050717,415.224960490674,1068.15128911897,1176.4270050306,462.033800732111,663.522764414052,1307.74697710328,1075.18360837596,697.536991479772,585.659645706918,1298.47726147229,1115.744587739,255.350022165655,888.244281595035,301.317239422492,920.279979055647
1217.95532199602,164.656449006084,276.414875355152,1968.12728291938,723.349212227016,1136.43509214675,1093.31450336459,523.289891659933,890.37430459465,1460.2714293162,1033.46471559719,384.827068664895,1491.06735699916,921.445273750681,613.189122127186,613.189122127186,1099.10760700633,496.687656370639,682.919648957096,767.633481364726,713.108982802694,310.001472278787,2083.25653067979,1023.14132841538,683.675677791547,1263.60756991361,1685.92478555496,1408.64775945556,1349.83234920385,310.544406431262,924.322683991877,426.645426676253,1746.71705025869,467.098560873505,1136.33092652019,158.189247240474,764.554357949664,747.853370546926,1443.71887204588,1020.76278611916,721.358370455946,1398.02982306706,929.142071568981,588.865637260278,1174.32528496077,2088.378423607,582.212801223557,1041.8857456116,264.731842885068,1944.68570256298,1230.42314450565,1899.41700490323,165.88027171287,1519.29834319191,1427.67764749626,1275.22822858092,526.023450303446,808.666828883001,808.666828883001,1099.12364940039,1098.14033617597,0,1559.8321677794,618.629897696341,222.133960630214,952.744909349644,905.411519263301,1178.9166237703,1356.75076632479,348.213821210955,698.07373492214,701.043471331901,1452.45018369842,620.648469236473,1977.14190997378,639.04965928923,1188.12866443836,526.478701121132,618.633529250541,1450.63552083624,797.5860282213,1836.99530122114,2209.83630468885,884.371834697769,2034.92188708057,1776.64037054175,1170.17115697311,1040.58455877908,780.808130756841,412.155022652275,1174.32528496077,1009.01785570535,678.554156889636,1018.96338740271,704.099342631243,547.953667661769,903.614163011599,1282.21628881272,498.742557225429,369.691078903455,1625.65356507454,2345.61506593191,1798.41342814914,1384.34563511113,524.841677754939,1980.10793684656,1475.37725882698,2028.64295102115,1360.97425720523,724.889298635078,1380.71375820705,2157.20867682436,2003.70705880281,1340.07850778084,894.331208945334,1533.07161798503,2060.99890658148,1307.39396753126,1920.66526346686,1315.26123909269,1947.26664574017
990.669315505658,1486.0474899712,1418.95199236132,422.841012836466,1928.74942934225,443.560662799908,2435.95886332597,1215.59611897536,895.908959027029,660.678089006784,831.797698836855,1217.28339605392,929.188015556042,2200.52695950286,1576.85147133102,1576.85147133102,1311.1414127383,1161.27044853264,1844.24779546887,1960.62832412507,1258.03673852739,1505.32001169324,1007.32003929094,2478.3685590607,876.414826854962,830.770281726625,676.499140792031,152.239828282603,379.714460573845,1249.65981217258,2207.78525916887,1547.26299671558,591.516189166342,1094.99364915447,912.329014442867,1463.74959151267,927.766325358329,1898.52249723163,209.164802249118,708.7947029344,856.475657489283,2616.16508459728,765.998863567125,1253.48714643229,919.843995890308,620.046559782115,1872.13755107512,2448.61370573082,1549.05527022753,570.537854615801,1483.88632999891,425.924705522385,1488.66221152472,812.534498296547,2748.86860946524,2483.36929738279,1760.19584851647,1829.02686867855,1829.02686867855,901.599175683105,754.485777064814,1559.8321677794,0,941.231233084236,1355.71689283343,1022.60184332101,813.483901361361,438.711061322514,938.779540485092,1219.40128867711,1867.44902210342,988.047322767575,110.047960974029,1767.88707403054,445.282143873011,924.886778972335,382.782174774699,1035.00153186638,1019.10038601357,117.478397836895,764.193858495944,614.943471328015,662.158593151397,734.653520174948,491.911112575503,290.389670137876,439.254029039939,889.048679992833,881.675617073814,1585.97105605218,919.843995890308,568.655885908135,1438.6917667081,899.849138155298,1064.31415410569,1117.04363672796,903.522433639377,278.414258347837,1302.13450361802,1798.82550685834,566.198553198138,793.825668967572,641.520813117872,919.539001420396,1290.88532732557,431.997870450657,893.547014137914,504.817453264908,766.851109179565,1153.60378581033,185.192814894088,602.98974572293,458.727112552997,252.015004683452,675.855707303393,795.018065374171,522.09763590099,856.705614161376,532.755259039782,924.815384556845,538.565946248068
835.317578379029,555.600874815447,510.403748027262,1350.89764566916,1097.59541199049,523.547440354808,1577.33465165334,407.908571053461,468.445785581144,940.84906018365,577.180508178268,310.400043519545,1055.17977485836,1358.74233603692,791.753547975401,791.753547975401,917.055312389469,315.260222190577,1021.77014969214,1137.37688933537,590.379658480654,609.974315877939,1566.05085933309,1575.33450534747,67.5804444474049,806.753383027836,1144.6602261798,790.029627961481,756.354098417443,308.496599204738,1364.58023686307,694.140284110857,1185.19269579789,156.802283019811,723.160111452628,532.724132659049,330.634151443883,1086.50041066744,831.503032828684,492.914561011038,154.445400011199,1818.56674885842,410.900344228726,496.941115294958,762.432672385925,1485.28982545677,1004.34503806908,1564.13715330865,643.807510579502,1351.12154836744,1104.80462416525,1292.17967552877,558.569337117324,1033.48299869203,1907.86302758351,1685.35284233711,899.983059465118,1065.2233402402,1065.2233402402,682.031550842113,606.445742650256,618.629897696341,941.231233084236,0,419.205659666125,613.457059381501,414.887356103632,575.462093501618,934.67423675184,285.070767998136,1044.39711792997,314.648115735759,833.85982970634,941.172035718658,1361.50834847246,63.0769327027722,573.115920727145,97.7291750130738,242.099744311011,832.253659827115,183.314005794537,1264.97031422132,1593.69251789016,319.310189397987,1418.14825893095,1165.3247204911,567.738777022801,617.152445357522,302.740966508022,717.48896421776,762.432672385925,401.848681205187,715.906827937832,601.416941664685,403.934955921268,302.700899035859,489.381134890622,663.619566072179,487.256620925305,883.817645594739,1070.70103716404,1728.86792463616,1236.37123393983,959.281626085505,499.425906813525,1362.59348837409,1021.49243418278,1414.33174679752,881.519066601346,509.061936630557,762.968646246207,1539.77944730473,1386.60752232236,726.431391845582,287.093066875624,1047.16589793498,1444.83811851198,857.911828862681,1324.06441743508,892.444249208803,1348.25409336986
1009.16051078741,140.270410445972,152.240777696159,1758.10770105478,750.719425177621,924.739603325465,1191.67923362905,322.890292718968,770.136728240768,1318.08637785675,814.055780167224,277.927105635617,1383.4869534777,989.989938294735,533.453313406336,533.453313406336,1074.28330974502,279.752256065984,688.994542290718,794.246399197159,534.910575566809,248.987410101191,1946.32601198137,1165.1003071578,486.515136333942,1046.17432664947,1463.9962858216,1203.70178858296,1130.94179120667,124.079113693535,994.621416390728,520.89951392938,1586.71420786259,262.536354663276,922.317394101775,229.17911486074,543.104504077867,756.933109301813,1230.34900564483,798.637611554278,543.325546492648,1464.22753206816,707.028330977072,404.796072646315,960.97366650889,1903.60942047397,631.643324247155,1163.59959039763,385.786111845723,1724.7096966389,1230.72934915778,1711.12895152666,143.589318843734,1300.53375973655,1526.71215872849,1334.54441253586,542.726674904185,779.405989843517,779.405989843517,884.144184770946,877.035868603526,222.133960630214,1355.71689283343,419.205659666125,0,744.742552585104,683.455239779567,963.056906993935,1144.11911620791,199.671631750639,708.965979780202,480.422403968446,1247.04841959012,613.113287497874,1765.20524751673,451.524592205973,992.156575651931,322.384735653579,396.608047612999,1244.07880060898,602.320896821762,1615.14508707915,2011.6234346673,664.694224771057,1824.17802055778,1584.52913136196,984.64236201666,824.102830924727,558.67438928496,375.154519371952,960.97366650889,819.716310185818,547.044930747539,802.747518247158,491.094879048162,329.57074536148,786.782012975378,1077.31377254399,323.503353077253,474.44453404389,1468.38656446834,2146.30484148341,1576.30975522683,1279.18449408307,503.484198313875,1770.53776962045,1259.71086713347,1815.51173671766,1234.11916375779,526.639702785228,1180.1958220076,1956.63494896789,1793.4485399616,1145.58273048859,704.417311967632,1405.88829398181,1849.4964507776,1091.05739628568,1701.23865319283,1102.1359625109,1728.29117970255
265.211254273254,801.208102734534,689.949978964706,1318.51880039613,981.951280993449,632.218747952421,1486.15683664694,429.907657954495,1044.04905996293,1358.86248758361,191.819353579304,852.529253819232,1548.42653488941,1245.48603615321,631.319131845114,631.319131845114,1524.04434614447,468.065502125846,897.103855102319,1004.32197101759,302.394304216053,719.459804907398,1926.30725345007,1587.23785701811,623.19473357799,340.780301490348,810.531635174219,894.134318044391,660.47236350194,729.590502206635,1253.66008684382,1224.13357634063,1500.30088250718,629.0763842331,197.965476442285,965.615987728093,283.150351703649,937.764570234177,824.253337923887,323.454951904111,725.981426442669,1617.79321018959,306.328349797439,383.726593322697,230.60807128691,1642.63942171964,971.852914507465,1528.99524429301,1117.566406335,1158.77861535878,1714.58996503592,1447.38045157424,801.581570173577,595.685142378463,1773.82649716225,1487.97232328848,864.09244425109,841.305078520844,841.305078520844,171.405170199003,274.685798242926,952.744909349644,1022.60184332101,613.457059381501,744.742552585104,0,263.208091050884,597.769936084815,407.378429831678,778.177843105985,918.642245731065,308.269508274579,923.429341574131,832.917268963205,1305.4127676643,670.019646570052,820.719674456695,610.140604747233,400.943771123518,910.041802515341,648.855858831285,1003.36129388138,1651.00564014695,409.040229957577,1371.91886837992,1310.47660421958,888.457384837094,143.508309329723,319.360881977395,732.811592734569,230.60807128691,768.438864325033,471.364406603139,126.920355846813,256.352316120485,423.555694335799,1065.2319095993,802.019776780404,473.209391802234,995.341995570111,1413.25053501165,1768.35779339803,947.92052965204,1470.09970369682,1089.14187895382,1334.28343515587,533.754707364741,1338.88267830096,1354.28875691013,236.863823565829,915.547877133705,1582.41486837263,1348.49694043228,937.5459913678,713.110226994181,1493.48448147705,1387.61718691363,373.785905754956,1147.27940341461,367.509527021724,1180.4381296957
428.480510533696,780.387383145725,684.599253098008,1157.6843643447,1121.68298661003,389.516549382441,1630.95665081402,436.607352207037,799.506840863327,1096.70934458721,162.796526779665,703.618392767436,1285.6444927529,1393.00646072937,766.776026472749,766.776026472749,1291.77908536367,417.470036021238,1036.43219520973,1151.53857554967,444.620109847708,748.411702490227,1672.47713351289,1695.43183059144,403.234922575705,393.292178905753,780.541049364033,672.450099953803,491.650626770707,625.625626770653,1400.53617329676,1090.86639600991,1249.96392505586,487.20216508958,312.712262475911,874.734096087564,143.246479020744,1088.1676737715,633.484263259643,122.369751770777,494.570045344475,1802.68796541924,48.7223118439487,450.653950700615,350.877341001912,1427.62647703982,1078.79847425505,1653.93740285973,1012.64238966699,1062.07244730538,1485.00513457366,1229.71373233301,781.909721915775,631.386860794551,1938.21675720278,1669.89378299766,966.439654108147,1015.5434138443,1015.5434138443,272.438112688302,199.359177012756,905.411519263301,813.483901361361,414.887356103632,683.455239779567,263.208091050884,0,374.89090151005,519.834559087977,648.094999556596,1059.43021741685,210.194834246045,707.332230364385,962.331986463957,1153.33155894722,460.017271288193,566.136815364887,447.478519178857,286.870237430783,696.657066735763,401.874366316231,937.519319145391,1465.6610799787,147.424619953438,1217.66892235266,1092.58604356344,628.223624452158,209.822671356553,127.745544432548,803.648845285425,350.877341001912,505.266216783867,625.265517220202,198.440458710884,258.643014568113,365.3542825557,820.324338617635,566.303533182361,514.768312096851,1045.16490856454,1158.20564660152,1590.66546309123,895.271330091362,1208.5142718553,913.740209026346,1172.32596281402,609.720798327653,1195.32569371394,1091.21800952157,340.182281494486,682.7157338577,1400.72813678395,1190.5819369624,693.382797243135,454.583838846174,1230.57089478533,1237.99302571642,443.969687976253,1042.78652007074,477.697092998853,1072.69843228697
626.810341821873,1083.8123602333,1005.25505662394,803.021451182425,1491.86519433044,82.8644306441878,2000.07152339938,785.159781471783,735.300154498239,822.686033044656,413.52880238973,881.265455420182,1055.03064838108,1763.60674597557,1138.84620413677,1138.84620413677,1229.84310486194,739.787389611105,1407.06639027507,1523.07847916936,819.510002663538,1084.72631046954,1342.40705907929,2051.47720089285,521.423627177097,492.5278576403,619.515971506664,299.039187624053,185.949868387913,871.289584803224,1770.96559947256,1251.99470648657,912.663321813142,714.230394908627,525.630903441291,1107.14323921562,491.970797111938,1460.54858497017,271.090482233724,275.697966646326,546.947582594113,2177.55024704578,327.289677790187,816.982713609502,544.85624787805,1053.68144128167,1440.11396435999,2016.83856472912,1217.67218905908,775.95122748646,1422.09403013198,856.224995001138,1086.06297962078,602.742575814662,2310.93709349092,2044.69628269491,1327.79338889821,1390.38005545357,1390.38005545357,503.993926312981,349.161571263607,1178.9166237703,438.711061322514,575.462093501618,963.056906993935,597.769936084815,374.89090151005,0,628.462589549924,859.919237886736,1430.21279653448,554.537234573927,332.598920542422,1331.40149861897,805.669334736305,581.213189475434,269.728661039468,656.893102014112,596.26277586005,321.767786111253,432.219525377673,701.938944782939,1094.6083532954,307.273349725136,866.895399113876,718.967453384905,364.482902431173,475.846763772869,448.408532441358,1157.03541602359,544.85624787805,342.953392828365,1000.00021607812,482.277144752247,626.618388609087,692.347446019255,751.63587283975,206.924924539832,870.060499843059,1381.61911976729,836.565939634028,1222.10831798705,683.039960775125,1000.6058329457,1020.89064250719,816.569887975808,642.379514983525,853.919738861283,859.580559914021,714.921396850586,318.009728504178,1031.34857273824,837.501087730951,348.424640679322,390.504833602225,966.132949105596,890.496023596764,535.165642611507,748.609353289431,599.729797999938,772.910076530543
151.151309351279,1207.72904116219,1097.03852812533,1112.29264895089,1335.38031200306,701.298155061658,1821.54073659871,835.791006776996,1287.65068867825,1450.04006811194,357.659190209618,1215.40390686024,1682.61177176801,1583.79201436655,1003.46672881831,1003.46672881831,1788.97683045845,864.534666424631,1253.99042974835,1350.42775042153,695.990694985096,1125.67805722201,1933.39364148975,1951.87240837779,920.753415565239,141.26658253919,474.998070729549,857.342024971205,567.880682336281,1114.60727394476,1592.37664521297,1599.15427678411,1505.09527303789,993.240122882988,222.612360009727,1358.44056230432,626.847232234149,1283.50523390887,731.618625926653,466.20139307535,1004.95138147846,1900.67479146381,529.820268078408,790.151307093559,183.320980498744,1528.25034822125,1348.57782097183,1881.6549273199,1506.08896861539,868.959682904958,1983.53131700466,1349.30922043753,1208.19583785971,223.439719840013,2081.78518718096,1778.53124667952,1246.19778122362,1167.14028871334,1167.14028871334,262.455546101905,340.681911089948,1356.75076632479,938.779540485092,934.67423675184,1144.11911620791,407.378429831678,519.834559087977,628.462589549924,0,1151.43204398792,1273.50985261479,676.741901941247,868.809180090647,1199.7236468886,1085.45027152881,979.056034113152,898.054379003966,960.684116051895,770.883670252265,851.022932360859,900.647575933725,688.149973204111,1471.53751200794,639.617962459938,1151.27170425964,1221.54249063925,990.781436193496,326.278581955859,637.726260054411,1130.79167867462,183.320980498744,930.764632555465,842.52080141765,346.004976505196,653.310538759583,816.10731304842,1307.33891838702,816.852986506383,880.299033321385,1395.24290100197,1445.5785012732,1569.8543277086,622.598237198561,1624.29125491966,1432.99153517673,1128.93365111429,134.866083081157,1103.15878784592,1486.50471552555,643.674293754338,905.0599533828,1398.955962937,1135.37568266988,959.341400551068,923.987273453063,1593.96508685501,1158.55138698059,93.5574554875422,868.548464970638,42.8111241542315,903.569835325653
1031.31204104587,334.386722285134,344.055498268569,1633.03222016659,949.631428614493,808.486951997935,1388.77394964479,413.041553227973,571.453640995247,1126.44484540019,799.992742902603,90.6295621272346,1184.35365767556,1189.43653804755,711.458069791095,711.458069791095,890.089737698924,330.462048320528,886.137274824256,992.954825522581,637.301731948132,445.685491189988,1753.6323870331,1351.31878143546,345.132958020372,1036.53268888402,1413.01300288235,1069.53365514148,1039.22779212188,84.6759679264555,1193.99774069604,448.125420308366,1403.89075002027,160.939251242961,930.14829659745,247.666483751696,524.895278909628,953.990904685697,1116.3193694594,747.851209743769,373.302769217284,1663.89701045734,658.43202392839,511.078580933663,970.085591903175,1740.16989713357,831.246547506063,1356.04974127799,367.129705073452,1634.90612267434,1055.53094956988,1551.47795163833,337.9176372575,1279.48131608402,1724.19286214937,1534.1834883913,741.835771029993,968.701470611534,968.701470611534,889.470805209516,847.413855365906,348.213821210955,1219.40128867711,285.070767998136,199.671631750639,778.177843105985,648.094999556596,859.919237886736,1151.43204398792,0,906.553639873348,476.577177034483,1113.60643266689,809.052722290594,1644.86492639365,294.609158904684,843.416924216499,208.183355294265,381.698116191732,1113.01388727978,455.212470037346,1543.61744515613,1864.492025255,587.171382304532,1700.6750578317,1429.47803425822,822.277145669748,825.170240483129,521.174933113661,570.807340536391,970.085591903175,662.248973219516,695.359335918921,805.779117587494,525.651037575417,362.142239540241,587.738851917661,943.67030356764,451.967741705085,665.906592210606,1283.8814829932,2000.69535782802,1512.002067838,1079.80176638524,340.777271715054,1644.38677231479,1253.82884014001,1698.27023489231,1037.7472039499,596.619601960517,1038.04456804797,1813.1409306648,1668.85162677909,994.26131750009,548.260956711919,1209.86300660936,1727.8179981065,1085.44498287215,1608.30697067362,1108.62838111375,1632.82931381914
1124.34161138084,592.293854730223,563.384523260541,2214.25790869817,63.3460653425408,1427.7628732492,572.265958838948,663.846986973074,1467.59389834455,1985.05235455506,1093.88112029241,986.797930898283,2079.80067836425,333.584040445552,293.352050638083,293.352050638083,1775.04231329943,739.841800885219,23.3018994515908,94.2864980951303,626.387136813486,460.868488908508,2610.24520256565,678.746300299979,1106.56942681483,1249.9205535302,1722.81502247762,1720.82475512721,1546.38757762635,824.385429986203,341.109981122968,1123.29613047491,2221.13258199355,908.102575303069,1106.90771016012,844.691685783235,939.813431103841,49.8085977521365,1692.90997496449,1175.10318573568,1195.34365297095,774.326557894694,1104.94895406663,614.117532141899,1130.39523370807,2470.33074160707,150.483745473353,611.15148826641,960.823361378937,2077.10490802508,1919.78785186349,2271.99178464555,588.82655868332,1489.87867616488,882.231686241373,640.968450942075,172.736143225544,163.033454606737,163.033454606737,1087.85514871645,1179.35920038459,698.07373492214,1867.44902210342,1044.39711792997,708.965979780202,918.642245731065,1059.43021741685,1430.21279653448,1273.50985261479,906.553639873348,0,881.34157587992,1758.90553386103,103.454584774594,2206.84698608748,1097.54854431119,1562.01783355918,954.809111729645,867.670198231953,1749.97656874947,1211.65800691317,1920.9205878035,2524.36909857221,1136.06354064965,2272.24941176647,2136.52702203666,1586.43978470457,1059.57809782757,987.10671754918,336.664533839387,1130.39523370807,1423.36023963272,447.876772499053,1040.18804988674,803.607644385936,772.003259089441,1485.66264351887,1603.9848480299,575.655014584507,372.879721978988,2110.34646862966,2650.05958205875,1863.74863168275,1977.73467815699,1196.56625259614,2229.25795796406,1408.35473956351,2245.1389872011,1918.38756131745,723.505099565732,1719.43759727095,2459.9724014655,2246.35566953065,1710.26448680779,1316.69002603127,2087.2963546764,2290.78920819587,1272.44418962722,2064.77093241698,1243.51067929652,2097.54861750247
554.851925294435,571.0961476595,474.407959521834,1353.44219625585,941.909951314021,546.594979564916,1448.03047287743,231.862905418442,770.776277774001,1169.64129300642,334.372356279107,546.6015669886,1323.9994603718,1213.50557610217,594.638962366951,594.638962366951,1231.67909691626,207.936603319269,858.062684696167,975.126489383055,310.744574675757,540.303977928974,1774.58566933654,1497.85190174559,338.578358224164,568.971638319034,986.775651990342,840.059038387615,693.437815571864,438.191404942813,1220.62867488285,924.663229753679,1365.08963143484,322.533376912966,454.545896643355,684.208965720078,67.2945742248136,914.662507069324,823.324541794127,331.638751076929,446.524856910644,1642.1066049027,244.207774977164,268.132011922898,494.363740505029,1589.26350086648,885.598027395249,1462.34149832233,829.710548780058,1271.43626810869,1419.28695104738,1390.86150054828,572.525608406706,820.958559860677,1763.57108629319,1508.29094578126,773.310232960527,858.747458773459,858.747458773459,414.293689567898,397.203292606308,701.043471331901,988.047322767575,314.648115735759,480.422403968446,308.269508274579,210.194834246045,554.537234573927,676.741901941247,476.577177034483,881.34157587992,0,878.85056588083,780.684641478747,1352.08235701567,375.2467727579,688.415069647248,301.954668319735,94.9004955244384,870.644138000959,397.551878257666,1147.52207935843,1648.11858728826,254.722728457015,1415.31877379708,1255.22170340896,726.860064961948,350.954919434581,106.41105984572,603.417900707763,494.363740505029,574.866973588577,473.701345570251,330.774830267551,99.8100462683106,155.675882375449,792.066865495482,722.659408805427,315.562442457887,837.825994572071,1262.53827429936,1776.4705577069,1104.4870286659,1235.66032990784,780.8958356082,1367.56645935138,784.897262429224,1396.33348435931,1137.76484511573,211.788609118098,838.280683779548,1585.59484967608,1387.15559749219,832.497523876702,487.234264193355,1292.4529683681,1437.0029223824,615.748093776631,1251.5264021579,634.031699866302,1281.01220207312
908.326254383991,1376.78615640982,1309.06122277242,521.727325339576,1820.04796262173,333.659455014024,2326.87331248782,1105.90223656328,816.618843001852,653.443538115357,734.04453863924,1114.18064541673,917.970518342645,2091.80341449241,1468.80516733425,1468.80516733425,1253.71052617834,1051.22790833578,1735.68350052082,1852.22590304273,1151.9139329371,1395.27982031041,1065.06820327632,2368.34478900961,769.643364187951,752.530406323155,659.973969770109,44.1616691002201,301.173036678959,1142.05734643288,2099.02190278281,1451.12273851664,638.848470285295,986.86399082982,823.536056256318,1358.88877497671,819.094967406004,1790.39393125984,145.104438513274,605.822363683507,754.136942714131,2509.73302771817,659.461264861093,1144.82091840721,834.054547258085,721.476278350856,1762.45470647906,2338.85225417289,1447.63799480444,621.930052107481,1432.33947209804,524.644905183485,1379.37822178605,763.536025776976,2640.62303147528,2376.74316053049,1650.57128104349,1722.54381126504,1722.54381126504,809.914246952172,659.581051425615,1452.45018369842,110.047960974029,833.85982970634,1247.04841959012,923.429341574131,707.332230364385,332.598920542422,868.809180090647,1113.60643266689,1758.90553386103,878.85056588083,0,1659.06934779936,538.917267641509,819.46219501933,286.034083315164,926.936407259992,909.099455105644,18.6924231528959,658.58651293973,634.233245819446,772.195870436142,625.092366130865,590.29310501413,387.451103040292,355.797605430301,793.049505741843,772.53828837864,1476.08308246715,834.054547258085,470.015985143177,1332.06841989879,802.628434952047,956.255396150431,1007.06631469375,825.993214974398,170.240700605,1192.57649817308,1688.88235819163,593.073025985616,903.800773607643,649.463603628963,895.707050464147,1197.47715000228,532.213108472098,836.753245278658,596.28589481168,742.509174152237,1047.08439186006,98.9084801285563,712.908227721444,557.713962286081,180.644858720472,573.526899024927,794.394614564867,619.093258882656,782.766771047522,585.791969419466,851.128982501911,597.325437831873
1049.32408545512,502.676951635962,465.074928330368,2118.8748197159,161.387413294323,1327.27804122334,668.827331180536,561.184816662285,1366.98088416156,1881.91761086817,1003.4478213612,890.963696261341,1978.56715328878,432.821956666169,201.768916085124,201.768916085124,1683.74950103718,636.440316545346,80.6125416269601,197.439030195659,535.621094477904,364.143000917976,2506.91351635101,755.155215536392,1003.1993610915,1168.35605209786,1641.17422380031,1620.63886604263,1451.16429668084,726.111379891707,439.973257528541,1047.29379868687,2117.72820440854,805.841381699748,1024.65199039295,761.355084528496,840.133841968767,146.469964044723,1595.50496906163,1079.34083828702,1092.37446967622,877.719364588101,1007.23543518125,514.49089726734,1050.02679864615,2369.00183450202,157.702806926045,697.51917685791,885.237687739223,1989.1856659933,1832.23466793331,2170.73410798263,499.31265375785,1412.81712452856,983.529474444582,744.286899103791,104.823938889968,192.067005659205,192.067005659205,1003.49577323214,1088.55894232372,620.648469236473,1767.88707403054,941.172035718658,613.113287497874,832.917268963205,962.331986463957,1331.40149861897,1199.7236468886,809.052722290594,103.454584774594,780.684641478747,1659.06934779936,0,2112.45246431447,994.609916459105,1459.51022406975,851.963203141005,764.943092078885,1650.41088575601,1108.20422733671,1836.27850196102,2425.93630332582,1035.34180695877,2177.56946518492,2035.50498232812,1483.24751747641,971.971375038594,886.735028448798,238.278931626773,1050.02679864615,1320.02920887902,362.078471659867,952.040090640127,705.220230407057,668.973299349648,1385.24267041416,1503.0734923353,472.947248255531,330.83422973187,2006.89336501607,2552.35236159756,1780.4246938027,1876.87930793498,1106.56587380556,2133.73689215886,1334.49060857971,2151.71425970434,1816.08113457006,629.351678551336,1618.27890693032,2362.01531861588,2151.2745491264,1608.14510873935,1213.24769364864,1984.7278744362,2196.63741672929,1193.34922526292,1975.87674915958,1167.97459741718,2008.31732153888
1188.15295154385,1888.74813408485,1810.80452551666,51.3633027226777,2269.78998394254,840.850342267885,2779.06724507505,1583.9369342443,1339.45085562075,1020.48332890575,1118.39894685088,1650.32924191249,1280.78362831839,2539.38117728333,1913.55126337064,1913.55126337064,1733.54135167677,1544.38718460996,2184.20280785035,2297.04058206212,1581.41871830928,1888.61195034861,1143.67932044089,2848.38909473351,1299.73224815836,1025.33551432993,655.633193028183,582.663313017373,661.873238647465,1666.98032143044,2547.19792297498,1989.87413321333,824.16395817714,1510.05806075312,1147.08156333784,1891.73472573365,1286.52061216577,2231.95722162862,535.390430053929,1033.81743827136,1291.64065371291,2922.99546913425,1111.26885084742,1603.85426604728,1139.57581648139,552.954312539711,2232.12212318182,2806.77520426719,1985.15647846961,302.232831881154,1896.69961382334,465.26900952036,1891.06417290307,889.270172986223,3076.76025897675,2793.38319274096,2119.77091545669,2144.73598901908,2144.73598901908,1151.46308785842,1032.91629821137,1977.14190997378,445.282143873011,1361.50834847246,1765.20524751673,1305.4127676643,1153.33155894722,805.669334736305,1085.45027152881,1644.86492639365,2206.84698608748,1352.08235701567,538.917267641509,2112.45246431447,0,1352.64219113678,824.280410350043,1450.88469337613,1401.00124965391,536.163760219541,1192.17160529013,470.788054783621,399.982213275955,1112.33810780521,66.8749167123437,431.297476432581,884.526970377001,1162.08887116816,1247.91939881805,1954.91869963819,1139.57581648139,1008.91618689757,1762.49972520055,1178.74161781336,1411.94425048401,1495.95432763703,1346.26863756445,704.789716070833,1666.01869149781,2186.0763323816,861.892418429359,485.068652302392,534.599537987954,1296.33618334379,1735.08988206415,62.375545230056,989.942739204448,61.5094232454747,1150.83041381442,1483.47060251067,628.790616049366,327.651169567245,52.7255944892889,696.912014614923,1111.40132861093,1131.42811563154,84.9612447283069,1029.69901332745,274.48137454089,1089.16937335256,249.117202047226
885.081888514408,590.636308757486,554.852689977048,1339.70990929324,1149.62261837608,522.240008014955,1624.11815457037,468.634503961585,405.476234808882,887.916165697279,622.809740455891,301.027749629899,995.31499433483,1408.38384181257,849.739544938404,849.739544938404,856.867197423145,374.853220144957,1075.11174132857,1189.9995656452,653.436641764285,656.390399875594,1514.76503601558,1614.41436205755,62.7462182367033,848.185939515311,1167.21130929902,775.347380362684,765.366292152945,333.668874948209,1414.03327981767,673.806635611589,1140.21198782973,195.379717963334,771.339387489661,539.542758129914,386.88614536457,1140.4483472228,828.072658973955,527.946354997971,97.8355084120415,1871.09667572185,450.847916217109,558.955713905852,810.154352349788,1453.40537299692,1052.30711910749,1606.98271759078,638.098750722691,1356.41883607876,1045.65014900619,1262.30368718864,593.776029454229,1067.89306484884,1955.96069300725,1738.19361453008,949.751035286932,1122.85378111639,1122.85378111639,730.456535432373,645.872175553872,639.04965928923,924.886778972335,63.0769327027722,451.524592205973,670.019646570052,460.017271288193,581.213189475434,979.056034113152,294.609158904684,1097.54854431119,375.2467727579,819.46219501933,994.609916459105,1352.64219113678,0,549.35035762665,142.938239439462,304.993232671329,819.251302823079,160.881576583315,1278.47152693281,1570.93956706892,350.628862121474,1407.61119667603,1138.03199881972,533.959327088591,666.073341894156,354.938420630645,767.638406288817,810.154352349788,370.548353188484,777.461338323465,651.323183178573,466.104315009196,364.727679662387,426.380554626353,649.785006487243,546.318577602679,922.518859824483,1024.03008555391,1706.89888064834,1252.98978926361,898.528259737565,462.655592817715,1350.84508150715,1060.88607529319,1406.84621467533,823.988446356868,571.872812664839,743.46205470547,1518.9574397019,1375.58958158443,701.030154024278,255.46509523338,990.959173641029,1435.14231144997,899.695802753728,1328.10631869267,937.211011880125,1351.06674964804
889.162732923236,1127.16363541684,1071.2502128917,804.895202382455,1620.64760481153,200.416763530279,2119.25495226838,898.33810523884,542.021802759246,555.679102642356,653.417394122879,836.370018955347,785.450499527721,1890.28317206937,1280.98527510856,1280.98527510856,1008.00543460452,829.272032118498,1538.73923711311,1656.28603820736,989.547478277826,1164.47089407583,1106.56086280681,2138.66520424019,506.215436741039,761.253152445356,838.076763583416,243.214051937623,395.706014835387,880.187300672082,1896.94674772744,1165.6398338875,684.439118212693,729.620856181879,782.272320615223,1085.07664039598,640.129302358147,1598.13167018958,350.575725666418,503.595997464797,475.427247569111,2328.99494899852,518.646927734314,954.890950139065,805.468715700752,917.790805723236,1547.34699441257,2118.96776953293,1166.64448348945,890.47336515161,1194.98557913727,722.094016719826,1130.01854462624,862.642278710137,2442.18458610812,2195.04957924273,1437.61428150306,1547.12875910059,1547.12875910059,755.84649020658,602.995538950355,1188.12866443836,382.782174774699,573.115920727145,992.156575651931,820.719674456695,566.136815364887,269.728661039468,898.054379003966,843.416924216499,1562.01783355918,688.415069647248,286.034083315164,1459.51022406975,824.280410350043,549.35035762665,0,669.824150484325,694.715507333491,291.21621350196,390.956369578517,868.940110373182,1021.70983668654,441.864057650219,873.83719640946,592.858201120573,99.683521707546,717.588716247892,588.213024078105,1257.62343252139,805.468715700752,185.918335811002,1161.00412865528,719.437473739423,779.79123786964,791.651291063731,553.715594882729,138.339769989865,986.581743097172,1450.29174488485,592.707226569145,1157.55896428563,868.09916463087,733.474251027876,911.443303171906,814.499878091637,909.237502790597,882.119574639509,590.419404670977,884.166877459604,197.763675141769,969.724070232739,840.861786361812,153.692002427737,295.709423241233,698.102396559353,903.383997868363,804.668921095253,856.345257743159,868.706816455162,871.806105312782
849.688334884534,458.029691139267,413.940035859356,1441.64900791361,1006.70778768952,610.56814552627,1482.30513841438,337.743017302689,533.17993860203,1030.85005998214,604.658040248937,256.144939954444,1133.64112721658,1265.63477668894,710.655620485511,710.655620485511,950.567683264894,241.824752732383,932.422852911704,1047.14932397909,539.42054972794,514.524622328337,1657.64102285539,1477.78472123944,165.299001492621,839.812797092944,1205.27531274659,883.318440614204,833.667460105745,216.097087577327,1271.3231441613,643.555206945469,1280.77356901609,60.0453618709777,742.627067861409,451.960040358769,336.879773814959,997.932447470976,918.370575954199,541.792106641505,240.762988281279,1728.20590523712,453.679591791025,433.070565261924,782.532717642655,1582.92136852891,909.965869383459,1467.4002636468,574.935946036009,1429.82670624154,1132.87028638221,1389.6222438581,460.976647306994,1077.41062218127,1813.66014155445,1595.34716578373,806.938931938654,983.016136947805,983.016136947805,701.436706377134,645.735089505534,526.478701121132,1035.00153186638,97.7291750130738,322.384735653579,610.140604747233,447.478519178857,656.893102014112,960.684116051895,208.183355294265,954.809111729645,301.954668319735,926.936407259992,851.963203141005,1450.88469337613,142.938239439462,669.824150484325,0,212.414105911991,924.676511479097,280.913640319692,1335.80700712608,1689.45260293352,378.992521743257,1508.46508253998,1262.37840363512,665.453669658439,636.321664864281,323.468688622332,624.751308793329,782.532717642655,499.57670019284,647.606277747467,618.385028486408,375.653382864381,242.780182636676,553.3208784983,756.830804115633,410.049033030567,786.17069140648,1165.44547461063,1824.32908587481,1303.8462642635,1035.14789276319,479.498551853698,1453.64689185682,1056.79878419998,1502.78644569598,965.279305171294,470.380605513946,858.202107033233,1634.89731183923,1477.22937505198,823.319770151719,384.791573072067,1133.04011030377,1534.63469418128,889.825877591436,1403.93031487524,917.957269794855,1429.13225545146
649.74737010752,498.502807173969,410.846728541195,1399.26834563781,925.98228195199,575.655090011088,1425.72701278936,203.831513915694,708.982249253713,1143.86774433429,424.684682206636,452.206308674476,1281.86665126586,1195.628580808,591.600443112331,591.600443112331,1155.02028230543,143.525425691936,844.417197040795,961.956673711285,350.842963341331,488.59198695266,1758.64341401844,1459.31093171219,280.083533888176,660.636275370025,1067.40179551447,868.33163327836,749.637788277654,345.340342680265,1202.33230114265,829.80412273969,1358.04608021959,228.303354462923,548.967258976899,592.895552424961,148.62867431611,904.720077770018,867.34307552902,402.974331133185,387.377668768332,1637.48028433929,311.754558772462,272.671315678961,588.842684433867,1607.68941746069,855.950703982656,1431.0923048147,736.52144090717,1336.99864477889,1340.25364420642,1409.96299487449,500.300215717561,910.232769472013,1747.49260675468,1503.49652477388,745.013885076157,862.877269378955,862.877269378955,508.528407609536,482.127865836982,618.633529250541,1019.10038601357,242.099744311011,396.608047612999,400.943771123518,286.870237430783,596.26277586005,770.883670252265,381.698116191732,867.670198231953,94.9004955244384,909.099455105644,764.943092078885,1401.00124965391,304.993232671329,694.715507333491,212.414105911991,0,902.62975023081,361.099106815305,1220.78770397925,1681.22703184635,288.989428723377,1462.85581133385,1276.13561033945,720.477927363338,444.753587836412,163.015918852555,567.710039485514,588.842684433867,560.221357968047,491.470844466655,424.890960940233,164.644030550548,98.1797209484986,730.078291210574,746.284403618516,292.020389337199,785.36865732733,1250.82489013301,1811.93458930447,1180.5467321154,1189.64976331348,688.916866800204,1412.83169073249,877.245581525968,1447.65766999394,1100.70282516371,266.994031382308,859.275217611329,1620.8607301267,1433.67728602965,844.323331757729,460.630348427491,1260.61157791745,1485.93180606766,708.183585315941,1315.3463115206,728.128866354069,1343.74889504009
891.737762887987,1373.04891270107,1304.08137035228,520.686531579433,1811.27111999192,326.981000134842,2318.50898322902,1098.47732376376,825.409126839557,671.245150391215,720.201308582269,1115.11635458884,935.387933858187,2083.04857533554,1459.44378594809,1459.44378594809,1266.19896581402,1045.09702059758,1726.77399095179,1843.16878909166,1141.27357101272,1389.51582796529,1083.12126046032,2361.93571705771,768.546389402607,735.416128829368,641.942962377867,48.3350965943685,283.632124454139,1140.1343891475,2090.30704766131,1454.83888727003,657.208410552261,984.51944697134,807.846040538496,1358.79170264394,810.288265800388,1781.10310181817,126.412372900094,593.615306392875,755.678723684439,2499.31122628391,649.00525829092,1136.00877280567,817.902581504317,733.655242730722,1754.98221226887,2331.53280692034,1449.26513601277,610.452279987961,1445.60181834906,537.440803313844,1375.60750861298,744.885462573865,2631.43419333649,2366.43109460148,1642.99077335055,1712.13408083287,1712.13408083287,794.7339923888,645.000876554635,1450.63552083624,117.478397836895,832.253659827115,1244.07880060898,910.041802515341,696.657066735763,321.767786111253,851.022932360859,1113.01388727978,1749.97656874947,870.644138000959,18.6924231528959,1650.41088575601,536.163760219541,819.251302823079,291.21621350196,924.676511479097,902.62975023081,0,658.392817935723,618.832886983755,778.715113277519,617.462935660975,588.925958954162,400.439991974405,364.699465674054,778.785641651466,764.260182345249,1469.11206223648,817.902581504317,473.657352193614,1321.72607897142,788.671735717054,946.892997206384,1000.46086043629,835.162707768626,169.48967737111,1184.89297523222,1683.68296153615,611.765175397439,909.462751723533,633.021704839195,912.232029126054,1202.21038352896,531.624957780413,818.290246888246,592.777739589951,759.106630888625,1036.66308455478,110.987155304879,718.430429765602,556.624995937535,193.831210660959,575.292736386403,812.43083608039,617.203751113784,765.260843059482,574.646015966872,833.626124123571,587.041159028619
827.157493084913,738.904765418648,690.782143298191,1178.91027890937,1266.92861285614,367.169008326225,1753.65995072159,556.568342509962,397.752600502622,783.18802100316,557.225455318162,459.097245657734,926.513507999593,1531.55723344221,946.87831195947,946.87831195947,891.873022242659,472.450551591063,1188.70478620536,1305.44465021355,704.615122189081,788.449094766425,1401.51740226224,1757.41505395116,115.822148466805,762.973797892047,1035.97836958361,614.476428426225,618.073358475325,489.231879344229,1537.66784207216,820.478783697628,1010.40154927408,340.093507494062,709.984722267454,700.40195492836,381.123904895835,1251.86567496893,670.02249099214,435.064187106684,116.496156438051,1985.5928959824,376.838054631813,633.55614057547,746.189165259735,1302.00823888356,1180.06810441529,1744.10554716097,795.669774930542,1203.24771854928,1085.82951143446,1108.89178884481,741.866259648146,961.061455372421,2082.29812323174,1851.89081735207,1073.6023043775,1219.96094467597,1219.96094467597,671.126006256703,560.075661057362,797.5860282213,764.193858495944,183.314005794537,602.320896821762,648.855858831285,401.874366316231,432.219525377673,900.647575933725,455.212470037346,1211.65800691317,397.551878257666,658.58651293973,1108.20422733671,1192.17160529013,160.881576583315,390.956369578517,280.913640319692,361.099106815305,658.392817935723,0,1133.82245557419,1412.49297153436,262.685392038989,1246.86997180751,982.384112436868,385.338275944967,610.667404592687,334.275481757561,891.249085229444,746.189165259735,219.10682907754,852.562728058715,600.256091485045,497.203273400945,446.456242450855,418.65648010548,488.91714226225,641.999422670048,1066.33416336337,898.691376030096,1548.09702784918,1112.42049806355,838.415735687691,590.312908544779,1190.00254263424,966.739869031981,1246.67266804913,741.605513371624,609.101662876491,583.391729607835,1359.63148248473,1214.80170358359,543.824025489686,105.935547781076,899.765367535665,1274.50973609566,814.58283474356,1173.9727614109,860.688379322074,1195.97885032183
818.836200484888,1717.68596327926,1621.57876790002,513.902457112793,1984.11335393652,773.544437706831,2484.37256112137,1367.38805208565,1406.81549046015,1275.04693294877,842.955510427738,1574.93905060565,1543.17147362055,2244.13169931629,1634.65708734228,1634.65708734228,1874.67618365879,1354.97837416175,1899.68669701652,2004.72776268867,1303.25242944489,1680.09525634716,1554.73444795454,2590.30912196915,1217.00300926687,673.745352162833,214.4434243831,660.742490661957,516.006186126123,1541.44823053079,2252.47808556141,1951.83130573276,1175.78956822095,1388.62759243017,814.85485217341,1786.72347310105,1080.76184888709,1937.80129618027,520.931942637087,818.004194303756,1248.87556672816,2584.46108232348,909.033439891043,1359.39806163815,794.549693570187,1008.77296217113,1973.5123548727,2531.85467659542,1908.18893496972,190.01599095592,2058.39168364541,879.795310500426,1719.26171678568,468.58633044537,2758.77925967503,2460.17947825229,1864.20688457252,1832.39631038706,1832.39631038706,833.142231253205,762.4115796463,1836.99530122114,614.943471328015,1264.97031422132,1615.14508707915,1003.36129388138,937.519319145391,701.938944782939,688.149973204111,1543.61744515613,1920.9205878035,1147.52207935843,634.233245819446,1836.27850196102,470.788054783621,1278.47152693281,868.940110373182,1335.80700712608,1220.78770397925,618.832886983755,1133.82245557419,0,868.972303450287,958.196159573319,526.640926888932,792.88827791719,961.314454648155,865.921260161704,1057.77494195448,1719.75888865437,794.549693570187,1018.90897980297,1474.5639388779,886.635920374526,1178.05568576222,1302.87329468016,1420.01284342458,731.103459432873,1437.41018918634,1973.22008163015,1172.45143133964,939.134628599429,69.1264193918081,1527.96099060056,1722.77398543069,529.168942709516,569.390555894355,464.2308390491,1374.64744661474,1220.22459386191,728.105443338621,797.439961579525,523.266275233291,811.17714250445,1088.01857500813,1409.92563246596,522.163672219963,659.271102361773,202.746236535848,704.434919485436,235.604864575578
1563.46339922444,2144.29063755829,2080.1071402168,363.4157587382,2586.22465797805,1105.60138199708,3094.66437432023,1876.93808433889,1455.18686949413,995.083734498406,1459.70207519965,1852.1418271303,1215.53971145993,2857.89011131828,2232.2700567226,2232.2700567226,1757.75503227266,1823.42240461334,2501.27003943632,2616.90888968512,1907.514346714,2167.31590097228,886.128816530908,3140.51922289569,1527.30091977903,1398.77768952469,1055.05065321111,813.567519855293,990.808070679374,1901.57822059445,2865.30390578253,2150.05451613688,706.074980867396,1749.46552043421,1510.00059010261,2103.62518900112,1586.45467350182,2553.79660458033,833.218647267329,1353.70789047869,1493.39906422318,3263.31760087153,1419.56557442006,1911.57865629005,1507.44028374371,267.762459964135,2533.28171916452,3109.95666059194,2173.98916018205,690.95132294569,1893.36901700693,351.882517285191,2147.00267335821,1283.78213272585,3403.85891619656,3131.57737082788,2421.16475967915,2477.91877001588,2477.91877001588,1508.90194156629,1376.4309809295,2209.83630468885,662.158593151397,1593.69251789016,2011.6234346673,1651.00564014695,1465.6610799787,1094.6083532954,1471.53751200794,1864.492025255,2524.36909857221,1648.11858728826,772.195870436142,2425.93630332582,399.982213275955,1570.93956706892,1021.70983668654,1689.45260293352,1681.22703184635,778.715113277519,1412.49297153436,868.972303450287,0,1395.91196080041,342.473671740712,443.366173563951,1047.88092884903,1510.2112239105,1541.72160722759,2247.8067939133,1507.44028374371,1202.61650730222,2089.23887517321,1524.51224035351,1720.8591733822,1779.12677241688,1456.21106090427,938.089962404256,1963.03871838564,2460.17978857469,794.983413594263,137.310059767216,933.922880833899,1263.40728037602,1887.0832353679,346.927434425916,1383.26707345949,407.285651968221,1141.71446403,1804.89615451099,831.530902665234,72.9983333196977,347.27826565373,870.24260376236,1316.2330306993,1063.43121325028,350.688046427089,1408.94309986256,668.53134763244,1471.47613434247,639.031947876317
565.139411632683,780.12873869122,698.546120634109,1110.28430812239,1196.60139139366,292.075897560308,1702.2487238731,481.03910756873,657.74861952309,956.03836067502,295.081847223291,627.006460466066,1139.44022249746,1468.15091574799,848.658167324737,848.658167324737,1154.46272171355,432.514145906165,1112.7851674692,1229.83133193806,547.894559515051,777.494114512478,1542.51910055875,1745.97205806789,288.890161193952,503.80745329911,827.361503546153,585.770752900093,466.430715500593,583.654721650688,1475.24775599065,1012.99577748525,1125.05921623951,430.519784151565,447.809232313307,828.603788175911,199.73304125349,1169.19065032472,578.355828479083,178.139725888908,365.55330898394,1895.14313158814,114.921905948855,522.520381532427,483.642265454392,1334.71255543632,1137.51928795266,1714.09562239347,953.745985125111,1060.31908469329,1348.49328452475,1136.28460408018,782.235427627728,717.26551322608,2018.29169157344,1761.46398647441,1025.54427433086,1109.95200271918,1109.95200271918,409.483631248549,300.19761127764,884.371834697769,734.653520174948,319.310189397987,664.694224771057,409.040229957577,147.424619953438,307.273349725136,639.617962459938,587.171382304532,1136.06354064965,254.722728457015,625.092366130865,1035.34180695877,1112.33810780521,350.628862121474,441.864057650219,378.992521743257,288.989428723377,617.462935660975,262.685392038989,958.196159573319,1395.91196080041,0,1173.97412148975,1000.5327839129,493.162036946794,350.643376707118,149.490183357573,852.135012995429,483.642265454392,360.602332046989,721.399602252203,342.097850841505,339.832818737079,385.345188213508,678.286098144696,467.963917069653,567.491692543891,1074.35060133034,1028.14459088259,1525.45532515094,925.029142689088,1061.40367922519,813.185967083215,1123.84265613696,712.771528745839,1159.56922191873,945.644696086822,442.369703465471,583.745085060855,1334.40860720945,1144.71820785601,580.936226643575,307.470135805884,1087.76029520645,1197.24009362034,555.546245154496,1036.56312342914,599.125314949906,1063.62519175056
1254.80002716792,1948.81041729945,1872.13058765414,69.0946670647584,2335.14600686334,899.443022764905,2844.5015202354,1647.17720897811,1380.7622777764,1037.84018307519,1184.62728654733,1704.0421443141,1293.9362637453,2604.93147669505,1978.92121396067,1978.92121396067,1763.02553171095,1606.32863246177,2249.57034918669,2362.60801038664,1647.08318210015,1950.88052428021,1122.49892221834,2912.2617728004,1355.66025766808,1092.09268377521,717.112599848607,634.363197326787,726.57131900493,1724.52700410653,2612.72690055714,2039.08796414901,823.483529898773,1567.85403513641,1213.95335915221,1947.07265715563,1350.0075186125,2297.61898489069,595.992080662044,1098.57988765361,1344.37212145178,2989.580584282,1175.20985846281,1668.29532384052,1206.43161428656,517.701118753896,2296.43741839452,2871.42845465351,2037.91718028495,349.841625335897,1922.50652705784,453.091096544137,1951.16870074084,953.500333484924,3142.84649536212,2859.88810729538,2184.05205340665,2210.95194414045,2210.95194414045,1218.27160266056,1099.19653435074,2034.92188708057,491.911112575503,1418.14825893095,1824.17802055778,1371.91886837992,1217.66892235266,866.895399113876,1151.27170425964,1700.6750578317,2272.24941176647,1415.31877379708,590.29310501413,2177.56946518492,66.8749167123437,1407.61119667603,873.83719640946,1508.46508253998,1462.85581133385,588.925958954162,1246.86997180751,526.640926888932,342.473671740712,1173.97412148975,0,439.344124888018,929.715856551061,1228.63650952018,1310.80389453498,2018.44865760099,1206.43161428656,1059.30141001844,1828.28174499657,1245.20444242273,1476.31171787165,1558.21957877893,1386.78533341186,758.29629578236,1729.67022469412,2248.15765703872,870.370053359613,420.519644505489,592.091546466747,1314.8170916304,1782.7092897908,62.2407795292382,1054.45407966836,68.4812676602165,1172.03016892175,1548.78866929936,676.878016125438,271.596816032186,33.5486692461816,741.46868701469,1163.80387069619,1142.95029714218,33.1755645623334,1096.18274437006,326.166568105995,1155.39497490063,297.357415687036
1279.58676163126,1719.97861812656,1663.00714559855,384.310071067718,2196.84969645689,709.549852778601,2700.91730794902,1477.27213496519,1013.59772058445,602.056870302853,1120.4334602131,1413.0360710737,854.825359818771,2468.18545149321,1848.74278505756,1848.74278505756,1345.6291552374,1415.11014442933,2113.2411052326,2230.34777173135,1536.56093734608,1754.61846993421,763.370611019288,2729.51095646445,1098.09778315953,1118.44293318084,908.320991401114,420.187146352901,669.362252230073,1470.9533656885,2475.19050707493,1706.69548127055,396.878493626726,1322.04008198497,1202.66498126567,1665.50586187511,1198.29073599039,2169.6503960725,498.362573149447,993.182300683526,1056.67562461087,2893.03529357702,1044.3184974745,1522.99428496743,1209.76539332581,335.116925833806,2132.07115598036,2706.47832415787,1732.003436074,682.649973761187,1496.1648124118,137.267067173002,1722.84400360584,1078.99170739701,3018.75403639725,2759.7102603075,2021.09362594573,2106.12853825432,2106.12853825432,1191.93549865791,1044.18988359893,1776.64037054175,290.389670137876,1165.3247204911,1584.52913136196,1310.47660421958,1092.58604356344,718.967453384905,1221.54249063925,1429.47803425822,2136.52702203666,1255.22170340896,387.451103040292,2035.50498232812,431.297476432581,1138.03199881972,592.858201120573,1262.37840363512,1276.13561033945,400.439991974405,982.384112436868,792.88827791719,443.366173563951,1000.5327839129,439.344124888018,0,608.402421868534,1178.4752863096,1149.76675405059,1843.32160648357,1209.76539332581,767.640916552391,1715.71411387874,1188.77815865388,1337.1420197992,1374.21651492939,1015.38856938047,532.568866983161,1565.0200448973,2042.56748678609,431.461414218809,580.596476812631,837.777085407528,879.269669412159,1443.77082320785,381.933352423648,1166.33094092963,488.447414182274,740.813354308594,1431.24686732803,417.321652530975,405.103260823216,409.920040229577,439.181473270928,882.567263857349,703.61603126323,472.001764461448,1142.21699010148,645.713425084191,1209.91724947815,635.339970496159
974.800321964035,1122.64708815176,1075.98888057796,860.650635046596,1643.49642753789,289.585259222488,2135.82441980119,923.734485885249,460.833090878548,473.075688149848,730.204216634518,804.759752745984,691.911696097844,1910.80359461765,1311.73458859328,1311.73458859328,913.506148013778,847.651498217724,1563.27165818649,1680.64860393605,1034.47772108307,1172.9384277947,1050.07723905616,2142.7332112799,500.224546800071,852.560516693008,936.675207623662,316.641794932885,495.277279477443,867.597770415586,1917.16082039751,1113.39079882336,638.668714017686,723.857450756003,865.148921702465,1057.10422589803,685.194200490673,1624.58283771552,440.65492298129,579.452561825929,449.003161512006,2357.83093286627,582.633925864202,988.308641460417,890.400518023168,919.454407937359,1562.35463405091,2128.87172960061,1127.01692284974,973.215154391218,1098.90541025059,729.245845154501,1125.68344370251,961.407225995079,2462.46630737253,2223.85986633558,1454.486489613,1581.52718076593,1581.52718076593,836.553184660972,686.156848671782,1170.17115697311,439.254029039939,567.738777022801,984.64236201666,888.457384837094,628.223624452158,364.482902431173,990.781436193496,822.277145669748,1586.43978470457,726.860064961948,355.797605430301,1483.24751747641,884.526970377001,533.959327088591,99.683521707546,665.453669658439,720.477927363338,364.699465674054,385.338275944967,961.314454648155,1047.88092884903,493.162036946794,929.715856551061,608.402421868534,0,794.242163018698,632.556977680806,1272.75407862564,890.400518023168,166.282585442032,1200.3143322915,794.197299092993,822.425085547657,814.614523112953,470.467035119509,231.259119566578,1011.50301565586,1451.48562905685,536.358727708274,1184.95755896263,963.048471690955,636.238263070732,854.286538235412,868.854531640073,1006.20739969333,944.006400085467,495.736488772577,930.478110055564,258.611976655939,1000.98902996168,896.306944601919,188.300303422448,280.677658960456,612.531291308737,960.49862485675,897.241629823772,938.069061666016,960.17467218279,951.454729906006
219.241214393482,897.851721088644,790.693700125647,1175.60452414581,1122.92233641781,521.260640052363,1628.37517650986,527.808868687492,1007.71205476932,1267.31726009614,64.1850036692701,890.012048137833,1472.06379303191,1387.7141612975,770.204215873284,770.204215873284,1501.45839791719,544.618879973533,1037.79526610477,1146.17120012932,437.467278742508,832.556777170356,1815.8713685684,1724.80081054887,611.140520309217,223.551410619806,679.028860012913,766.299477117042,520.928559673682,789.130641112063,1395.84007870426,1272.9809474338,1387.11521476478,667.28279790212,106.444498020041,1034.33446964213,300.872336674767,1079.79760552643,687.2700654403,214.809243709208,704.295252364259,1760.96117746427,235.93086145965,500.76380262793,146.249127108404,1508.66395751464,1107.59921436632,1669.0323253956,1180.65890848707,1017.59117020728,1694.77955775592,1314.82668005304,898.667849595389,481.24958296999,1917.26431231222,1631.31535413889,998.376794271731,984.716398634951,984.716398634951,65.1905267601833,134.976084925819,1040.58455877908,889.048679992833,617.152445357522,824.102830924727,143.508309329723,209.822671356553,475.846763772869,326.278581955859,825.170240483129,1059.57809782757,350.954919434581,793.049505741843,971.971375038594,1162.08887116816,666.073341894156,717.588716247892,636.321664864281,444.753587836412,778.785641651466,610.667404592687,865.921260161704,1510.2112239105,350.643376707118,1228.63650952018,1178.4752863096,794.242163018698,0,315.56602295333,858.521434267418,146.249127108404,692.491719883024,611.736707670889,22.0289804185449,338.052750528039,494.606448891447,1028.38632599888,682.629583644995,585.216421464743,1117.48649581756,1306.00332688856,1626.46486915871,812.58711416467,1400.19887282338,1112.02252479088,1191.42576731663,435.675490153051,1195.38023605628,1275.812471632,356.912719432251,792.995698138305,1441.19544600803,1205.39192693275,822.350030159168,656.238264131649,1405.82869777747,1244.18967309685,266.975651769717,1005.3011404204,283.485314110964,1038.24388209019
532.821715311011,661.02989514427,570.227727069806,1248.49603422561,1047.87835930986,440.656248303063,1554.33785490963,336.97696378161,725.780354044504,1085.33216867445,281.189656643517,579.234684334477,1252.66882243919,1319.54802430173,699.199704127501,699.199704127501,1205.17930707762,301.135645167649,963.84282594305,1080.76198464795,402.311827020347,641.683983327017,1682.4376953046,1603.39161969224,304.793035135817,516.681372407558,906.207381842189,733.905485249941,591.413286474839,497.936528256197,1326.70611411034,965.567546389905,1268.79132496632,360.479759691155,421.95247937311,747.060631548726,52.656984515953,1019.88430161757,717.75953522398,240.090169355856,406.624254249824,1745.70925344062,148.742267812216,373.235022602933,461.583292104548,1484.0898767714,991.868592081801,1568.62120256655,885.06626369623,1175.15851947318,1396.31032216201,1285.64921945799,662.756267360258,758.599631297394,1869.28029831863,1612.01080892618,879.616790792234,960.830254337613,960.830254337613,380.706866806572,326.861775409881,780.808130756841,881.675617073814,302.740966508022,558.67438928496,319.360881977395,127.745544432548,448.408532441358,637.726260054411,521.174933113661,987.10671754918,106.41105984572,772.53828837864,886.735028448798,1247.91939881805,354.938420630645,588.213024078105,323.468688622332,163.015918852555,764.260182345249,334.275481757561,1057.77494195448,1541.72160722759,149.490183357573,1310.80389453498,1149.76675405059,632.556977680806,315.56602295333,0,708.875862788349,461.583292104548,487.408767197608,573.027590584392,299.09469309651,191.580729977825,250.394945369783,747.02530362291,617.230561961044,421.684337877379,939.457978877544,1168.90946747539,1670.1718927625,1017.79492622237,1168.47734088931,796.558813887502,1262.50191000835,733.876052356396,1292.92676591833,1062.66182011557,297.924324072334,733.16209245001,1479.27176332121,1282.38072421328,729.733105791055,411.041427316674,1212.31505714186,1332.87166127201,566.463464446985,1154.06410592065,595.079322351998,1182.87563321997
980.578961499648,272.98626562308,226.961512692095,1956.81666263283,383.915514787945,1142.42653952775,863.073805367382,371.910004504311,1131.21178362264,1655.33536074046,876.813262207175,652.848025817974,1743.85866490667,641.254170972343,207.20667457289,207.20667457289,1447.7325750131,428.560691552532,315.717832700122,425.843420085225,434.809136796721,126.270563587963,2282.39191669878,894.515802912754,781.889496916332,1073.04885163279,1537.53338415706,1435.69004188365,1294.51243450408,488.067095308654,647.117289444446,833.266470757745,1901.22551624633,575.233772834338,930.776979058226,538.081123088589,668.44201600857,383.418572569235,1426.61130822272,925.353475041043,865.39218328793,1104.9975080321,844.008327589037,360.440299107775,962.373239398104,2173.84340551734,289.849064716973,863.392616430955,673.988314886345,1859.11410799299,1599.41810153541,1976.54469655581,269.886999122642,1328.41060547576,1191.11436936026,972.879713451918,182.536406435161,408.879233509136,408.879233509136,902.197375545685,958.089124482174,412.155022652275,1585.97105605218,717.48896421776,375.154519371952,732.811592734569,803.648845285425,1157.03541602359,1130.79167867462,570.807340536391,336.664533839387,603.417900707763,1476.08308246715,238.278931626773,1954.91869963819,767.638406288817,1257.62343252139,624.751308793329,567.710039485514,1469.11206223648,891.249085229444,1719.75888865437,2247.8067939133,852.135012995429,2018.44865760099,1843.32160648357,1272.75407862564,858.521434267418,708.875862788349,0,962.373239398104,1107.41562794204,317.95245234777,836.963181416644,547.297225313405,469.531775660434,1149.17178862143,1313.99212475667,289.039725247812,264.796173818781,1787.8404990077,2377.58973551962,1669.23774585689,1641.45759037889,872.264547089905,1970.9713883008,1262.26255070546,1998.25623098871,1584.52414600994,501.612300525985,1426.8020006188,2186.54339273888,1990.45504601739,1409.19710475524,997.122310507272,1754.25562608734,2039.7846254951,1106.36290332353,1842.10055543487,1093.9809136386,1872.99319255982
84.9495293177115,1026.73689882209,916.8843496832,1159.20362739427,1193.27006427591,605.094408931913,1690.3724943664,654.715552894836,1140.68852641617,1360.87819457863,189.427770427407,1035.93155374378,1578.24795141116,1450.41921218478,850.028068591921,850.028068591921,1638.05804289207,681.320753097614,1109.74266080643,1212.16066236726,529.226278458104,949.706028564497,1883.55279973513,1805.10474850046,754.057516217793,120.848208410586,592.549084793063,813.815473456024,540.416706997235,931.780445398549,1458.82037689497,1418.1195457749,1453.14289802735,812.877895806678,39.9793342406063,1175.1877957261,446.665641114203,1145.11594834902,711.437467409703,324.025292665199,844.289021728126,1796.16192615678,369.448914801569,614.070993722513,0,1531.90453765127,1193.8519016415,1741.42973275104,1323.17175598209,961.242165317333,1831.9873064335,1343.41730838189,1027.29791855268,366.473917649976,1965.34299686506,1669.7964964522,1088.11706993729,1037.85554939571,1037.85554939571,81.0960148585411,204.94281037875,1174.32528496077,919.843995890308,762.432672385925,960.97366650889,230.60807128691,350.877341001912,544.85624787805,183.320980498744,970.085591903175,1130.39523370807,494.363740505029,834.054547258085,1050.02679864615,1139.57581648139,810.154352349788,805.468715700752,782.532717642655,588.842684433867,817.902581504317,746.189165259735,794.549693570187,1507.44028374371,483.642265454392,1206.43161428656,1209.76539332581,890.400518023168,146.249127108404,461.583292104548,962.373239398104,0,806.316499626669,688.454422826986,164.508344738937,470.441271746709,632.791916969389,1161.03487611989,748.48217890568,702.923426816488,1225.50901164599,1381.02733344881,1616.2893088393,734.969242083727,1511.79207824035,1258.13158442226,1175.54735279213,303.817541329663,1166.19997107389,1381.35705363138,467.17208372696,850.645241621257,1436.39239831155,1186.27125871218,891.848498264024,782.705347579163,1502.32437337097,1218.40723458407,144.469557183734,954.099539539715,141.162419791183,988.375422610736
891.166348391836,957.200050809811,909.706797933435,990.427735242233,1479.84294540855,260.440146916521,1970.40434065803,762.257666838202,393.678420259206,598.094151464025,630.379142682008,651.470970450026,781.113027761614,1746.32237767705,1151.73853658056,1151.73853658056,887.095525897542,683.748833855618,1400.25282737899,1517.46788500505,885.186679983037,1006.77985473354,1200.47524094767,1976.52104341519,334.280861791307,789.575874990722,959.119657614486,426.43392538715,514.649841213063,703.979261982855,1752.59806807313,981.210359672448,798.30695664965,558.275848273403,776.156679176915,901.458364709255,539.735598581201,1462.21988827437,514.902439269053,483.219886360957,291.062758300718,2195.90669442975,464.31403442606,830.792700198638,806.316499626669,1083.89501399889,1396.83893929325,1962.6743507714,980.789598282706,1059.0648040703,1079.76156973823,891.918127068645,960.205562629916,939.154074874353,2297.74263387737,2061.99606567965,1289.38115512056,1422.98063005883,1422.98063005883,742.855729096168,602.674090657837,1009.01785570535,568.655885908135,401.848681205187,819.716310185818,768.438864325033,505.266216783867,342.953392828365,930.764632555465,662.248973219516,1423.36023963272,574.866973588577,470.015985143177,1320.02920887902,1008.91618689757,370.548353188484,185.918335811002,499.57670019284,560.221357968047,473.657352193614,219.10682907754,1018.90897980297,1202.61650730222,360.602332046989,1059.30141001844,767.640916552391,166.282585442032,692.491719883024,487.408767197608,1107.41562794204,806.316499626669,0,1045.79525590277,688.587234963006,672.85376958442,652.51769652108,409.349085360081,309.409300272189,849.539056920531,1285.3966257931,690.713134178862,1339.08970861799,1009.56539287555,707.740869364332,729.449566966784,1000.19238396915,967.850360982125,1066.20194159543,586.067535489583,783.194711297823,383.681709211885,1152.494247288,1026.40985035811,332.567703459018,115.349141062419,727.528387612692,1088.62098052665,838.278952147899,1026.45957681828,895.677432461171,1044.28319920921
691.477109173377,515.352133642035,412.802570448401,1771.52450831449,511.22275260307,1007.25118881051,1018.1204934352,309.959267259022,1179.99622169664,1634.93625723748,646.640855382066,785.98873434235,1769.66133936118,777.729421940551,161.633364566814,161.633364566814,1578.03174493901,405.784771344475,426.05918006709,535.531309651058,181.846682689285,372.759291444092,2246.26610063504,1117.16198884042,765.856793720383,806.388523760286,1279.12698214511,1296.22625065694,1104.31770960493,614.20248314327,785.702816610515,1064.37455048335,1838.73635525364,621.458612356446,662.620375341966,764.818325270621,521.710273562249,469.79581780369,1256.04872163023,735.676210898637,869.331402538882,1177.67169987261,672.721825694894,219.92816581716,688.454422826986,2050.80486326311,506.414577562898,1057.6567492759,917.762290572033,1629.3134576118,1749.24587903437,1852.51258287822,513.671746305939,1052.51603995068,1315.92714290912,1044.70571778278,404.102797896209,390.500756919064,390.500756919064,641.555469252453,732.255222641109,678.554156889636,1438.6917667081,715.906827937832,547.044930747539,471.364406603139,625.265517220202,1000.00021607812,842.52080141765,695.359335918921,447.876772499053,473.701345570251,1332.06841989879,362.078471659867,1762.49972520055,777.461338323465,1161.00412865528,647.606277747467,491.470844466655,1321.72607897142,852.562728058715,1474.5639388779,2089.23887517321,721.399602252203,1828.28174499657,1715.71411387874,1200.3143322915,611.736707670889,573.027590584392,317.95245234777,688.454422826986,1045.79525590277,0,592.31135032169,381.617057182737,413.422460487586,1200.37859618631,1185.1630163515,245.395855218658,575.55899749131,1735.39759849731,2212.39689380627,1418.41509984832,1674.95276955405,1033.88940759053,1786.76847084575,976.810377849915,1799.53560858103,1591.13003190561,285.091675769689,1301.78399886282,2023.31637680327,1803.05869066184,1302.33564927817,950.972372360008,1751.98554777476,1846.04904915395,832.177302018413,1616.89422585602,809.240637951693,1649.68399177528
233.926706588897,875.948070000657,768.705365104435,1191.63075943901,1103.53397258911,524.67376615007,1609.49490289424,505.807962225344,997.771534257352,1267.14074551568,68.874876483162,871.452115320618,1469.03919550582,1368.85904368482,750.294496251343,750.294496251343,1489.98053999352,523.175076835866,1018.32327569207,1127.14690254011,417.106931380756,810.565497878686,1820.11057559341,1704.43820885467,597.214709049935,245.447950199395,700.571437579592,774.986690220139,534.357053442481,768.825503329669,1376.95712181082,1253.74120157995,1391.91292086357,648.373576130018,124.529012349106,1013.62215691808,282.185331546106,1060.875408818,699.446205580948,215.841734385438,691.834796152723,1744.63861440186,228.185015655288,478.951873648019,164.508344738937,1519.76180249562,1086.98781680765,1649.27339110261,1160.35453761292,1037.24065388096,1683.02078719728,1325.36026582597,876.755100529405,503.231608046998,1899.58514650385,1614.70077331577,977.574672516345,967.030606360145,967.030606360145,83.6920343556209,148.094769921913,1018.96338740271,899.849138155298,601.416941664685,802.747518247158,126.920355846813,198.440458710884,482.277144752247,346.004976505196,805.779117587494,1040.18804988674,330.774830267551,802.628434952047,952.040090640127,1178.74161781336,651.323183178573,719.437473739423,618.385028486408,424.890960940233,788.671735717054,600.256091485045,886.635920374526,1524.51224035351,342.097850841505,1245.20444242273,1188.77815865388,794.197299092993,22.0289804185449,299.09469309651,836.963181416644,164.508344738937,688.587234963006,592.31135032169,0,316.1697669528,473.326112566356,1018.54299598874,688.635927864577,563.24572452574,1095.70246894352,1309.31424671599,1641.52918630979,833.664645214925,1395.96835787467,1094.99604887655,1207.3842667185,456.964218706403,1212.64652449267,1273.06997470373,335.388846998314,800.037748677528,1455.77020865017,1221.66986646656,827.34276628726,648.87300016216,1404.93756823147,1261.09588513448,288.467240668709,1024.58288086563,303.27075166643,1057.39856354195
518.745624107766,559.808623704928,453.420921422963,1416.24656854209,865.36644196552,627.675601997277,1374.04669998208,191.549373883872,866.294997299503,1268.67107069748,340.138647025434,603.847520587298,1423.70341853029,1137.05832984359,512.562455843794,512.562455843794,1319.26205978917,212.358367540313,780.473936847416,896.48075874735,212.417026681094,502.540854857244,1871.46037595208,1437.16397478069,434.061556090833,561.603295157835,1005.15545252551,919.020014103083,750.170123907528,473.724791681626,1144.45243224402,969.289684518756,1459.69366212547,383.815210070541,432.253443095573,709.626137212742,140.10652507041,834.210241338158,890.489440994075,378.971955973909,542.31030999413,1556.32331555143,302.275591313342,192.050884187507,470.441271746709,1671.97808939306,820.178372160847,1395.36110710658,861.227043918616,1312.61293618266,1504.84662994533,1473.54367119647,560.641456864269,819.104479152183,1684.56035541448,1422.81558944556,707.840911639792,770.356211210255,770.356211210255,395.145381946065,416.172411059408,704.099342631243,1064.31415410569,403.934955921268,491.094879048162,256.352316120485,258.643014568113,626.618388609087,653.310538759583,525.651037575417,803.607644385936,99.8100462683106,956.255396150431,705.220230407057,1411.94425048401,466.104315009196,779.79123786964,375.653382864381,164.644030550548,946.892997206384,497.203273400945,1178.05568576222,1720.8591733822,339.832818737079,1476.31171787165,1337.1420197992,822.425085547657,338.052750528039,191.580729977825,547.297225313405,470.441271746709,672.85376958442,381.617057182737,316.1697669528,0,167.265349880683,887.537240154679,805.295761625164,260.133746608423,795.410663318617,1358.64716236255,1847.14416620027,1130.6117997565,1335.04897497102,847.025597385534,1430.84283698716,771.440196554631,1453.64137934713,1237.57391429053,111.980294175979,921.71601706841,1656.79707139943,1449.20065828552,920.754979714011,586.867950895731,1392.05082065623,1496.57967234822,603.974915989364,1295.07781558113,611.531574041703,1325.81517346943
684.756732314949,415.420363424969,320.243056549518,1495.05392096886,829.693570911761,673.52538753989,1328.06425018862,110.186245535934,769.172976611614,1229.08227262255,485.516854890404,444.120481549045,1356.44753103493,1098.70552775393,500.606285804375,500.606285804375,1192.15624959347,52.2685367241805,748.800680729371,866.260697261421,296.929770772048,392.669560427037,1847.62699774102,1361.50647696916,353.170376093826,716.63410777892,1142.16435956391,966.40047059605,841.569400636969,306.681525555746,1105.33218780882,802.78599359419,1450.82429501183,233.395311833844,593.783248643452,543.387353596243,222.112690767642,809.99278602757,963.266666723316,485.883578352608,455.909777667596,1543.47906130921,396.634340155725,194.252973194479,632.791916969389,1705.56641541289,757.85472008029,1332.91258566288,694.185098234005,1424.64064120337,1372.51961515643,1507.92102117401,416.85218920782,971.500447404074,1650.6468560448,1409.54409314916,647.050526878798,773.512135818186,773.512135818186,555.135239506203,551.901001609869,547.953667661769,1117.04363672796,302.700899035859,329.57074536148,423.555694335799,365.3542825557,692.347446019255,816.10731304842,362.142239540241,772.003259089441,155.675882375449,1007.06631469375,668.973299349648,1495.95432763703,364.727679662387,791.651291063731,242.780182636676,98.1797209484986,1000.46086043629,446.456242450855,1302.87329468016,1779.12677241688,385.345188213508,1558.21957877893,1374.21651492939,814.614523112953,494.606448891447,250.394945369783,469.531775660434,632.791916969389,652.51769652108,413.422460487586,473.326112566356,167.265349880683,0,789.83890642535,844.46080561412,197.027646307773,690.178915007279,1342.09770830523,1909.62885464723,1260.13426602895,1261.53094375343,691.997068088927,1508.7581722016,930.268553943088,1541.88054402775,1179.3942189745,236.991575254662,957.421058638157,1718.55099085453,1529.29936829119,941.82612984353,549.148730074015,1342.1384480821,1580.91132450847,761.525965175697,1404.00604679057,773.873402219996,1433.0207009439
1243.25149023581,921.74593115913,923.512706863804,1318.27418725884,1532.13970067346,669.512237208314,1975.8316889726,890.440315756439,21.3140698128586,566.49574561763,973.26580811898,523.399790762886,596.705243525083,1776.71113441644,1259.99952316899,1259.99952316899,483.644486762064,794.877284917794,1464.31885300449,1574.70709789598,1079.70992454344,1027.25307309256,1181.15437001256,1926.18959151191,453.631711932382,1167.13025302946,1368.35668621765,787.100895322746,923.158521357924,664.93229765837,1781.3853106518,709.390864372206,874.659551380421,587.088120501304,1125.86447616568,756.668562269697,789.60386860566,1531.56538138107,904.187697963221,842.275810853276,345.542580247805,2249.96292832101,793.190308986687,983.57781719196,1161.03487611989,1276.31944088259,1418.16329775561,1938.64989243041,770.957206538018,1442.77206649073,678.088290902427,1110.99480525177,925.297884658915,1340.21984035805,2311.42570397757,2119.39549638981,1325.57001624558,1529.82956261515,1529.82956261515,1087.76567635998,967.845439042543,903.614163011599,903.522433639377,489.381134890622,786.782012975378,1065.2319095993,820.324338617635,751.63587283975,1307.33891838702,587.738851917661,1485.66264351887,792.066865495482,825.993214974398,1385.24267041416,1346.26863756445,426.380554626353,553.715594882729,553.3208784983,730.078291210574,835.162707768626,418.65648010548,1420.01284342458,1456.21106090427,678.286098144696,1386.78533341186,1015.38856938047,470.467035119509,1028.38632599888,747.02530362291,1149.17178862143,1161.03487611989,409.349085360081,1200.37859618631,1018.54299598874,887.537240154679,789.83890642535,0,691.93554818245,962.958595329973,1250.12778465435,751.637023613364,1592.48200833851,1414.71466335772,492.773465784341,448.505269175063,1324.90393036641,1360.19552071282,1406.79262394568,457.619534882617,995.876333267824,728.024957819377,1420.44081419565,1353.23807917664,652.157175889587,384.083035839161,629.521463068088,1418.60739392915,1217.98147366554,1407.9799377117,1268.93512918073,1421.8224688802
828.952154621976,1207.77538830974,1142.01899434897,690.142442473915,1664.39132831529,177.935611743762,2169.13689093198,945.87191461083,680.01678973598,638.35913488135,620.022574447397,945.81547155511,886.051489005414,1935.82058322262,1316.32789215136,1316.32789215136,1144.4505691657,887.141427015422,1580.70163740244,1697.78542830719,1007.41166513914,1229.8914622182,1136.11091632674,2204.16512139396,599.467292390811,686.619184682695,708.52481900763,126.488189430586,276.157311293306,971.842192996445,1942.86341510918,1288.84312075567,706.071005776812,816.787338216195,731.011413351188,1189.31907401381,666.035669611528,1637.10915449136,212.263285250248,478.623935518355,586.886508118996,2361.60427244751,517.604662851806,990.441741466325,748.48217890568,866.919886512981,1601.78067410907,2177.3588660673,1280.36689022942,753.675089716597,1330.16444298554,668.467161022401,1210.40692364843,755.048013210502,2486.21632040605,2228.11136660104,1490.36397517583,1575.20167423145,1575.20167423145,710.496190628003,555.76774827361,1282.21628881272,278.414258347837,663.619566072179,1077.31377254399,802.019776780404,566.303533182361,206.924924539832,816.852986506383,943.67030356764,1603.9848480299,722.659408805427,170.240700605,1503.0734923353,704.789716070833,649.785006487243,138.339769989865,756.830804115633,746.284403618516,169.48967737111,488.91714226225,731.103459432873,938.089962404256,467.963917069653,758.29629578236,532.568866983161,231.259119566578,682.629583644995,617.230561961044,1313.99212475667,748.48217890568,309.409300272189,1185.1630163515,688.635927864577,805.295761625164,844.46080561412,691.93554818245,0,1033.33498264283,1522.10672174978,633.180527116308,1071.09654629893,731.807686445511,844.666393434939,1038.75787357722,701.114580853426,811.441191446587,760.61174092715,695.990962407995,901.699076321861,116.683881815389,880.608723685812,726.068269444659,143.719783082374,406.904513658995,783.042758275036,786.354363078619,725.167034909288,720.044501126422,791.976054918461,736.543743064736
734.753991547199,337.7154507056,223.954198153916,1668.29532605926,634.072799215341,859.268975898211,1135.90505861126,88.2438714716337,942.981243348459,1423.12454380162,596.335389000849,542.48770210096,1541.6232119758,904.196752819788,305.460443439184,305.460443439184,1332.64291597794,172.103341465648,552.406619160561,669.94139268306,215.138283916784,247.5228610923,2043.51685376392,1182.73257616722,543.71304452012,805.959195098452,1261.04484862882,1153.026679999,1005.47282552027,372.783081489363,911.00477414816,843.795542221289,1647.843424138,378.740375337182,667.93729475166,551.458743729831,379.771518986456,613.089297346278,1138.76575792248,636.673143249893,641.666947226903,1346.46413374496,554.978296329761,91.6811082141973,702.923426816488,1897.67949436044,570.268713099156,1147.00818444677,707.939637063047,1572.68807762522,1504.19648688428,1699.62805288914,337.441475213913,1063.9408154651,1455.88069625973,1212.5237445997,458.131571933462,579.066713366974,579.066713366974,635.23128859274,675.033994996553,498.742557225429,1302.13450361802,487.256620925305,323.503353077253,473.209391802234,514.768312096851,870.060499843059,880.299033321385,451.967741705085,575.655014584507,315.562442457887,1192.57649817308,472.947248255531,1666.01869149781,546.318577602679,986.581743097172,410.049033030567,292.020389337199,1184.89297523222,641.999422670048,1437.41018918634,1963.03871838564,567.491692543891,1729.67022469412,1565.0200448973,1011.50301565586,585.216421464743,421.684337877379,289.039725247812,702.923426816488,849.539056920531,245.395855218658,563.24572452574,260.133746608423,197.027646307773,962.958595329973,1033.33498264283,0,535.825586055537,1538.89681925696,2091.81064277679,1388.97665241865,1444.30385627981,792.05589842382,1682.53758848444,1006.65239474194,1709.22323647859,1368.66162423258,236.647861790544,1147.71746607391,1900.87840253215,1701.81651601736,1135.56288246579,745.524758859267,1533.44333513579,1750.86454564055,843.866017369778,1554.94488617975,840.706411523305,1585.52325627263
1245.20298577178,334.238497200843,380.142712368042,2184.63478351253,379.625396426696,1357.48150882026,728.294611139561,608.671839964195,1234.90629087094,1791.42114273382,1131.77737434589,727.285203927444,1844.60672872948,552.219794324279,437.215202904111,437.215202904111,1468.68664704415,641.856403873454,365.011386022217,421.645597103669,699.294283793523,297.775355563769,2419.19515263908,691.915847946558,951.278342473455,1334.61445770367,1795.58767273194,1646.86936856077,1530.71892545319,598.038834608398,554.905815943608,776.039228107515,2060.77241470896,728.515370404039,1193.17830976115,527.56590291471,904.805099811487,419.508079690541,1652.70605801167,1167.53195306173,1016.39176712177,1028.37337038656,1081.9473319469,616.771754494745,1225.50901164599,2367.09262887962,231.587319619297,690.184192315361,615.725069207349,2106.56015891866,1596.79048365234,2172.30329560116,330.881089102222,1590.96820036702,1063.86395367497,906.243488090468,226.860962442384,518.232037300454,518.232037300454,1163.4910880804,1210.85926522253,369.691078903455,1798.82550685834,883.817645594739,474.44453404389,995.341995570111,1045.16490856454,1381.61911976729,1395.24290100197,665.906592210606,372.879721978988,837.825994572071,1688.88235819163,330.83422973187,2186.0763323816,922.518859824483,1450.29174488485,786.17069140648,785.36865732733,1683.68296153615,1066.33416336337,1973.22008163015,2460.17978857469,1074.35060133034,2248.15765703872,2042.56748678609,1451.48562905685,1117.48649581756,939.457978877544,264.796173818781,1225.50901164599,1285.3966257931,575.55899749131,1095.70246894352,795.410663318617,690.178915007279,1250.12778465435,1522.10672174978,535.825586055537,0,1942.73132762928,2592.6477494881,1924.66813353451,1738.76067464239,894.004419015685,2198.17545330262,1526.32180401531,2232.02631138412,1703.27368793921,761.516330502337,1630.7801529485,2401.79055561804,2219.04061710279,1603.87076146758,1170.90049685829,1875.49858402072,2271.02806272316,1369.12676145173,2087.85812745495,1358.15369023221,2117.86275272512
1462.00988301362,1608.65674379739,1578.86310868879,815.620033854388,2165.49422190763,784.769497330018,2647.74016582138,1452.13043760087,758.20981098855,206.922984362316,1242.11331020071,1241.60572444776,427.963392374708,2428.97837005968,1842.12171076131,1842.12171076131,969.341976536526,1370.84186452681,2087.38449761769,2204.13087475502,1570.79420840446,1679.96970185406,514.506552246951,2633.13354865454,1005.95772913891,1318.61985924936,1241.76307375202,593.974526233653,882.959254778227,1345.3263078582,2434.92365727158,1459.16328832526,123.049363107899,1219.37884588985,1362.15137144853,1490.33592888708,1221.54139560882,2150.35909909851,738.177461591231,1093.95434752168,927.845540412257,2884.16619217197,1111.05828801146,1521.40536549795,1381.02733344881,562.64730864805,2075.02548664944,2630.16644718955,1520.55664886119,1092.94152474127,1098.61234457446,451.570741150856,1611.9720367221,1355.99353041445,2978.55823755049,2750.40483863346,1970.37691195263,2113.66774222815,2113.66774222815,1339.41748919045,1184.70655303685,1625.65356507454,566.198553198138,1070.70103716404,1468.38656446834,1413.25053501165,1158.20564660152,836.565939634028,1445.5785012732,1283.8814829932,2110.34646862966,1262.53827429936,593.073025985616,2006.89336501607,861.892418429359,1024.03008555391,592.707226569145,1165.44547461063,1250.82489013301,611.765175397439,898.691376030096,1172.45143133964,794.983413594263,1028.14459088259,870.370053359613,431.461414218809,536.358727708274,1306.00332688856,1168.90946747539,1787.8404990077,1381.02733344881,690.713134178862,1735.39759849731,1309.31424671599,1358.64716236255,1342.09770830523,751.637023613364,633.180527116308,1538.89681925696,1942.73132762928,0,919.82270252994,1204.72968309615,468.434300412907,1199.9711177837,813.392739497374,1425.92890642505,919.725491895594,353.959450639328,1466.8330004792,540.987091342284,783.850217088158,841.314611625084,489.483928084554,793.812366335083,275.001578254258,902.810469904905,1355.32485230955,1054.82406527237,1422.84843300502,1049.81533903114
1668.73729584923,2278.34867076577,2212.7371474774,458.349312921083,2712.19578917276,1236.38887815366,3221.17767161447,2006.20051353278,1591.68232732861,1122.6037929128,1577.8650762576,1989.01631932887,1334.83755520329,2983.64336594134,2357.40432861963,2357.40432861963,1886.50015776946,1954.54275599733,2627.03371822981,2742.18370352869,2030.5541188733,2298.94911888636,958.647937467851,3271.11837884151,1662.66832169803,1504.77361438775,1136.27090635585,945.819814541998,1110.06645525549,2036.98224937016,2991.1474651664,2287.23893152562,824.497956614872,1884.36439160086,1620.96756020646,2240.30990919806,1714.02641890196,2678.58554191293,957.198915932035,1476.80820067415,1629.98982892799,3383.88780104656,1545.19698459843,2038.43446312452,1616.2893088393,369.630734349773,2662.04004467741,3238.79296872464,2311.23409177044,753.201946501342,2018.11092969029,484.78926950088,2281.02820851814,1373.9981324154,3528.00507906703,3252.68794622887,2549.77888860616,2599.91394313312,2599.91394313312,1621.98366367894,1493.71453703516,2345.61506593191,793.825668967572,1728.86792463616,2146.30484148341,1768.35779339803,1590.66546309123,1222.10831798705,1569.8543277086,2000.69535782802,2650.05958205875,1776.4705577069,903.800773607643,2552.35236159756,485.068652302392,1706.89888064834,1157.55896428563,1824.32908587481,1811.93458930447,909.462751723533,1548.09702784918,939.134628599429,137.310059767216,1525.45532515094,420.519644505489,580.596476812631,1184.95755896263,1626.46486915871,1670.1718927625,2377.58973551962,1616.2893088393,1339.08970861799,2212.39689380627,1641.52918630979,1847.14416620027,1909.62885464723,1592.48200833851,1071.09654629893,2091.81064277679,2592.6477494881,919.82270252994,0,1006.54168030561,1387.36986712165,2024.2154344843,441.795144374313,1474.8695162071,476.519242951981,1269.82517921094,1928.81396031656,966.135131135107,191.077943529703,434.514846803423,1006.58630832083,1452.45216394409,1183.97764919252,418.662334612387,1511.78585172073,736.388563798061,1572.4764463102,704.037185359069
755.883939871996,1675.49624695656,1577.42423313308,576.134497619051,1926.8379970637,758.180845448176,2425.34141123557,1320.97648056166,1400.70940173902,1297.92706805995,792.98697048898,1546.76314203383,1564.96121126884,2185.35943618683,1579.05002734976,1579.05002734976,1876.02491842887,1312.36662693912,1842.72131184371,1946.67233819915,1249.06885559909,1633.13715981344,1601.03552123407,2535.11519684195,1190.94678008507,614.483039080549,147.657571758441,672.165066175953,498.572085186264,1506.44296292218,2193.7502988677,1926.78777281692,1214.2258091873,1355.3093666636,756.871530464185,1753.1640506652,1038.23287691237,1879.67139815217,526.266497817303,777.717991949647,1228.31843003087,2521.03757314702,869.284375348124,1309.30027038719,734.969242083727,1066.23506304799,1919.38274514652,2474.87856272139,1877.9180941352,259.089603191679,2061.91681262313,930.709110826731,1676.96607245104,401.656277072197,2697.13769837207,2397.34527573002,1810.72095952017,1772.48356196998,1772.48356196998,776.953576577518,714.442730532911,1798.41342814914,641.520813117872,1236.37123393983,1576.30975522683,947.92052965204,895.271330091362,683.039960775125,622.598237198561,1512.002067838,1863.74863168275,1104.4870286659,649.463603628963,1780.4246938027,534.599537987954,1252.98978926361,868.09916463087,1303.8462642635,1180.5467321154,633.021704839195,1112.42049806355,69.1264193918081,933.922880833899,925.029142689088,592.091546466747,837.777085407528,963.048471690955,812.58711416467,1017.79492622237,1669.23774585689,734.969242083727,1009.56539287555,1418.41509984832,833.664645214925,1130.6117997565,1260.13426602895,1414.71466335772,731.807686445511,1388.97665241865,1924.66813353451,1204.72968309615,1006.54168030561,0,1545.16970197668,1702.61527116235,591.737536423231,501.898799776294,530.821909637874,1391.96810706316,1168.47133265334,739.79546343976,862.010357003907,587.267217395294,822.212861773344,1072.50427511726,1435.17605115354,588.817324236508,597.425478624339,270.508073267653,640.300812352989,303.91767324076
1596.74159932218,1413.08296435031,1416.14692947992,1254.35429086577,2024.71390987353,923.850622170492,2466.05533855496,1367.05498082871,510.309491729282,277.253202612631,1338.10096131557,1011.68059858153,107.139752100811,2269.17269030431,1745.69353735905,1745.69353735905,515.507445735443,1273.30712147888,1956.24030408718,2067.16424373558,1539.37356217533,1519.94068398984,737.944541154613,2406.7736638612,910.332768839328,1484.67013753796,1545.75936735685,874.859775072938,1120.50659783849,1157.66493663345,2273.77727003695,1120.19004991382,566.980358556189,1074.36068429347,1482.81997092693,1231.61205478922,1217.64026559034,2023.30274070624,1025.58065661016,1190.25420744789,805.629451399517,2742.72499582507,1170.03707186722,1455.45573943692,1511.79207824035,1025.53920556133,1910.74723018272,2424.74431413911,1218.33772990918,1487.27694581003,630.816721781913,918.348453827685,1416.6493373684,1595.32092919416,2801.77494042222,2612.16034993973,1818.30402236712,2017.4092114496,2017.4092114496,1450.2445272249,1307.09866697226,1384.34563511113,919.539001420396,959.281626085505,1279.18449408307,1470.09970369682,1208.5142718553,1000.6058329457,1624.29125491966,1079.80176638524,1977.73467815699,1235.66032990784,895.707050464147,1876.87930793498,1296.33618334379,898.528259737565,733.474251027876,1035.14789276319,1189.64976331348,912.232029126054,838.415735687691,1527.96099060056,1263.40728037602,1061.40367922519,1314.8170916304,879.269669412159,636.238263070732,1400.19887282338,1168.47734088931,1641.45759037889,1511.79207824035,707.740869364332,1674.95276955405,1395.96835787467,1335.04897497102,1261.53094375343,492.773465784341,844.666393434939,1444.30385627981,1738.76067464239,468.434300412907,1387.36986712165,1545.16970197668,0,886.034405702271,1254.77839659111,1642.39270002676,1356.7577609294,153.317729759811,1446.69529118058,807.648370476504,1251.2653954698,1283.65479436885,727.34213196537,758.676949656588,212.363996023822,1347.89983262455,1530.77326427753,1449.07551446517,1592.13440571113,1451.12008529086
1327.71699220091,604.428415682819,655.480546426895,1713.61730987919,1230.84155680441,950.761119920509,1617.5128824199,752.893454659335,443.394751319289,1011.0810554483,1075.33817891811,251.31943817037,993.013358710347,1444.30616419399,1036.51962950653,1036.51962950653,579.05872203729,666.697339770594,1178.38283944014,1275.23829460202,976.478664877431,746.835976898247,1611.11454638041,1532.04585856864,524.925817492241,1306.15261714197,1624.63536610861,1154.48410998248,1206.77901727621,419.750449077853,1447.49681820543,263.521542590873,1322.94961444711,463.210565987782,1218.45362525862,366.655958161204,815.324589310226,1245.87109785029,1240.28839181993,989.976249758343,474.3016799292,1921.59648400888,910.08002378312,851.463599429197,1258.13158442226,1719.79605362481,1097.08905242128,1560.82573239305,332.477555861735,1782.48945024235,727.669039277123,1548.13129417161,607.866009788892,1530.36515132839,1951.14264852386,1797.29106177259,1024.90051058977,1280.30404322515,1280.30404322515,1177.19907603451,1105.66068981785,524.841677754939,1290.88532732557,499.425906813525,503.484198313875,1089.14187895382,913.740209026346,1020.89064250719,1432.99153517673,340.777271715054,1196.56625259614,780.8958356082,1197.47715000228,1106.56587380556,1735.08988206415,462.655592817715,911.443303171906,479.498551853698,688.916866800204,1202.21038352896,590.312908544779,1722.77398543069,1887.0832353679,813.185967083215,1782.7092897908,1443.77082320785,854.286538235412,1112.02252479088,796.558813887502,872.264547089905,1258.13158442226,729.449566966784,1033.88940759053,1094.99604887655,847.025597385534,691.997068088927,448.505269175063,1038.75787357722,792.05589842382,894.004419015685,1199.9711177837,2024.2154344843,1702.61527116235,886.034405702271,0,1722.32351541134,1520.82371527723,1793.36874242343,890.389855961008,928.965967653677,1106.38237048185,1846.22409452695,1749.43328599836,1042.35538614025,639.553750474807,1057.54842376471,1812.97806210165,1357.25792302128,1751.270714751,1390.56569564206,1770.73467762378
1227.03790155495,1896.29173028643,1821.19107800966,16.6522988254522,2291.99029410441,846.029635445218,2801.48698882579,1599.30330766093,1318.98986431864,978.015623850305,1145.50912713586,1646.38437814906,1235.46807053232,2562.34937486564,1935.91799449399,1935.91799449399,1701.05441444522,1556.35675143785,2206.47397738879,2320.14079572842,1605.21883177818,1901.2646578223,1082.86767158592,2865.26381898029,1299.59267972381,1063.23805491477,708.672293557829,576.360136771201,682.893115771989,1669.59795620688,2570.07073414301,1979.2216701403,770.574246880235,1513.19953254778,1181.29183950359,1890.38728098303,1302.76813381745,2255.50060920966,545.512689858064,1054.40329067872,1286.27902286432,2951.95249069335,1129.03057747825,1622.8935578945,1175.54735279213,490.632843436565,2250.52166591751,2826.19926354595,1979.65242170497,364.033331368442,1861.01584824496,406.398383335014,1898.69733737061,937.439424938845,3102.27294843916,2821.68779290149,2138.08883480027,2171.20124382991,2171.20124382991,1183.80248554865,1060.44845050717,1980.10793684656,431.997870450657,1362.59348837409,1770.53776962045,1334.28343515587,1172.32596281402,816.569887975808,1128.93365111429,1644.38677231479,2229.25795796406,1367.56645935138,532.213108472098,2133.73689215886,62.375545230056,1350.84508150715,814.499878091637,1453.64689185682,1412.83169073249,531.624957780413,1190.00254263424,529.168942709516,346.927434425916,1123.84265613696,62.2407795292382,381.933352423648,868.854531640073,1191.42576731663,1262.50191000835,1970.9713883008,1175.54735279213,1000.19238396915,1786.76847084575,1207.3842667185,1430.84283698716,1508.7581722016,1324.90393036641,701.114580853426,1682.53758848444,2198.17545330262,813.392739497374,441.795144374313,591.737536423231,1254.77839659111,1722.32351541134,0,1037.35750633799,108.227222771224,1111.30501901431,1505.81931175407,617.161206003303,273.983378703391,29.162215215413,680.559589511771,1105.61995041721,1084.98817548597,95.0470494068028,1069.99980279142,335.381973200733,1130.88820448106,310.941672487415
285.379810757924,1329.71741917647,1220.37127364829,1020.73116502011,1470.19435539139,721.60596348158,1955.37872815178,957.862422682335,1341.3635401865,1449.79822660729,453.853874998528,1312.88265855419,1693.1833451329,1717.96412302574,1137.91988033088,1137.91988033088,1843.81155870565,980.099941986134,1388.8521138293,1485.06905523955,827.59220672685,1253.20744637964,1898.99449914741,2086.73747613329,1000.39440256044,217.309391033662,354.968331403787,832.047000618258,543.693166379317,1222.55732679976,1726.56375820847,1699.43062837335,1475.35912806433,1093.77971925931,340.066267718702,1469.08630386582,729.969785281276,1418.17241862102,693.597500014749,534.726050800635,1076.43763481384,2029.34304014446,610.773183220255,917.480339813784,303.817541329663,1459.5991463285,1483.03493026823,2016.30796529844,1613.70362159444,754.958904368739,2038.28300523823,1288.59196379595,1330.34561863322,101.926089205678,2213.05213931447,1908.35613524993,1380.21980204566,1301.12627382862,1301.12627382862,376.295464667388,415.224960490674,1475.37725882698,893.547014137914,1021.49243418278,1259.71086713347,533.754707364741,609.720798327653,642.379514983525,134.866083081157,1253.82884014001,1408.35473956351,784.897262429224,836.753245278658,1334.49060857971,989.942739204448,1060.88607529319,909.237502790597,1056.79878419998,877.245581525968,818.290246888246,966.739869031981,569.390555894355,1383.26707345949,712.771528745839,1054.45407966836,1166.33094092963,1006.20739969333,435.675490153051,733.876052356396,1262.26255070546,303.817541329663,967.850360982125,976.810377849915,456.964218706403,771.440196554631,930.268553943088,1360.19552071282,811.441191446587,1006.65239474194,1526.32180401531,1425.92890642505,1474.8695162071,501.898799776294,1642.39270002676,1520.82371527723,1037.35750633799,0,1002.34726578635,1499.30187465695,770.602278691782,886.536746765068,1310.30862975612,1041.19939416432,949.388255179542,976.577341092551,1594.47749371712,1058.98833143539,169.149873681584,758.091620281725,168.40727971557,793.069315097108
1211.3707320179,1937.70795792188,1858.06147347438,104.139094382666,2308.2222877567,892.263282968042,2817.10324768161,1628.03289555572,1399.80586810955,1080.63054155243,1153.8173067609,1705.3211314902,1340.07595502254,2577.05264472458,1952.06036380813,1952.06036380813,1795.04860762287,1590.81888027988,2222.6221629087,2334.7131181101,1619.02084687828,1934.34697599194,1187.42351484387,2890.7457953614,1353.20204906901,1050.0870025221,659.989415225596,639.768100792519,703.798871492466,1718.81706332884,2584.94581663408,2047.38635787498,878.66758538878,1561.71828778752,1175.57324239813,1945.44362014002,1330.31620418363,2269.29130067314,585.187873292737,1074.83447642807,1347.42850712985,2955.18394445379,1154.24797366861,1645.24415537125,1166.19997107389,585.700775456436,2273.57442653234,2847.20912258888,2040.69049705264,283.674646161897,1958.07178109894,513.751481851952,1939.96942228071,900.860284685877,3112.05174109418,2826.23319445747,2161.34300050115,2179.57922380078,2179.57922380078,1181.86344907627,1068.15128911897,2028.64295102115,504.817453264908,1414.33174679752,1815.51173671766,1338.88267830096,1195.32569371394,853.919738861283,1103.15878784592,1698.27023489231,2245.1389872011,1396.33348435931,596.28589481168,2151.71425970434,61.5094232454747,1406.84621467533,882.119574639509,1502.78644569598,1447.65766999394,592.777739589951,1246.67266804913,464.2308390491,407.285651968221,1159.56922191873,68.4812676602165,488.447414182274,944.006400085467,1195.38023605628,1292.92676591833,1998.25623098871,1166.19997107389,1066.20194159543,1799.53560858103,1212.64652449267,1453.64137934713,1541.88054402775,1406.79262394568,760.61174092715,1709.22323647859,2232.02631138412,919.725491895594,476.519242951981,530.821909637874,1356.7577609294,1793.36874242343,108.227222771224,1002.34726578635,0,1211.65826547052,1522.37978688012,687.484716299996,337.587250319644,83.757457324505,756.72025108837,1167.49635693154,1190.25997587369,58.0003784689647,1051.60879198449,262.145069126459,1109.15997785899,231.835836260201
1466.17722875376,1371.85264309044,1362.89485391814,1110.12931922824,1968.34787560559,785.232191192218,2425.78497453645,1287.622914166,470.628340068729,147.555516618958,1212.74700190188,979.021162143467,196.900068405151,2220.44533872624,1673.24152990537,1673.24152990537,616.740061984264,1196.57005834567,1896.28621856263,2009.74215372709,1446.18814971447,1466.72673188573,723.997040925899,2382.9673720682,826.295712394198,1348.03538703136,1393.95235656506,722.13786621359,972.144475528049,1110.43861664916,2225.53363527373,1140.26119310819,467.186120919604,1010.28825859919,1354.02220367983,1214.16121309233,1113.44321315152,1962.37320323127,873.231626333517,1063.14253460458,727.320330737653,2689.43447534642,1050.29793286367,1371.2582936064,1381.35705363138,916.40386171728,1861.82291649748,2393.01986412965,1220.64441597636,1335.42883856195,756.179684951343,791.87943698463,1375.35834752434,1449.25151564277,2760.80018640493,2557.3951474788,1764.57591257591,1946.6170633639,1946.6170633639,1323.0433039318,1176.4270050306,1360.97425720523,766.851109179565,881.519066601346,1234.11916375779,1354.28875691013,1091.21800952157,859.580559914021,1486.50471552555,1037.7472039499,1918.38756131745,1137.76484511573,742.509174152237,1816.08113457006,1150.83041381442,823.988446356868,590.419404670977,965.279305171294,1100.70282516371,759.106630888625,741.605513371624,1374.64744661474,1141.71446403,945.644696086822,1172.03016892175,740.813354308594,495.736488772577,1275.812471632,1062.66182011557,1584.52414600994,1381.35705363138,586.067535489583,1591.13003190561,1273.06997470373,1237.57391429053,1179.3942189745,457.619534882617,695.990962407995,1368.66162423258,1703.27368793921,353.959450639328,1269.82517921094,1391.96810706316,153.317729759811,890.389855961008,1111.30501901431,1499.30187465695,1211.65826547052,0,1349.54636988654,655.080794698076,1124.17835674205,1140.3372407686,575.358169205235,652.087107523436,172.333167375693,1205.19075012222,1392.95921934652,1297.28590520614,1455.65199499815,1299.93489346162
498.36960453668,568.976827775953,456.331746121345,1490.78582982436,786.359516388349,723.78664389608,1295.77072178717,203.93997674527,974.697170607585,1379.80470648778,378.348679269285,680.473050265243,1535.6148882168,1056.53969524047,430.154883598149,430.154883598149,1419.80948860877,266.943990152988,700.790537174913,814.392785526444,105.852833368104,482.605345426729,1980.2801023297,1375.19786760863,543.224158225996,573.313120606928,1035.93737225568,1011.4899963912,822.927430428301,534.058389787959,1064.25217312307,1029.29965230361,1566.32546577601,469.125801833076,433.088143089051,753.765917344355,245.304569062322,750.103577361457,971.905209163153,452.206055428342,651.402624598574,1462.66558264083,387.66204217258,146.901113335283,467.17208372696,1766.36350257825,756.504876437824,1325.7849354003,909.145303135762,1365.15026507955,1603.19089652507,1568.17377964563,569.10614063178,830.434258192499,1599.21884482038,1329.77486303295,645.689447356885,675.477458650599,675.477458650599,402.146425044837,462.033800732111,724.889298635078,1153.60378581033,509.061936630557,526.639702785228,236.863823565829,340.182281494486,714.921396850586,643.674293754338,596.619601960517,723.505099565732,211.788609118098,1047.08439186006,629.351678551336,1483.47060251067,571.872812664839,884.166877459604,470.380605513946,266.994031382308,1036.66308455478,609.101662876491,1220.22459386191,1804.89615451099,442.369703465471,1548.78866929936,1431.24686732803,930.478110055564,356.912719432251,297.924324072334,501.612300525985,467.17208372696,783.194711297823,285.091675769689,335.388846998314,111.980294175979,236.991575254662,995.876333267824,901.699076321861,236.647861790544,761.516330502337,1466.8330004792,1928.81396031656,1168.47133265334,1446.69529118058,928.965967653677,1505.81931175407,770.602278691782,1522.37978688012,1349.54636988654,0,1018.38174986427,1739.3630017936,1522.85065831791,1021.92491191296,698.665802703964,1503.76982088838,1567.52574712181,609.282492380123,1350.19809672775,604.216027717374,1382.08311135039
929.021902896049,1312.82896320335,1250.67582484731,607.846724129909,1779.64011554353,294.606355547419,2283.62157037489,1060.01058896813,719.021457650813,576.0721218198,731.211264184579,1033.48580173946,835.994842872614,2050.91335390447,1432.35686052589,1432.35686052589,1155.27263695929,999.05241355604,1696.14595223527,1813.32769244898,1124.09550616788,1340.3116619723,1033.58094247108,2315.1449819187,697.129201766056,780.419334896143,739.756291895663,67.6327468654106,342.852679515732,1071.32859199228,2057.90415863614,1362.210072237,603.286528746219,918.24081196057,835.678689125161,1281.17593839194,782.290530937254,1752.91075650131,218.338242756434,592.628191632572,672.511751356786,2478.03854806382,634.040737907829,1106.25377616211,850.645241621257,750.985344634709,1715.19908935064,2290.15536784727,1364.36912177824,720.768309314248,1334.6508373382,552.58281172608,1315.55693400948,820.841619080326,2601.63204365429,2344.50671329929,1604.05491114418,1691.75812957295,1691.75812957295,817.485908024188,663.522764414052,1380.71375820705,185.192814894088,762.968646246207,1180.1958220076,915.547877133705,682.7157338577,318.009728504178,905.0599533828,1038.04456804797,1719.43759727095,838.280683779548,98.9084801285563,1618.27890693032,628.790616049366,743.46205470547,197.763675141769,858.202107033233,859.275217611329,110.987155304879,583.391729607835,728.105443338621,831.530902665234,583.745085060855,676.878016125438,417.321652530975,258.611976655939,792.995698138305,733.16209245001,1426.8020006188,850.645241621257,383.681709211885,1301.78399886282,800.037748677528,921.71601706841,957.421058638157,728.024957819377,116.683881815389,1147.71746607391,1630.7801529485,540.987091342284,966.135131135107,739.79546343976,807.648370476504,1106.38237048185,617.161206003303,886.536746765068,687.484716299996,655.080794698076,1018.38174986427,0,776.812829762884,643.770764602922,83.1561627288262,492.16584045799,719.446918641442,706.794981915161,815.490753905239,684.684819918331,883.346198349419,696.176404192041
1491.75804677409,2088.19409832517,2021.94134478517,290.452470220024,2522.01391706258,1045.33228992863,3030.83791101956,1815.19739192873,1418.47140224784,978.994050198373,1391.37539162047,1803.43494942379,1209.13551440228,2793.55028600938,2167.50300318701,2167.50300318701,1737.94720644884,1763.4883389223,2436.91935035673,2552.253844016,1841.5078043006,2107.94000120404,918.050959036795,3080.04079971037,1473.83411675375,1327.15507083961,982.305768652521,755.089033711244,922.756467657707,1848.10054078656,2801.02283839289,2108.54815479431,703.66371265394,1694.94222826105,1439.43710761498,2053.94903172858,1523.31015970566,2488.84022002679,767.471649517003,1287.64034454291,1443.55558385354,3196.20912399529,1355.0267648271,1847.93208821624,1436.39239831155,293.219158938955,2471.12765776839,3047.87932786428,2128.00399579518,621.08266118811,1878.9841711025,332.993858209816,2090.85275438817,1210.79300281993,3338.56707993769,3064.70860689067,2358.88849782324,2411.43078583584,2411.43078583584,1438.89447503577,1307.74697710328,2157.20867682436,602.98974572293,1539.77944730473,1956.63494896789,1582.41486837263,1400.72813678395,1031.34857273824,1398.955962937,1813.1409306648,2459.9724014655,1585.59484967608,712.908227721444,2362.01531861588,327.651169567245,1518.9574397019,969.724070232739,1634.89731183923,1620.8607301267,718.430429765602,1359.63148248473,797.439961579525,72.9983333196977,1334.40860720945,271.596816032186,405.103260823216,1000.98902996168,1441.19544600803,1479.27176332121,2186.54339273888,1436.39239831155,1152.494247288,2023.31637680327,1455.77020865017,1656.79707139943,1718.55099085453,1420.44081419565,880.608723685812,1900.87840253215,2401.79055561804,783.850217088158,191.077943529703,862.010357003907,1251.2653954698,1846.22409452695,273.983378703391,1310.30862975612,337.587250319644,1124.17835674205,1739.3630017936,776.812829762884,0,274.925583331392,819.988080521221,1265.15067431316,1056.1884881176,281.980979058302,1336.84289015163,597.729982650078,1399.16181795208,568.82375169574
1236.20338850244,1918.56587853667,1842.57268002383,35.9947810484464,2309.17789228901,868.735503115903,2818.62082277516,1618.97943128974,1347.21418993892,1006.83087491339,1160.45776774952,1671.68876207412,1263.899478371,2579.24669370481,1953.00449395652,1953.00449395652,1730.19732171085,1577.1842348769,2223.62589049896,2336.96682901064,1621.67684141078,1921.91509456783,1103.97214311178,2884.52139996054,1323.91088822513,1072.90447090147,708.142958543891,601.818601899134,700.112241417898,1693.25478673243,2587.00733457853,2005.96848709705,797.006635520921,1536.6887510748,1192.91948474009,1915.09885761094,1322.07015933031,2272.13991985056,566.438479983529,1072.01014537978,1311.84735626558,2966.2899300361,1147.73194545523,1641.23373388811,1186.27125871218,505.880816676254,2269.17618852403,2844.50753720503,2005.34501109801,352.447892053717,1890.16802388354,430.138497035249,1920.94471356021,940.732403970237,3118.13866968912,2836.31474255315,2156.76360862173,2186.59836385154,2186.59836385154,1196.35423482244,1075.18360837596,2003.70705880281,458.727112552997,1386.60752232236,1793.4485399616,1348.49694043228,1190.5819369624,837.501087730951,1135.37568266988,1668.85162677909,2246.35566953065,1387.15559749219,557.713962286081,2151.2745491264,52.7255944892889,1375.58958158443,840.861786361812,1477.22937505198,1433.67728602965,556.624995937535,1214.80170358359,523.266275233291,347.27826565373,1144.71820785601,33.5486692461816,409.920040229577,896.306944601919,1205.39192693275,1282.38072421328,1990.45504601739,1186.27125871218,1026.40985035811,1803.05869066184,1221.66986646656,1449.20065828552,1529.29936829119,1353.23807917664,726.068269444659,1701.81651601736,2219.04061710279,841.314611625084,434.514846803423,587.267217395294,1283.65479436885,1749.43328599836,29.162215215413,1041.19939416432,83.757457324505,1140.3372407686,1522.85065831791,643.770764602922,274.925583331392,0,708.04463918348,1131.23916752709,1113.25495479841,65.9799119388647,1078.32931727816,325.900725607141,1138.40362487456,299.40081778525
972.564323178795,1280.80621879857,1224.66975996435,672.416751725561,1769.45327340915,305.695191646794,2269.88363717899,1047.37310001483,644.158097443056,503.482904923768,759.127730127939,983.549914845007,759.228125867641,2039.73520740537,1426.81660197247,1426.81660197247,1073.11134304904,980.648154835272,1686.96699181387,1804.45895887409,1127.74019376161,1317.41350894743,994.095548783022,2291.89147386596,659.357384059458,830.058403277892,818.594341097157,150.460673651145,407.673298578084,1032.92740184997,2046.50287992156,1300.81562185402,564.779220564067,883.053833269138,873.788596061754,1234.00702544778,780.648460160139,1745.48196372823,298.46687609737,614.495946362491,623.600179643551,2474.58567901412,644.818493069543,1100.26252614004,891.848498264024,765.006909509185,1698.72213237145,2271.27172741607,1310.29895760202,802.191584043306,1251.83781016424,568.737990117956,1283.66793546086,888.35659814881,2591.434612751,2340.74598006855,1588.56795279845,1690.54024610926,1690.54024610926,852.385546073926,697.536991479772,1340.07850778084,252.015004683452,726.431391845582,1145.58273048859,937.5459913678,693.382797243135,348.424640679322,959.341400551068,994.26131750009,1710.26448680779,832.497523876702,180.644858720472,1608.14510873935,696.912014614923,701.030154024278,153.692002427737,823.319770151719,844.323331757729,193.831210660959,543.824025489686,811.17714250445,870.24260376236,580.936226643575,741.46868701469,439.181473270928,188.300303422448,822.350030159168,729.733105791055,1409.19710475524,891.848498264024,332.567703459018,1302.33564927817,827.34276628726,920.754979714011,941.82612984353,652.157175889587,143.719783082374,1135.56288246579,1603.87076146758,489.483928084554,1006.58630832083,822.212861773344,727.34213196537,1042.35538614025,680.559589511771,949.388255179542,756.72025108837,575.358169205235,1021.92491191296,83.1561627288262,819.988080521221,708.04463918348,0,446.019614651469,647.854470685182,772.336428790607,868.055744252429,765.809230508911,935.105202493919,776.381758024419
866.222253352442,842.077762030001,796.260242330689,1095.25096614746,1372.26098695668,314.622703631006,1859.59141295535,659.328761359197,364.93115982361,684.16172893849,597.801653042054,541.442880609932,841.645058482885,1637.27516981673,1049.7324499185,1049.7324499185,867.410566746669,577.035220059472,1293.69313564673,1410.57185703475,797.413634952975,894.260829339711,1298.6059129577,1862.31988885007,219.63230077045,783.457280800535,1008.45632655588,529.440884852747,573.953773371733,588.699304203442,1643.41212249813,883.849027103795,904.82994190681,443.213392599023,749.068563119613,789.378685154732,461.446048097465,1356.54824306141,601.677552962141,460.619491368445,180.689348394101,2090.362875686,420.70741547462,733.187259564007,782.705347579163,1199.19658427745,1285.99622012763,1849.77956485058,874.11380764538,1142.95704617513,1061.97629745167,1007.24438316904,845.099230780225,959.756333303474,2188.12915013786,1956.5932582335,1179.44161075138,1322.32948712182,1322.32948712182,712.493186929536,585.659645706918,894.331208945334,675.855707303393,287.093066875624,704.417311967632,713.110226994181,454.583838846174,390.504833602225,923.987273453063,548.260956711919,1316.69002603127,487.234264193355,573.526899024927,1213.24769364864,1111.40132861093,255.46509523338,295.709423241233,384.791573072067,460.630348427491,575.292736386403,105.935547781076,1088.01857500813,1316.2330306993,307.470135805884,1163.80387069619,882.567263857349,280.677658960456,656.238264131649,411.041427316674,997.122310507272,782.705347579163,115.349141062419,950.972372360008,648.87300016216,586.867950895731,549.148730074015,384.083035839161,406.904513658995,745.524758859267,1170.90049685829,793.812366335083,1452.45216394409,1072.50427511726,758.676949656588,639.553750474807,1105.61995041721,976.577341092551,1167.49635693154,652.087107523436,698.665802703964,492.16584045799,1265.15067431316,1131.23916752709,446.019614651469,0,805.220946912517,1192.40685480671,834.147756833819,1111.90387476576,886.073847985932,1131.82741344747
1586.45449080297,1543.85421302612,1533.52022041002,1086.41086619977,2137.8862950895,898.203733266038,2597.56230911974,1451.15036361447,642.824640835312,144.692347116882,1341.96127858705,1151.33872722509,153.160486464115,2391.24607810723,1838.60041668921,1838.60041668921,727.821973031759,1361.39653087485,2065.0683639706,2179.02396460709,1602.49577480959,1637.2576012829,553.880330531132,2555.23640766638,989.892882339263,1458.63803358031,1454.36263094083,782.862149354824,1055.27456961452,1282.09999307672,2396.40596452947,1303.39493038556,359.82576164047,1179.3812359604,1477.59063530716,1385.71431798576,1263.98105937512,2130.86164088683,934.887148743902,1191.26301897256,893.642744432193,2859.2520808293,1187.41769697788,1532.48660971511,1502.32437337097,818.778065565966,2032.75413845626,2565.30355846897,1388.95194048747,1347.66529253519,838.200396798626,725.236421406084,1547.35420056879,1536.03795117464,2932.44938577405,2726.96065735995,1934.77559258446,2112.19562670318,2112.19562670318,1449.05560291928,1298.47726147229,1533.07161798503,795.018065374171,1047.16589793498,1405.88829398181,1493.48448147705,1230.57089478533,966.132949105596,1593.96508685501,1209.86300660936,2087.2963546764,1292.4529683681,794.394614564867,1984.7278744362,1131.42811563154,990.959173641029,698.102396559353,1133.04011030377,1260.61157791745,812.43083608039,899.765367535665,1409.92563246596,1063.43121325028,1087.76029520645,1142.95029714218,703.61603126323,612.531291308737,1405.82869777747,1212.31505714186,1754.25562608734,1502.32437337097,727.528387612692,1751.98554777476,1404.93756823147,1392.05082065623,1342.1384480821,629.521463068088,783.042758275036,1533.44333513579,1875.49858402072,275.001578254258,1183.97764919252,1435.17605115354,212.363996023822,1057.54842376471,1084.98817548597,1594.47749371712,1190.25997587369,172.333167375693,1503.76982088838,719.446918641442,1056.1884881176,1113.25495479841,647.854470685182,805.220946912517,0,1175.61517568341,1500.94285475493,1309.31780568996,1565.85688979853,1307.30902586839
1264.98207150439,1973.36738739758,1895.67893987735,100.333243944339,2353.77267048389,924.93724401463,2862.96197026562,1668.85357671474,1412.44291190573,1070.89578986263,1201.31527905521,1732.16476356899,1326.71429137027,2623.16482407665,1997.53556636807,1997.53556636807,1796.05934024226,1629.32649332813,2268.17807280083,2380.8141230421,1665.12301895049,1973.57030157538,1148.59756378931,2933.16426716167,1382.71674499521,1103.04877661382,717.68276798079,663.072687173176,746.436544838634,1750.7286593919,2631.00375644146,2068.89650788164,854.726132635311,1593.9003476759,1226.92485685499,1974.46381699541,1371.40647899244,2315.62815136498,620.047183248726,1118.29316060145,1372.86986544023,3004.80157588573,1196.06226913131,1688.45055687541,1218.40723458407,539.412510494936,2316.75425749374,2891.23886166798,2066.45751210542,340.568403543319,1955.66552589816,482.600218104537,1975.69428263482,957.627526124582,3159.79817558348,2875.46572338053,2204.41897105525,2227.56836225915,2227.56836225915,1232.26501092916,1115.744587739,2060.99890658148,522.09763590099,1444.83811851198,1849.4964507776,1387.61718691363,1237.99302571642,890.496023596764,1158.55138698059,1727.8179981065,2290.78920819587,1437.0029223824,619.093258882656,2196.63741672929,84.9612447283069,1435.14231144997,903.383997868363,1534.63469418128,1485.93180606766,617.203751113784,1274.50973609566,522.163672219963,350.688046427089,1197.24009362034,33.1755645623334,472.001764461448,960.49862485675,1244.18967309685,1332.87166127201,2039.7846254951,1218.40723458407,1088.62098052665,1846.04904915395,1261.09588513448,1496.57967234822,1580.91132450847,1418.60739392915,786.354363078619,1750.86454564055,2271.02806272316,902.810469904905,418.662334612387,588.817324236508,1347.89983262455,1812.97806210165,95.0470494068028,1058.98833143539,58.0003784689647,1205.19075012222,1567.52574712181,706.794981915161,281.980979058302,65.9799119388647,772.336428790607,1192.40685480671,1175.61517568341,0,1105.64883916824,319.917058963263,1163.86616056654,289.170917174961
161.176163227663,1163.22273441776,1054.77310360198,1053.43717344946,1335.13471626732,607.745311794918,1829.62187031249,791.886591401825,1198.48212278186,1357.12841147996,285.598210824447,1145.69815210661,1589.08975435158,1590.16540449611,993.802813008924,993.802813008924,1700.39162539391,811.593189727031,1252.03083982749,1353.07773522244,673.630046117058,1091.16266706872,1846.01684884878,1948.21888107566,840.232894364824,51.7391767984123,452.666337128397,769.508035996589,481.629288365927,1053.46708075311,1598.62586647037,1531.66081735646,1416.95947605641,925.691279594314,176.198304704346,1299.9369443072,561.141009416473,1286.00364849459,648.257150107192,379.528341398086,921.02756236104,1925.73012930368,448.886798502536,756.003979139906,144.469557183734,1454.14706330891,1337.94581323752,1883.15020480831,1444.68382465206,832.098043577047,1895.00408016813,1271.9492053818,1163.93669209895,222.112346082336,2099.77770953449,1801.00571042159,1232.47093314427,1175.89844562325,1175.89844562325,209.475613001871,255.350022165655,1307.39396753126,856.705614161376,857.911828862681,1091.05739628568,373.785905754956,443.969687976253,535.165642611507,93.5574554875422,1085.44498287215,1272.44418962722,615.748093776631,782.766771047522,1193.34922526292,1029.69901332745,899.695802753728,804.668921095253,889.825877591436,708.183585315941,765.260843059482,814.58283474356,659.271102361773,1408.94309986256,555.546245154496,1096.18274437006,1142.21699010148,897.241629823772,266.975651769717,566.463464446985,1106.36290332353,144.469557183734,838.278952147899,832.177302018413,288.467240668709,603.974915989364,761.525965175697,1217.98147366554,725.167034909288,843.866017369778,1369.12676145173,1355.32485230955,1511.78585172073,597.425478624339,1530.77326427753,1357.25792302128,1069.99980279142,169.149873681584,1051.60879198449,1392.95921934652,609.282492380123,815.490753905239,1336.84289015163,1078.32931727816,868.055744252429,834.147756833819,1500.94285475493,1105.64883916824,0,827.836680137714,68.365351126038,862.576944860456
989.011311764154,1813.43753632626,1724.18703412699,321.269262435776,2128.11684280547,806.850804039878,2633.43216176422,1479.19018566614,1397.34114442133,1183.00852974697,972.766774369556,1628.92437646741,1451.01068187398,2392.76012367904,1774.30757629351,1774.30757629351,1838.38807157593,1455.14902384081,2042.88972562624,2151.42220477721,1440.26431197417,1791.17990198575,1394.9509577317,2725.39327345715,1269.32785739,834.235499329361,406.872956345893,622.030647545141,571.028767592877,1616.45486064556,2400.92556682959,1993.19283568546,1040.52539486436,1460.16654597113,969.160338518709,1855.22553251876,1184.25197602281,2084.96746213646,511.702424349877,920.463034267943,1284.42558797933,2750.25173490743,1007.64752778683,1482.85779896286,954.099539539715,823.693462776995,2106.69644060263,2673.37549109259,1965.74915658239,38.3592662238092,2014.45374333338,713.324856467824,1815.33468439188,656.192805694113,2917.25414954747,2623.76691205186,1995.65541527883,1986.27950527704,1986.27950527704,981.677130009914,888.244281595035,1920.66526346686,532.755259039782,1324.06441743508,1701.23865319283,1147.27940341461,1042.78652007074,748.609353289431,868.548464970638,1608.30697067362,2064.77093241698,1251.5264021579,585.791969419466,1975.87674915958,274.48137454089,1328.10631869267,856.345257743159,1403.93031487524,1315.3463115206,574.646015966872,1173.9727614109,202.746236535848,668.53134763244,1036.56312342914,326.166568105995,645.713425084191,938.069061666016,1005.3011404204,1154.06410592065,1842.10055543487,954.099539539715,1026.45957681828,1616.89422585602,1024.58288086563,1295.07781558113,1404.00604679057,1407.9799377117,720.044501126422,1554.94488617975,2087.85812745495,1054.82406527237,736.388563798061,270.508073267653,1449.07551446517,1751.270714751,335.381973200733,758.091620281725,262.145069126459,1297.28590520614,1350.19809672775,684.684819918331,597.729982650078,325.900725607141,765.809230508911,1111.90387476576,1309.31780568996,319.917058963263,827.836680137714,0,879.770686369906,35.0410271926168
119.257891514561,1166.90226901543,1056.53229685699,1114.28292770089,1305.6892039245,670.604201001125,1794.95356009233,794.884501626441,1249.12816468944,1422.28943882808,315.30497148399,1172.62194192113,1652.06247306998,1556.50509073681,970.562716901614,970.562716901614,1749.99798866372,822.479599954639,1223.68536226151,1321.72549606833,659.251972196201,1086.61377646038,1914.25517098635,1921.29652899704,879.151548669974,107.618281313201,493.354950483706,837.743124873484,549.994461011514,1071.96060848918,1565.04884837096,1556.34354124498,1485.09770380034,950.431014352097,180.160930885671,1315.98967272643,584.036312737224,1254.71235503647,716.485363493253,426.992269131543,964.184415402989,1880.79983256529,488.58635235253,750.921552066176,141.162419791183,1520.64774555602,1315.62117179375,1852.76758050556,1463.45968218953,881.986902055807,1944.4945305065,1339.25240474445,1167.40802672537,247.35895496872,2059.04642850991,1757.53386695393,1212.28601036057,1140.48654596823,1140.48654596823,219.778135960285,301.317239422492,1315.26123909269,924.815384556845,892.444249208803,1102.1359625109,367.509527021724,477.697092998853,599.729797999938,42.8111241542315,1108.62838111375,1243.51067929652,634.031699866302,851.128982501911,1167.97459741718,1089.16937335256,937.211011880125,868.706816455162,917.957269794855,728.128866354069,833.626124123571,860.688379322074,704.434919485436,1471.47613434247,599.125314949906,1155.39497490063,1209.91724947815,960.17467218279,283.485314110964,595.079322351998,1093.9809136386,141.162419791183,895.677432461171,809.240637951693,303.27075166643,611.531574041703,773.873402219996,1268.93512918073,791.976054918461,840.706411523305,1358.15369023221,1422.84843300502,1572.4764463102,640.300812352989,1592.13440571113,1390.56569564206,1130.88820448106,168.40727971557,1109.15997785899,1455.65199499815,604.216027717374,883.346198349419,1399.16181795208,1138.40362487456,935.105202493919,886.073847985932,1565.85688979853,1163.86616056654,68.365351126038,879.770686369906,0,914.699608750673
1023.7530781523,1841.52296447125,1753.09591184801,297.587056959081,2160.8925577689,829.16028512466,2666.53575168709,1509.24968975455,1411.61045527817,1183.05021479392,1005.00210065717,1652.03812596073,1450.44489700349,2425.86414867923,1806.81667304732,1806.81667304732,1847.57015641462,1484.00987420631,2075.61876397566,2184.41411989884,1472.69750708759,1820.95457085526,1379.07480906947,2757.25898554491,1292.74375158965,868.633548648062,441.530454798217,634.872915335178,597.448735277609,1642.25458833043,2434.01372849327,2014.24135628838,1031.48891092178,1485.7155977415,1003.13427389706,1880.00072784219,1213.7712217281,2118.0113860731,530.453011768512,950.33367876482,1305.57332278036,2784.53612419962,1036.95444101085,1514.05704303587,988.375422610736,801.041638455354,2138.52572207498,2705.83535916166,1989.01878449871,53.1158132703749,2022.12241845432,697.104805830505,1843.4553081318,691.177597598487,2951.04550740884,2657.92488650466,2027.35877646504,2019.85677556136,2019.85677556136,1015.28225740674,920.279979055647,1947.26664574017,538.565946248068,1348.25409336986,1728.29117970255,1180.4381296957,1072.69843228697,772.910076530543,903.569835325653,1632.82931381914,2097.54861750247,1281.01220207312,597.325437831873,2008.31732153888,249.117202047226,1351.06674964804,871.806105312782,1429.13225545146,1343.74889504009,587.041159028619,1195.97885032183,235.604864575578,639.031947876317,1063.62519175056,297.357415687036,635.339970496159,951.454729906006,1038.24388209019,1182.87563321997,1872.99319255982,988.375422610736,1044.28319920921,1649.68399177528,1057.39856354195,1325.81517346943,1433.0207009439,1421.8224688802,736.543743064736,1585.52325627263,2117.86275272512,1049.81533903114,704.037185359069,303.91767324076,1451.12008529086,1770.73467762378,310.941672487415,793.069315097108,231.835836260201,1299.93489346162,1382.08311135039,696.176404192041,568.82375169574,299.40081778525,776.381758024419,1131.82741344747,1307.30902586839,289.170917174961,862.576944860456,35.0410271926168,914.699608750673,0
