0,1302.64989701526,1144.25681844361,2228.69441410074,1746.43605106105,1730.26012451753,1245.42015512309,772.748398266175,1925.8612482993,1168.73809128948,933.196383153371,1947.42703893355,238.105471809725,410.071187712351,385.669776045471,846.497814370545,850.965567380621,664.897057373652,1121.93167411602,174.788364804287,289.619722008177,591.8571443281,1948.77729950951,1353.54080306105,808.055301665483,240.833923222725,1015.25046224847,2070.17163570422,61.1296438280617,2059.97195753792,1106.67638279181,953.617499998566,984.981555631645,1111.5587304458,406.744084874201,660.708924732936,674.740534982955,1382.84092981374,574.433222087371,1060.64123692992,1713.02557952493,994.944813383368,277.925732714725,1458.36002770843,852.593391230685,489.098910742162,113.391961548191,1878.30622275731,214.286900100293,403.950078171929,343.187367050766,1974.65373620781,1218.81484124825,1483.24766787451,919.013740882586,1937.169577388,1803.72415565595,151.970686624637,1498.51935590084,1266.7313112728,205.148320898277,1114.73868872069,1402.13692981534,1416.44588864192,154.522583965296,1864.93916773399,1122.49371137207,851.957148086803,1864.31045258384,636.687731205525,389.19309438486,1911.22077029691,1200.95343809295,1354.02645139028,851.494924146237,914.116926953855,1672.2972152414,196.472587882444,1257.17895549023,1591.69322250037,350.692880133048,1148.10275619248,1112.94754065501,1044.36827540118,949.870819529904,932.511646823658,1292.53470446236,1329.32121959277,1044.74717485335,373.81071920178,90.9488085425488,1247.68345627095,991.379069363227,2201.02491384062,568.267775373362,1042.44929683332,617.191391254965,1437.50847623432,1035.17118877276,880.304987484549,874.227655923031,106.357287223565,1758.4977643088,203.159196869621,858.429768591356,128.940744837124,875.18794789903,1280.39008233703,1099.38605619808,1570.77485228704,208.877814661452,888.652031967292,1365.15457595803,170.247240281804,1490.25391754774,897.507460253677,160.416642257022,1083.23444604221,1132.22232760953,273.706327033021,982.970011012604,72.5795514488834,1218.0851369447,979.508063008226,1746.94484754742,1282.94088953118
1302.64989701526,0,1658.29281498702,1978.96267522745,1352.87782943486,1555.59655059652,1181.55152651485,1619.068945544,1830.24460935905,1576.47524326306,1611.99394684069,1823.58350457404,1361.67976864997,892.719592984418,923.200140380333,972.145931412646,471.32298290861,1284.79260152289,1630.64462622798,1164.63755262041,1550.61233716065,1126.97747562298,1761.96008270987,750.703072144927,1561.1471803551,1466.05581999601,1538.23993796818,1773.47152372231,1283.78207522975,1896.8760140298,222.011330775479,1808.95918929896,1384.58877658256,1651.96510280038,1672.26519460598,868.277504245389,629.13307363453,1051.00811090756,737.687680404997,242.167052627042,622.317890530107,324.941519808614,1113.233843728,529.229628966728,473.886415181426,1608.98894082318,1193.61136028922,1620.76150552299,1106.92718073524,1308.33195802011,1598.96666131432,1656.2672503195,1409.18421667835,1603.28306904241,739.785245833523,1724.83154058525,1679.93910688694,1187.9885309428,332.325788322061,364.704381796288,1341.34626602932,1631.90504273177,1081.05544094328,1314.48047120125,1357.7580029119,1771.10556285096,460.572584687864,496.957710620212,1482.75371728739,689.461075206275,1630.00669168827,1677.62673841352,1045.51387085973,1617.18781510007,1111.92255833136,1673.62612415127,1365.88180234372,1129.12333166899,344.181007152837,1258.08556561894,1456.39036583862,158.806289283198,192.147499629002,259.155332895182,391.618697944069,1449.89503828817,80.28737076261,1575.43474865492,1209.16710369351,1046.45819954396,1368.75418836433,1336.50224143898,1882.7424372139,1904.89450289106,1513.42149758372,361.546622011216,1293.57598633343,1631.15398463656,331.175312156535,423.422331467267,1193.39541615673,1314.03738338773,1785.80300112471,1444.89139973319,1334.59275244905,1210.5755828,640.918844779762,53.1561873737996,205.183625396535,1587.704328406,1471.95226911859,1417.9771453312,922.765930773632,1388.75865304807,1455.56509936547,472.479030029715,1462.34390800252,1468.45654798301,1312.91417247745,1036.55535897509,368.589463352648,1375.21402575911,92.4436854476848,983.529619669527,1445.13049397087,515.180360338802
1144.25681844361,1658.29281498702,0,1255.04208960046,1034.23362612435,845.329802116148,620.984219195261,437.560019387665,921.105746593283,122.849583518104,233.717290064423,955.104334296753,914.998412606865,1192.09436143961,1119.90130081634,689.46711137181,1456.11609301785,510.541149601167,28.4939607318144,1040.3652136467,1344.574203185,660.799816490421,997.335368966548,1113.72053151149,357.109890702467,1349.72118623873,140.432561114654,1161.91443829844,1200.42893582978,1066.66520617501,1448.89099342973,414.976622446983,274.189075193217,37.0805874049986,1405.81397038239,861.734691810141,1253.77168621643,871.407378845242,1163.3054854824,1498.83151908416,2266.18021490538,1377.94789090487,959.613712833341,2091.78631154705,1465.79622748694,797.92436393064,1110.89083849425,999.662540035639,1225.57268001026,741.400778899387,1383.65951387783,1109.5019686344,359.219747287,479.544206896249,918.514977134756,1006.62482037211,852.395993841206,1236.06146319617,1980.18693406751,1364.98366663122,1349.30389738051,31.3554789498981,862.766551144189,658.425903054856,1295.16380065786,874.555106448615,1803.60073572291,1503.63527457021,1088.36006547303,1371.30200490202,990.734574805987,1003.79457357242,722.614663659145,301.564604849564,551.61100581841,305.633464689938,924.947019119049,1058.10106352095,1374.99709386551,916.454598839252,835.769010414915,1575.5136359823,1547.93877904808,1467.60478686764,1536.96188928054,238.810769610443,1595.10692750786,307.484098849477,468.774831222015,918.002021636702,1214.63746214629,463.272996792691,474.090344334627,1261.96925501358,614.425726999423,1298.92514911401,546.179681679333,397.903584195312,1606.4843335817,1404.26877444641,469.986875882276,1250.60637154794,720.111592527574,1312.53141305793,353.892605222223,1053.56393845874,1025.35794460931,1608.5780561081,1537.2453898017,606.640411602003,1295.6536371478,283.60328561357,971.941720259878,1302.98568844425,615.188859450528,1551.13317270847,1152.0507498248,197.915836744428,398.98814173608,1210.41425254454,1565.94664702342,1150.77842733971,1624.0256036322,682.862291771272,957.460083306208,1255.5345895321
2228.69441410074,1978.96267522745,1255.04208960046,0,626.467951225264,503.692864010226,1002.79455321119,1677.07896361026,334.302649781862,1160.9329833878,1476.23734891381,300.143389935521,2043.45625462413,2077.81667695107,2023.3498292357,1421.10639389085,2085.91383143133,1582.34032904522,1259.68036836293,2074.27791123957,2487.64226647403,1637.57947896854,279.932659255755,1234.43629075457,1581.82197480232,2465.23806553071,1320.15542862981,205.611163637257,2270.90124158168,189.180138682085,1869.60733881461,1665.48399451888,1274.77222380861,1290.79706708048,2574.67248324097,1656.02130364674,1975.54254367165,975.334548608677,1949.96397559276,1973.3760695994,2555.36452432702,1875.70802548743,1969.59373893689,2508.18999760741,2097.00774695343,2015.56146348448,2153.08623055935,376.689354052233,2217.70952381122,1853.05724696825,2535.33113351661,322.710997584211,1023.45617762585,786.216213025883,1485.74136729887,294.659675727341,426.984724124798,2262.84861727727,2286.62039105599,1617.58340400695,2421.16844259583,1269.70782590925,945.46313559739,823.135707897628,2381.0853566369,382.229023736114,2353.29339464364,2146.50936292305,496.78152912157,2135.00166746821,2197.4582761345,329.23477247879,1090.39552122359,957.109064477392,1381.28274047541,1558.61170420107,632.116081560673,2073.85638781764,1639.31650588475,740.345033250645,2005.22416987734,2001.30301010021,1994.20051301649,1946.53478986934,2114.26022557705,1362.55549203135,1898.74726372264,962.331023695968,1184.40414491398,1886.75863878966,2315.51885621625,981.561308243013,1715.20207843067,91.6109768098523,1816.06477876567,1742.61730332777,1633.80904851801,859.821820612046,2139.62518585317,1998.88849357296,1354.60111193003,2326.40472792997,538.087629800595,2426.49681935683,1394.92462054628,2107.91551840922,1606.94271414122,1928.84533209545,1991.43368611681,672.987999567454,2421.01747198787,1395.50159088867,1080.20125702165,2398.93812013914,738.567396132853,2174.60515080352,2293.09511060614,1199.62771651626,1099.09876336533,2170.67333353722,2126.7046049224,2261.88415575112,2006.97864760443,1296.30541307441,547.739972571739,1468.75981811191
1746.43605106105,1352.87782943486,1034.23362612435,626.467951225264,0,289.816471636595,516.778145604033,1367.28021005044,528.89093641028,912.810836692497,1196.60337156732,508.479966895712,1599.59983671994,1526.3290819253,1481.22315906731,901.024875594174,1477.21003608506,1164.91260483091,1024.25370060669,1578.31358205754,2025.95946554106,1166.30520780396,428.108314087617,608.658418731542,1265.21147322349,1987.26350976192,1031.15630662579,421.433716511431,1778.94496233921,557.115556057049,1245.62015569522,1430.78444357667,918.608843132726,1060.52421615455,2127.92740653033,1115.24295330902,1387.90631470808,381.328634798499,1379.10811344731,1351.04297461307,1936.40490519662,1257.50027456331,1471.7965309285,1882.05310153442,1488.15365482449,1646.42232160965,1655.16827676091,278.709939468413,1694.42397893112,1417.29175598894,2077.43917993843,303.890495201041,689.693641570761,607.896742984913,905.349790284085,386.05710303654,401.541828205797,1751.15202220298,1663.54312220299,991.116222539645,1921.79906254424,1033.22258153022,355.613183115416,387.197958455599,1890.88907454733,485.087940686324,1730.84887295554,1537.80329641023,135.549028606918,1548.4356475086,1804.11640772896,336.976306560226,546.185990974087,763.488914571137,908.400662206739,1290.36692572534,110.268082623596,1569.95650528543,1012.85114741115,154.806977222367,1592.56101755181,1376.02027339607,1369.88067032744,1325.01152411593,1498.17341468292,1028.63403834414,1272.62379970561,740.348703139716,743.910242075667,1379.88461659646,1836.93689663825,598.20606783819,1499.02800982803,555.983143873949,1447.92395863998,1123.15754950767,1215.12595149032,691.750516374093,1518.85994910128,1388.15604136536,912.953949689998,1833.93966697797,587.046774685381,1949.49233513702,1009.37568859812,1618.88456640359,1016.30414518187,1302.55836600694,1367.56368784116,494.439815066227,1951.13436861981,1044.60319924162,463.483519816962,1913.16683920314,426.354431819738,1562.49459866129,1840.14955784437,890.211433131355,709.02798400443,1638.22298474145,1508.63725443185,1792.24338819788,1380.62428393876,767.967215205853,124.109198050813,842.388461381163
1730.26012451753,1555.59655059652,845.329802116148,503.692864010226,289.816471636595,0,499.313631299297,1232.06114088931,274.672012612631,732.642260278139,1041.68206178917,270.122558926181,1552.83512336271,1575.04677954969,1519.93399520413,917.520968281948,1606.08428170153,1094.98630494045,841.98835798598,1573.19759390639,1994.50451465529,1138.4169614314,229.647611077215,807.128465018206,1132.00718305912,1968.35107685502,876.928883583062,342.988362495274,1770.92831439675,360.415989046943,1418.73122598483,1258.41613506847,801.675244581538,876.991268341158,2085.77292155362,1153.10388880132,1482.25433371889,509.009685703604,1450.94469664162,1516.01909899771,2160.12078129666,1410.33065718959,1467.99437032096,2079.67863960455,1617.24817536728,1549.49524055829,1651.94447094313,158.115824222271,1714.299862402,1363.28868209302,2043.30643640821,267.054321803831,549.432529410149,373.551315961812,993.486933076064,209.058882594658,125.812780035944,1760.33197754262,1878.68961622826,1191.18604787484,1920.41172752332,851.780209054148,478.366773243018,319.447169132852,1881.6789347067,217.176520744553,1893.09256703837,1666.26072703843,268.171409906841,1640.42657259793,1723.77983108514,181.224300768591,593.451239679105,549.058938736741,880.095951423192,1131.60805859676,210.384457284431,1571.80358413567,1211.43531241284,305.37630594079,1523.4885049354,1554.83315979009,1543.21805544237,1487.33580189091,1643.1724676338,900.476125811853,1475.87910417859,537.899981941706,685.836980672765,1384.02042325065,1818.06004924779,489.78555509863,1319.41926010293,470.792894364139,1348.25253885675,1281.28408113747,1146.70972784232,460.771582621912,1676.83473361888,1521.86451693846,858.328906374429,1826.49010932656,297.243862301398,1929.69682299886,914.399851957428,1607.94683266604,1118.23332407233,1503.30652134112,1538.74671029358,245.282886678532,1925.73215232977,927.412829090564,632.975446193071,1900.35535298673,250.508445167765,1697.81990235324,1801.39203019856,743.064612887289,609.800143359735,1666.98506909281,1658.71230837524,1766.09454412114,1570.09297531251,793.678319132695,166.928945523527,1040.95238508049
1245.42015512309,1181.55152651485,620.984219195261,1002.79455321119,516.778145604033,499.313631299297,0,872.801714365743,739.551695629572,502.770702008284,725.121521358482,749.678829155062,1086.27532080187,1076.02295212236,1020.62352396237,418.337001543994,1140.87106375966,648.307044574462,601.679426333081,1082.87001726124,1518.8524930751,656.829363838862,727.689668345511,515.238570473299,771.965743360037,1485.62489228798,569.876385089284,829.788296246336,1282.51921631516,853.182365476897,1006.60717212254,967.961428329915,428.84401049727,635.836200179178,1617.26684501726,654.070356382944,996.84040030615,251.046194529635,956.758672636884,1089.33626649363,1803.60702107079,973.703644953207,976.697427064796,1680.4448689292,1151.98162697765,1131.89072608966,1161.19476209875,637.552282674306,1217.17059092294,901.897836470836,1569.42756672704,730.105094789192,272.097934313911,421.905447735563,517.764006637117,708.164837332354,596.021310676733,1265.84578636799,1513.85492683004,837.302818768752,1429.82978747816,608.348266397556,245.481271833258,180.39043871543,1394.13010399089,675.262506007081,1452.93791584566,1199.54886375206,623.307836949804,1152.06443985885,1287.381941501,676.002921848371,136.223622509263,457.872288813837,396.265756012151,818.482200969931,430.386507249949,1078.94144765471,852.988259927974,365.582960581466,1075.90116174968,1144.40162002323,1125.96575045812,1058.57084630822,1191.1522480675,541.154916605391,1106.84678092485,417.413681039827,229.313451666349,889.627036216766,1334.86603534354,172.729484601178,1042.14587863665,964.393629943963,935.076664230016,857.15600289559,698.382730225365,453.463036059294,1237.07477525247,1062.62161454827,396.177320572097,1338.02323760822,633.510032352995,1447.31455442428,500.92593199302,1120.19825539548,646.745851275332,1128.52653601449,1118.89819471436,424.143483663274,1446.35899934479,547.804173889863,355.533091435593,1414.47204618484,299.154131335777,1236.02317769726,1329.88555157204,435.636234708182,228.100190668096,1168.41790847855,1211.23925940639,1286.65310928342,1174.25255901482,295.543864450425,501.985795718825,701.807493905292
772.748398266175,1619.068945544,437.560019387665,1677.07896361026,1367.28021005044,1232.06114088931,872.801714365743,0,1345.78715084911,516.536768238943,204.421152080182,1377.35473694034,534.644799294917,940.038818622301,868.735118804889,700.565173892564,1304.45545296756,336.763623551263,425.632400705196,713.947788231613,931.202107281328,492.888964599928,1409.69282287829,1261.33041126193,102.072496566227,949.281256636171,357.805329209476,1565.65518778578,833.075546237798,1490.79798909513,1397.33424101211,203.459975813624,449.032595809625,400.507372002984,980.588543640785,751.155224642153,1086.58551895212,1107.65456626013,976.078046454438,1414.91557819093,2180.34676054047,1302.95526675062,664.179324595923,1968.17010826223,1312.05630932533,363.56325811411,769.867056955101,1390.0820605464,903.685969237638,406.290749355394,965.590922509832,1498.99344893649,687.419105312432,891.204711803708,925.626809347911,1413.25025156335,1261.10719860059,892.080608931202,1910.99554517153,1401.26314440446,971.489463073498,415.987419440178,1110.40748716848,980.683502522123,912.7092638184,1294.85000106049,1648.40583009694,1338.95995826691,1447.29074927089,1162.50761613876,557.64817663939,1403.42285475599,919.755539524456,721.519141789108,581.095883960753,147.338636591511,1264.96002630491,741.842065832035,1404.47896659852,1227.24471986703,431.223160291069,1502.38563972606,1469.60592742062,1386.48453714821,1399.59336919715,338.764860115443,1571.68696257247,714.785387749509,649.952823533456,663.147536805873,828.405095557996,769.951376716789,268.617574858727,1675.81085624468,204.882953194123,1264.36178021496,325.892290296537,818.36898362026,1480.73604245091,1277.89642138654,522.578991790032,876.535929097468,1149.31211396343,914.339590078496,379.513375616688,711.075725711883,989.155326664592,1576.2903519016,1456.89278630428,1010.39189859775,892.33819894787,325.213403311876,1168.44814449936,914.680477464786,984.67561267718,1389.78352833894,746.403299385051,489.153346754306,658.952241015628,909.88664608268,1432.56308495232,762.465805661571,1562.94189728829,772.733577011345,1315.20113503947,1330.96536927329
1925.8612482993,1830.24460935905,921.105746593283,334.302649781862,528.89093641028,274.672012612631,739.551695629572,1345.78715084911,0,829.252784617909,1143.91705927496,41.1560291347518,1731.00816675816,1808.53085034782,1749.3405074763,1149.28793933732,1869.14465650331,1269.46332856769,926.267811539255,1778.07206893236,2176.38096351901,1339.3675218861,131.964793672661,1081.65511429269,1251.83623858327,2159.00666993452,990.055948762157,296.106119428828,1971.07442309216,145.560342985227,1691.35972572497,1331.18265933377,955.324495844171,957.010854890964,2258.97107938934,1388.26059954042,1735.37744347047,782.332659507901,1695.91581744877,1787.26269194407,2434.23591945407,1679.80061063886,1675.46899395963,2353.97129407525,1880.31301994742,1688.69708890153,1856.71413821532,263.399956800222,1931.44831145206,1540.66473813963,2222.72400639202,322.485936934424,708.753977617268,457.727764099008,1250.50051043122,172.612640120094,151.263355994264,1970.89395748057,2153.24026990605,1465.85671898009,2122.75891013065,936.281253636944,751.78137828082,562.156512919165,2079.63679027343,64.2892260988059,2162.98547519407,1928.9123770757,448.158491410204,1891.40497357383,1873.14534731346,213.160482073771,849.618399804912,624.56615366338,1090.54130650342,1225.22383459509,475.409836761158,1780.79914988011,1486.09224032753,577.431749993767,1685.88506846497,1827.88971592622,1815.61987457117,1758.22774989724,1910.12325859861,1037.41477014466,1750.54379818481,632.085231077285,890.429471431819,1597.60416656863,2010.67222523591,682.444309290412,1381.20238698067,353.605921904702,1490.51392642448,1552.17654738887,1320.34090220853,527.475565853543,1946.41979293615,1786.61581943078,1054.08856894638,2026.24841003867,204.562419680578,2120.24506396845,1078.54137435215,1808.7245540044,1377.54579836716,1777.92903897585,1810.86420893444,355.303178046735,2112.60182128442,1072.46858526796,907.556215827111,2095.79820937046,447.787073161127,1962.18183746617,1980.83970075188,874.13677018731,794.249146768887,1889.47375514033,1926.739149699,1954.67429243677,1844.13452088311,1033.87968534161,409.439332594944,1315.62239551782
1168.73809128948,1576.47524326306,122.849583518104,1160.9329833878,912.810836692497,732.642260278139,502.770702008284,516.536768238943,829.252784617909,0,315.569115183259,861.015791260683,948.426208630467,1173.36652979243,1102.68314673499,619.519048201092,1403.70392584447,511.09251550007,111.632720169017,1049.88038701225,1387.91092882765,641.804767863114,896.209364777041,1003.30321445219,423.864065558078,1385.23447121291,163.881478612654,1056.61924150154,1222.14551257453,974.312218766625,1372.10836255209,526.266726539742,216.27958724818,147.822424411101,1457.61714881191,814.106542174599,1209.10390205666,752.095529164128,1126.23958761539,1428.87283733488,2190.2996978237,1307.57513208344,961.201494583492,2025.84685206849,1413.7897821564,864.892140455686,1123.94560400799,888.740142941961,1229.22370615598,765.420810352355,1429.90962310636,998.592959108245,237.120447679393,376.291161262697,839.224604022827,902.37785243772,748.847030475975,1247.72946812624,1902.31916936672,1270.87072799472,1373.45028286118,120.895002496143,742.466563410943,535.644116233731,1322.17784509571,778.759699646571,1747.97563607981,1453.99987934917,970.186614692387,1336.04952687874,1053.87710450446,896.33133021472,610.392787790416,205.252173351793,487.936284040364,401.295573652157,803.867172214557,1063.60440222357,1282.08473926343,793.716576785366,882.141773567698,1502.10802709353,1476.060544429,1397.39602170699,1479.69232796147,236.243137198354,1510.5400928685,199.748335000576,371.048121039739,908.516339308089,1244.57313168734,341.539671835559,589.854942715715,1162.1239659845,671.333323379989,1220.49264144171,554.405390886048,301.849993128835,1545.39504897671,1346.09637294576,409.678360731902,1274.42434310148,633.665527620707,1347.22570068373,328.154767821552,1068.52572064544,953.04440806523,1525.75491177532,1465.9677328511,499.461857414342,1333.36414177244,280.662064644874,856.225789097575,1332.71511188884,496.79577835709,1499.95994286152,1192.85531201427,112.587984358182,286.858442941029,1206.92292518236,1507.28416304536,1182.69709112159,1547.35233140748,593.77680632244,838.695104010974,1155.42060206481
933.196383153371,1611.99394684069,233.717290064423,1476.23734891381,1196.60337156732,1041.68206178917,725.121521358482,204.421152080182,1143.91705927496,315.569115183259,0,1176.19794963878,698.497887889762,1033.42643332748,960.510150810369,649.17584059474,1349.55878646261,356.561426704835,221.216249722899,846.604956762165,1118.15844238986,524.217939074037,1211.55701642598,1164.33797692905,127.492888080535,1128.23796283878,166.316729063789,1370.58261913673,991.440610832008,1289.20172896057,1393.86937160578,243.319507467738,298.694913312991,196.796578608946,1175.2495094767,763.71470468659,1136.77044038205,971.228051767268,1034.96225617822,1427.42919572817,2199.44410188413,1309.71539324867,777.538885239885,2004.56456170765,1358.30393266928,564.392244374102,911.932054965398,1199.07110749937,1035.94503888797,537.903793656123,1155.58965440902,1308.62189482479,507.698886070989,691.786695811243,885.065197890519,1216.94120737975,1063.80241124607,1037.04907869214,1920.55515107333,1356.22851829301,1136.88513449466,211.566775762717,969.520508485212,809.891135720403,1080.60854407987,1094.15560620472,1698.43443675631,1391.07560645517,1267.56706865139,1235.5274851248,757.552453779862,1209.3731429365,794.803538255045,519.35886765612,512.804942327302,94.1341495796224,1090.99415869042,868.872329406028,1362.64125539171,1063.69090527416,610.293053071456,1510.55816233206,1479.97940636264,1397.29938219463,1438.50434079275,190.259877065622,1556.61905844963,515.155047685656,519.542582670226,752.656894722148,998.187206569485,599.754756573524,319.05926315539,1477.55592513761,385.023795300707,1250.90380690542,375.521905414885,616.544943372789,1514.63416580039,1309.88032185828,437.4448657525,1039.20854890797,946.124446216366,1091.80786425996,284.915206366263,853.341143598582,971.232577151995,1565.49555159503,1468.11941026417,813.700491718936,1072.90186708245,204.224932825176,1049.21998817693,1086.12138310702,798.197758125959,1440.72360939278,927.954456210395,306.560613356324,499.756181678972,1030.00083305289,1469.80855358795,933.180237208401,1565.86343904018,688.107359937613,1135.21247017455,1267.02422179104
1947.42703893355,1823.58350457404,955.104334296753,300.143389935521,508.479966895712,270.122558926181,749.678829155062,1377.35473694034,41.1560291347518,861.015791260683,1176.19794963878,0,1755.19167464191,1822.2249187797,1763.98280567736,1162.64201632696,1873.06948787564,1293.5147874921,959.555977481115,1797.85552626499,2200.37245905426,1359.31164521628,95.4310027849222,1073.67302159108,1282.60160120247,2181.57854177073,1020.82993781831,255.177023406366,1991.8798179649,114.429186863008,1688.81993861301,1366.36600044832,981.335087580563,990.771331532113,2284.32094246772,1401.14972489356,1743.28304402681,779.065800982821,1706.41492598648,1786.08999545598,2424.53680017797,1680.01232073891,1694.66618656487,2348.72783333661,1884.23865406768,1717.99024199292,1876.58655123607,236.246235366714,1948.94953751037,1564.73941920499,2247.12383427441,286.412222242381,732.719915922303,487.244907774512,1256.67003517543,138.427183594472,154.144935345638,1989.75325440677,2144.88664940522,1458.92908371956,2143.27435735983,969.584986416208,748.409753070279,570.599189935393,2100.90878786761,83.6453644122326,2162.92952769079,1933.04808145015,420.316728382672,1900.12150142595,1901.40511691666,182.552345762107,855.527953373261,656.989471609366,1108.23926547278,1258.47683237776,462.509066595945,1799.80824197466,1479.42749181961,567.199677553084,1712.26631196417,1824.83092162915,1813.32669048948,1757.35472452287,1911.9932244719,1065.74716036274,1743.68078318344,662.816785444305,908.55845971312,1615.53392513475,2032.81270392225,701.404770463898,1417.27875561888,314.456953731259,1519.1925993507,1551.28969956177,1344.61481392811,559.713059628784,1946.57652948403,1789.67525422521,1074.29397771766,2047.16407450696,242.346607837222,2142.80869947382,1103.58029229759,1829.28162087767,1382.91690992601,1771.49694896557,1808.86856529485,379.23955959249,2135.76082938863,1099.94309534825,901.744566308327,2117.51867721565,463.021495671551,1965.48275454426,2005.06146228935,902.524886196702,815.215790162695,1905.8015459997,1927.95207369361,1977.4378829854,1839.52947507653,1044.91841060531,392.115560910864,1308.50703371527
238.105471809725,1361.67976864997,914.998412606865,2043.45625462413,1599.59983671994,1552.83512336271,1086.27532080187,534.644799294917,1731.00816675816,948.426208630467,698.497887889762,1755.19167464191,0,510.749027293796,455.744623826088,720.492790239123,947.333489700269,461.677365972685,893.887286160268,225.110083513997,445.430944141462,435.280775533234,1764.13516784298,1276.76935389462,572.300031925411,436.819168791878,790.511797980429,1895.49370776877,298.518507319919,1868.97397030955,1149.44924780999,717.502012510601,778.196168691843,881.275113501641,533.110402307665,589.931175737892,742.230034251778,1254.31973445137,627.697156068547,1125.78813627579,1835.16374286733,1039.31381353948,248.509183663996,1592.94059989989,951.570871386791,281.511312448463,253.094267508028,1705.4953475166,394.776906725919,190.481870610799,492.004544193061,1806.27382771132,1022.50336056134,1280.22583084743,848.799307040444,1756.15605310896,1616.54260999291,365.704633154915,1597.32934251941,1259.9943204613,438.996443665765,886.233924387945,1269.79558245355,1247.63954559278,382.122769216496,1671.87028399148,1257.44849899367,962.658383638738,1709.57088634886,754.328643083107,271.681585639741,1733.92029373685,1063.33463938124,1140.62734928329,691.251229984025,676.354953580527,1516.65732036243,262.143465770964,1254.46314084083,1445.42466789914,123.224457726495,1216.44570479883,1180.97460077724,1104.15137049026,1048.78989006615,713.652646751999,1337.69410940398,1119.00694990777,870.323058012839,323.240062605649,299.99781890001,1063.87260174089,758.444611841384,2022.29344163129,330.267790964578,1056.70853923663,410.667483215907,1228.08558838116,1135.41055940619,954.704274086836,696.48544320066,342.496331780618,1555.19328016805,398.909954866095,653.051150439629,199.605032159757,838.772413617557,1331.26045268258,1167.24888244771,1376.14262213351,385.435061823999,671.763511053749,1257.9254658995,388.220938958486,1306.69011845607,1012.21674801657,249.8698339692,870.505668070198,944.906642966537,423.43319596025,1083.0534661686,235.780123434843,1285.13208667423,848.47140049951,1586.44563045361,1247.79229713226
410.071187712351,892.719592984418,1192.09436143961,2077.81667695107,1526.3290819253,1575.04677954969,1076.02295212236,940.038818622301,1808.53085034782,1173.36652979243,1033.42643332748,1822.2249187797,510.749027293796,0,72.9286364091706,659.592919061465,445.368241381681,684.964833123328,1164.99401761139,289.420557612387,667.443028829953,532.71587467478,1803.71238727009,1040.03340497406,930.033589162482,589.117719843498,1051.7287112691,1897.81765813369,392.863062448889,1928.22731187506,700.459140895269,1142.8450979195,960.1010959729,1167.55282496736,790.114747997623,421.961549753542,266.778882572822,1145.83419276946,181.40529435675,650.637723854802,1326.00021916443,589.368954180185,283.759118738758,1082.19236851198,448.134184835519,787.92591329675,303.050125583871,1707.24151955954,223.125089385458,540.613394362723,718.446081455884,1790.84383399546,1140.64825691218,1407.65319401556,628.483654546956,1783.4939583096,1669.84996666396,304.032800716496,1096.72931814071,884.467377635372,475.068201597524,1160.7416073287,1170.74901644203,1256.38294516072,477.601928370217,1744.6146900714,746.886433143948,454.204752821892,1655.53187704029,243.580951056609,760.561082044362,1749.47251597453,992.586435398131,1319.88459255621,731.085793657168,1052.12415041679,1472.0520904813,251.707153417227,872.204185571545,1376.53001943257,626.235145843956,738.053504968799,702.880974084012,634.837183435146,546.0247974028,954.189024419848,884.547937725531,1286.02828355939,927.92176242282,281.08343820136,477.781331863412,1134.32231572418,1201.04613482175,2034.89469055015,766.264490468516,651.211130884748,658.418299928601,1384.84519056912,632.409820355548,470.250346031755,788.538213869445,428.286838114897,1671.69061584321,562.841782056026,846.367054964944,329.085899619771,543.629475506869,871.377113231337,689.315907648004,1466.36810344455,586.201176571909,908.773911844959,1094.25301472534,508.259917180208,1360.76329032366,502.897303145959,570.129812173481,1067.18586999736,1037.56908319019,150.287985142982,579.857908448172,482.650729319656,808.03410968986,781.517390394599,1553.75420916953,924.808538254149
385.669776045471,923.200140380333,1119.90130081634,2023.3498292357,1481.22315906731,1519.93399520413,1020.62352396237,868.735118804889,1749.3405074763,1102.68314673499,960.510150810369,1763.98280567736,455.744623826088,72.9286364091706,0,602.591550856028,491.919191499578,612.249650614436,1092.88441503045,242.749972767576,658.919149016654,461.341683219231,1747.89130382357,1014.3969906553,857.455229174307,586.569774278017,979.584542514695,1845.98351432552,379.24246516467,1871.00871985545,722.211889303677,1071.77484719863,890.134713841598,1095.12951437534,781.031232080493,368.698949979309,294.392627396877,1102.24080196333,188.889252581857,682.53732374275,1379.73040370466,610.371889809393,218.496860568812,1140.4168743891,495.945669817088,728.472266508312,273.328124152842,1654.74105992641,229.264223615349,471.629805386,711.376247319258,1740.47068655392,1075.29440182937,1343.11071790629,592.565451604384,1728.76123752213,1612.26922321755,304.292942271929,1142.97045133627,885.998405482398,481.962236693527,1088.5460822173,1126.20266756482,1200.68666031321,475.101222590283,1685.61532908546,806.82923184352,507.41795998747,1608.84198616312,304.052570530742,713.943463355314,1695.75928167321,942.702188342224,1251.82067975767,666.693978919826,979.640402187145,1423.32250479249,206.361588572264,875.340282460665,1329.97848568136,567.177627033133,771.874741128512,736.401419803147,664.064245912868,593.361860604713,882.235050167725,909.05711924511,1218.49342291406,864.992303040693,208.321050124397,462.313685550098,1072.33521900355,1130.78794090292,1982.45291487202,697.710679876178,658.092035611281,585.491199168336,1318.31894913361,680.02097061082,505.539305293846,721.551328978782,421.71239128808,1608.94155923445,556.890471933218,775.245227049445,287.536178185731,519.655362180636,898.266149111009,722.695156226691,1404.81718898576,576.405195974101,836.734894204928,1057.64753448658,504.727354748069,1301.63133701014,557.36680985531,542.496441907081,997.186563874141,973.165526434993,161.904589001175,627.5820247077,457.340906289152,841.572956661923,727.910689658751,1504.16274130357,914.481573761761
846.497814370545,972.145931412646,689.46711137181,1421.10639389085,901.024875594174,917.520968281948,418.337001543994,700.565173892564,1149.28793933732,619.519048201092,649.17584059474,1162.64201632696,720.492790239123,659.592919061465,602.591550856028,0,792.648965397649,375.62949704065,661.385306768571,677.317612599615,1129.45511301317,291.003755179398,1145.30111970997,582.452120222876,621.691155354028,1087.14654485628,566.167051960017,1246.46102784652,877.939608193873,1268.81165228699,759.913008327354,867.14351836161,415.378184205204,680.95734512418,1235.95424558186,239.241565804845,614.436981082684,537.910160594023,554.498368284779,810.448872566795,1576.72857098583,689.286601792296,570.837016957213,1406.43347626514,803.155733340234,839.880575245798,754.174572730659,1054.55745244602,800.716961251125,556.436081266059,1181.75819996165,1143.6540244076,509.054713715663,764.832702317188,236.210624409273,1126.45896702006,1010.3017523665,852.752279236545,1291.16664827844,708.339660248541,1021.2768931348,661.96738735043,556.098417859571,598.162119776309,989.876428385914,1085.27948994738,1132.04854307351,846.165081646036,1022.01544507722,759.508591974107,958.599913547203,1094.17457852916,354.881358550708,709.7906845993,139.804725488671,721.113685008282,831.887371032598,669.283129517031,714.00817384288,746.575626058077,741.780886452793,886.099367904264,858.820936933541,779.079816330943,863.330457052327,478.479423699005,912.399754160247,670.794344506514,286.471487554659,479.086827122103,937.272181427173,482.574753149451,944.253047297431,1381.973957828,670.3411185692,611.149932532796,409.112409013637,756.64864026369,926.681020825042,729.564470284996,221.294173218327,932.914817094326,1019.16361744943,1049.65626009805,365.777695925564,718.392671950739,335.897127038803,923.632179064691,848.315768420699,811.112102270704,1052.80907250196,448.999687892524,538.635050504446,1012.33875960453,701.696686186059,889.668228190244,949.220518743055,507.641053047547,402.151696806175,750.401799098089,889.87120196367,895.178580124873,934.86000220466,133.116314414837,909.950442130767,630.436019720587
850.965567380621,471.32298290861,1456.11609301785,2085.91383143133,1477.21003608506,1606.08428170153,1140.87106375966,1304.45545296756,1869.14465650331,1403.70392584447,1349.55878646261,1873.06948787564,947.333489700269,445.368241381681,491.919191499578,792.648965397649,0,995.146326896331,1427.64028703276,732.408176414901,1084.68458242217,826.602458836518,1832.31624032151,892.263927390024,1269.61207690085,998.455061044565,1320.34681947538,1888.08338845071,825.386346849337,1965.94459897374,329.868503830593,1506.07504783273,1190.2436833885,1440.03644322172,1205.38785166542,594.591888213685,218.254876790041,1110.58992566577,332.467681025404,238.907268463662,891.255595611359,248.104660125993,704.159802048231,664.325035876921,11.1695084895219,1215.92978723605,747.547113736321,1709.89660423891,645.956123729847,937.532817694268,1131.7984993695,1772.4350747611,1297.92139242412,1541.01663047641,623.177683597059,1802.91775262347,1719.73033313442,725.619862671618,651.712801082318,594.472405449742,872.298937957262,1426.07965992103,1140.46337354826,1309.93875033876,891.904006369478,1805.48770381562,349.122175045556,60.6479683392753,1612.73031697312,220.085864684665,1204.52501942452,1761.06531271629,1020.49036257152,1501.78326168448,916.314535397007,1390.88299127864,1454.09413553876,695.030622273273,574.990428125657,1346.80801864634,1055.86848072365,312.544474681031,280.354720088923,237.495857497994,101.458192192953,1222.80366607233,484.115327640368,1462.25214802411,1076.05111411332,660.658013280372,909.674724829244,1255.71166417232,1572.9189849096,2026.30662531371,1159.87383663894,375.253758997643,987.140209595248,1543.29257693657,188.104810339801,91.2847073009844,994.093265972227,851.065997993349,1774.1553697919,979.108711297452,1104.27226787396,773.996905068798,494.126557005681,462.774965977073,268.217143622672,1564.25575065011,1007.73937442029,1182.20053546769,1013.78338740807,922.7827391996,1439.71660442098,97.0801106279942,1011.32920714658,1291.14746613402,1191.49258641454,578.615370787311,135.724286438308,923.159722900729,380.501951251255,866.627122374497,1538.67779566974,697.148231676159
664.897057373652,1284.79260152289,510.541149601167,1582.34032904522,1164.91260483091,1094.98630494045,648.307044574462,336.763623551263,1269.46332856769,511.09251550007,356.561426704835,1293.5147874921,461.677365972685,684.964833123328,612.249650614436,375.62949704065,995.146326896331,0,484.401686906907,538.845291553802,906.938724258175,168.544909058582,1303.34466376345,953.674861551364,278.550483612023,891.755977556304,371.425017790835,1437.97383390243,715.587582322417,1407.30601194952,1063.5340883867,524.632560814459,320.170512779221,484.019782668902,992.434397028323,419.611482792311,780.991768385922,850.051082605213,678.403111098248,1086.49838111282,1856.22124476907,972.009121609758,451.376469791345,1653.68293190815,1003.65852157433,488.111559753745,613.446996152213,1249.44383907189,719.036490021738,271.234077116164,953.642824101971,1352.37086849414,560.842941713622,820.536244025906,591.692843654832,1296.39963071016,1155.35908424935,736.790702835681,1582.31591042017,1066.19986791984,867.824826644421,479.278957775535,859.645133208638,797.247275770947,819.369518283664,1210.2028066886,1343.52011591607,1035.42919039784,1266.30261813429,879.652844125613,639.315127824217,1275.6188690254,654.90673843546,689.601997368008,279.246331113593,397.119359133143,1074.48942795348,552.763323893135,1068.85318757245,1013.68377431896,430.558266625459,1172.4541386769,1140.4497265901,1057.29799048344,1085.90464429311,277.807088609162,1235.89327115425,664.4260992008,422.024697394529,407.907759675078,745.668450419022,605.20309254416,597.95259105238,1562.92047936295,301.238860547962,928.398396594878,51.7237274141515,772.662384803063,1163.846797864,959.283209682163,252.615272267019,769.139332159477,1095.87226378549,853.100882347192,193.662118139115,558.858861104519,652.444558018501,1241.19624613268,1128.04900252672,914.49356808161,843.84313821542,231.999023418701,885.456863679991,832.61420618751,847.032195617854,1085.32780050161,711.546910040833,419.22468207727,485.350747299749,700.481618404292,1117.79180604234,687.21072191805,1231.30306974309,469.85930642576,1139.39826919144,1001.92229670458
1121.93167411602,1630.64462622798,28.4939607318144,1259.68036836293,1024.25370060669,841.98835798598,601.679426333081,425.632400705196,926.267811539255,111.632720169017,221.216249722899,959.555977481115,893.887286160268,1164.99401761139,1092.88441503045,661.385306768571,1427.64028703276,484.401686906907,0,1015.92998152052,1325.56671493705,633.355374635937,999.281142682286,1090.78367842219,341.321651736175,1329.30248345806,113.335480826008,1162.24853303158,1177.73244802866,1071.78327343759,1420.94285843302,416.457912024672,246.253316337427,36.2842929611518,1388.5201478397,833.276892472485,1225.41295133225,852.511834331759,1135.17184190997,1470.56538837478,2238.11374831852,1349.7086486935,934.210469909637,2063.37721033233,1437.32458508375,783.573773582131,1086.94918720494,997.312553395169,1200.56373609671,718.579864159232,1365.2332117456,1107.19773267326,343.84289889051,479.963991906117,890.859890654134,1007.32710402713,853.278181965006,1212.01850131726,1952.24617761541,1338.64775199016,1327.05065983583,10.0404514806024,844.618935111132,645.657873345174,1273.32057714735,878.34885405542,1775.10972693447,1475.19540922198,1081.57877003951,1343.2799482388,975.676598342063,1003.10233481162,700.570875464217,303.381570457141,523.366558022422,298.961441398629,915.414145404667,1033.20395462954,1348.50143864954,903.794017709373,816.89994581442,1547.37840468463,1519.74079003146,1439.35040429386,1508.46845089908,211.184606466604,1567.68669123136,305.408154654831,443.833947454596,891.497684019906,1193.20873307256,447.084607352504,478.66709150579,1264.543795749,597.340535819945,1271.10136874576,520.924479480503,400.513852030756,1578.0127303007,1375.77933481919,441.700301740138,1228.24999137959,726.692176005525,1291.95157571416,325.657009916761,1029.82960883486,997.25857139197,1581.01320027111,1509.0245591417,605.737015777846,1275.58874587238,256.265505391801,951.015849198081,1281.57678444304,608.156901411891,1522.67364860875,1132.44878236186,173.636141071462,377.718621966137,1184.63870027068,1537.45736254907,1129.62945688622,1596.04950805219,656.283978572829,950.192332688923,1230.16053585201
174.788364804287,1164.63755262041,1040.3652136467,2074.27791123957,1578.31358205754,1573.19759390639,1082.87001726124,713.947788231613,1778.07206893236,1049.88038701225,846.604956762165,1797.85552626499,225.110083513997,289.420557612387,242.749972767576,677.317612599615,732.408176414901,538.845291553802,1015.92998152052,0,464.382238269117,438.707892879353,1794.72712268026,1178.93836565917,728.173511234948,411.903663930382,905.035944943785,1910.90788089363,200.634034512691,1909.29955790449,960.047107916634,909.821595917196,853.650931765358,1010.26025804602,580.528467299427,485.991203428987,536.738445607564,1211.58973195569,427.302419349324,924.673507474969,1615.39575878418,848.360714159509,106.571872138581,1370.24989410452,735.818803582195,506.212295389664,78.8158968875561,1718.68932165542,190.324970173262,310.825474678989,517.930249710994,1812.96806532232,1075.92792414656,1343.55030999018,744.319998376198,1781.24338753197,1651.55665716467,198.065711013488,1384.08964453226,1103.03627933071,347.288650932982,1009.71873837269,1231.55088985027,1256.77828917475,312.585719279442,1716.17262154762,1034.20041927088,743.539738060323,1698.14582890621,532.300213965494,472.119635035812,1753.54758396782,1032.1989691116,1225.02663696741,693.168161490706,844.10995130913,1506.86304393568,37.7401749759386,1094.58573474324,1423.78128955016,345.679617571235,1014.29673526917,978.7996944117,905.514902026673,833.619881184086,815.333757705254,1147.84410212802,1197.33610523418,890.393265901133,200.279792720645,264.956686339396,1096.47367873685,959.133574834467,2043.34958566807,519.839426856078,884.205576258331,496.525590512045,1303.82202979107,920.226617432069,748.271650835168,724.01302709187,255.77010808372,1617.61214470903,375.46938686509,728.255819505297,49.3549045461949,703.382147748876,1138.30067434001,965.080586706104,1424.28114993842,383.538880393622,769.91495600695,1191.19012820165,335.295670672872,1337.36562589324,792.317795154492,313.789404911367,956.371120241385,984.133070453875,202.113554108428,867.67734380021,236.99933224107,1083.89433420846,810.421026529808,1582.91049653946,1112.80413817437
289.619722008177,1550.61233716065,1344.574203185,2487.64226647403,2025.95946554106,1994.50451465529,1518.8524930751,931.202107281328,2176.38096351901,1387.91092882765,1118.15844238986,2200.37245905426,445.430944141462,667.443028829953,658.919149016654,1129.45511301317,1084.68458242217,906.938724258175,1325.56671493705,464.382238269117,0,862.023786689335,2208.04847831392,1643.10614736173,990.784081142601,91.2105606660909,1227.12606187055,2336.51339758387,280.123911274828,2314.05103827724,1366.73910145581,1080.20586075332,1223.37729058864,1309.35111766804,122.673179178705,950.113723400062,933.391503840931,1667.15338743806,843.744436599683,1309.21837624921,1903.30723706404,1256.20608141616,566.082053854749,1639.49084297678,1084.30448356062,582.306215876717,398.559116455743,2145.63600419006,445.771738125052,635.717589719235,53.6038027514064,2244.67152038626,1467.7719583265,1725.44406219628,1208.62664888265,2199.12909276117,2060.90877652863,364.248136102378,1714.32921903483,1544.91748832669,219.982348073425,1317.28607435509,1685.53000294961,1685.43253412661,192.908389122331,2117.10782622983,1311.75253739415,1074.38512496846,2140.89295324497,864.65275434729,403.492475944172,2175.72332976642,1482.33090822665,1583.41271416022,1122.69395769977,1078.50520063079,1948.2162982298,484.859574501728,1534.16894208619,1871.16745369983,508.807764686256,1392.90442057391,1358.65268156224,1296.4496677069,1178.17418104477,1155.30735017219,1548.61086301871,1562.94918977734,1309.52483917337,662.451730994778,200.880614564176,1506.84869066868,1099.29865977648,2464.76925152211,733.422256930215,1315.75800992512,856.059946482366,1672.12599845522,1259.79379911912,1127.84195099696,1136.29083380368,239.165543644876,2000.24945418895,105.722443906102,1098.45026850143,417.641136019759,1162.54982909122,1533.47493847007,1345.47407705572,1821.42544709992,82.7386795736686,1114.61882353282,1653.25622947937,161.95008576477,1749.94882432079,1114.65203056654,195.944809842145,1314.21058883301,1388.58567501993,518.013334449228,1209.29548859364,234.280618885184,1462.41137786215,1261.8975999357,2020.76735856362,1568.1322761228
591.8571443281,1126.97747562298,660.799816490421,1637.57947896854,1166.30520780396,1138.4169614314,656.829363838862,492.888964599928,1339.3675218861,641.804767863114,524.217939074037,1359.31164521628,435.280775533234,532.71587467478,461.341683219231,291.003755179398,826.602458836518,168.544909058582,633.355374635937,438.707892879353,862.023786689335,0,1357.7572601974,867.473678557356,445.061346289947,830.625156689976,520.387156170024,1478.46229962832,633.375028964006,1471.00145362083,905.056127820321,687.995425088479,431.453639649505,637.809213472882,961.714044774481,258.702138040769,612.661385417641,819.410653420447,511.471693214767,922.606741481024,1690.4630430169,810.0747768567,337.164070150116,1485.62170882425,835.115274766323,555.636569422536,517.354224360729,1286.72999923548,600.454795682165,265.433081193709,912.688370211195,1383.99275356294,638.872746544969,907.500379568607,466.665078525376,1345.5196743868,1213.66289878524,632.871289556787,1418.74019037229,930.490418031247,784.177311406487,629.497736382347,834.565071470984,825.13633736849,743.554953977125,1277.51784595982,1175.00189566659,867.058576547663,1279.19798450722,715.168533246851,667.598273519703,1319.36363569023,628.054994466648,799.153568619105,260.785821938158,565.051392240952,1086.4034159204,442.776916763901,930.922890213468,1011.77107172862,450.810032805523,1009.67574351963,977.081680999205,893.924274145886,917.580005078467,422.205323306373,1081.59783852999,768.427369190155,453.200812505213,269.536190309695,680.049170739632,658.049733831126,759.296240032456,1609.17118644487,404.595932084048,775.23772312215,167.001798242722,872.45805921111,995.945467691675,791.554973773225,285.312289651518,688.85102891632,1180.4676765281,792.091173738608,313.968910123984,470.443577338808,505.980720175334,1085.02633818897,964.45849552662,985.668656800614,789.935557413809,377.202518680396,829.218688438587,761.940074655114,899.652151190076,916.881913896746,673.978068302863,538.052217932932,545.497036037382,569.830797852766,949.586812030069,630.128745752719,1070.05323985558,414.603596107383,1158.76760055439,882.060055892553
1948.77729950951,1761.96008270987,997.335368966548,279.932659255755,428.108314087617,229.647611077215,727.689668345511,1409.69282287829,131.964793672661,896.209364777041,1211.55701642598,95.4310027849222,1764.13516784298,1803.71238727009,1747.89130382357,1145.30111970997,1832.31624032151,1303.34466376345,999.281142682286,1794.72712268026,2208.04847831392,1357.7572601974,0,1011.27833287899,1312.59243323509,2185.32070387329,1051.90282607136,174.666817875407,1991.11103478433,135.461593055746,1635.19446653722,1411.54979014052,998.212167985967,1031.9893362379,2295.77778200297,1381.75679604393,1711.45995326209,727.491835074285,1680.58137113041,1734.99464140279,2356.97621133513,1631.88351294146,1690.2214671374,2289.1630475629,1843.46889668903,1742.20021341014,1873.54145934466,149.906157873144,1939.63856402436,1573.8071899845,2255.8975642122,191.064296483912,745.904558649742,519.983841938013,1222.32430564788,44.4742583562598,149.491632374829,1983.86272502784,2079.87749046806,1397.41449517332,2141.50197776622,1009.3132409265,696.895678520778,547.351415225972,2101.22378715337,136.175345700967,2113.55375581629,1892.64809479704,330.117392289938,1869.83364519656,1922.07886759182,92.4455076556546,822.8551719775,696.073219726057,1101.93764450186,1296.90185349106,396.083986627631,1794.65108043842,1418.3560389575,504.182034185416,1727.63566491147,1769.97919037161,1759.98014914966,1706.90372301323,1866.86961159641,1089.00518267866,1681.7979640634,696.469250349301,904.626296030739,1608.00281205971,2035.58703233145,701.674986316157,1465.85166513765,266.121216886296,1541.92209395124,1501.20412899038,1354.88933393769,599.433060603199,1897.90200078978,1747.23330934804,1074.66861089791,2046.60266463311,308.264792541582,2146.58150628517,1117.00670355778,1828.13836601311,1346.38410001187,1710.36378041752,1756.11170973669,399.789881112237,2141.19117690535,1120.46249122612,844.260393574475,2119.0223897921,458.641254232569,1923.26546502414,2013.66864503567,926.900036258037,819.463844015388,1893.60592261804,1881.45231212938,1982.01175648914,1781.70360626602,1022.67938494986,318.852380697997,1246.98987015417
1353.54080306105,750.703072144927,1113.72053151149,1234.43629075457,608.658418731542,807.128465018206,515.238570473299,1261.33041126193,1081.65511429269,1003.30321445219,1164.33797692905,1073.67302159108,1276.76935389462,1040.03340497406,1014.3969906553,582.452120222876,892.263927390024,953.674861551364,1090.78367842219,1178.93836565917,1643.10614736173,867.473678557356,1011.27833287899,0,1171.32122000349,1584.30408595874,1033.31153349825,1029.92343438154,1369.33434879427,1146.268526087,638.004350355796,1402.66613022461,873.388830051556,1121.78305354265,1759.14853760905,695.74243175524,844.442681302665,315.290515017494,868.089978459079,745.213452340691,1353.55673544356,658.880474493585,1080.33754507499,1278.21075144643,902.76560836382,1421.40844722738,1246.01981910511,870.949516798551,1243.03802374727,1129.98892271331,1696.69696439492,912.339088809855,784.076865661091,910.356116800737,434.783589546832,974.390489260341,932.31788577964,1313.8901915332,1071.58523566219,386.148932752825,1492.37819790286,1095.80134863991,342.971094626782,598.60917521496,1476.44774932853,1023.75348141497,1124.15109243565,951.880448506923,742.097480373175,1000.17891597625,1530.13032299916,927.452051871583,393.271038853889,972.316682280438,681.808426498909,1250.45574313427,615.220698702009,1158.82234773001,407.202330576938,507.417900124443,1315.07868774857,767.389842563485,761.809626338442,720.402750714323,900.771727359841,974.684224778325,670.579281955525,932.275586859351,652.536914342266,984.113763380262,1442.70791425469,687.861283624604,1480.1935241463,1164.48694948064,1251.98583506523,523.833014771792,990.462205721898,958.222142694602,914.550196302853,801.209135600236,739.849931900487,1419.83592316799,1053.40372277617,1550.13614795551,889.910204670618,1226.52895193745,496.431480357899,699.09781321596,759.904028607035,868.082224851366,1561.6038418764,962.860191052085,180.869542326602,1503.67428805202,737.853757039486,970.730291062638,1482.00214407365,917.409822488685,716.537109420967,1176.02938189382,908.150991884561,1414.14810983303,773.00583085744,488.843708836584,695.05380198883,235.798929796129
808.055301665483,1561.1471803551,357.109890702467,1581.82197480232,1265.21147322349,1132.00718305912,771.965743360037,102.072496566227,1251.83623858327,423.864065558078,127.492888080535,1282.60160120247,572.300031925411,930.033589162482,857.455229174307,621.691155354028,1269.61207690085,278.550483612023,341.321651736175,728.173511234948,990.784081142601,445.061346289947,1312.59243323509,1171.32122000349,0,1000.86300079159,261.795609905857,1466.93662842061,866.807168777989,1396.41958347102,1340.42124327232,248.391838922109,347.072258454848,320.823179007501,1049.07235302382,698.038904879949,1053.5517519362,1008.72031702017,947.044469665743,1365.0045733465,2134.70754504461,1250.18010912273,665.098884499498,1930.36589376799,1277.8043291299,442.75151439098,791.032224593608,1290.09639363789,918.292212668739,417.641739303926,1028.49426480262,1398.78529448223,586.096346084195,795.606781031032,852.23359869675,1315.16918367441,1163.65208546494,915.69139863911,1860.7321492662,1328.03584187795,1011.1126396474,332.219395401013,1010.78581157401,878.617243236729,954.3821375343,1199.72865747381,1616.80554255926,1307.7353004088,1345.48819987159,1141.76663512473,634.373449209264,1304.39711223475,822.454173516583,629.049897433565,495.480582300115,122.709720384182,1162.91742390711,752.291777044937,1332.4222500283,1125.36946630334,482.800908105821,1450.76262816575,1418.878671357,1335.74077892084,1361.96234529421,236.708232455977,1510.36869452197,619.840091851398,550.749754332881,649.21096389461,871.620794392918,667.911181969693,324.084172468143,1578.62266349612,258.023712610972,1202.90018249986,282.66023925465,725.178642697573,1440.88279310235,1236.58666327398,431.49286635008,913.810760024028,1057.50952790102,964.513985981712,283.53702773557,732.194606898161,924.754382458335,1516.73408876583,1406.51375289745,912.902142252349,945.447024096971,224.16605086135,1072.87181425432,959.412006041918,883.965268640794,1358.0945122843,800.46405902678,388.961595716589,556.984030872202,916.360418690527,1394.20617188488,806.436633083069,1509.16036941335,684.226996446928,1213.45100839095,1251.02686162448
240.833923222725,1466.05581999601,1349.72118623873,2465.23806553071,1987.26350976192,1968.35107685502,1485.62489228798,949.281256636171,2159.00666993452,1385.23447121291,1128.23796283878,2181.57854177073,436.819168791878,589.117719843498,586.569774278017,1087.14654485628,998.455061044565,891.755977556304,1329.30248345806,411.903663930382,91.2105606660909,830.625156689976,2185.32070387329,1584.30408595874,1000.86300079159,0,1227.07922297171,2308.99414697139,215.040160308052,2294.63353250901,1285.62079707442,1109.77902292803,1211.22464843106,1315.38067730103,207.189396731051,896.173439569787,853.305138148195,1622.97483968044,767.938442773598,1225.23198375577,1812.33211242189,1175.72308702094,517.321606989521,1548.36243627076,997.759744385078,614.727330697877,339.380500301858,2117.33935833843,366.054893253707,622.80812789735,133.470554949554,2214.37053670195,1450.58880155356,1712.28948648215,1151.23268319176,2174.62276522263,2039.43561100646,285.207954710785,1624.91890768272,1471.16827483166,129.296880066168,1321.43533360257,1642.53213694344,1655.73505116133,111.758661158354,2098.72612561296,1220.97482561844,986.580542315452,2105.04937790498,778.380332140403,450.532268743408,2149.46323908055,1441.71350889635,1576.47958258009,1090.95696476162,1095.71503407131,1912.9575643899,426.963624111912,1459.72207906543,1832.52441814865,519.198104377623,1307.94854043763,1273.94625971259,1213.31146684645,1090.88839269887,1150.24797530084,1466.01459814794,1553.92207841673,1282.5227770501,612.180297829023,150.758862543218,1483.70119815845,1134.64788011732,2439.13280985845,746.887323380806,1239.81280336633,842.110122906671,1662.79029152717,1171.85608752183,1044.09759870598,1110.80813750425,165.598058625199,1987.62807543966,38.7703019790587,1085.09411963747,368.838336756124,1098.10907923491,1450.13011862025,1260.87347066381,1803.70397931044,58.5907660380126,1107.97221297353,1602.65552188957,81.8644027692512,1726.68113655368,1026.13668487638,203.384155870201,1305.91555784779,1367.01184210641,438.868113075878,1121.67434783451,204.55769285302,1377.24023516183,1220.1980339168,1987.34165523453,1500.01486448834
1015.25046224847,1538.23993796818,140.432561114654,1320.15542862981,1031.15630662579,876.928883583062,569.876385089284,357.805329209476,990.055948762157,163.881478612654,166.316729063789,1020.82993781831,790.511797980429,1051.7287112691,979.584542514695,566.167051960017,1320.34681947538,371.425017790835,113.335480826008,905.035944943785,1227.12606187055,520.387156170024,1051.90282607136,1033.31153349825,261.795609905857,1227.07922297171,0,1208.32566774171,1070.17144025399,1134.62561015534,1325.57136780712,401.916696170935,161.888673565399,119.751547637293,1294.87995077008,725.771460608085,1116.03043962192,819.281274988492,1024.09871331894,1370.96011801685,2140.80608866167,1250.62375128798,821.890765196194,1960.85500797974,1329.87998880022,701.286032795799,976.903980227824,1034.62671027272,1088.70942490528,611.319745781461,1268.36399166671,1143.97510228302,341.723813221683,533.959508632364,799.743846849256,1055.57838987992,903.306691200388,1101.72909929083,1856.53842674383,1257.80561382536,1220.37216683283,109.112722570405,815.336828980515,644.949046014201,1167.62736135759,938.008696367561,1668.54751954842,1366.93501820037,1101.2503762728,1231.66485955987,889.998494758328,1046.42443447447,651.627142699823,368.139048242355,426.522760700482,259.398795222882,925.118494473359,921.558650431682,1266.41220559628,900.068416871334,720.024601760575,1449.58849723823,1421.11293853775,1339.95328155027,1402.84167140362,98.7861459158326,1477.51802639834,358.045841961318,380.845775292684,778.222452409859,1088.58466625058,435.769491507068,473.925238682682,1318.01712479771,507.496901975102,1177.31206930343,409.057848694162,463.719505661915,1473.85929966191,1270.72941597902,344.873667564193,1121.40839935285,796.457501492656,1189.35288496441,216.13051610478,920.21497392105,900.661800131125,1489.47068271951,1410.07561781327,652.607215800834,1174.34967767184,143.184717308947,905.989765157248,1176.91579700531,632.272440710393,1414.84669516866,1032.66175141381,141.041697521831,342.016086987552,1071.857920069,1432.34458271855,1025.77240301393,1500.18576941205,576.587898737632,968.89610123836,1156.54990236282
2070.17163570422,1773.47152372231,1161.91443829844,205.611163637257,421.433716511431,342.988362495274,829.788296246336,1565.65518778578,296.106119428828,1056.61924150154,1370.58261913673,255.177023406366,1895.49370776877,1897.81765813369,1845.98351432552,1246.46102784652,1888.08338845071,1437.97383390243,1162.24853303158,1910.90788089363,2336.51339758387,1478.46229962832,174.666817875407,1029.92343438154,1466.93662842061,2308.99414697139,1208.32566774171,0,2109.61433962143,208.846631728435,1666.07272688815,1576.84460535461,1142.46804109177,1195.79451741435,2428.51576675495,1477.41200571958,1784.3004392894,778.36645979706,1763.76698997142,1770.57549830905,2350.36549568991,1674.451751434,1805.14661305397,2302.70111631334,1899.13569996394,1889.90888469636,1989.49409971919,192.296949159333,2046.70157250491,1706.10587692463,2385.56241960416,117.584376166194,889.5168803757,682.455868337821,1295.23695702073,155.741792467124,309.864018000692,2095.5240062357,2081.09611626087,1412.39811422374,2258.17465964634,1172.23964082211,749.058348023843,654.152164598446,2220.76717271772,310.755769276046,2150.51933604598,1948.72602229949,291.185611996228,1944.3711279078,2065.79647859746,163.301181355015,905.801183976759,860.40954286486,1218.84842977507,1457.91048822289,434.928947488901,1908.11241926341,1434.18128851974,541.294064038347,1866.34829047499,1797.14081475965,1790.52927174132,1744.05539498533,1913.88805465482,1238.57140371503,1693.2703405221,857.363450401653,1027.11175399613,1719.19171064953,2158.49354338354,832.773912813901,1633.08724009764,138.664211177115,1688.82868981065,1540.83919550555,1489.69735066319,764.974805710409,1937.50153696412,1800.30517054665,1200.23106124855,2165.18365437734,482.925500682811,2270.40447247773,1256.81537564508,1946.78482558564,1413.95881846115,1723.43272315437,1787.97188079367,557.160128642557,2267.09406719545,1267.28900043857,878.532976757168,2240.04538780253,592.397595021294,1975.67306646875,2143.79068950892,1078.62620190411,952.76996174163,1996.72579049054,1925.61225379157,2107.34476376281,1802.04980149984,1118.21326895895,350.367922222844,1263.81556735184
61.1296438280617,1283.78207522975,1200.42893582978,2270.90124158168,1778.94496233921,1770.92831439675,1282.51921631516,833.075546237798,1971.07442309216,1222.14551257453,991.440610832008,1991.8798179649,298.518507319919,392.863062448889,379.24246516467,877.939608193873,825.386346849337,715.587582322417,1177.73244802866,200.634034512691,280.123911274828,633.375028964006,1991.11103478433,1369.33434879427,866.807168777989,215.040160308052,1070.17144025399,2109.61433962143,0,2103.96106925779,1093.23615627786,1014.64536161436,1035.087107933,1168.09805714689,401.874998260965,681.6905895669,659.623640676996,1411.64896296272,565.515872731091,1041.63864405935,1676.56073727186,981.97844036848,307.183198834428,1419.36388394537,826.279634360825,549.098283902476,125.003270338624,1917.49608275371,179.902870365204,459.15937210246,333.059202879793,2012.5044536965,1265.55552112573,1531.30197584479,936.195731959821,1978.51656096396,1846.94259080509,105.200082918515,1468.55335087703,1265.10186091976,152.436324098162,1170.69351136206,1431.84768070501,1455.48700440599,111.954886940075,1909.71713242959,1084.58191141038,822.416703696037,1898.67783094667,607.913269276606,441.347004301884,1951.58462157988,1232.82002842813,1405.18787536708,890.965206590686,973.888943567854,1707.27921602317,212.413643771932,1254.57002019549,1624.41527435017,411.822435488973,1127.65968606698,1092.8149198615,1026.91065502095,922.686852631212,985.932667754312,1277.32882399652,1379.64416371898,1086.49796555718,400.030321394355,85.007037045364,1291.08396737919,1052.50544383193,2241.44096665163,628.785030808084,1036.96438430952,668.944900735099,1487.4251554052,1006.9969166324,860.416968692456,917.675558023941,55.571667967659,1806.28862528432,181.174347542976,908.615987484595,163.004911460211,884.412700202223,1263.76169470086,1079.38845289419,1616.378232291,197.425102357487,941.656945699198,1388.62496626049,135.614473914341,1533.00746502749,866.454592810366,194.318177444329,1134.66483890813,1176.87605135208,247.503518501168,955.211532323483,110.026525392082,1197.56918888443,1011.03701148131,1783.05793630904,1288.5033312897
2059.97195753792,1896.8760140298,1066.66520617501,189.180138682085,557.115556057049,360.415989046943,853.182365476897,1490.79798909513,145.560342985227,974.312218766625,1289.20172896057,114.429186863008,1868.97397030955,1928.22731187506,1871.00871985545,1268.81165228699,1965.94459897374,1407.30601194952,1071.78327343759,1909.29955790449,2314.05103827724,1471.00145362083,135.461593055746,1146.268526087,1396.41958347102,2294.63353250901,1134.62561015534,208.846631728435,2103.96106925779,0,1770.64074237976,1476.49480735595,1095.65239613018,1102.56880278252,2398.42923398132,1506.57012731116,1842.2073292353,862.657128348498,1808.77993190386,1870.32060458661,2490.26606565879,1766.8942967606,1805.72042235984,2424.31372705559,1977.10373231145,1832.2675412369,1988.07375497007,279.073315158159,2058.58272204913,1678.50240606333,2360.94765620232,285.254377871472,846.628404581931,601.35833745487,1353.78477499346,172.562256234609,258.960297063323,2100.47549288334,2214.01165105748,1532.41731930394,2255.14460406641,1081.79928039506,832.03690560475,673.013362372483,2213.25953686132,198.060951664574,2248.75713362952,2026.19914290452,448.208089649023,2000.02558652571,2015.81781779967,220.954227682219,953.336291415362,769.847618638195,1218.44679655016,1370.74345894421,531.06259575661,1910.69286423657,1553.41803956359,639.428560410482,1826.59972849253,1905.44051414617,1895.4224666886,1842.17586573981,2001.4484113162,1180.14084890763,1816.68457215266,776.579794953152,1019.27887689913,1725.63887156735,2145.66220157562,812.956102123809,1526.02653025142,220.218143232372,1633.56209163375,1636.4207442086,1458.47308484808,672.67179407236,2033.01170068004,1881.24673102758,1186.2865068518,2159.30529489517,348.908659308263,2255.86343734333,1217.69140416288,1941.23564983457,1478.64860194328,1845.36460446719,1891.53366047596,493.376386166637,2249.09862847191,1214.37201921354,979.711499439403,2230.12789803247,572.586157133396,2057.2617747964,2118.83766477756,1016.90639878926,927.821021608487,2014.40536180958,2016.26394280853,2090.60778566856,1917.05692275085,1148.71979368908,452.501696721969,1382.0295503166
1106.67638279181,222.011330775479,1448.89099342973,1869.60733881461,1245.62015569522,1418.73122598483,1006.60717212254,1397.33424101211,1691.35972572497,1372.10836255209,1393.86937160578,1688.81993861301,1149.44924780999,700.459140895269,722.211889303677,759.913008327354,329.868503830593,1063.5340883867,1420.94285843302,960.047107916634,1366.73910145581,905.056127820321,1635.19446653722,638.004350355796,1340.42124327232,1285.62079707442,1325.57136780712,1666.07272688815,1093.23615627786,1770.64074237976,0,1587.96067553969,1174.70880326406,1440.87022827903,1489.28397658108,646.371651115748,433.70603226837,909.762431106897,533.685133513692,112.189812150843,818.214140892233,111.844765536169,901.779022863962,673.837892132145,336.813085625685,1391.19447942147,995.288096413656,1500.68731504381,920.973365980283,1088.75257972925,1416.89686185574,1548.57339349368,1217.38604350803,1427.23239829259,532.922526500002,1600.99095455539,1540.1019797637,1002.49379997339,531.304907496705,282.402786349781,1165.01776987485,1421.72509359204,940.426048535379,1153.80641627325,1175.14599502555,1629.98121419896,486.376191740975,376.368086154238,1379.73464322515,526.469048919066,1419.55774148477,1555.63949657189,872.789843705658,1426.34712558457,899.156312443395,1453.78460795061,1242.44855846599,925.739974016326,260.700152310844,1133.2735093954,1240.48418390277,138.032520206347,124.824439353084,96.6777501103218,291.446512398964,1235.3647675959,188.33667143963,1384.80434077725,1009.58641086948,830.780198147165,1178.06512054207,1152.00140823322,1661.4588309878,1801.58611371004,1291.99026980506,152.618830707737,1071.73032065877,1447.86349883462,281.973228639673,253.337171481981,980.958694271944,1127.92758272022,1627.89922087898,1261.49432151948,1118.91298362253,1007.30325302081,425.072992214821,183.43526905652,121.948306919023,1423.93556071882,1286.13545506682,1202.10350164016,791.660999194215,1206.08371008223,1292.89359741148,374.157777964021,1264.61913354371,1262.3719007114,1117.44949125017,848.820186987699,287.521369653131,1178.8542788127,175.28935077798,783.660551385544,1325.05789622717,412.575723907339
953.617499998566,1808.95918929896,414.976622446983,1665.48399451888,1430.78444357667,1258.41613506847,967.961428329915,203.459975813624,1331.18265933377,526.266726539742,243.319507467738,1366.36600044832,717.502012510601,1142.8450979195,1071.77484719863,867.14351836161,1506.07504783273,524.632560814459,416.457912024672,909.821595917196,1080.20586075332,687.995425088479,1411.54979014052,1402.66613022461,248.391838922109,1109.77902292803,401.916696170935,1576.84460535461,1014.64536161436,1476.49480735595,1587.96067553969,0,541.971432918398,381.79373398248,1112.9526996799,943.95021230509,1288.51494325576,1214.53036386431,1178.7250452818,1610.29658291611,2378.29367562154,1496.49442692962,865.315535635175,2169.19158404782,1513.83135121316,497.899758077561,961.455029649729,1413.72425197847,1098.21049542553,606.240279182415,1108.52892603518,1523.60700311036,741.344246933606,894.519905545757,1099.43586315472,1421.48240335617,1267.22788190802,1081.10590603187,2106.3512176267,1574.83369879059,1145.9742187443,406.642589566701,1212.64296349585,1045.8252549765,1085.63177628118,1286.94913217054,1850.89669082646,1541.41624654865,1495.01814439569,1365.96335456451,684.539746555086,1418.70884051339,1037.49295636534,716.436906416242,736.8994802868,152.483215173771,1323.58644972804,939.277631940947,1579.62124086176,1301.76449574858,603.964892312005,1696.76274762159,1664.52465838807,1581.3530198642,1600.45977870587,432.384501976391,1758.64714180224,721.552094258112,762.137853786208,866.550974349271,1000.69675635266,837.527784475031,77.7405607801914,1675.46531580688,390.916393875506,1451.1460306831,521.942696802942,812.323731992704,1680.89260754037,1477.3889269706,667.247005237233,1054.35969263816,1128.01260998461,1077.16214891121,514.398241392925,903.209773701884,1173.13683052593,1764.810471835,1652.01619232844,1021.44501385013,1051.54812289074,439.879289068819,1291.63197925575,1084.16570108724,1022.16655613158,1592.17013642494,906.839385581295,542.524381672243,741.66845502105,1108.22827467504,1633.21215247881,934.900537646646,1755.91540192734,920.669240762196,1363.05516552451,1494.20320250057
984.981555631645,1384.58877658256,274.189075193217,1274.77222380861,918.608843132726,801.675244581538,428.84401049727,449.032595809625,955.324495844171,216.27958724818,298.694913312991,981.335087580563,778.196168691843,960.1010959729,890.134713841598,415.378184205204,1190.2436833885,320.170512779221,246.253316337427,853.650931765358,1223.37729058864,431.453639649505,998.212167985967,873.388830051556,347.072258454848,1211.22464843106,161.888673565399,1142.46804109177,1035.087107933,1095.65239613018,1174.70880326406,541.971432918398,0,267.927482270635,1303.74391994229,598.689212465398,993.514727329667,672.853559675925,909.960623905679,1225.2932303416,1992.02774537365,1104.2806044256,759.778451000746,1819.53150445657,1200.19784190139,747.820000664553,929.943093128319,959.223416633958,1027.17875029931,588.873497736737,1268.72865129529,1066.07401218756,253.060320565208,502.066780551572,644.847933572596,995.284388622843,848.925397219572,1051.54997834099,1706.0086040675,1097.59134261452,1187.45480252698,247.317164822602,671.888088170189,532.752059597417,1139.47982401636,897.713858589629,1535.94872376947,1239.69580282812,1002.26385108917,1119.77361492363,924.171279726741,979.168943846516,496.880364705971,371.379085598818,278.360523405356,390.870985800238,817.364311773503,864.089229427452,1106.63168156117,778.330742094498,730.953997798259,1301.47659532178,1274.08290598395,1194.00495394001,1268.23929613312,112.40405568095,1322.11531430281,344.563371563008,222.470372354522,700.50074396526,1065.7289438446,323.15598494466,617.64498753068,1261.71158010472,546.583226648349,1024.86432439581,369.13306311734,452.526930503676,1335.91542536919,1134.97231049406,197.435218837632,1088.93194651423,777.012427284917,1172.63831971646,126.55191530515,876.774091104992,751.271501361115,1335.10804172544,1263.47938684717,602.469479839029,1162.44645159851,127.208491399473,751.557973820932,1152.77017407594,551.192476786219,1286.14903667765,1027.47953547467,107.085642888012,209.919731055584,1000.48169542232,1296.5125225464,1006.77869587897,1349.83691325804,415.480110365698,870.843759818041,994.824104815706
1111.5587304458,1651.96510280038,37.0805874049986,1290.79706708048,1060.52421615455,876.991268341158,635.836200179178,400.507372002984,957.010854890964,147.822424411101,196.796578608946,990.771331532113,881.275113501641,1167.55282496736,1095.12951437534,680.95734512418,1440.03644322172,484.019782668902,36.2842929611518,1010.26025804602,1309.35111766804,637.809213472882,1031.9893362379,1121.78305354265,320.823179007501,1315.38067730103,119.751547637293,1195.79451741435,1168.09805714689,1102.56880278252,1440.87022827903,381.79373398248,267.927482270635,0,1369.78509266575,845.448300514633,1235.73309935918,886.805154542353,1143.34540843473,1488.31862691075,2257.20499641739,1367.7262107502,931.141627143958,2079.43006811036,1449.58483252075,761.117415726576,1080.06679132855,1031.98421957883,1196.30904127444,709.380361130317,1348.1302724955,1141.86183771814,379.694205478098,513.344186033121,912.418564054446,1040.6806179709,886.523968986903,1205.33890650091,1972.10836001932,1364.1176693213,1316.49302010338,27.8692269868893,879.299794368308,681.852937232583,1261.9766751288,909.970708794824,1788.15468569609,1486.68547903414,1117.49274009875,1350.55517767195,954.055000405485,1037.10447452157,732.638644341328,335.926948226648,541.971983903947,268.980809801804,951.660896335893,1028.7079568045,1373.57924683275,939.984219199105,800.55969184525,1566.12895398503,1538.04139032121,1457.21423876412,1522.2632622335,218.152626134809,1589.92539792138,339.759417746737,472.645207799818,891.915226210876,1181.10176107021,482.663556639699,443.032568490974,1296.92339564509,578.448380202277,1291.71529347427,517.79899068409,432.703093010273,1592.91403148586,1390.00595449657,460.12177089285,1217.91558511478,756.412686310433,1278.31182755635,335.875820108958,1022.48644983161,1016.44560958612,1602.68988663289,1527.14872014812,639.765379065949,1261.0776248114,261.387380511282,983.938459711439,1269.41743760163,644.075769509982,1534.58194339014,1117.19980220194,204.515748421063,410.765925899689,1182.5609330918,1551.6505686702,1117.024018642,1615.77910699517,681.51916822815,986.184135807409,1257.65736512927
406.744084874201,1672.26519460598,1405.81397038239,2574.67248324097,2127.92740653033,2085.77292155362,1617.26684501726,980.588543640785,2258.97107938934,1457.61714881191,1175.2495094767,2284.32094246772,533.110402307665,790.114747997623,781.031232080493,1235.95424558186,1205.38785166542,992.434397028323,1388.5201478397,580.528467299427,122.673179178705,961.714044774481,2295.77778200297,1759.14853760905,1049.07235302382,207.189396731051,1294.87995077008,2428.51576675495,401.874998260965,2398.42923398132,1489.28397658108,1112.9526996799,1303.74391994229,1369.78509266575,0,1064.51886084265,1056.00903573747,1773.80461541649,966.273995977173,1431.07999744064,2015.09396540006,1378.81233057608,679.512124953524,1749.93035426468,1204.78706347722,620.247670339177,517.90027696238,2238.60277748961,568.314865803403,722.540984135032,73.7314515201465,2339.28866084249,1551.95764341524,1804.82211714161,1324.3856208477,2288.54473097489,2147.6912656231,486.801444982132,1831.40400146226,1666.96934450831,335.571011789764,1379.81946551657,1791.28631441972,1780.46507296574,314.667872158848,2200.79708026688,1424.9385815954,1193.76732270777,2240.39382076064,985.302023669727,428.642686375977,2266.79644777393,1586.67379429713,1656.82965528197,1221.1935828274,1127.35608586531,2047.49235750896,603.117164606087,1656.36520454794,1973.30286772751,575.969161604335,1514.36348577565,1480.22531977277,1418.58484629471,1298.05975013302,1228.88269954924,1670.90482131543,1638.63024804773,1403.2942893427,776.015076820717,320.639260614398,1596.50754326898,1123.76105222895,2554.87934172136,791.38946568793,1438.22624773291,940.897170564432,1747.75357565266,1379.03037204785,1249.76966890366,1229.48640311453,361.838594336416,2078.39513536961,227.846283615164,1180.74342339177,532.632225188355,1281.73540390021,1655.56824882531,1467.0925447794,1905.08675293157,204.671873555987,1190.1160552504,1764.366685469,283.65449598253,1839.06040263434,1233.20336582721,287.781277602064,1390.20731865087,1477.20133897132,640.633704050928,1328.86371643819,345.299747698186,1583.76833899468,1367.56734645974,2118.39909931776,1688.50884548652
660.708924732936,868.277504245389,861.734691810141,1656.02130364674,1115.24295330902,1153.10388880132,654.070356382944,751.155224642153,1388.26059954042,814.106542174599,763.71470468659,1401.14972489356,589.931175737892,421.961549753542,368.698949979309,239.241565804845,594.591888213685,419.611482792311,833.276892472485,485.991203428987,950.113723400062,258.702138040769,1381.75679604393,695.74243175524,698.038904879949,896.173439569787,725.771460608085,1477.41200571958,681.6905895669,1506.57012731116,646.371651115748,943.95021230509,598.689212465398,845.448300514633,1064.51886084265,0,395.018235481119,738.838979043685,320.108768722694,667.001662025063,1437.62123309248,552.557132072574,385.049970130011,1241.48810046999,604.172316397838,779.952558900987,556.856114530115,1286.33515119987,579.746174427222,472.291102550728,1003.58546821324,1371.77943277079,738.408052454693,999.877627617239,261.695488497504,1361.61859521842,1248.41919313519,640.166165988336,1162.71072577646,687.458463616441,815.330516834774,831.590483248344,761.52669678253,834.441409756174,791.789576247266,1324.19679438074,942.878374309675,642.032686416417,1241.50580472594,528.831749491712,854.476868443394,1327.91056453136,574.239324985439,931.343974129393,333.511889573138,814.912545715668,1055.02756940688,469.303954159601,685.491401128587,962.980146522694,647.859678175254,752.863410098132,720.847931112956,637.703996258446,678.213943888576,628.396540694069,823.440703249594,894.246940827305,518.441399714475,288.614707061999,750.905877328563,720.149970312649,1016.41711770843,1614.05592871368,653.887491073265,517.973862489801,425.394969826895,986.062386029799,751.959503636641,547.493996458725,405.759789140068,734.505229699362,1257.53647927304,860.59278458768,509.739970705213,532.526575579633,258.346763228607,826.439359395322,708.475283960013,1050.00590086175,869.52743134538,588.373527824482,707.2414567634,817.240857885836,940.814209736672,689.3991228775,786.271827183132,702.107117899148,632.345567352222,523.130981345986,708.5152772466,719.237341034723,812.190794690868,359.777057774795,1135.59357955009,659.764560111974
674.740534982955,629.13307363453,1253.77168621643,1975.54254367165,1387.90631470808,1482.25433371889,996.84040030615,1086.58551895212,1735.37744347047,1209.10390205666,1136.77044038205,1743.28304402681,742.230034251778,266.778882572822,294.392627396877,614.436981082684,218.254876790041,780.991768385922,1225.41295133225,536.738445607564,933.391503840931,612.661385417641,1711.45995326209,844.442681302665,1053.5517519362,853.305138148195,1116.03043962192,1784.3004392894,659.623640676996,1842.2073292353,433.70603226837,1288.51494325576,993.514727329667,1235.73309935918,1056.00903573747,395.018235481119,0,1009.23096732479,116.307414016566,388.150708617187,1106.48905706033,322.826392989776,495.210063378488,882.57965082301,225.538244381276,1004.54753360144,564.740196291849,1599.22530404264,487.789192067061,720.824130017971,983.888327925289,1671.68213042449,1123.40341435114,1377.2291736276,489.815046474794,1685.73913432664,1589.13811784365,569.251787206547,856.854701208592,632.84533945816,734.998248539445,1223.24086661211,1037.36355453065,1173.27045661054,742.348428591605,1671.14406122212,563.255403558479,254.452237521946,1521.83760266878,160.539973618286,1006.02014341207,1646.92538078239,888.87819639812,1321.76547002474,726.50337121718,1175.28131941422,1350.03593975307,500.687366535292,618.491736197951,1246.78025239553,846.026478791442,477.562255222642,442.070654590049,370.157724708226,316.315733966153,1017.67504551141,618.069658308114,1283.61148639135,900.897836840139,444.655409327661,744.510265682996,1092.64687648818,1354.95352512351,1922.92887064419,942.177507970998,395.706524604245,770.897122123181,1371.0806757625,400.995827175453,212.550715578976,800.575135882405,694.409327971124,1623.48763985142,828.351286328413,900.144657353444,581.928779151674,371.670310699283,605.66295313643,428.355561235623,1413.46718580306,852.553130435057,975.731719138936,932.514302804584,773.210059367782,1294.7552834605,304.576167196702,833.840840877247,1097.12441288125,1016.51952590626,415.378375197921,350.249105050382,747.189340544017,547.20535983072,707.753016732369,1434.26269234376,693.617648498195
1382.84092981374,1051.00811090756,871.407378845242,975.334548608677,381.328634798499,509.009685703604,251.046194529635,1107.65456626013,782.332659507901,752.095529164128,971.228051767268,779.065800982821,1254.31973445137,1145.83419276946,1102.24080196333,537.910160594023,1110.58992566577,850.051082605213,852.511834331759,1211.58973195569,1667.15338743806,819.410653420447,727.491835074285,315.290515017494,1008.72031702017,1622.97483968044,819.281274988492,778.36645979706,1411.64896296272,862.657128348498,909.762431106897,1214.53036386431,672.853559675925,886.805154542353,1773.80461541649,738.838979043685,1009.23096732479,0,997.848982625338,1007.90879745896,1662.99189163455,904.498623971981,1105.68769158787,1572.17338383329,1121.68025524866,1338.08807527953,1286.98071421355,599.662648172007,1318.55655680191,1080.69469672874,1719.56309234094,663.893858108276,517.581972778253,601.356727543331,524.233632050337,695.332600574737,631.220612703723,1377.9907803362,1377.92650224406,688.451113764562,1551.13467339338,859.274788541923,30.6767325036863,285.982888771712,1523.2744854174,721.776761098746,1386.10046810676,1171.19382079087,513.434849546051,1169.72401349184,1478.76879189941,651.931982661832,195.224216697608,683.298833148336,574.791957806461,1063.72453568955,343.661305317147,1200.57481520407,707.812983668526,237.841236229053,1262.78156700835,1045.8346364498,1034.3103048683,979.595708337704,1140.63212213748,784.089574315513,971.955871321544,645.708640581135,457.973302622665,1011.62276155456,1473.75846875719,413.787011282744,1289.58830957985,916.905956227587,1147.93788478185,773.772334163399,896.58240241614,656.319427218555,1170.41388018833,1023.65322032869,601.643589444303,1466.02511438628,739.529066412719,1585.84993407069,729.215799565932,1254.2171634645,637.699285646551,998.288591622743,1029.97219930713,552.942833380063,1590.01542146386,785.708119511918,134.501201521549,1546.83397862632,423.337353488043,1199.4779336254,1486.84689774943,686.481242539132,478.528690303431,1260.53715672265,1154.46502832597,1432.8773747462,1062.00344808754,406.528965801419,428.295146119298,539.898187321581
574.433222087371,737.687680404997,1163.3054854824,1949.96397559276,1379.10811344731,1450.94469664162,956.758672636884,976.078046454438,1695.91581744877,1126.23958761539,1034.96225617822,1706.41492598648,627.697156068547,181.40529435675,188.889252581857,554.498368284779,332.467681025404,678.403111098248,1135.17184190997,427.302419349324,843.744436599683,511.471693214767,1680.58137113041,868.089978459079,947.044469665743,767.938442773598,1024.09871331894,1763.76698997142,565.515872731091,1808.77993190386,533.685133513692,1178.7250452818,909.960623905679,1143.34540843473,966.273995977173,320.108768722694,116.307414016566,997.848982625338,0,498.986508491696,1222.41042382427,421.847986813431,379.920250858435,996.020610312078,338.985066270161,888.356030352329,462.216902483367,1575.53874711369,403.00793407021,605.199032214699,895.54944368392,1653.69045027356,1058.42874534643,1318.71184941273,473.867762310998,1657.37002572209,1552.62811024661,482.864606346157,972.931853347859,703.726945689553,656.076310369208,1132.39340447581,1024.40342526428,1136.13505427978,656.192450824682,1631.64524780719,672.358801158122,363.00485217721,1510.91955749487,210.009557620196,893.354395078981,1620.73060052538,859.578029389997,1250.88241316611,652.78171668508,1069.34688104428,1332.53170539221,392.384529757136,691.893468623383,1232.88327056694,730.115171907904,589.324899678165,553.811127863685,478.746994135473,431.837354077787,925.339646553778,720.978359252942,1214.08340675551,837.8528043935,328.628397151758,649.472851413602,1037.0641071984,1243.96059810638,1901.92190282481,827.473842520352,472.100466680682,664.731639837581,1306.1432250401,516.983871662221,327.485613563872,722.071396676765,604.994996972813,1573.05405028196,740.212576072476,809.611767262239,473.974855743634,374.375860108468,711.019678868429,540.074216159791,1364.23119698369,761.679662644988,882.12925025326,934.979960406298,686.53410131413,1250.59457787646,413.926430802246,731.32540611694,1015.44013105682,952.21220449906,330.455358928076,465.920321131464,646.210238586712,658.443953669417,662.084132724294,1415.76600541135,744.208527531186
1060.64123692992,242.167052627042,1498.83151908416,1973.3760695994,1351.04297461307,1516.01909899771,1089.33626649363,1414.91557819093,1787.26269194407,1428.87283733488,1427.42919572817,1786.08999545598,1125.78813627579,650.637723854802,682.53732374275,810.448872566795,238.907268463662,1086.49838111282,1470.56538837478,924.673507474969,1309.21837624921,922.606741481024,1734.99464140279,745.213452340691,1365.0045733465,1225.23198375577,1370.96011801685,1770.57549830905,1041.63864405935,1870.32060458661,112.189812150843,1610.29658291611,1225.2932303416,1488.31862691075,1431.07999744064,667.001662025063,388.150708617187,1007.90879745896,498.986508491696,0,772.094720040415,121.304781318112,877.371265641939,599.024883544493,243.70758235958,1379.37893320804,951.950225118111,1602.58332774745,865.012769517911,1083.53718022813,1357.90960758638,1653.22307008239,1287.17564913592,1507.07168362924,595.387895940971,1701.67567881236,1636.05368745079,946.171378070601,496.13562487396,394.549223233572,1101.33131220817,1470.64225167989,1038.57447312365,1242.96453758585,1116.45516703154,1725.25569164637,379.947319251156,276.922049239744,1485.6533355009,451.40945006572,1392.33834846108,1656.91761186591,957.855897699217,1495.91635486575,947.226211343757,1481.68600635378,1344.20020476634,888.784304391421,372.775095619528,1235.06051440068,1224.20230533336,90.9030426506801,55.8234937289134,31.5722039991965,183.349094476498,1277.82750159809,245.528444732646,1454.71929895807,1073.69591346956,815.410749493784,1126.61776301552,1227.6967040008,1681.90016530734,1906.72133624178,1295.28866865981,235.239727891931,1089.40507331232,1522.96609068506,170.507113953962,181.447526719686,1028.86828281718,1072.22190681316,1716.50383419995,1203.51633269368,1159.71458840115,970.07170853769,475.89887746968,225.885524742628,42.4086278480574,1510.44463234271,1230.2446332953,1242.00421610419,893.635595224992,1147.46660411769,1380.45628377076,267.748164929043,1220.45417425919,1317.59395008325,1184.69128815858,794.470250962218,176.169678867429,1133.21442729301,159.458583320829,849.708486746792,1427.40675886501,523.194327712665
1713.02557952493,622.317890530107,2266.18021490538,2555.36452432702,1936.40490519662,2160.12078129666,1803.60702107079,2180.34676054047,2434.23591945407,2190.2996978237,2199.44410188413,2424.53680017797,1835.16374286733,1326.00021916443,1379.73040370466,1576.72857098583,891.255595611359,1856.22124476907,2238.11374831852,1615.39575878418,1903.30723706404,1690.4630430169,2356.97621133513,1353.55673544356,2134.70754504461,1812.33211242189,2140.80608866167,2350.36549568991,1676.56073727186,2490.26606565879,818.214140892233,2378.29367562154,1992.02774537365,2257.20499641739,2015.09396540006,1437.62123309248,1106.48905706033,1662.99189163455,1222.41042382427,772.094720040415,0,890.961900089792,1594.7309548945,268.586889715246,885.900941332061,2106.71002647224,1619.55768352936,2211.53669091572,1499.29546588382,1827.27214772694,1942.62106173449,2235.10016050593,2030.08969719718,2225.15055884048,1351.07907346483,2317.72198938033,2285.57868045655,1571.68104994456,290.174722572978,975.446758978445,1683.34282346552,2238.6476659089,1692.39361066947,1932.96616464516,1718.77333297625,2377.04553832756,592.733163465643,872.509506216987,2059.86528625116,1083.58242894916,2085.02769616862,2269.41369969294,1667.48241253607,2238.48736912985,1715.2488002204,2252.48442137409,1962.64939821411,1577.6659660786,957.076207721492,1857.40594936703,1946.15311033644,691.227822464801,720.294726897353,802.464326160466,790.732631404875,2048.73525759343,697.012202925309,2196.7637733683,1826.45217057745,1551.03748792024,1756.28149860156,1958.68255207676,2448.5061698594,2475.76079374999,2047.40363613619,969.942417159075,1856.39195114458,2253.46045293391,705.493890781077,903.877836429408,1797.09399504363,1689.78046664636,2401.553217487,1802.50461413659,1931.00925464658,1653.49394259902,1240.88224481134,675.206963968502,731.787432906964,2206.46139105277,1836.09713203677,2013.56915268385,1531.41236541178,1747.76591514469,2074.28731092862,823.177772323246,1869.99758291735,2080.56168075677,1932.42021593857,1441.16192815913,756.554592205227,1782.56806226899,642.94901097924,1600.37641738578,2038.14688662372,1123.093694754
994.944813383368,324.941519808614,1377.94789090487,1875.70802548743,1257.50027456331,1410.33065718959,973.703644953207,1302.95526675062,1679.80061063886,1307.57513208344,1309.71539324867,1680.01232073891,1039.31381353948,589.368954180185,610.371889809393,689.286601792296,248.104660125993,972.009121609758,1349.7086486935,848.360714159509,1256.20608141616,810.0747768567,1631.88351294146,658.880474493585,1250.18010912273,1175.72308702094,1250.62375128798,1674.451751434,981.97844036848,1766.8942967606,111.844765536169,1496.49442692962,1104.2806044256,1367.7262107502,1378.81233057608,552.557132072574,322.826392989776,904.498623971981,421.847986813431,121.304781318112,890.961900089792,0,791.29650267509,719.939827785158,257.115508472196,1284.11657031915,883.474825395156,1502.49720637587,810.538451642574,983.558399657547,1306.6139849359,1557.55282392757,1167.01691124005,1389.64329068663,474.78821241197,1599.74967325672,1528.82159557409,892.027647245997,611.1175620137,346.782480611188,1056.06839462237,1349.86346688803,935.044529705519,1130.78630699727,1064.97450438885,1617.26462528975,483.234364494866,303.044882570978,1392.8004794152,425.079824194102,1308.95775475352,1555.86440890145,843.779995049329,1375.61706319775,826.342342934915,1365.76581600592,1244.42505283032,813.96569954412,327.757752039681,1135.62814544119,1132.0501742569,200.908394284813,170.670271970449,89.8270407430002,241.902831263283,1157.94376277827,299.562831214148,1334.50071688195,952.794893836132,722.101056508506,1066.74573521901,1109.0667362877,1568.90051248632,1811.58779097672,1190.38582441789,135.088630141065,977.076500112373,1403.93271491743,266.620076712432,160.526678166431,908.045387194707,1017.23538693799,1603.3390477469,1151.11287426355,1040.07904594678,895.537736219811,354.595240196548,291.955122959605,159.451932138408,1396.21236171281,1175.36799344203,1122.60721758525,795.918967466125,1095.87085778655,1267.01512999196,314.237250609412,1152.79607561335,1196.32419910569,1064.14728695872,738.194431451659,251.19801595217,1067.08935800313,260.106854693393,729.244413133773,1328.32974806241,452.14041534237
277.925732714725,1113.233843728,959.613712833341,1969.59373893689,1471.7965309285,1467.99437032096,976.697427064796,664.179324595923,1675.46899395963,961.201494583492,777.538885239885,1694.66618656487,248.509183663996,283.759118738758,218.496860568812,570.837016957213,704.159802048231,451.376469791345,934.210469909637,106.571872138581,566.082053854749,337.164070150116,1690.2214671374,1080.33754507499,665.098884499498,517.321606989521,821.890765196194,1805.14661305397,307.183198834428,1805.72042235984,901.779022863962,865.315535635175,759.778451000746,931.141627143958,679.512124953524,385.049970130011,495.210063378488,1105.68769158787,379.920250858435,877.371265641939,1594.7309548945,791.29650267509,0,1358.09162384675,709.055211961918,511.983510474814,184.501194672244,1612.89239422116,268.038125244828,259.457433906837,619.387654254293,1706.80018510807,975.947456427259,1244.36009409224,645.625728091361,1676.25401653505,1547.64482110457,295.742058471127,1351.68921186588,1024.34200981744,453.148157495122,928.57512578318,1125.42999545043,1151.09311662988,419.138072160158,1613.28498006565,1025.13101153593,723.700882831541,1591.57771338459,522.543193472363,517.78887455307,1648.15134443827,925.712632493278,1130.74106634191,588.312411942766,784.917582231606,1400.32417324463,105.613606868845,1017.3443843227,1317.24476631865,351.72813925252,968.075081033007,932.620406889617,855.643990347753,805.405916384482,729.182343652764,1090.10141470497,1101.76549905428,786.469347703734,96.5141444017205,368.820483421313,993.310554781161,920.815486293861,1937.89373331258,483.604026576657,813.621838085427,413.455781951566,1207.23710225593,891.768976413679,707.33903207678,622.040361280578,362.340993783615,1517.60410674505,480.401445215914,635.888617249042,148.984988290123,613.729088151089,1083.17989633764,918.900036880846,1322.39193593427,486.510054856061,683.354277005333,1087.39663331885,441.558379917406,1233.42446951738,774.082769334161,402.988513977067,864.149985868219,882.286781157796,252.590237826069,839.715769300697,334.213335730445,1036.67855909295,703.949770663508,1476.47169505317,1024.73474261623
1458.36002770843,529.229628966728,2091.78631154705,2508.18999760741,1882.05310153442,2079.67863960455,1680.4448689292,1968.17010826223,2353.97129407525,2025.84685206849,2004.56456170765,2348.72783333661,1592.94059989989,1082.19236851198,1140.4168743891,1406.43347626514,664.325035876921,1653.68293190815,2063.37721033233,1370.24989410452,1639.49084297678,1485.62170882425,2289.1630475629,1278.21075144643,1930.36589376799,1548.36243627076,1960.85500797974,2302.70111631334,1419.36388394537,2424.31372705559,673.837892132145,2169.19158404782,1819.53150445657,2079.43006811036,1749.93035426468,1241.48810046999,882.57965082301,1572.17338383329,996.020610312078,599.024883544493,268.586889715246,719.939827785158,1358.09162384675,0,657.246437206967,1868.8078284066,1368.90055191807,2149.02693969048,1244.09424665226,1599.65266079552,1677.80573621711,2185.49164746574,1885.8179708571,2100.88191474359,1194.4021990072,2252.58024414775,2203.10990225153,1314.19917176103,263.39588366105,892.223929181571,1419.72067268706,2062.94178963486,1602.58142327919,1825.66182453846,1456.93427715772,2293.88446736415,336.59875086443,635.595729142814,2011.96058626495,838.617418800192,1835.95143824758,2205.6509863162,1546.49577486847,2094.66646484344,1541.18954771404,2050.65870280922,1893.26763368411,1332.56067448504,871.014581258255,1784.99328573571,1707.33695522414,536.134141310419,556.425096368046,630.590256696066,568.740869342288,1865.65426293026,609.446960053478,2053.39502762139,1672.69745522142,1322.60444281173,1497.58402320351,1824.18087115935,2236.74404051161,2433.99483534622,1823.26351753109,824.230265786441,1648.67282782531,2119.90168336141,489.993236522229,694.748407627944,1622.28835859637,1430.00593366412,2299.50291312532,1539.734157675,1746.81712649,1406.00069849662,1073.9826158861,579.633963102571,564.818140950959,2096.86949814862,1573.84205969855,1827.65313359372,1446.98327399129,1485.49649554397,1965.46018959296,584.747668819432,1613.46932828166,1914.07451081046,1783.64892200845,1189.00076027251,536.192120281258,1526.72126371457,510.542902719541,1448.65385104809,1973.2130674586,1042.41368743918
852.593391230685,473.886415181426,1465.79622748694,2097.00774695343,1488.15365482449,1617.24817536728,1151.98162697765,1312.05630932533,1880.31301994742,1413.7897821564,1358.30393266928,1884.23865406768,951.570871386791,448.134184835519,495.945669817088,803.155733340234,11.1695084895219,1003.65852157433,1437.32458508375,735.818803582195,1084.30448356062,835.115274766323,1843.46889668903,902.76560836382,1277.8043291299,997.759744385078,1329.87998880022,1899.13569996394,826.279634360825,1977.10373231145,336.813085625685,1513.83135121316,1200.19784190139,1449.58483252075,1204.78706347722,604.172316397838,225.538244381276,1121.68025524866,338.985066270161,243.70758235958,885.900941332061,257.115508472196,709.055211961918,657.246437206967,0,1220.9552494009,749.826829409289,1721.00542611841,646.671205424924,943.76134227254,1131.15716146515,1783.46772500226,1308.63703279971,1551.95407103171,634.276646092973,1814.0571096426,1730.89983583148,726.041748867185,648.610834025492,603.131830620569,871.273306221932,1435.72485163242,1151.56170074076,1321.09357470242,891.616458030467,1816.6551390574,340.173037693029,49.6505799009307,1623.67784355427,219.710939341165,1207.88676155127,1772.19154049342,1031.64922893803,1512.38811432892,926.500189200827,1399.17996864053,1465.17300467714,698.367542315576,583.515800145054,1357.86514337798,1060.69680123813,315.254777910772,283.629516257169,243.573802344838,97.8937856333133,1232.26540229897,488.433524588841,1472.88875664819,1086.71642459385,666.78165698731,910.418840945993,1266.63381136166,1580.46293398062,2037.34946778467,1166.45770615309,385.115848807765,995.268638520912,1554.08326092705,184.414039578304,101.598052568545,1004.15206983492,851.299396224287,1785.25121454695,978.795426622167,1113.78414467221,777.025756349606,505.239827880663,466.540769405264,271.749077528635,1575.34227180314,1007.69008400435,1191.55512339297,1024.71433848154,922.457104835848,1450.83861527351,86.5142740316633,1012.89631565794,1301.24355231827,1202.18264075213,579.847174332705,131.859274468591,924.688496945893,382.65178679415,877.543675001727,1549.75372536977,706.873075004869
489.098910742162,1608.98894082318,797.92436393064,2015.56146348448,1646.42232160965,1549.49524055829,1131.89072608966,363.56325811411,1688.69708890153,864.892140455686,564.392244374102,1717.99024199292,281.511312448463,787.92591329675,728.472266508312,839.880575245798,1215.92978723605,488.111559753745,783.573773582131,506.212295389664,582.306215876717,555.636569422536,1742.20021341014,1421.40844722738,442.75151439098,614.727330697877,701.286032795799,1889.90888469636,549.098283902476,1832.2675412369,1391.19447942147,497.899758077561,747.820000664553,761.117415726576,620.247670339177,779.952558900987,1004.54753360144,1338.08807527953,888.356030352329,1379.37893320804,2106.71002647224,1284.11657031915,511.983510474814,1868.8078284066,1220.9552494009,0,531.108938568571,1706.99497805689,672.680940219135,307.973755936031,611.395900390437,1813.52924564028,1000.4583168355,1231.03664406036,1018.80262046736,1741.41100043596,1592.71585615355,633.855555316994,1861.25632394304,1467.31492464056,663.724857712135,774.291987349085,1347.73307590719,1269.63965990302,602.290041707295,1634.60438775338,1534.46173891242,1235.41001338465,1741.52710522043,1030.88439375817,194.153548119633,1726.61984035815,1142.8971550528,1069.38656655087,765.058718795458,508.799325017906,1551.893785734,542.821315182748,1464.87891138066,1497.29680242459,161.694686338096,1470.26061426811,1435.11793183267,1355.52382210871,1317.04804792418,653.248217881829,1577.69943928643,1057.3381089846,902.986781367968,563.985102844457,518.318686826228,1066.20295695518,519.921881907827,2007.16025029176,201.275753943299,1283.621751707,441.937343232212,1164.46813329315,1403.25576667488,1215.14537427448,739.282930374301,579.613994992221,1497.46524751402,583.756656189618,640.094606214412,480.291478524986,1038.26912550672,1574.56443717908,1421.50634403219,1343.13018208794,556.197476426995,622.652503881854,1368.89767041519,596.60137387046,1299.00812214845,1285.62298677767,413.682875698332,815.942253256858,947.1045238292,704.769621387366,1351.35111566983,454.633470665152,1537.45099329044,950.453553928584,1611.93814184704,1432.71612702519
113.391961548191,1193.61136028922,1110.89083849425,2153.08623055935,1655.16827676091,1651.94447094313,1161.19476209875,769.867056955101,1856.71413821532,1123.94560400799,911.932054965398,1876.58655123607,253.094267508028,303.050125583871,273.328124152842,754.174572730659,747.547113736321,613.446996152213,1086.94918720494,78.8158968875561,398.559116455743,517.354224360729,1873.54145934466,1246.01981910511,791.032224593608,339.380500301858,976.903980227824,1989.49409971919,125.003270338624,1988.07375497007,995.288096413656,961.455029649729,929.943093128319,1080.06679132855,517.90027696238,556.856114530115,564.740196291849,1286.98071421355,462.216902483367,951.950225118111,1619.55768352936,883.474825395156,184.501194672244,1368.90055191807,749.826829409289,531.108938568571,0,1797.25820148324,141.817786011576,374.036337278924,452.097304821844,1891.2987556534,1154.04263963935,1421.39148370551,812.288872867009,1860.02427006307,1730.35915317816,125.353444746406,1397.80132997877,1153.36285765923,268.692598306912,1080.48083191532,1307.35376086252,1335.38922703794,236.29731817004,1794.86263714715,1032.31698770815,752.369277140615,1775.60753386454,537.610734192154,467.244093487985,1832.25465204259,1108.98423091357,1301.22238914663,771.946765974728,904.319998680619,1584.5477873159,87.5831238347132,1143.78764253787,1500.75013748343,376.208492832834,1040.16274359819,1004.86160393515,934.844391962539,847.572961280619,888.675255655991,1181.71756479979,1274.01867336793,969.204041645904,275.521547389153,197.698853892031,1175.22054619616,1006.81772872547,2122.0431627965,570.582750106502,929.209369133462,569.706636523622,1380.82602260878,933.56519131427,772.483406442762,802.629874368547,179.051889532297,1695.65386206589,304.303858442813,804.161801185822,58.9467351318086,764.066020609568,1170.21836842654,991.235740073168,1502.8035612939,316.278344503447,843.518237195578,1263.66623301921,260.611986453772,1416.17211231827,799.369506731949,269.360119447127,1031.95745650892,1062.68690596478,180.602614828195,881.113120113994,184.150801152987,1110.10381564051,887.201617685421,1660.88670181002,1170.7235151275
1878.30622275731,1620.76150552299,999.662540035639,376.689354052233,278.709939468413,158.115824222271,637.552282674306,1390.0820605464,263.399956800222,888.740142941961,1199.07110749937,236.246235366714,1705.4953475166,1707.24151955954,1654.74105992641,1054.55745244602,1709.89660423891,1249.44383907189,997.312553395169,1718.68932165542,2145.63600419006,1286.72999923548,149.906157873144,870.949516798551,1290.09639363789,2117.33935833843,1034.62671027272,192.296949159333,1917.49608275371,279.073315158159,1500.68731504381,1413.72425197847,959.223416633958,1031.98421957883,2238.60277748961,1286.33515119987,1599.22530404264,599.662648172007,1575.53874711369,1602.58332774745,2211.53669091572,1502.49720637587,1612.89239422116,2149.02693969048,1721.00542611841,1706.99497805689,1797.25820148324,0,1854.58606140936,1516.51429155176,2194.9186258589,109.88535566349,707.312198101847,523.17505204649,1109.50110651018,107.347165730597,179.183922472252,1903.23624216188,1936.10165601951,1256.80412419423,2065.94426548135,1007.1704942095,569.566091003077,462.011448925036,2028.70655454267,235.196762902417,1982.12124829617,1770.4583238794,184.762510684336,1758.8649486663,1880.36037057934,58.2881522725579,716.345036621717,700.859826241286,1026.87199919413,1288.57575796891,258.383123125903,1715.82086175983,1278.04938114099,367.537806142585,1678.81082935263,1634.16838569644,1625.49537666928,1575.14350629331,1739.91327599662,1058.53374354263,1540.49938002329,692.29083416251,836.114495571503,1526.89777451662,1966.77825257416,644.798794798232,1473.55381921555,327.721247575498,1505.72698269938,1370.26802559251,1301.15132941777,609.391099419025,1767.45047624752,1623.2646933772,1009.55885707361,1973.0628185463,382.931982667284,2078.77835637665,1070.78856884183,1754.70287197405,1230.29475001825,1569.58562648253,1622.15691865934,394.344249821515,2075.77517395158,1085.19502464076,709.140405794089,2048.10808737624,408.094260621671,1799.12558544302,1953.34782395601,901.143533042444,765.023062752754,1804.92013416809,1753.11469836114,1915.98490935515,1643.40264072255,926.839277527839,175.992424627859,1106.6847272797
214.286900100293,1106.92718073524,1225.57268001026,2217.70952381122,1694.42397893112,1714.299862402,1217.17059092294,903.685969237638,1931.44831145206,1229.22370615598,1035.94503888797,1948.94953751037,394.776906725919,223.125089385458,229.264223615349,800.716961251125,645.956123729847,719.036490021738,1200.56373609671,190.324970173262,445.771738125052,600.454795682165,1939.63856402436,1243.03802374727,918.292212668739,366.054893253707,1088.70942490528,2046.70157250491,179.902870365204,2058.58272204913,920.973365980283,1098.21049542553,1027.17875029931,1196.30904127444,568.314865803403,579.746174427222,487.789192067061,1318.55655680191,403.00793407021,865.012769517911,1499.29546588382,810.538451642574,268.038125244828,1244.09424665226,646.671205424924,672.680940219135,141.817786011576,1854.58606140936,0,501.128420659921,496.099300979888,1944.36708091541,1238.2493511408,1507.25595184132,817.908003851513,1923.29552408379,1799.75378773608,81.5243783611781,1288.754526091,1106.73486924756,253.899596465896,1194.68545949545,1341.23887641439,1395.24226310745,254.698102378291,1868.57716852144,908.329331655165,642.524385035952,1819.40377098699,428.044429386308,598.75509039302,1892.7991162987,1150.80290767397,1397.71049723146,840.912904358741,1034.43486777638,1631.09621673662,167.666404835214,1094.8077358602,1541.5225727735,517.953319244144,950.054795316241,915.4243187011,851.391697551232,742.892023194906,996.798226717356,1103.11264444139,1368.08086253897,1041.04563053216,334.254090522181,263.747642348136,1249.26576348555,1145.56955921724,2181.55689326092,707.4848253311,874.209404016522,679.699233833672,1472.77125601978,827.105480716762,683.575026290659,882.388957131771,207.349994687918,1779.02876085762,340.574421664599,903.75253961476,196.823302825712,748.869522953377,1088.45339038203,902.092946429595,1580.64958044601,365.586556329767,951.029343592058,1280.93131710086,285.485859076334,1486.16011650952,686.734962106723,371.000261780003,1131.9264232779,1141.73133566316,72.8372828982748,775.350486740656,283.297084867022,1019.85436132727,931.254357014415,1710.17295102136,1141.90950570706
403.950078171929,1308.33195802011,741.400778899387,1853.05724696825,1417.29175598894,1363.28868209302,901.897836470836,406.290749355394,1540.66473813963,765.420810352355,537.903793656123,1564.73941920499,190.481870610799,540.613394362723,471.629805386,556.436081266059,937.532817694268,271.234077116164,718.579864159232,310.825474678989,635.717589719235,265.433081193709,1573.8071899845,1129.98892271331,417.641739303926,622.80812789735,611.319745781461,1706.10587692463,459.15937210246,1678.50240606333,1088.75257972925,606.240279182415,588.873497736737,709.380361130317,722.540984135032,472.291102550728,720.824130017971,1080.69469672874,605.199032214699,1083.53718022813,1827.27214772694,983.558399657547,259.457433906837,1599.65266079552,943.76134227254,307.973755936031,374.036337278924,1516.51429155176,501.128420659921,0,682.485925917596,1617.98347270233,832.076971663564,1090.6449724585,716.121466146631,1566.09948715475,1426.12167855821,499.156184730541,1572.23848050262,1159.45560396115,609.05497592754,711.574730752272,1094.40277821521,1060.06727408659,556.83333227456,1481.43577169563,1270.89234728741,964.260580625613,1524.61719875945,773.079263972219,402.178797744361,1544.27554779869,887.309334654611,953.923192417741,510.010843910837,533.36818465743,1331.85937437699,336.552179217472,1156.92059374734,1263.79460880354,185.541227509665,1174.07879194153,1139.3552115011,1058.31025909066,1036.99180592767,529.382038614596,1274.0043072828,931.114070320078,682.619106096833,277.074457541642,479.468123151398,873.970146066728,661.402624334073,1832.36578680363,226.166506342948,977.150446568584,220.404375368699,1039.99901454007,1121.79039284702,926.464827936083,508.907429121042,510.089454725445,1365.80305178618,584.348490860209,463.218585343361,315.448024604539,730.500719290122,1272.15900974619,1125.9016843114,1185.72686821412,573.573347181736,486.16887006357,1094.49024772223,567.443412709366,1116.60905395742,1015.23243545802,440.335481925297,683.211025089619,754.763454612132,503.751583620155,1071.01899897442,418.743541827228,1239.94272917692,678.468321502927,1400.18807999728,1127.84692707066
343.187367050766,1598.96666131432,1383.65951387783,2535.33113351661,2077.43917993843,2043.30643640821,1569.42756672704,965.590922509832,2222.72400639202,1429.90962310636,1155.58965440902,2247.12383427441,492.004544193061,718.446081455884,711.376247319258,1181.75819996165,1131.7984993695,953.642824101971,1365.2332117456,517.930249710994,53.6038027514064,912.688370211195,2255.8975642122,1696.69696439492,1028.49426480262,133.470554949554,1268.36399166671,2385.56241960416,333.059202879793,2360.94765620232,1416.89686185574,1108.52892603518,1268.72865129529,1348.1302724955,73.7314515201465,1003.58546821324,983.888327925289,1719.56309234094,895.54944368392,1357.90960758638,1942.62106173449,1306.6139849359,619.387654254293,1677.80573621711,1131.15716146515,611.395900390437,452.097304821844,2194.9186258589,496.099300979888,682.485925917596,0,2294.39964882404,1514.40814435611,1770.70093751094,1262.20078419117,2247.45153878593,2108.46245930757,414.665998124066,1757.82456126568,1597.32693274128,261.928596267026,1356.80148996616,1737.76936606261,1735.18375805915,241.809794267915,2163.76746841583,1352.06496272717,1120.04000843521,2191.81946247272,911.714194991974,426.249160853489,2224.49968679624,1534.2579325627,1626.72663163925,1173.18055434204,1112.90421454312,1999.06821710978,538.454937357625,1586.43130576722,1922.66825643615,548.573459783339,1440.98344853614,1406.89621497579,1345.62220075888,1224.35667520659,1198.43380641873,1598.09269718543,1606.98399983815,1358.84341549123,715.798887851339,254.445893359997,1555.09402822977,1124.41508687529,2513.31862603906,770.567772293493,1367.63991148779,902.51200144233,1716.18511178775,1305.2994494133,1176.65477803373,1185.38458216652,290.568483817925,2045.19793409711,155.6062488244,1144.32182243801,471.076566123711,1216.03342760255,1582.55622848144,1393.78570228558,1868.01283094255,135.993882725307,1158.34234597628,1706.39962244394,210.834829776745,1798.10348362718,1159.48268876259,242.236024129029,1358.22803141314,1436.49430822586,568.627171088472,1255.14147668398,286.825587099564,1510.34579232856,1314.06130664721,2071.23003210727,1621.3722116664
1974.65373620781,1656.2672503195,1109.5019686344,322.710997584211,303.890495201041,267.054321803831,730.105094789192,1498.99344893649,322.485936934424,998.592959108245,1308.62189482479,286.412222242381,1806.27382771132,1790.84383399546,1740.47068655392,1143.6540244076,1772.4350747611,1352.37086849414,1107.19773267326,1812.96806532232,2244.67152038626,1383.99275356294,191.064296483912,912.339088809855,1398.78529448223,2214.37053670195,1143.97510228302,117.584376166194,2012.5044536965,285.254377871472,1548.57339349368,1523.60700311036,1066.07401218756,1141.86183771814,2339.28866084249,1371.77943277079,1671.68213042449,663.893858108276,1653.69045027356,1653.22307008239,2235.10016050593,1557.55282392757,1706.80018510807,2185.49164746574,1783.46772500226,1813.52924564028,1891.2987556534,109.88535566349,1944.36708091541,1617.98347270233,2294.39964882404,0,814.918226415477,632.556242601431,1183.41862709273,150.333728403001,277.555935068919,1995.12562955649,1964.80303614932,1294.94346602716,2159.92440838016,1117.05585012406,634.964994989785,559.23935382645,2124.02893951262,312.982864734273,2033.15760441983,1833.08295961251,175.250257348981,1831.95855300809,1985.45242194541,120.594908363328,798.269062218136,810.446860449849,1123.42451436152,1398.29124903997,321.706384067237,1808.85933245738,1316.70518300481,426.21504131593,1782.40972582674,1679.56455340356,1673.00558652376,1626.78479536749,1797.25991364276,1166.50968358983,1576.04637764899,802.156395864161,935.997367064394,1619.26446254259,2063.66269284287,749.172384756506,1583.34958262393,254.1217979949,1612.25941374884,1423.78908854913,1404.01818674987,718.48870677316,1820.31463264887,1684.37196107906,1109.8048551992,2068.0282355881,475.527257406092,2175.91939241079,1175.98016932022,1850.02875558311,1300.74790935086,1606.13433940797,1670.4817191819,503.847370286025,2173.8114071359,1192.42318495926,761.678262527163,2144.06274533085,515.591690684528,1859.56776959173,2053.28640771293,1009.90810355915,869.327718333075,1892.86724832244,1808.73872704311,2013.98010139692,1684.51446688989,1013.79676795856,237.935224739413,1146.27857603662
1218.81484124825,1409.18421667835,359.219747287,1023.45617762585,689.693641570761,549.432529410149,272.097934313911,687.419105312432,708.753977617268,237.120447679393,507.698886070989,732.719915922303,1022.50336056134,1140.64825691218,1075.29440182937,509.054713715663,1297.92139242412,560.842941713622,343.84289889051,1075.92792414656,1467.7719583265,638.872746544969,745.904558649742,784.076865661091,586.096346084195,1450.58880155356,341.723813221683,889.5168803757,1265.55552112573,846.628404581931,1217.38604350803,741.344246933606,253.060320565208,379.694205478098,1551.95764341524,738.408052454693,1123.40341435114,517.581972778253,1058.42874534643,1287.17564913592,2030.08969719718,1167.01691124005,975.947456427259,1885.8179708571,1308.63703279971,1000.4583168355,1154.04263963935,707.312198101847,1238.2493511408,832.076971663564,1514.40814435611,814.918226415477,0,269.112973877722,692.450850283595,742.306227908731,596.883130633685,1271.51047425362,1740.0714226724,1082.10882195988,1417.74887727923,351.834633694725,506.569898516388,304.803403832797,1373.00386518868,649.367696363537,1630.72887886096,1352.88319929682,761.004740751286,1266.13581761412,1177.13444947761,726.216439381383,392.663608059968,208.990109405655,409.937958027268,601.114397206,583.394910974185,1081.55130432892,1095.63905061471,562.143002907636,981.850975114605,1352.45044143342,1329.81678142295,1255.67065891994,1362.81152364937,351.788672588718,1338.43516948664,167.58385076076,222.654166425789,904.595513943882,1302.7221973758,104.590665807113,810.629467701688,1008.826898197,799.326033891141,1064.85553873013,611.896590793009,247.89643434784,1419.86483110764,1229.7516688059,356.305847667742,1320.40709821915,541.729322547233,1411.84082576551,371.497458528957,1104.10836890157,817.331580273028,1356.97049803356,1321.07259293819,353.653528731427,1403.88444279642,378.025910905586,627.626674924871,1388.38270013811,299.340369366193,1394.97582421344,1272.37118615828,201.211542193505,106.904685739174,1202.87376329986,1387.17509874955,1246.15463199969,1390.60814977969,438.06061773213,628.685780721865,955.689737314204
1483.24766787451,1603.28306904241,479.544206896249,786.216213025883,607.896742984913,373.551315961812,421.905447735563,891.204711803708,457.727764099008,376.291161262697,691.786695811243,487.244907774512,1280.22583084743,1407.65319401556,1343.11071790629,764.832702317188,1541.01663047641,820.536244025906,479.963991906117,1343.55030999018,1725.44406219628,907.500379568607,519.983841938013,910.356116800737,795.606781031032,1712.28948648215,533.959508632364,682.455868337821,1531.30197584479,601.35833745487,1427.23239829259,894.519905545757,502.066780551572,513.344186033121,1804.82211714161,999.877627617239,1377.2291736276,601.356727543331,1318.71184941273,1507.07168362924,2225.15055884048,1389.64329068663,1244.36009409224,2100.88191474359,1551.95407103171,1231.03664406036,1421.39148370551,523.17505204649,1507.25595184132,1090.6449724585,1770.70093751094,632.556242601431,269.112973877722,0,922.168495909458,527.37791958471,373.319756909645,1539.70779561053,1935.54202513159,1255.82978562419,1683.67991164038,489.973703360273,578.495781494584,316.292852548461,1637.69731092203,404.16862132178,1864.30412694683,1597.83826157409,632.418897074419,1524.32791271165,1415.53597805794,524.501866203715,557.777975376232,178.385992284073,676.609045807259,776.962758468534,499.182545741639,1349.92380705273,1272.27865452993,530.755048115086,1230.26833910476,1564.75274095811,1545.38266842749,1476.00192856363,1599.02112433557,579.919029038167,1528.21419328807,176.648117464033,481.620017758177,1173.69359112064,1565.72636952697,285.461198734466,952.004024147408,785.83708388045,1032.80561311576,1276.80871873173,870.460284172824,87.3367457594455,1649.96623317899,1467.76619953372,625.409014741989,1585.85291120851,275.367200179246,1673.62681384029,627.447697042922,1370.62072156045,1050.74397877805,1550.22516060704,1537.89031660146,128.928534915274,1664.11677212306,615.819426712108,733.190392702261,1652.14767001279,194.200899804534,1637.5818962511,1529.54408962321,416.699161906258,370.084650559831,1471.93569501544,1621.1448697611,1507.73913607239,1595.83789489215,674.480825039151,508.449830462691,1116.07576602605
919.013740882586,739.785245833523,918.514977134756,1485.74136729887,905.349790284085,993.486933076064,517.764006637117,925.626809347911,1250.50051043122,839.224604022827,885.065197890519,1256.67003517543,848.799307040444,628.483654546956,592.565451604384,236.210624409273,623.177683597059,591.692843654832,890.859890654134,744.319998376198,1208.62664888265,466.665078525376,1222.32430564788,434.783589546832,852.23359869675,1151.23268319176,799.743846849256,1295.23695702073,936.195731959821,1353.78477499346,532.922526500002,1099.43586315472,644.847933572596,912.418564054446,1324.3856208477,261.695488497504,489.815046474794,524.233632050337,473.867762310998,595.387895940971,1351.07907346483,474.78821241197,645.625728091361,1194.4021990072,634.276646092973,1018.80262046736,812.288872867009,1109.50110651018,817.908003851513,716.121466146631,1262.20078419117,1183.41862709273,692.450850283595,922.168495909458,0,1196.10617510458,1102.65027204497,885.344791913382,1063.26807080465,475.976405664848,1063.17983453524,892.153169181965,551.201618893649,689.022328049553,1044.43525906978,1186.47599653007,942.390095896018,681.785258422162,1037.58832377836,649.378119613554,1109.20110345141,1157.11822191931,401.144389541516,900.89434047307,375.201226729981,955.326508925435,861.736526597853,724.884531731134,480.212547920817,760.246247434285,897.97116856635,664.285102307641,639.739381316572,563.830442596573,676.926901262244,714.045728771019,677.790813943292,859.844084057658,478.558163828796,549.507211434,1008.45203487202,638.442272257903,1176.03943766235,1433.7927805928,869.806342610314,381.344425961457,615.938607584806,931.481544223519,729.084962165401,546.383758585262,455.657333225537,987.508884827584,1150.97924514942,1116.58390916984,601.988299423411,791.786002578907,129.220496082809,690.28081567647,630.391735037784,941.11923064901,1127.32765956079,685.194735890413,465.86555383404,1071.09117118912,816.775800969043,718.620108122076,1047.70897396193,729.827799365652,589.362013312548,754.122689260714,699.046606701505,979.36467919116,708.13734256121,254.483434281259,945.646826407474,415.405784997094
1937.169577388,1724.83154058525,1006.62482037211,294.659675727341,386.05710303654,209.058882594658,708.164837332354,1413.25025156335,172.612640120094,902.37785243772,1216.94120737975,138.427183594472,1756.15605310896,1783.4939583096,1728.76123752213,1126.45896702006,1802.91775262347,1296.39963071016,1007.32710402713,1781.24338753197,2199.12909276117,1345.5196743868,44.4742583562598,974.390489260341,1315.16918367441,2174.62276522263,1055.57838987992,155.741792467124,1978.51656096396,172.562256234609,1600.99095455539,1421.48240335617,995.284388622843,1040.6806179709,2288.54473097489,1361.61859521842,1685.73913432664,695.332600574737,1657.37002572209,1701.67567881236,2317.72198938033,1599.74967325672,1676.25401653505,2252.58024414775,1814.0571096426,1741.41100043596,1860.02427006307,107.347165730597,1923.29552408379,1566.09948715475,2247.45153878593,150.333728403001,742.306227908731,527.37791958471,1196.10617510458,0,154.267506597484,1968.99217516813,2041.50611603706,1360.50573425922,2128.35046250819,1017.33184732715,664.865004621937,528.484076819288,2089.03526708735,165.587101572874,2080.70264487546,1863.35289582885,285.749551288868,1844.62520707868,1919.43516731347,49.1175222968656,798.266356197618,705.06828491147,1088.07750464174,1303.63444984209,359.479709874676,1780.2640154742,1381.59037507922,468.305414034,1722.67746689355,1735.25375922601,1725.81161660326,1673.84245587714,1835.74745153409,1088.8331496608,1644.61275991834,702.846238868839,892.423053755849,1592.75486419117,2024.55529510113,692.35934516737,1477.43651040774,266.726421931684,1540.65914244098,1468.4174166627,1348.05912960925,609.401343477935,1865.40860384464,1717.22501658093,1063.89171051312,2034.05956502829,334.324291374152,2135.92323571167,1112.1313259748,1815.51232353758,1319.09827794987,1673.42622482326,1722.16298015561,403.252672110396,2131.29012499826,1118.91080899097,809.464785114667,2107.35671737174,449.491036155523,1893.24021491764,2005.31442805357,927.756647045849,811.347539419319,1876.03920749322,1849.79395871271,1971.83789774886,1745.90000565858,1001.98917520498,280.015373289108,1210.18697153209
1803.72415565595,1679.93910688694,852.395993841206,426.984724124798,401.541828205797,125.812780035944,596.021310676733,1261.10719860059,151.263355994264,748.847030475975,1063.80241124607,154.144935345638,1616.54260999291,1669.84996666396,1612.26922321755,1010.3017523665,1719.73033313442,1155.35908424935,853.278181965006,1651.55665716467,2060.90877652863,1213.66289878524,149.491632374829,932.31788577964,1163.65208546494,2039.43561100646,903.306691200388,309.864018000692,1846.94259080509,258.960297063323,1540.1019797637,1267.22788190802,848.925397219572,886.523968986903,2147.6912656231,1248.41919313519,1589.13811784365,631.220612703723,1552.62811024661,1636.05368745079,2285.57868045655,1528.82159557409,1547.64482110457,2203.10990225153,1730.89983583148,1592.71585615355,1730.35915317816,179.183922472252,1799.75378773608,1426.12167855821,2108.46245930757,277.555935068919,596.883130633685,373.319756909645,1102.65027204497,154.267506597484,0,1842.11878578386,2003.75029472609,1315.75088388975,1997.81466840574,863.290066528373,600.699598645606,416.604130379412,1956.62957571824,91.4708493753019,2011.96627773181,1779.63011621093,347.936715706848,1746.00816753009,1772.66516167505,159.008230953067,701.507847009502,550.832716319642,959.945330268164,1149.98128811583,333.572443597504,1652.47005196764,1335.85739965471,431.096433133998,1578.72756621898,1676.6590277087,1664.35667270911,1607.05302182526,1759.68496616172,939.534451450971,1600.34237070072,549.16923194293,761.209824234914,1466.99641672563,1890.01509267152,556.042982422185,1323.22404801218,415.038175453514,1392.43115845307,1400.99272546481,1206.82434016292,455.14247102407,1795.44061250251,1636.71366263707,929.540268794821,1902.36113104174,204.309636941092,2000.67665354159,968.209578712091,1684.08045088912,1229.07162591639,1627.53443019325,1659.60364836234,250.760594248577,1994.72358159044,970.98998394978,757.173561956471,1973.95537365881,314.221484502503,1812.41773932531,1866.22895794114,777.517942233512,672.615482334955,1755.44518912799,1776.06013500823,1835.78880319541,1693.1430920842,891.442763696912,277.794264636716,1165.65968218224
151.970686624637,1187.9885309428,1236.06146319617,2262.84861727727,1751.15202220298,1760.33197754262,1265.84578636799,892.080608931202,1970.89395748057,1247.72946812624,1037.04907869214,1989.75325440677,365.704633154915,304.032800716496,304.292942271929,852.752279236545,725.619862671618,736.790702835681,1212.01850131726,198.065711013488,364.248136102378,632.871289556787,1983.86272502784,1313.8901915332,915.69139863911,285.207954710785,1101.72909929083,2095.5240062357,105.200082918515,2100.47549288334,1002.49379997339,1081.10590603187,1051.54997834099,1205.33890650091,486.801444982132,640.166165988336,569.251787206547,1377.9907803362,482.864606346157,946.171378070601,1571.68104994456,892.027647245997,295.742058471127,1314.19917176103,726.041748867185,633.855555316994,125.353444746406,1903.23624216188,81.5243783611781,499.156184730541,414.665998124066,1995.12562955649,1271.51047425362,1539.70779561053,885.344791913382,1968.99217516813,1842.11878578386,0,1365.74354410632,1186.38926247485,178.560857794881,1205.60435375258,1399.7919473289,1442.24981183487,173.583713286372,1908.57298487921,979.547090777991,720.337574250821,1874.28943706868,506.782816789807,541.112208017999,1939.87195035008,1205.78937988912,1422.92737748093,882.206315148188,1028.09868232283,1684.62024687304,190.181292717921,1174.74344658721,1597.47361194899,486.433545587214,1030.89902521313,996.353519732784,932.754964209522,821.742344445321,1012.86830211752,1184.58366461083,1394.98561047314,1081.25399052093,376.408400648073,185.702401710981,1288.56198601341,1123.93350980841,2229.30231876245,690.904108477746,954.620842379043,693.906798880854,1501.19913344748,905.383606935868,764.723901771912,917.764292624148,126.051917474369,1813.21627099518,259.101436127126,926.277389410754,183.708764448099,821.903646208541,1169.81846070462,983.056845048748,1618.06871507956,284.176118160282,967.560406681513,1345.55841058712,204.232041725278,1527.96390448547,763.580853672941,299.49714868645,1154.42520245133,1178.00017298192,153.974275452126,853.891685416423,214.10918209961,1100.64149300923,984.795085339278,1762.52733137215,1218.72575742442
1498.51935590084,332.325788322061,1980.18693406751,2286.62039105599,1663.54312220299,1878.68961622826,1513.85492683004,1910.99554517153,2153.24026990605,1902.31916936672,1920.55515107333,2144.88664940522,1597.32934251941,1096.72931814071,1142.97045133627,1291.16664827844,651.712801082318,1582.31591042017,1952.24617761541,1384.08964453226,1714.32921903483,1418.74019037229,2079.87749046806,1071.58523566219,1860.7321492662,1624.91890768272,1856.53842674383,2081.09611626087,1468.55335087703,2214.01165105748,531.304907496705,2106.3512176267,1706.0086040675,1972.10836001932,1831.40400146226,1162.71072577646,856.854701208592,1377.92650224406,972.931853347859,496.13562487396,290.174722572978,611.1175620137,1351.68921186588,263.39588366105,648.610834025492,1861.25632394304,1397.80132997877,1936.10165601951,1288.754526091,1572.23848050262,1757.82456126568,1964.80303614932,1740.0714226724,1935.54202513159,1063.26807080465,2041.50611603706,2003.75029472609,1365.74354410632,0,689.48288340172,1495.91095005447,1953.0265539765,1407.62667038176,1645.14823676034,1524.0975665461,2095.14229959334,428.965532397665,646.597307440412,1789.94600260015,861.836393212721,1856.20862271544,1993.61810931555,1377.79131430452,1948.40003583337,1430.27573090899,1976.79342461763,1684.32088212936,1346.73710048106,670.391906030943,1577.85502271008,1702.86119121264,410.221209714518,441.867154221301,525.026877133137,550.717275363202,1765.65348586561,408.076509634005,1906.66999853464,1537.32037343319,1299.15241303572,1551.39152021649,1668.52001776196,2178.03505386408,2209.29854537749,1787.82998635175,681.926297031696,1585.53712578634,1963.35703035712,464.355697453361,646.471780358869,1512.10514600419,1488.75721180702,2115.15706707156,1610.31240872514,1648.60618054713,1425.62432908833,955.87819570297,385.328641226122,454.335171669399,1918.56463799353,1641.64052096552,1731.56015166983,1247.56450220036,1554.29905466941,1786.38462044456,602.170965210809,1658.30222278844,1793.08523846927,1642.71872210441,1224.85948445872,516.888508036502,1570.06640969821,356.358252949473,1311.28409002873,1761.51043555421,838.603369463702
1266.7313112728,364.704381796288,1364.98366663122,1617.58340400695,991.116222539645,1191.18604787484,837.302818768752,1401.26314440446,1465.85671898009,1270.87072799472,1356.22851829301,1458.92908371956,1259.9943204613,884.467377635372,885.998405482398,708.339660248541,594.472405449742,1066.19986791984,1338.64775199016,1103.03627933071,1544.91748832669,930.490418031247,1397.41449517332,386.148932752825,1328.03584187795,1471.16827483166,1257.80561382536,1412.39811422374,1265.10186091976,1532.41731930394,282.402786349781,1574.83369879059,1097.59134261452,1364.1176693213,1666.96934450831,687.458463616441,632.84533945816,688.451113764562,703.726945689553,394.549223233572,975.446758978445,346.782480611188,1024.34200981744,892.223929181571,603.131830620569,1467.31492464056,1153.36285765923,1256.80412419423,1106.73486924756,1159.45560396115,1597.32693274128,1294.94346602716,1082.10882195988,1255.82978562419,475.976405664848,1360.50573425922,1315.75088388975,1186.38926247485,689.48288340172,0,1359.53530099494,1341.38190358813,718.196493413055,958.145477370033,1359.41701780373,1407.00860313961,759.868886674225,647.505122710188,1122.52279212404,761.468610473568,1530.59792961144,1313.47077745279,701.505494089792,1286.24222269804,843.448490970885,1429.45269279809,1001.36797161599,1073.46556813763,22.4550159391693,893.434343346056,1331.32767584278,394.874696964929,396.633854782195,377.146314850627,571.510240277864,1178.71068799719,284.753951429497,1244.6115509102,899.900398501988,937.956261145166,1347.44518212774,1000.44190598743,1651.63692290381,1545.26260778868,1334.77603155807,237.495434872561,1087.49715666541,1290.61872434868,563.340425816911,507.152505010533,920.603514766321,1307.23874958899,1426.1669507125,1442.53850217085,1071.49511194759,1152.30122568592,429.117412442322,312.950323278305,397.981887792172,1231.60007266796,1462.38416844695,1153.72310231268,558.713450194836,1389.54921111324,1099.49303236302,652.001084912447,1416.61954721601,1168.8442601352,993.444655309058,1034.14849178429,569.643506827262,1336.10398712484,390.581611278503,682.598948362337,1081.01035224235,150.479082133837
205.148320898277,1341.34626602932,1349.30389738051,2421.16844259583,1921.79906254424,1920.41172752332,1429.82978747816,971.489463073498,2122.75891013065,1373.45028286118,1136.88513449466,2143.27435735983,438.996443665765,475.068201597524,481.962236693527,1021.2768931348,872.298937957262,867.824826644421,1327.05065983583,347.288650932982,219.982348073425,784.177311406487,2141.50197776622,1492.37819790286,1011.1126396474,129.296880066168,1220.37216683283,2258.17465964634,152.436324098162,2255.14460406641,1165.01776987485,1145.9742187443,1187.45480252698,1316.49302010338,335.571011789764,815.330516834774,734.998248539445,1551.13467339338,656.076310369208,1101.33131220817,1683.34282346552,1056.06839462237,453.148157495122,1419.72067268706,871.273306221932,663.724857712135,268.692598306912,2065.94426548135,253.899596465896,609.05497592754,261.928596267026,2159.92440838016,1417.74887727923,1683.67991164038,1063.17983453524,2128.35046250819,1997.81466840574,178.560857794881,1495.91095005447,1359.53530099494,0,1319.83418030641,1572.26100609321,1604.0567819199,61.5110533564452,2061.25005607629,1091.78870722887,858.866442053702,2043.20623262593,652.440563056245,524.012137717839,2100.8152256317,1375.71831212776,1557.3941035436,1040.32870179243,1114.76454092801,1852.49341332865,352.002315403406,1347.20982594302,1767.61911074503,542.695171418524,1182.91017508516,1149.20278249014,1090.39767777199,963.604458378264,1137.20714505398,1343.48112538137,1532.00158723688,1236.92803730802,542.216140746316,145.790041175407,1442.19068440847,1178.65607318499,2390.62625906532,766.609918253258,1125.82156950503,820.893220029182,1639.82941126191,1043.94956267785,920.690292843748,1068.98038712352,99.0313563868835,1958.62431587067,122.246721972936,1060.96382171435,314.03498192966,1000.3812918985,1326.76114079241,1136.25616664237,1768.23422458472,158.608664329213,1093.14914370744,1521.96153440875,75.7219507767456,1683.73318276984,897.7977822827,258.693910889912,1286.78417228971,1328.51077649982,325.786579843252,994.065242325613,211.165010331591,1251.92905971912,1154.07850735672,1929.19246574273,1395.72841097778
1114.73868872069,1631.90504273177,31.3554789498981,1269.70782590925,1033.22258153022,851.780209054148,608.348266397556,415.987419440178,936.281253636944,120.895002496143,211.566775762717,969.584986416208,886.233924387945,1160.7416073287,1088.5460822173,661.96738735043,1426.07965992103,479.278957775535,10.0404514806024,1009.71873837269,1317.28607435509,629.497736382347,1009.3132409265,1095.80134863991,332.219395401013,1321.43533360257,109.112722570405,1172.23964082211,1170.69351136206,1081.79928039506,1421.72509359204,406.642589566701,247.317164822602,27.8692269868893,1379.81946551657,831.590483248344,1223.24086661211,859.274788541923,1132.39340447581,1470.64225167989,2238.6476659089,1349.86346688803,928.57512578318,2062.94178963486,1435.72485163242,774.291987349085,1080.48083191532,1007.1704942095,1194.68545949545,711.574730752272,1356.80148996616,1117.05585012406,351.834633694725,489.973703360273,892.153169181965,1017.33184732715,863.290066528373,1205.60435375258,1953.0265539765,1341.38190358813,1319.83418030641,0,851.636996083978,654.141227124653,1265.94443656109,888.385929788994,1773.75624762,1473.3745795594,1091.01213465384,1340.27392416216,966.521874774242,1013.0540984364,706.085817991623,313.421235207282,523.58850721958,288.94418913225,924.465045664519,1027.2557702696,1351.08899765798,912.263665927593,808.561469729377,1547.78002861578,1519.99557925367,1439.46099145071,1507.32558002799,207.604613325872,1569.26123441595,315.339512489428,447.807860668327,886.682109674749,1185.67834406408,454.798882221768,469.128321938121,1274.58185920866,588.552089656197,1272.10502411158,515.177189286267,410.55423552478,1577.20672749648,1374.75833983201,441.825337043766,1221.07242498108,736.650792580268,1284.13509771105,323.182720869455,1023.25686545001,997.765393016411,1582.39379377393,1509.22207704,615.691886207328,1267.61025712846,252.295559995295,956.986333931488,1274.04164389172,617.597370604715,1520.97631440304,1124.32862544271,178.398522076299,383.714487277205,1179.26033332645,1536.4353487486,1121.99869997446,1596.77412067551,658.869225093477,959.570889002118,1233.67733268217
1402.13692981534,1081.05544094328,862.766551144189,945.46313559739,355.613183115416,478.366773243018,245.481271833258,1110.40748716848,751.78137828082,742.466563410943,969.520508485212,748.409753070279,1269.79558245355,1170.74901644203,1126.20266756482,556.098417859571,1140.46337354826,859.645133208638,844.618935111132,1231.55088985027,1685.53000294961,834.565071470984,696.895678520778,342.971094626782,1010.78581157401,1642.53213694344,815.336828980515,749.058348023843,1431.84768070501,832.03690560475,940.426048535379,1212.64296349585,671.888088170189,879.299794368308,1791.28631441972,761.52669678253,1037.36355453065,30.6767325036863,1024.40342526428,1038.57447312365,1692.39361066947,935.044529705519,1125.42999545043,1602.58142327919,1151.56170074076,1347.73307590719,1307.35376086252,569.566091003077,1341.23887641439,1094.40277821521,1737.76936606261,634.964994989785,506.569898516388,578.495781494584,551.201618893649,664.865004621937,600.699598645606,1399.7919473289,1407.62667038176,718.196493413055,1572.26100609321,851.636996083978,0,262.313806469208,1543.59445577052,691.320812216849,1416.72619581485,1201.05204507527,486.516680165298,1197.80291426335,1491.11979233806,621.609235954384,207.103202129395,666.204192104242,586.53919844338,1062.50415531864,314.17555874689,1221.22453154927,737.673519454111,209.423113442162,1275.59481593914,1076.46857855428,1064.98038293498,1010.24698507074,1170.99151531998,783.708522809584,1001.91703317942,629.358204313088,460.518464628264,1031.86069241189,1493.00177029266,402.173612791871,1287.17948794129,887.654387673438,1156.06892224976,804.407462584093,906.899652205487,635.810251106951,1201.00651361746,1053.69862564106,609.566151325122,1486.40053609221,710.823333289489,1605.24545659414,733.156708168892,1273.6972071065,666.021944491421,1028.37679732653,1060.64786846468,526.303027207268,1608.85144049991,787.123032685455,162.184073428302,1566.84651825009,397.656930070448,1229.56739543363,1504.0228190462,680.717146980994,473.557872310544,1283.91727467276,1184.93265923292,1451.26036905444,1092.47100239295,423.77239972958,398.804739892037,569.346042194686
1416.44588864192,1314.48047120125,658.425903054856,823.135707897628,387.197958455599,319.447169132852,180.39043871543,980.683502522123,562.156512919165,535.644116233731,809.891135720403,570.599189935393,1247.63954559278,1256.38294516072,1200.68666031321,598.162119776309,1309.93875033876,797.247275770947,645.657873345174,1256.77828917475,1685.43253412661,825.13633736849,547.351415225972,598.60917521496,878.617243236729,1655.73505116133,644.949046014201,654.152164598446,1455.48700440599,673.013362372483,1153.80641627325,1045.8252549765,532.752059597417,681.852937232583,1780.46507296574,834.441409756174,1173.27045661054,285.982888771712,1136.13505427978,1242.96453758585,1932.96616464516,1130.78630699727,1151.09311662988,1825.66182453846,1321.09357470242,1269.63965990302,1335.38922703794,462.011448925036,1395.24226310745,1060.06727408659,1735.18375805915,559.23935382645,304.803403832797,316.292852548461,689.022328049553,528.484076819288,416.604130379412,1442.24981183487,1645.14823676034,958.145477370033,1604.0567819199,654.141227124653,262.313806469208,0,1566.69948149923,497.964925239661,1613.13417831503,1369.30738524485,471.934327244614,1329.65700978834,1434.65775706234,497.695842833756,289.580451397783,419.561247839746,564.953546692534,903.804388547642,284.627376315599,1254.31348837762,976.0244078745,258.138259898818,1227.79352981397,1291.76480775534,1275.97741578003,1212.88641979359,1355.23569915091,641.923353631427,1237.15144015565,386.992828425469,377.458760984422,1065.8419516261,1505.1015705302,211.031458774632,1115.42390448625,787.065179591286,1069.41368343238,1008.27152291394,848.616255429839,377.262758290977,1396.5074581732,1229.16954333489,551.268074230225,1511.05441189953,474.092849786107,1617.22022749904,629.679152159443,1292.69242072379,816.798555080381,1261.34890237629,1269.91935678363,273.498854119363,1614.73220829178,659.433469867891,419.279245794085,1586.17160269972,141.349246484435,1403.9844161892,1494.18377520451,503.907363538614,324.424772356443,1347.5639509229,1373.60734787558,1454.90309730552,1315.91468065197,475.784627990853,342.705021361294,813.603936715799
154.522583965296,1357.7580029119,1295.16380065786,2381.0853566369,1890.88907454733,1881.6789347067,1394.13010399089,912.7092638184,2079.63679027343,1322.17784509571,1080.60854407987,2100.90878786761,382.122769216496,477.601928370217,475.101222590283,989.876428385914,891.904006369478,819.369518283664,1273.32057714735,312.585719279442,192.908389122331,743.554953977125,2101.22378715337,1476.44774932853,954.3821375343,111.758661158354,1167.62736135759,2220.76717271772,111.954886940075,2213.25953686132,1175.14599502555,1085.63177628118,1139.47982401636,1261.9766751288,314.667872158848,791.789576247266,742.348428591605,1523.2744854174,656.192450824682,1116.45516703154,1718.77333297625,1064.97450438885,419.138072160158,1456.93427715772,891.616458030467,602.290041707295,236.29731817004,2028.70655454267,254.698102378291,556.83333227456,241.809794267915,2124.02893951262,1373.00386518868,1637.69731092203,1044.43525906978,2089.03526708735,1956.62957571824,173.583713286372,1524.0975665461,1359.41701780373,61.5110533564452,1265.94443656109,1543.59445577052,1566.69948149923,0,2018.54757430282,1126.23948257524,882.398525289039,2010.60987623755,671.924232433297,463.650300081902,2062.45027538379,1344.75465878909,1508.33688434443,1001.9598116702,1056.61008258325,1819.17182510049,323.136848125717,1347.96371540437,1736.36611966941,482.953851418368,1200.00585617704,1165.77400840858,1103.92393966302,985.799171201681,1086.02735467482,1356.31203253593,1483.78150213532,1196.75259591353,511.733852755357,84.9381840798956,1400.62243656157,1117.68358950949,2352.3057402702,707.905128642049,1128.10556976993,771.494933426521,1592.00542794325,1067.84953667133,935.120009562739,1027.11325725338,57.3364890575951,1912.921414479,87.219805378843,1012.92900648996,274.030186774691,988.339229247128,1340.90100707278,1152.60696298853,1724.66323095881,117.694008369396,1042.40336477926,1498.9927346554,31.0139525909646,1642.89152599785,923.34684193114,198.162345073366,1237.50938609398,1285.70942384698,327.436239500483,1017.12430029077,150.80583653829,1269.50443868835,1122.96866999692,1894.84572529587,1389.00404759063
1864.93916773399,1771.10556285096,874.555106448615,382.229023736114,485.087940686324,217.176520744553,675.262506007081,1294.85000106049,64.2892260988059,778.759699646571,1094.15560620472,83.6453644122326,1671.87028399148,1744.6146900714,1685.61532908546,1085.27948994738,1805.48770381562,1210.2028066886,878.34885405542,1716.17262154762,2117.10782622983,1277.51784595982,136.175345700967,1023.75348141497,1199.72865747381,2098.72612561296,938.008696367561,310.755769276046,1909.71713242959,198.060951664574,1629.98121419896,1286.94913217054,897.713858589629,909.970708794824,2200.79708026688,1324.19679438074,1671.14406122212,721.776761098746,1631.64524780719,1725.25569164637,2377.04553832756,1617.26462528975,1613.28498006565,2293.88446736415,1816.6551390574,1634.60438775338,1794.86263714715,235.196762902417,1868.57716852144,1481.43577169563,2163.76746841583,312.982864734273,649.367696363537,404.16862132178,1186.47599653007,165.587101572874,91.4708493753019,1908.57298487921,2095.14229959334,1407.00860313961,2061.25005607629,888.385929788994,691.320812216849,497.964925239661,2018.54757430282,0,2100.48971925509,1865.20542315335,416.950854768714,1827.12874800496,1817.83385274744,194.522159788591,785.694537548301,575.315273449791,1027.67848310509,1177.12459190065,423.22120113255,1718.53565628758,1427.0665311904,522.220298799675,1628.63598195549,1766.73415713234,1754.1019243406,1696.10129961778,1847.00298516614,982.214796386307,1691.55477435193,580.11453879285,827.70048035198,1534.87755339979,1950.10743678225,620.01133318999,1339.07594847794,389.460057063666,1435.69182882466,1490.09376221446,1261.25658147882,478.018353740145,1883.86833436815,1723.17367174343,992.339913279581,1964.95450546135,172.256706605276,2059.95791760141,1020.06959546937,1747.22477327878,1313.63877557615,1718.66060277237,1749.21135648073,295.773490512922,2052.71984841143,1016.31858403659,848.363378415095,2034.97568104731,383.984929820677,1898.66509265234,1921.73862796846,819.015569080992,732.866315124395,1826.20427486327,1863.82374549064,1894.51538838745,1783.77999338311,969.620687299865,362.795878040682,1256.96846212238
1122.49371137207,460.572584687864,1803.60073572291,2353.29339464364,1730.84887295554,1893.09256703837,1452.93791584566,1648.40583009694,2162.98547519407,1747.97563607981,1698.43443675631,2162.92952769079,1257.44849899367,746.886433143948,806.82923184352,1132.04854307351,349.122175045556,1343.52011591607,1775.10972693447,1034.20041927088,1311.75253739415,1175.00189566659,2113.55375581629,1124.15109243565,1616.80554255926,1220.97482561844,1668.54751954842,2150.51933604598,1084.58191141038,2248.75713362952,486.376191740975,1850.89669082646,1535.94872376947,1788.15468569609,1424.9385815954,942.878374309675,563.255403558479,1386.10046810676,672.358801158122,379.947319251156,592.733163465643,483.234364494866,1025.13101153593,336.59875086443,340.173037693029,1534.46173891242,1032.31698770815,1982.12124829617,908.329331655165,1270.89234728741,1352.06496272717,2033.15760441983,1630.72887886096,1864.30412694683,942.390095896018,2080.70264487546,2011.96627773181,979.547090777991,428.965532397665,759.868886674225,1091.78870722887,1773.75624762,1416.72619581485,1613.13417831503,1126.23948257524,2100.48971925509,0,309.481296723296,1865.33061531592,503.581007792066,1499.35268422105,2036.21680578317,1325.08795504271,1837.17431701958,1260.03964598289,1738.48171270036,1723.75331082645,996.549419303559,737.441223457967,1614.65587805792,1372.83340388669,365.641268367003,364.267514431022,406.977768340431,268.722392441751,1571.2738312633,523.333699348788,1796.89960696002,1410.94533910846,994.532391223978,1163.78975159339,1580.8197346236,1916.31239364779,2286.60974592466,1495.90778572065,612.351549182981,1334.15237645751,1872.98986447857,216.721273254262,402.484146629258,1339.03662963939,1097.07842843125,2084.67633421054,1210.31154233691,1452.59637170052,1069.53983820598,814.623608453536,490.491417428844,364.843737574469,1876.6256897851,1243.66620372117,1530.96793485474,1273.39382627875,1155.3692787003,1748.35266543255,258.808617883841,1278.39589630076,1635.40061192333,1525.3494039663,852.503501338776,243.614050322466,1191.31408652958,387.792098950754,1194.15259682253,1807.11043720756,897.957504589684
851.957148086803,496.957710620212,1503.63527457021,2146.50936292305,1537.80329641023,1666.26072703843,1199.54886375206,1338.95995826691,1928.9123770757,1453.99987934917,1391.07560645517,1933.04808145015,962.658383638738,454.204752821892,507.41795998747,846.165081646036,60.6479683392753,1035.42919039784,1475.19540922198,743.539738060323,1074.38512496846,867.058576547663,1892.64809479704,951.880448506923,1307.7353004088,986.580542315452,1366.93501820037,1948.72602229949,822.416703696037,2026.19914290452,376.368086154238,1541.41624654865,1239.69580282812,1486.68547903414,1193.76732270777,642.032686416417,254.452237521946,1171.19382079087,363.00485217721,276.922049239744,872.509506216987,303.044882570978,723.700882831541,635.595729142814,49.6505799009307,1235.41001338465,752.369277140615,1770.4583238794,642.524385035952,964.260580625613,1120.04000843521,1833.08295961251,1352.88319929682,1597.83826157409,681.785258422162,1863.35289582885,1779.63011621093,720.337574250821,646.597307440412,647.505122710188,858.866442053702,1473.3745795594,1201.05204507527,1369.30738524485,882.398525289039,1865.20542315335,309.481296723296,0,1673.32792196826,215.281034641289,1214.60347301167,1821.56734163914,1079.96432786016,1555.84279867952,967.478094487272,1429.58871811781,1514.71427097525,705.857824209644,627.499235648882,1407.44825359776,1074.39280770512,340.083162875711,310.93595967676,280.999277947991,106.315860839924,1268.96181185524,518.164179319012,1516.56406422974,1130.66087559977,687.312994237066,905.723002908718,1312.42289213705,1606.94402893638,2086.95283328582,1188.43400887797,432.958744185544,1025.07888951072,1598.83374136474,185.452259572233,150.721045074849,1044.34243529636,844.45574372438,1832.61034270059,969.316217060586,1150.81328166129,782.897701769999,552.950146918785,494.290124153053,300.14529189103,1622.60597941161,999.326739642136,1227.68012318361,1074.36180495768,913.016321412449,1498.5316188598,51.0276122980937,1011.70570230583,1341.54438412972,1246.27047845236,578.273822983044,135.247242584183,923.469094983408,404.683519393997,923.358341959884,1599.30141783796,754.223875468912
1864.31045258384,1482.75371728739,1088.36006547303,496.78152912157,135.549028606918,268.171409906841,623.307836949804,1447.29074927089,448.158491410204,970.186614692387,1267.56706865139,420.316728382672,1709.57088634886,1655.53187704029,1608.84198616312,1022.01544507722,1612.73031697312,1266.30261813429,1081.57877003951,1698.14582890621,2140.89295324497,1279.19798450722,330.117392289938,742.097480373175,1345.48819987159,2105.04937790498,1101.2503762728,291.185611996228,1898.67783094667,448.208089649023,1379.73464322515,1495.01814439569,1002.26385108917,1117.49274009875,2240.39382076064,1241.50580472594,1521.83760266878,513.434849546051,1510.91955749487,1485.6533355009,2059.86528625116,1392.8004794152,1591.57771338459,2011.96058626495,1623.67784355427,1741.52710522043,1775.60753386454,184.762510684336,1819.40377098699,1524.61719875945,2191.81946247272,175.250257348981,761.004740751286,632.418897074419,1037.58832377836,285.749551288868,347.936715706848,1874.28943706868,1789.94600260015,1122.52279212404,2043.20623262593,1091.01213465384,486.516680165298,471.934327244614,2010.60987623755,416.950854768714,1865.33061531592,1673.32792196826,0,1682.37717749026,1905.05309553019,238.316725539391,668.696889456956,801.68906197186,1019.20119024265,1360.1787312489,192.925501811265,1691.20667477937,1144.42233508374,279.006916892867,1696.25492722547,1509.38968319362,1503.80460496047,1459.81655980855,1633.59158454286,1109.20235750635,1402.59733991381,784.681715223028,844.389485658598,1500.99243432803,1954.41707357029,679.117128431732,1560.01867484398,422.791338004391,1541.34775533078,1258.3593804172,1317.28460020471,719.46540329018,1653.75874565586,1523.70170528632,1016.69448908812,1953.91492369829,549.823377744818,2067.00429406685,1101.61305804636,1737.58079709025,1150.16820167848,1432.9246011062,1501.68103590702,507.600524260932,2067.35796168938,1129.39992194007,599.02876873199,2032.15712280565,473.422368288714,1698.03820239786,1952.87387998819,961.876758097599,795.790032984492,1764.60503872534,1643.90011626564,1907.93535792208,1512.6527030721,889.536449795669,132.36365530979,974.6145096135
636.687731205525,689.461075206275,1371.30200490202,2135.00166746821,1548.4356475086,1640.42657259793,1152.06443985885,1162.50761613876,1891.40497357383,1336.04952687874,1235.5274851248,1900.12150142595,754.328643083107,243.580951056609,304.052570530742,759.508591974107,220.085864684665,879.652844125613,1343.2799482388,532.300213965494,864.65275434729,715.168533246851,1869.83364519656,1000.17891597625,1141.76663512473,778.380332140403,1231.66485955987,1944.3711279078,607.913269276606,2000.02558652571,526.469048919066,1365.96335456451,1119.77361492363,1350.55517767195,985.302023669727,528.831749491712,160.539973618286,1169.72401349184,210.009557620196,451.40945006572,1083.58242894916,425.079824194102,522.543193472363,838.617418800192,219.710939341165,1030.88439375817,537.610734192154,1758.8649486663,428.044429386308,773.079263972219,911.714194991974,1831.95855300809,1266.13581761412,1524.32791271165,649.378119613554,1844.62520707868,1746.00816753009,506.782816789807,861.836393212721,761.468610473568,652.440563056245,1340.27392416216,1197.80291426335,1329.65700978834,671.924232433297,1827.12874800496,503.581007792066,215.281034641289,1682.37717749026,0,1001.54334017658,1806.19173691711,1046.98892915961,1460.1485989187,862.137551929249,1264.47015731262,1510.28060381728,494.562945195804,744.807110367159,1407.22496529338,869.252384773153,530.788996690749,497.468144073247,443.549760479677,314.967530396853,1132.88085728702,696.110426140606,1423.06678901041,1044.68970349661,500.242181733196,691.653700210324,1241.16744336946,1427.79224551786,2082.97602939233,999.153792856981,525.538627648937,861.689444123971,1514.00702135589,399.112052149042,274.182592747394,932.021247786703,631.775819778871,1775.06426941562,759.113024180994,1018.03018667132,569.91819984192,532.20926149873,677.284573194267,484.733267549925,1565.47063697249,787.991189863863,1089.17057787232,1092.51908194365,702.7783912484,1448.81629229512,261.762296596754,796.50859035009,1225.37805150433,1159.61124904044,363.026623844696,347.306322037233,708.26229211008,599.577253859743,860.26745004521,1594.44693266893,837.701931938247
389.19309438486,1630.00669168827,990.734574805987,2197.4582761345,1804.11640772896,1723.77983108514,1287.381941501,557.64817663939,1873.14534731346,1053.87710450446,757.552453779862,1901.40511691666,271.681585639741,760.561082044362,713.943463355314,958.599913547203,1204.52501942452,639.315127824217,975.676598342063,472.119635035812,403.492475944172,667.598273519703,1922.07886759182,1530.13032299916,634.373449209264,450.532268743408,889.998494758328,2065.79647859746,441.347004301884,2015.81781779967,1419.55774148477,684.539746555086,924.171279726741,954.055000405485,428.642686375977,854.476868443394,1006.02014341207,1478.76879189941,893.354395078981,1392.33834846108,2085.02769616862,1308.95775475352,517.78887455307,1835.95143824758,1207.88676155127,194.153548119633,467.244093487985,1880.36037057934,598.75509039302,402.178797744361,426.249160853489,1985.45242194541,1177.13444947761,1415.53597805794,1109.20110345141,1919.43516731347,1772.66516167505,541.112208017999,1856.20862271544,1530.59792961144,524.012137717839,966.521874774242,1491.11979233806,1434.65775706234,463.650300081902,1817.83385274744,1499.35268422105,1214.60347301167,1905.05309553019,1001.54334017658,0,1902.57817976018,1284.24157208826,1257.38804447782,904.600561729826,702.909635616682,1713.57765663051,509.519907882223,1525.41614025122,1652.42944541205,216.938074516174,1482.64087740249,1447.1214612717,1371.65161480082,1305.71205516158,835.748959436111,1607.88497299201,1243.54813121145,1061.20469270191,594.880594801011,386.762684517748,1236.30041437086,698.219401580107,2185.88165681984,383.157062332664,1328.38144830389,588.999210741962,1351.51994231077,1392.30056256103,1218.39234465132,891.243458113384,456.165077338409,1684.48892951983,425.139242629408,809.583267784663,431.742453641014,1107.19442069483,1600.74670577312,1433.38397365448,1524.47041159442,392.738035493622,801.96026197566,1496.39054455766,450.509811396138,1473.51646522787,1262.80294352749,265.488350775798,999.02703724919,1116.2194534501,647.689636060688,1339.74517632674,333.066337568482,1551.79671507935,1079.43150857428,1777.29804170775,1514.14197978243
1911.22077029691,1677.62673841352,1003.79457357242,329.23477247879,336.976306560226,181.224300768591,676.002921848371,1403.42285475599,213.160482073771,896.33133021472,1209.3731429365,182.552345762107,1733.92029373685,1749.47251597453,1695.75928167321,1094.17457852916,1761.06531271629,1275.6188690254,1003.10233481162,1753.54758396782,2175.72332976642,1319.36363569023,92.4455076556546,927.452051871583,1304.39711223475,2149.46323908055,1046.42443447447,163.301181355015,1951.58462157988,220.954227682219,1555.63949657189,1418.70884051339,979.168943846516,1037.10447452157,2266.79644777393,1327.91056453136,1646.92538078239,651.931982661832,1620.73060052538,1656.91761186591,2269.41369969294,1555.86440890145,1648.15134443827,2205.6509863162,1772.19154049342,1726.61984035815,1832.25465204259,58.2881522725579,1892.7991162987,1544.27554779869,2224.49968679624,120.594908363328,726.216439381383,524.501866203715,1157.11822191931,49.1175222968656,159.008230953067,1939.87195035008,1993.61810931555,1313.47077745279,2100.8152256317,1013.0540984364,621.609235954384,497.695842833756,2062.45027538379,194.522159788591,2036.21680578317,1821.56734163914,238.316725539391,1806.19173691711,1902.57817976018,0,761.160753452624,702.882734332803,1060.63527211366,1297.42976410573,313.318051050061,1751.69757505657,1334.63672622644,422.427568977293,1703.545942311,1689.53098982557,1680.46301003326,1629.27152187668,1792.56268597523,1075.45711281122,1597.38333569083,697.752177957786,866.984913379563,1563.47378362039,1999.13104862119,670.479897062701,1476.47496233038,289.857913162628,1525.53148143339,1424.08901002845,1327.33625923737,608.818605314259,1821.20936063068,1674.91775107982,1039.55179556894,2007.15282860754,354.932349046819,2110.81850564538,1093.75024702036,1788.63078824234,1279.13291927,1626.335708706,1676.96467831787,397.368176768287,2106.93589393684,1104.01125910833,763.979488194268,2081.27457178751,429.350766629774,1850.87936128308,1982.56100205213,915.839192509117,790.287343964299,1844.41688080024,1806.20681890532,1947.28568039128,1699.4833564814,968.134634995685,232.497113692286,1163.2411817405
1200.95343809295,1045.51387085973,722.614663659145,1090.39552122359,546.185990974087,593.451239679105,136.223622509263,919.755539524456,849.618399804912,610.392787790416,794.803538255045,855.527953373261,1063.33463938124,992.586435398131,942.702188342224,354.881358550708,1020.49036257152,654.90673843546,700.570875464217,1032.1989691116,1482.33090822665,628.054994466648,822.8551719775,393.271038853889,822.454173516583,1441.71350889635,651.627142699823,905.801183976759,1232.82002842813,953.336291415362,872.789843705658,1037.49295636534,496.880364705971,732.638644341328,1586.67379429713,574.239324985439,888.87819639812,195.224216697608,859.578029389997,957.855897699217,1667.48241253607,843.779995049329,925.712632493278,1546.49577486847,1031.64922893803,1142.8971550528,1108.98423091357,716.345036621717,1150.80290767397,887.309334654611,1534.2579325627,798.269062218136,392.663608059968,557.777975376232,401.144389541516,798.266356197618,701.507847009502,1205.78937988912,1377.79131430452,701.505494089792,1375.71831212776,706.085817991623,207.103202129395,289.580451397783,1344.75465878909,785.694537548301,1325.08795504271,1079.96432786016,668.696889456956,1046.98892915961,1284.24157208826,761.160753452624,0,588.807976368208,379.831740166087,885.389883654519,480.833317523546,1023.81635785849,716.995313326049,391.903794004387,1068.57024203038,1010.74801460077,993.127015744735,927.366244043775,1065.97818497151,605.110994171015,970.665364254531,547.664637139607,275.355774856249,833.711983337079,1291.61458042892,301.629575322918,1113.82045232642,1043.43569728746,953.299689801137,724.433079096883,701.358271002986,589.119744950985,1108.66519323895,939.598470933416,407.572710771324,1287.77845751021,759.666128195099,1404.09487900688,540.265107083319,1073.08886697049,527.94482482662,992.466131319475,986.409774148333,552.617559511794,1406.53965041007,601.920342904264,254.716771071599,1367.18396401321,423.313533252056,1114.41805692038,1299.11774662172,528.242916330222,324.03439945131,1096.79008035314,1084.76040097909,1248.21619201384,1039.28511310319,221.790157082099,561.490040680468,567.685873111486
1354.02645139028,1617.18781510007,301.564604849564,957.109064477392,763.488914571137,549.058938736741,457.872288813837,721.519141789108,624.56615366338,205.252173351793,519.35886765612,656.989471609366,1140.62734928329,1319.88459255621,1251.82067975767,709.7906845993,1501.78326168448,689.601997368008,303.381570457141,1225.02663696741,1583.41271416022,799.153568619105,696.073219726057,972.316682280438,629.049897433565,1576.47958258009,368.139048242355,860.40954286486,1405.18787536708,769.847618638195,1426.34712558457,716.436906416242,371.379085598818,335.926948226648,1656.82965528197,931.343974129393,1321.76547002474,683.298833148336,1250.88241316611,1495.91635486575,2238.48736912985,1375.61706319775,1130.74106634191,2094.66646484344,1512.38811432892,1069.38656655087,1301.22238914663,700.859826241286,1397.71049723146,953.923192417741,1626.72663163925,810.446860449849,208.990109405655,178.385992284073,900.89434047307,705.06828491147,550.832716319642,1422.92737748093,1948.40003583337,1286.24222269804,1557.3941035436,313.421235207282,666.204192104242,419.561247839746,1508.33688434443,575.315273449791,1837.17431701958,1555.84279867952,801.68906197186,1460.1485989187,1257.38804447782,702.882734332803,588.807976368208,0,598.100714393297,601.866080819604,653.257297864489,1235.28759564566,1300.42038472327,665.778569905223,1080.86051075968,1561.43886502055,1538.75085308543,1464.39661059542,1568.87356740767,428.303915791197,1545.8512288206,41.7688713113691,426.294727094615,1068.67472148963,1433.00455202764,287.178466867497,773.620479265326,961.178960503994,874.362873564777,1273.82984580969,736.845242617383,97.301212276164,1627.25477078937,1435.50231160641,532.246323339675,1458.64332304078,428.464732741032,1538.12556401773,497.132648140424,1247.74793429572,1024.98420456449,1564.83729096032,1529.96461997727,306.617788264899,1526.04957249208,468.949252253369,805.579541880766,1520.60786309365,337.160242814487,1598.85934913773,1387.70256951772,270.864769995862,312.071247747596,1368.97321129998,1593.77927645863,1372.65584122911,1599.46120476393,646.411896132525,673.859031647529,1156.13200511517
851.494924146237,1111.92255833136,551.61100581841,1381.28274047541,908.400662206739,880.095951423192,396.265756012151,581.095883960753,1090.54130650342,487.936284040364,512.804942327302,1108.23926547278,691.251229984025,731.085793657168,666.693978919826,139.804725488671,916.314535397007,279.246331113593,523.366558022422,693.168161490706,1122.69395769977,260.785821938158,1101.93764450186,681.808426498909,495.480582300115,1090.95696476162,426.522760700482,1218.84842977507,890.965206590686,1218.44679655016,899.156312443395,736.8994802868,278.360523405356,541.971983903947,1221.1935828274,333.511889573138,726.50337121718,574.791957806461,652.78171668508,947.226211343757,1715.2488002204,826.342342934915,588.312411942766,1541.18954771404,926.500189200827,765.058718795458,771.946765974728,1026.87199919413,840.912904358741,510.010843910837,1173.18055434204,1123.42451436152,409.937958027268,676.609045807259,375.201226729981,1088.07750464174,959.945330268164,882.206315148188,1430.27573090899,843.448490970885,1040.32870179243,523.58850721958,586.53919844338,564.953546692534,1001.9598116702,1027.67848310509,1260.03964598289,967.478094487272,1019.20119024265,862.137551929249,904.600561729826,1060.63527211366,379.831740166087,598.100714393297,0,588.305051443883,826.306627289551,692.746961419198,850.06679916545,754.399891271156,689.379836444709,1024.24362182317,996.410762859766,915.99386352194,991.78338676218,338.88286944609,1052.12701925545,561.488262476778,200.262955408078,507.295874055289,940.268409774365,408.644393264568,814.471157340713,1350.48719831759,580.398601832675,750.826911811046,323.158023629796,655.948801595056,1058.22195806633,858.230108187881,81.8506809917131,946.535634860643,942.832435880516,1052.49564837586,228.074175140401,728.040804837041,474.487755150842,1063.43675479572,985.663951334239,740.856978731724,1050.69810928849,310.699331752643,606.236076659815,1021.237108879,645.86441194672,1012.82165190092,933.698367968582,375.366206411565,306.541914773005,800.030811082978,1019.52897950714,890.902577958495,1073.92159998359,193.35572020836,898.079567340917,757.331269040204
914.116926953855,1673.62612415127,305.633464689938,1558.61170420107,1290.36692572534,1131.60805859676,818.482200969931,147.338636591511,1225.22383459509,401.295573652157,94.1341495796224,1258.47683237776,676.354953580527,1052.12415041679,979.640402187145,721.113685008282,1390.88299127864,397.119359133143,298.961441398629,844.10995130913,1078.50520063079,565.051392240952,1296.90185349106,1250.45574313427,122.709720384182,1095.71503407131,259.398795222882,1457.91048822289,973.888943567854,1370.74345894421,1453.78460795061,152.483215173771,390.870985800238,268.980809801804,1127.35608586531,814.912545715668,1175.28131941422,1063.72453568955,1069.34688104428,1481.68600635378,2252.48442137409,1365.76581600592,784.917582231606,2050.65870280922,1399.17996864053,508.799325017906,904.319998680619,1288.57575796891,1034.43486777638,533.36818465743,1112.90421454312,1398.29124903997,601.114397206,776.962758468534,955.326508925435,1303.63444984209,1149.98128811583,1028.09868232283,1976.79342461763,1429.45269279809,1114.76454092801,288.94418913225,1062.50415531864,903.804388547642,1056.61008258325,1177.12459190065,1738.48171270036,1429.58871811781,1360.1787312489,1264.47015731262,702.909635616682,1297.42976410573,885.389883654519,601.866080819604,588.305051443883,0,1184.5039308739,869.593357793213,1434.93111854794,1157.80522655563,576.920510757934,1566.59757900795,1535.14755642241,1452.10679686489,1482.5869271835,280.362835199405,1620.85023110633,600.820474688182,610.051616176442,771.490969545435,972.691741912737,693.808489119302,229.7713073138,1562.55058591931,349.384529341119,1313.86118765149,404.667482924786,699.134016727509,1560.9015440621,1356.38133802984,516.704880907266,1018.84225519378,1025.24853309593,1060.48395409655,363.47844929369,845.373481543755,1034.62585949344,1628.30837974781,1522.94725367858,900.75054881917,1038.99191722764,287.595548199342,1139.36778731747,1059.50843999155,889.745002556825,1479.85653516367,893.101468589948,400.169480013445,593.651197978513,1035.14626161071,1514.63698913463,906.891319924569,1623.90874093694,769.693728325642,1227.85728228729,1345.37118657334
1672.2972152414,1365.88180234372,924.947019119049,632.116081560673,110.268082623596,210.384457284431,430.386507249949,1264.96002630491,475.409836761158,803.867172214557,1090.99415869042,462.509066595945,1516.65732036243,1472.0520904813,1423.32250479249,831.887371032598,1454.09413553876,1074.48942795348,915.414145404667,1506.86304393568,1948.2162982298,1086.4034159204,396.083986627631,615.220698702009,1162.91742390711,1912.9575643899,925.118494473359,434.928947488901,1707.27921602317,531.06259575661,1242.44855846599,1323.58644972804,817.364311773503,951.660896335893,2047.49235750896,1055.02756940688,1350.03593975307,343.661305317147,1332.53170539221,1344.20020476634,1962.64939821411,1244.42505283032,1400.32417324463,1893.26763368411,1465.17300467714,1551.893785734,1584.5477873159,258.383123125903,1631.09621673662,1331.85937437699,1999.06821710978,321.706384067237,583.394910974185,499.182545741639,861.736526597853,359.479709874676,333.572443597504,1684.62024687304,1684.32088212936,1001.36797161599,1852.49341332865,924.465045664519,314.17555874689,284.627376315599,1819.17182510049,423.22120113255,1723.75331082645,1514.71427097525,192.925501811265,1510.28060381728,1713.57765663051,313.318051050061,480.833317523546,653.257297864489,826.306627289551,1184.5039308739,0,1500.56767295774,1022.35555166839,109.181401966248,1504.08219777764,1376.21695901463,1367.26676947614,1316.77590798543,1482.35097837376,926.211727853223,1285.71511551719,630.113586279824,652.465064424677,1310.3969318442,1762.27442335628,495.008695419215,1391.17024282679,573.561135580967,1352.28111848313,1111.9864190797,1125.31725000716,582.339879850794,1509.17125004524,1366.83801295218,824.26463657407,1762.5940321987,501.148249054637,1874.84699626693,912.698310179577,1545.8615275858,979.279360062962,1314.31791790961,1363.85819368232,389.058852116282,1874.90678113603,944.056264227059,450.818578061158,1840.44927665048,316.106544427399,1542.50956029481,1759.99582491631,784.433663202753,608.867251083195,1577.59682701649,1495.19392737506,1715.40842866671,1386.42404004939,700.044764725803,84.6373319413649,850.968836144798
196.472587882444,1129.12333166899,1058.10106352095,2073.85638781764,1569.95650528543,1571.80358413567,1078.94144765471,741.842065832035,1780.79914988011,1063.60440222357,868.872329406028,1799.80824197466,262.143465770964,251.707153417227,206.361588572264,669.283129517031,695.030622273273,552.763323893135,1033.20395462954,37.7401749759386,484.859574501728,442.776916763901,1794.65108043842,1158.82234773001,752.291777044937,426.963624111912,921.558650431682,1908.11241926341,212.413643771932,1910.69286423657,925.739974016326,939.277631940947,864.089229427452,1028.7079568045,603.117164606087,469.303954159601,500.687366535292,1200.57481520407,392.384529757136,888.784304391421,1577.6659660786,813.96569954412,105.613606868845,1332.56067448504,698.367542315576,542.821315182748,87.5831238347132,1715.82086175983,167.666404835214,336.552179217472,538.454937357625,1808.85933245738,1081.55130432892,1349.92380705273,724.884531731134,1780.2640154742,1652.47005196764,190.181292717921,1346.73710048106,1073.46556813763,352.002315403406,1027.2557702696,1221.22453154927,1254.31348837762,323.136848125717,1718.53565628758,996.549419303559,705.857824209644,1691.20667477937,494.562945195804,509.519907882223,1751.69757505657,1023.81635785849,1235.28759564566,692.746961419198,869.593357793213,1500.56767295774,0,1064.57017060679,1415.70120002249,381.890583665943,978.218431025079,942.738883392368,869.969334665152,796.193298241364,830.285022012,1113.30133344529,1206.66677425101,891.416197260171,190.214410633864,284.077414458309,1098.52950346007,990.015273133365,2041.32525137671,550.383627524647,852.589701055379,512.501235314292,1312.39445677802,882.781063549692,711.834529099995,727.585950310474,265.802496071625,1623.21531258748,391.796910939657,739.603470100227,81.5908780016728,678.715531994435,1103.34096354699,929.029055683928,1427.89004875078,402.932587702442,784.613547214551,1176.21986317299,348.010819179005,1338.27003434336,754.601305537819,343.495683203896,967.933598110008,987.819342669688,169.459836468364,830.226355132641,263.164765649126,1047.89192982114,802.126500219079,1577.49979490514,1086.7388450751
1257.17895549023,344.181007152837,1374.99709386551,1639.31650588475,1012.85114741115,1211.43531241284,852.988259927974,1404.47896659852,1486.09224032753,1282.08473926343,1362.64125539171,1479.42749181961,1254.46314084083,872.204185571545,875.340282460665,714.00817384288,574.990428125657,1068.85318757245,1348.50143864954,1094.58573474324,1534.16894208619,930.922890213468,1418.3560389575,407.202330576938,1332.4222500283,1459.72207906543,1266.41220559628,1434.18128851974,1254.57002019549,1553.41803956359,260.700152310844,1579.62124086176,1106.63168156117,1373.57924683275,1656.36520454794,685.491401128587,618.491736197951,707.812983668526,691.893468623383,372.775095619528,957.076207721492,327.757752039681,1017.3443843227,871.014581258255,583.515800145054,1464.87891138066,1143.78764253787,1278.04938114099,1094.8077358602,1156.92059374734,1586.43130576722,1316.70518300481,1095.63905061471,1272.27865452993,480.212547920817,1381.59037507922,1335.85739965471,1174.74344658721,670.391906030943,22.4550159391693,1347.20982594302,1351.08899765798,737.673519454111,976.0244078745,1347.96371540437,1427.0665311904,737.441223457967,627.499235648882,1144.42233508374,744.807110367159,1525.41614025122,1334.63672622644,716.995313326049,1300.42038472327,850.06679916545,1434.93111854794,1022.35555166839,1064.57017060679,0,914.284900248603,1327.5046875706,372.42062090429,374.294472693925,355.814390778829,550.399359255779,1186.30832762294,264.488257028808,1258.74685221859,911.037572716809,931.930130836347,1337.22913952415,1015.07912961357,1656.25182446227,1567.18382011669,1334.80482427569,222.7866528893,1089.16383287613,1306.07035073584,541.29996657243,488.26692005058,927.860911790443,1296.14133520792,1444.85763169232,1431.44787873505,1078.13534456648,1143.78672861704,427.441955787094,292.121057799027,375.737139552978,1249.51905258372,1451.72041500132,1160.62094290088,578.703893187898,1378.19743507599,1117.36880018382,631.246909208946,1407.93421603826,1179.30206813422,1005.9365091642,1022.12468013426,548.103717471643,1326.88100181025,368.467145444692,692.22788656784,1102.20659337351,171.403654649009
1591.69322250037,1258.08556561894,916.454598839252,740.345033250645,154.806977222367,305.37630594079,365.582960581466,1227.24471986703,577.431749993767,793.716576785366,1063.69090527416,567.199677553084,1445.42466789914,1376.53001943257,1329.97848568136,746.575626058077,1346.80801864634,1013.68377431896,903.794017709373,1423.78128955016,1871.16745369983,1011.77107172862,504.182034185416,507.417900124443,1125.36946630334,1832.52441814865,900.068416871334,541.294064038347,1624.41527435017,639.428560410482,1133.2735093954,1301.76449574858,778.330742094498,939.984219199105,1973.30286772751,962.980146522694,1246.78025239553,237.841236229053,1232.88327056694,1235.06051440068,1857.40594936703,1135.62814544119,1317.24476631865,1784.99328573571,1357.86514337798,1497.29680242459,1500.75013748343,367.537806142585,1541.5225727735,1263.79460880354,1922.66825643615,426.21504131593,562.143002907636,530.755048115086,760.246247434285,468.305414034,431.096433133998,1597.47361194899,1577.85502271008,893.434343346056,1767.61911074503,912.263665927593,209.423113442162,258.138259898818,1736.36611966941,522.220298799675,1614.65587805792,1407.44825359776,279.006916892867,1407.22496529338,1652.42944541205,422.427568977293,391.903794004387,665.778569905223,754.399891271156,1157.80522655563,109.181401966248,1415.70120002249,914.284900248603,0,1440.04557916436,1267.11456806125,1258.09289629277,1207.68196746385,1373.91530830095,889.765867525897,1177.98783366008,637.124880035821,594.336051962299,1225.56967727648,1682.17228189341,464.299260260536,1372.21116833779,679.643473497186,1299.88111596997,1003.0046500115,1063.514646875,607.327292903452,1400.18089258616,1259.17770508615,761.254663876154,1679.45412291,580.979697535767,1794.73350650341,863.111376861106,1464.20663129133,875.385056811068,1206.35609677332,1254.67691596076,437.977510721488,1796.32922192742,902.7738034237,341.637237428778,1758.54232350408,337.185013536381,1434.69102358667,1685.52170183325,759.24718334118,568.521324037296,1486.11047683995,1386.49991318437,1637.43829512951,1277.69078242224,613.59059511613,192.705135189687,742.969615069434
350.692880133048,1456.39036583862,835.769010414915,2005.22416987734,1592.56101755181,1523.4885049354,1075.90116174968,431.223160291069,1685.88506846497,882.141773567698,610.293053071456,1712.26631196417,123.224457726495,626.235145843956,567.177627033133,741.780886452793,1055.86848072365,430.558266625459,816.89994581442,345.679617571235,508.807764686256,450.810032805523,1727.63566491147,1315.07868774857,482.800908105821,519.198104377623,720.024601760575,1866.34829047499,411.822435488973,1826.59972849253,1240.48418390277,603.964892312005,730.953997798259,800.55969184525,575.969161604335,647.859678175254,846.026478791442,1262.78156700835,730.115171907904,1224.20230533336,1946.15311033644,1132.0501742569,351.72813925252,1707.33695522414,1060.69680123813,161.694686338096,376.208492832834,1678.81082935263,517.953319244144,185.541227509665,548.573459783339,1782.40972582674,981.850975114605,1230.26833910476,897.97116856635,1722.67746689355,1578.72756621898,486.433545587214,1702.86119121264,1331.32767584278,542.695171418524,808.561469729377,1275.59481593914,1227.79352981397,482.953851418368,1628.63598195549,1372.83340388669,1074.39280770512,1696.25492722547,869.252384773153,216.938074516174,1703.545942311,1068.57024203038,1080.86051075968,689.379836444709,576.920510757934,1504.08219777764,381.890583665943,1327.5046875706,1440.04557916436,0,1315.09836225556,1279.80314324482,1201.11861761602,1157.13195634212,652.993186794451,1427.94170955431,1062.8916430929,851.898353072246,409.959461528509,398.218961853099,1034.03570140141,640.707187183931,1989.40335368227,227.728506894434,1138.69360707959,379.200270041883,1171.96179913585,1243.4946813348,1057.46351002761,679.998403617447,450.396382618587,1503.11047199479,483.63584009196,610.671798804768,322.698140487036,904.149782141992,1423.48975282857,1266.13699256192,1333.40134877069,463.083800467976,614.737771083913,1279.45433753046,483.73387594792,1274.26991481812,1124.49238318839,317.73083395586,814.724735100448,913.838563899954,545.825108825174,1191.44186708711,332.218350934131,1382.89683227497,862.584891798906,1569.81749325739,1306.90911767691
1148.10275619248,158.806289283198,1575.5136359823,2001.30301010021,1376.02027339607,1554.83315979009,1144.40162002323,1502.38563972606,1827.88971592622,1502.10802709353,1510.55816233206,1824.83092162915,1216.44570479883,738.053504968799,771.874741128512,886.099367904264,312.544474681031,1172.4541386769,1547.37840468463,1014.29673526917,1392.90442057391,1009.67574351963,1769.97919037161,767.389842563485,1450.76262816575,1307.94854043763,1449.58849723823,1797.14081475965,1127.65968606698,1905.44051414617,138.032520206347,1696.76274762159,1301.47659532178,1566.12895398503,1514.36348577565,752.863410098132,477.562255222642,1045.8346364498,589.324899678165,90.9030426506801,691.227822464801,200.908394284813,968.075081033007,536.134141310419,315.254777910772,1470.26061426811,1040.16274359819,1634.16838569644,950.054795316241,1174.07879194153,1440.98344853614,1679.56455340356,1352.45044143342,1564.75274095811,664.285102307641,1735.25375922601,1676.6590277087,1030.89902521313,410.221209714518,394.874696964929,1182.91017508516,1547.78002861578,1076.46857855428,1291.76480775534,1200.00585617704,1766.73415713234,365.641268367003,340.083162875711,1509.38968319362,530.788996690749,1482.64087740249,1689.53098982557,1010.74801460077,1561.43886502055,1024.24362182317,1566.59757900795,1376.21695901463,978.218431025079,372.42062090429,1267.11456806125,1315.09836225556,0,35.5220471902613,116.363261789978,236.265387516344,1357.59311262876,182.2822876248,1519.98748647336,1142.4790554433,906.300190956351,1212.5518502957,1288.65388853695,1768.85169504095,1931.87496806157,1385.10130210783,288.373860095999,1176.62736838451,1584.48335747779,188.503777905548,267.803393289327,1106.07025893365,1156.90533603684,1765.85447894067,1287.18530618198,1240.02686429481,1059.37310703039,550.224140559064,155.412449720657,49.2586782877676,1561.96801587079,1314.61602673271,1322.74001483052,925.821048622893,1230.99050520666,1430.91404045543,319.459728207037,1308.16940348198,1391.56386999831,1251.5993167464,880.208819468772,216.916754598381,1220.67961433581,69.9828406037083,917.035503860054,1458.31611502386,536.401131245165
1112.94754065501,192.147499629002,1547.93877904808,1994.20051301649,1369.88067032744,1543.21805544237,1125.96575045812,1469.60592742062,1815.61987457117,1476.060544429,1479.97940636264,1813.32669048948,1180.97460077724,702.880974084012,736.401419803147,858.820936933541,280.354720088923,1140.4497265901,1519.74079003146,978.7996944117,1358.65268156224,977.081680999205,1759.98014914966,761.809626338442,1418.878671357,1273.94625971259,1421.11293853775,1790.52927174132,1092.8149198615,1895.4224666886,124.824439353084,1664.52465838807,1274.08290598395,1538.04139032121,1480.22531977277,720.847931112956,442.070654590049,1034.3103048683,553.811127863685,55.8234937289134,720.294726897353,170.670271970449,932.620406889617,556.425096368046,283.629516257169,1435.11793183267,1004.86160393515,1625.49537666928,915.4243187011,1139.3552115011,1406.89621497579,1673.00558652376,1329.81678142295,1545.38266842749,639.739381316572,1725.81161660326,1664.35667270911,996.353519732784,441.867154221301,396.633854782195,1149.20278249014,1519.99557925367,1064.98038293498,1275.97741578003,1165.77400840858,1754.1019243406,364.267514431022,310.93595967676,1503.80460496047,497.468144073247,1447.1214612717,1680.46301003326,993.127015744735,1538.75085308543,996.410762859766,1535.14755642241,1367.26676947614,942.738883392368,374.294472693925,1258.09289629277,1279.80314324482,35.5220471902613,0,83.1722313997803,209.309786376071,1328.58277957047,207.584661592328,1497.39914792846,1118.27893323166,871.13939715024,1177.73238230256,1267.82591061552,1736.35970248167,1925.86380052534,1350.93305307712,268.811732634179,1143.96507852063,1563.5039970804,172.03484372638,232.65885374354,1078.17742718644,1122.38239016569,1749.9959849547,1252.93026611236,1210.74665134368,1023.90936708995,523.264129530624,183.452357271075,13.7374922881447,1545.15827448008,1280.18299180824,1293.27534573554,916.484024857075,1196.76842630331,1414.50150352442,293.681937669966,1272.96932842369,1365.17186136667,1228.23858871098,845.407171865648,193.399005341919,1185.52644732019,105.256076916931,893.352332434668,1449.84685360783,533.7909635778
1044.36827540118,259.155332895182,1467.60478686764,1946.53478986934,1325.01152411593,1487.33580189091,1058.57084630822,1386.48453714821,1758.22774989724,1397.39602170699,1397.29938219463,1757.35472452287,1104.15137049026,634.837183435146,664.064245912868,779.079816330943,237.495857497994,1057.29799048344,1439.35040429386,905.514902026673,1296.4496677069,893.924274145886,1706.90372301323,720.402750714323,1335.74077892084,1213.31146684645,1339.95328155027,1744.05539498533,1026.91065502095,1842.17586573981,96.6777501103218,1581.3530198642,1194.00495394001,1457.21423876412,1418.58484629471,637.703996258446,370.157724708226,979.595708337704,478.746994135473,31.5722039991965,802.464326160466,89.8270407430002,855.643990347753,630.590256696066,243.573802344838,1355.52382210871,934.844391962539,1575.14350629331,851.391697551232,1058.31025909066,1345.62220075888,1626.78479536749,1255.67065891994,1476.00192856363,563.830442596573,1673.84245587714,1607.05302182526,932.754964209522,525.026877133137,377.146314850627,1090.39767777199,1439.46099145071,1010.24698507074,1212.88641979359,1103.92393966302,1696.10129961778,406.977768340431,280.999277947991,1459.81655980855,443.549760479677,1371.65161480082,1629.27152187668,927.366244043775,1464.39661059542,915.99386352194,1452.10679686489,1316.77590798543,869.969334665152,355.814390778829,1207.68196746385,1201.11861761602,116.363261789978,83.1722313997803,0,194.959350207065,1246.98265373073,253.20101228346,1423.20861127878,1042.12545035278,791.754734389679,1111.91768469857,1196.41214878544,1653.19601370962,1880.4481669422,1268.80226059182,206.075195380924,1060.81874336912,1491.62398740656,194.157836213518,170.007620827132,997.663398799271,1058.7367197629,1686.26635793549,1190.82463302647,1128.95168389644,951.420507668342,444.393346476925,237.063629179392,70.85607968867,1479.98092780848,1216.93108577237,1211.32490544263,866.48337698379,1134.93521400068,1350.1397895932,277.48247523126,1203.8019008603,1286.15110228125,1153.14460395482,780.264288815447,192.912079014914,1116.89483888155,181.929979348274,818.165988995412,1400.15671482283,501.265215164289
949.870819529904,391.618697944069,1536.96188928054,2114.26022557705,1498.17341468292,1643.1724676338,1191.1522480675,1399.59336919715,1910.12325859861,1479.69232796147,1438.50434079275,1911.9932244719,1048.78989006615,546.0247974028,593.361860604713,863.330457052327,101.458192192953,1085.90464429311,1508.46845089908,833.619881184086,1178.17418104477,917.580005078467,1866.86961159641,900.771727359841,1361.96234529421,1090.88839269887,1402.84167140362,1913.88805465482,922.686852631212,2001.4484113162,291.446512398964,1600.45977870587,1268.23929613312,1522.2632622335,1298.05975013302,678.213943888576,316.315733966153,1140.63212213748,431.837354077787,183.349094476498,790.732631404875,241.902831263283,805.405916384482,568.740869342288,97.8937856333133,1317.04804792418,847.572961280619,1739.91327599662,742.892023194906,1036.99180592767,1224.35667520659,1797.25991364276,1362.81152364937,1599.02112433557,676.926901262244,1835.74745153409,1759.68496616172,821.742344445321,550.717275363202,571.510240277864,963.604458378264,1507.32558002799,1170.99151531998,1355.23569915091,985.799171201681,1847.00298516614,268.722392441751,106.315860839924,1633.59158454286,314.967530396853,1305.71205516158,1792.56268597523,1065.97818497151,1568.87356740767,991.78338676218,1482.5869271835,1482.35097837376,796.193298241364,550.399359255779,1373.91530830095,1157.13195634212,236.265387516344,209.309786376071,194.959350207065,0,1306.09850835979,416.780001019724,1528.70729112978,1142.59102930046,760.433112954435,1006.575141288,1314.76546306909,1668.19764151079,2051.37366696693,1258.44664916946,376.986600366533,1080.03936588079,1605.86992108678,86.663918260361,133.769753183299,1071.11011995549,946.591947463258,1824.28037176376,1072.87160164888,1187.24214026596,874.914925320131,548.312593523158,391.451489750803,199.737307075214,1615.28987052797,1102.34127237311,1266.53140565304,1035.67427207021,1016.53473955446,1488.37387812055,84.8590856081568,1110.092669211,1367.14038950735,1257.1995918822,676.785088221515,34.3099190016896,1021.85784810493,299.204378756035,927.051944355644,1566.55856581562,690.23709075826
932.511646823658,1449.89503828817,238.810769610443,1362.55549203135,1028.63403834414,900.476125811853,541.154916605391,338.764860115443,1037.41477014466,236.243137198354,190.259877065622,1065.74716036274,713.652646751999,954.189024419848,882.235050167725,478.479423699005,1222.80366607233,277.807088609162,211.184606466604,815.333757705254,1155.30735017219,422.205323306373,1089.00518267866,974.684224778325,236.708232455977,1150.24797530084,98.7861459158326,1238.57140371503,985.932667754312,1180.14084890763,1235.3647675959,432.384501976391,112.40405568095,218.152626134809,1228.88269954924,628.396540694069,1017.67504551141,784.089574315513,925.339646553778,1277.82750159809,2048.73525759343,1157.94376277827,729.182343652764,1865.65426293026,1232.26540229897,653.248217881829,888.675255655991,1058.53374354263,996.798226717356,529.382038614596,1198.43380641873,1166.50968358983,351.788672588718,579.919029038167,714.045728771019,1088.8331496608,939.534451450971,1012.86830211752,1765.65348586561,1178.71068799719,1137.20714505398,207.604613325872,783.708522809584,641.923353631427,1086.02735467482,982.214796386307,1571.2738312633,1268.96181185524,1109.20235750635,1132.88085728702,835.748959436111,1075.45711281122,605.110994171015,428.303915791197,338.88286944609,280.362835199405,926.211727853223,830.285022012,1186.30832762294,889.765867525897,652.993186794451,1357.59311262876,1328.58277957047,1246.98265373073,1306.09850835979,0,1390.86278571211,410.025094868109,329.75521887425,682.240073663177,1008.73090008447,431.209347341751,508.871143193945,1354.17898971947,453.538618966013,1088.45848712192,318.984610906505,519.009229416828,1377.88981752138,1174.34604215807,258.830638607566,1038.18129720088,850.792851963081,1112.09981113563,118.916833029246,832.870787241593,810.316587813116,1401.80045149436,1317.34228038158,689.902419489537,1098.9888559734,45.924488344901,859.296171048004,1096.79563217228,650.94510690332,1317.04635284745,959.72631682108,163.279634005446,321.288638236777,977.67910020396,1335.86375667817,947.20759368346,1409.45389580887,502.895015113253,977.299682300686,1083.64173725278
1292.53470446236,80.28737076261,1595.10692750786,1898.74726372264,1272.62379970561,1475.87910417859,1106.84678092485,1571.68696257247,1750.54379818481,1510.5400928685,1556.61905844963,1743.68078318344,1337.69410940398,884.547937725531,909.05711924511,912.399754160247,484.115327640368,1235.89327115425,1567.68669123136,1147.84410212802,1548.61086301871,1081.59783852999,1681.7979640634,670.579281955525,1510.36869452197,1466.01459814794,1477.51802639834,1693.2703405221,1277.32882399652,1816.68457215266,188.33667143963,1758.64714180224,1322.11531430281,1589.92539792138,1670.90482131543,823.440703249594,618.069658308114,971.955871321544,720.978359252942,245.528444732646,697.012202925309,299.562831214148,1090.10141470497,609.446960053478,488.433524588841,1577.69943928643,1181.71756479979,1540.49938002329,1103.11264444139,1274.0043072828,1598.09269718543,1576.04637764899,1338.43516948664,1528.21419328807,677.790813943292,1644.61275991834,1600.34237070072,1184.58366461083,408.076509634005,284.753951429497,1343.48112538137,1569.26123441595,1001.91703317942,1237.15144015565,1356.31203253593,1691.55477435193,523.333699348788,518.164179319012,1402.59733991381,696.110426140606,1607.88497299201,1597.38333569083,970.665364254531,1545.8512288206,1052.12701925545,1620.85023110633,1285.71511551719,1113.30133344529,264.488257028808,1177.98783366008,1427.94170955431,182.2822876248,207.584661592328,253.20101228346,416.780001019724,1390.86278571211,0,1504.08263754974,1141.68133078596,1018.50395121774,1362.29152468403,1263.74068563312,1833.24265964163,1824.81041589067,1473.88825162267,307.542924037802,1247.28613922135,1557.69152391751,369.614587777929,423.18648551348,1133.13159944424,1310.42554267666,1707.73213410153,1443.07554635898,1276.84265782992,1194.88822688239,586.225213159703,33.197785702397,218.021067136759,1510.53406789574,1468.68770977585,1360.27632540698,843.192087572553,1387.31234167254,1378.35855137621,500.842660857028,1451.07025300747,1403.57724192746,1243.59463497812,1031.52575206238,399.019925980445,1364.87751329358,136.350006075229,916.832831098229,1364.8863308778,435.187396653965
1329.32121959277,1575.43474865492,307.484098849477,962.331023695968,740.348703139716,537.899981941706,417.413681039827,714.785387749509,632.085231077285,199.748335000576,515.155047685656,662.816785444305,1119.00694990777,1286.02828355939,1218.49342291406,670.794344506514,1462.25214802411,664.4260992008,305.408154654831,1197.33610523418,1562.94918977734,768.427369190155,696.469250349301,932.275586859351,619.840091851398,1553.92207841673,358.045841961318,857.363450401653,1379.64416371898,776.579794953152,1384.80434077725,721.552094258112,344.563371563008,339.759417746737,1638.63024804773,894.246940827305,1283.61148639135,645.708640581135,1214.08340675551,1454.71929895807,2196.7637733683,1334.50071688195,1101.76549905428,2053.39502762139,1472.88875664819,1057.3381089846,1274.01867336793,692.29083416251,1368.08086253897,931.114070320078,1606.98399983815,802.156395864161,167.58385076076,176.648117464033,859.844084057658,702.846238868839,549.16923194293,1394.98561047314,1906.66999853464,1244.6115509102,1532.00158723688,315.339512489428,629.358204313088,386.992828425469,1483.78150213532,580.11453879285,1796.89960696002,1516.56406422974,784.681715223028,1423.06678901041,1243.54813121145,697.752177957786,547.664637139607,41.7688713113691,561.488262476778,600.820474688182,630.113586279824,1206.66677425101,1258.74685221859,637.124880035821,1062.8916430929,1519.98748647336,1497.39914792846,1423.20861127878,1528.70729112978,410.025094868109,1504.08263754974,0,386.334673435554,1037.72942515948,1409.39648802027,246.085244039383,781.559645711391,962.416035830022,860.417544497364,1232.30665139328,712.628994760965,109.201421105428,1586.65107597403,1395.42183737014,497.624874565057,1433.44287262555,441.091787845468,1515.44817464773,471.039436969646,1221.19470442458,984.255593523227,1523.07815237719,1488.65548965747,300.430847028066,1504.19755098346,448.718105853515,766.659158507977,1496.70027762762,314.757699567745,1559.33225899891,1367.06090847049,248.76260801053,271.558720857281,1337.93488792462,1553.44207840489,1349.73887788047,1557.84413745564,605.383116619983,655.234975460639,1114.80175176202
1044.74717485335,1209.16710369351,468.774831222015,1184.40414491398,743.910242075667,685.836980672765,229.313451666349,649.952823533456,890.429471431819,371.048121039739,519.542582670226,908.55845971312,870.323058012839,927.92176242282,864.992303040693,286.471487554659,1076.05111411332,422.024697394529,443.833947454596,890.393265901133,1309.52483917337,453.200812505213,904.626296030739,652.536914342266,550.749754332881,1282.5227770501,380.845775292684,1027.11175399613,1086.49796555718,1019.27887689913,1009.58641086948,762.137853786208,222.470372354522,472.645207799818,1403.2942893427,518.441399714475,900.897836840139,457.973302622665,837.8528043935,1073.69591346956,1826.45217057745,952.794893836132,786.469347703734,1672.69745522142,1086.71642459385,902.986781367968,969.204041645904,836.114495571503,1041.04563053216,682.619106096833,1358.84341549123,935.997367064394,222.654166425789,481.620017758177,478.558163828796,892.423053755849,761.209824234914,1081.25399052093,1537.32037343319,899.900398501988,1236.92803730802,447.807860668327,460.518464628264,377.458760984422,1196.75259591353,827.70048035198,1410.94533910846,1130.66087559977,844.389485658598,1044.68970349661,1061.20469270191,866.984913379563,275.355774856249,426.294727094615,200.262955408078,610.051616176442,652.465064424677,891.416197260171,911.037572716809,594.336051962299,851.898353072246,1142.4790554433,1118.27893323166,1042.12545035278,1142.59102930046,329.75521887425,1141.68133078596,386.334673435554,0,707.189096495453,1132.28259221676,208.388221279419,838.509588416963,1156.61065176559,705.786113042981,857.116020897467,472.903117094535,470.182979491495,1201.5937179222,1009.20764457607,173.845110323869,1142.00075012665,743.969986470539,1243.86318846401,273.320278782808,923.5167400368,600.069677298768,1157.88510552014,1108.94746165367,540.763151734303,1240.04549725854,328.025167102608,529.680169225618,1214.93512169449,446.993516657458,1173.12841168249,1117.42973665957,270.94215586874,115.769561450243,1000.20316826065,1167.61892488413,1080.34516917883,1184.24668366857,226.076637568152,718.218392534836,786.950563433298
373.81071920178,1046.45819954396,918.002021636702,1886.75863878966,1379.88461659646,1384.02042325065,889.627036216766,663.147536805873,1597.60416656863,908.516339308089,752.656894722148,1615.53392513475,323.240062605649,281.08343820136,208.321050124397,479.086827122103,660.658013280372,407.907759675078,891.497684019906,200.279792720645,662.451730994778,269.536190309695,1608.00281205971,984.113763380262,649.21096389461,612.180297829023,778.222452409859,1719.19171064953,400.030321394355,1725.63887156735,830.780198147165,866.550974349271,700.50074396526,891.915226210876,776.015076820717,288.614707061999,444.655409327661,1011.62276155456,328.628397151758,815.410749493784,1551.03748792024,722.101056508506,96.5141444017205,1322.60444281173,666.78165698731,563.985102844457,275.521547389153,1526.89777451662,334.254090522181,277.074457541642,715.798887851339,1619.26446254259,904.595513943882,1173.69359112064,549.507211434,1592.75486419117,1466.99641672563,376.408400648073,1299.15241303572,937.956261145166,542.216140746316,886.682109674749,1031.86069241189,1065.8419516261,511.733852755357,1534.87755339979,994.532391223978,687.312994237066,1500.99243432803,500.242181733196,594.880594801011,1563.47378362039,833.711983337079,1068.67472148963,507.295874055289,771.490969545435,1310.3969318442,190.214410633864,931.930130836347,1225.56967727648,409.959461528509,906.300190956351,871.13939715024,791.754734389679,760.433112954435,682.240073663177,1018.50395121774,1037.72942515948,707.189096495453,0,464.559943034036,915.257389925057,927.604987132056,1852.89417268709,501.37722440476,733.714112522677,378.344032840338,1141.17604800391,845.588062960568,652.685509877233,548.44850224756,454.549851478371,1444.95291482922,575.641622196727,580.46652215599,244.984272999598,521.753201394685,1013.6385356676,857.524052688198,1246.42833945523,582.601672631131,636.395893704002,991.346301765432,535.260358361037,1153.06127437135,738.306956938632,498.393026116077,806.726154624597,807.513585331353,300.29875494041,794.539261580176,430.715371952865,973.651895449461,611.979881561105,1387.48672862955,932.75582302881
90.9488085425488,1368.75418836433,1214.63746214629,2315.51885621625,1836.93689663825,1818.06004924779,1334.86603534354,828.405095557996,2010.67222523591,1244.57313168734,998.187206569485,2032.81270392225,299.99781890001,477.781331863412,462.313685550098,937.272181427173,909.674724829244,745.668450419022,1193.20873307256,264.956686339396,200.880614564176,680.049170739632,2035.58703233145,1442.70791425469,871.620794392918,150.758862543218,1088.58466625058,2158.49354338354,85.007037045364,2145.66220157562,1178.06512054207,1000.69675635266,1065.7289438446,1181.10176107021,320.639260614398,750.905877328563,744.510265682996,1473.75846875719,649.472851413602,1126.61776301552,1756.28149860156,1066.74573521901,368.820483421313,1497.58402320351,910.418840945993,518.318686826228,197.698853892031,1966.77825257416,263.747642348136,479.468123151398,254.445893359997,2063.66269284287,1302.7221973758,1565.72636952697,1008.45203487202,2024.55529510113,1890.01509267152,185.702401710981,1551.39152021649,1347.44518212774,145.790041175407,1185.67834406408,1493.00177029266,1505.1015705302,84.9381840798956,1950.10743678225,1163.78975159339,905.723002908718,1954.41707357029,691.653700210324,386.762684517748,1999.13104862119,1291.61458042892,1433.00455202764,940.268409774365,972.691741912737,1762.27442335628,284.077414458309,1337.22913952415,1682.17228189341,398.218961853099,1212.5518502957,1177.73238230256,1111.91768469857,1006.575141288,1008.73090008447,1362.29152468403,1409.39648802027,1132.28259221676,464.559943034036,0,1334.10110452448,1032.89112955109,2288.85264043949,623.70214908197,1120.38513095421,696.794544806912,1517.98409870209,1090.58332911442,945.37317481681,960.934492554544,71.255676419087,1841.08889076411,112.592392358979,939.305686633956,219.847358931855,961.7499878652,1348.76526085939,1164.31581310591,1655.41525578194,118.896094744193,965.636992660778,1455.88965551125,88.3703504955742,1576.95654845464,949.22086680997,124.23476019047,1162.16325940294,1217.86544906902,332.345907672354,1038.93715592333,66.0042172149076,1282.4487091474,1070.24690373654,1836.59001283273,1367.91207232297
1247.68345627095,1336.50224143898,463.272996792691,981.561308243013,598.20606783819,489.78555509863,172.729484601178,769.951376716789,682.444309290412,341.539671835559,599.754756573524,701.404770463898,1063.87260174089,1134.32231572418,1072.33521900355,482.574753149451,1255.71166417232,605.20309254416,447.084607352504,1096.47367873685,1506.84869066868,658.049733831126,701.674986316157,687.861283624604,667.911181969693,1483.70119815845,435.769491507068,832.773912813901,1291.08396737919,812.956102123809,1152.00140823322,837.527784475031,323.15598494466,482.663556639699,1596.50754326898,720.149970312649,1092.64687648818,413.787011282744,1037.0641071984,1227.6967040008,1958.68255207676,1109.0667362877,993.310554781161,1824.18087115935,1266.63381136166,1066.20295695518,1175.22054619616,644.798794798232,1249.26576348555,873.970146066728,1555.09402822977,749.172384756506,104.590665807113,285.461198734466,638.442272257903,692.35934516737,556.042982422185,1288.56198601341,1668.52001776196,1000.44190598743,1442.19068440847,454.798882221768,402.173612791871,211.031458774632,1400.62243656157,620.01133318999,1580.8197346236,1312.42289213705,679.117128431732,1241.16744336946,1236.30041437086,670.479897062701,301.629575322918,287.178466867497,408.644393264568,693.808489119302,495.008695419215,1098.52950346007,1015.07912961357,464.299260260536,1034.03570140141,1288.65388853695,1267.82591061552,1196.41214878544,1314.76546306909,431.209347341751,1263.74068563312,246.085244039383,208.388221279419,915.257389925057,1334.10110452448,0,908.415182448727,958.425171873269,865.181796684945,1000.28082559391,656.926130974408,295.862101955215,1367.27737171083,1183.08490835095,373.510683447203,1346.46454496646,537.715057803137,1444.95491945009,427.029593848015,1128.30605312662,766.49056579107,1283.81165430003,1259.79680566559,332.601284968157,1439.5470493441,450.283777587082,526.807734354403,1417.91749932855,243.142717224113,1352.34719652434,1312.95609894363,295.012379125994,120.230836314655,1208.57090432894,1337.40552682845,1280.33697133185,1323.1455538716,389.095515768285,547.825578009289,869.064594971746
991.379069363227,1882.7424372139,474.090344334627,1715.20207843067,1499.02800982803,1319.41926010293,1042.14587863665,268.617574858727,1381.20238698067,589.854942715715,319.05926315539,1417.27875561888,758.444611841384,1201.04613482175,1130.78794090292,944.253047297431,1572.9189849096,597.95259105238,478.66709150579,959.133574834467,1099.29865977648,759.296240032456,1465.85166513765,1480.1935241463,324.084172468143,1134.64788011732,473.925238682682,1633.08724009764,1052.50544383193,1526.02653025142,1661.4588309878,77.7405607801914,617.64498753068,443.032568490974,1123.76105222895,1016.41711770843,1354.95352512351,1289.58830957985,1243.96059810638,1681.90016530734,2448.5061698594,1568.90051248632,920.815486293861,2236.74404051161,1580.46293398062,519.921881907827,1006.81772872547,1473.55381921555,1145.56955921724,661.402624334073,1124.41508687529,1583.34958262393,810.629467701688,952.004024147408,1176.03943766235,1477.43651040774,1323.22404801218,1123.93350980841,2178.03505386408,1651.63692290381,1178.65607318499,469.128321938121,1287.17948794129,1115.42390448625,1117.68358950949,1339.07594847794,1916.31239364779,1606.94402893638,1560.01867484398,1427.79224551786,698.219401580107,1476.47496233038,1113.82045232642,773.620479265326,814.471157340713,229.7713073138,1391.17024282679,990.015273133365,1656.25182446227,1372.21116833779,640.707187183931,1768.85169504095,1736.35970248167,1653.19601370962,1668.19764151079,508.871143193945,1833.24265964163,781.559645711391,838.509588416963,927.604987132056,1032.89112955109,908.415182448727,0,1728.34984063187,439.653611131382,1525.70102315177,592.560955466665,868.169557092012,1749.34112076439,1546.4071725197,744.985416156238,1089.59022496475,1177.11991574016,1103.50070726746,592.133741219192,949.298919710991,1248.20990967517,1838.99057312901,1723.75197737401,1079.94712474679,1076.11148016325,517.344962232932,1368.14683658164,1114.2049902302,1086.64928802835,1657.81947219154,933.216632889302,613.604469648076,815.148151230651,1159.43725397496,1701.17877258809,967.643371151098,1828.60561162072,998.409252085052,1428.41357196891,1571.73312605559
2201.02491384062,1904.89450289106,1261.96925501358,91.6109768098523,555.983143873949,470.792894364139,964.393629943963,1675.81085624468,353.605921904702,1162.1239659845,1477.55592513761,314.456953731259,2022.29344163129,2034.89469055015,1982.45291487202,1381.973957828,2026.30662531371,1562.92047936295,1264.543795749,2043.34958566807,2464.76925152211,1609.17118644487,266.121216886296,1164.48694948064,1578.62266349612,2439.13280985845,1318.01712479771,138.664211177115,2241.44096665163,220.218143232372,1801.58611371004,1675.46531580688,1261.71158010472,1296.92339564509,2554.87934172136,1614.05592871368,1922.92887064419,916.905956227587,1901.92190282481,1906.72133624178,2475.76079374999,1811.58779097672,1937.89373331258,2433.99483534622,2037.34946778467,2007.16025029176,2122.0431627965,327.721247575498,2181.55689326092,1832.36578680363,2513.31862603906,254.1217979949,1008.826898197,785.83708388045,1433.7927805928,266.726421931684,415.038175453514,2229.30231876245,2209.29854537749,1545.26260778868,2390.62625906532,1274.58185920866,887.654387673438,787.065179591286,2352.3057402702,389.460057063666,2286.60974592466,2086.95283328582,422.791338004391,2082.97602939233,2185.88165681984,289.857913162628,1043.43569728746,961.178960503994,1350.48719831759,1562.55058591931,573.561135580967,2041.32525137671,1567.18382011669,679.643473497186,1989.40335368227,1931.87496806157,1925.86380052534,1880.4481669422,2051.37366696693,1354.17898971947,1824.81041589067,962.416035830022,1156.61065176559,1852.89417268709,2288.85264043949,958.425171873269,1728.34984063187,0,1806.60368415837,1677.72966333532,1614.597045409,864.221511620122,2074.09415239458,1938.37102295866,1328.87771126735,2297.009439984,556.697461586131,2400.4735862095,1378.85265602055,2078.48848932939,1552.62221741183,1855.3071727273,1923.52588874623,665.73228409878,2396.36902305229,1384.91472915796,1015.76038321334,2371.09772872702,715.894886993548,2113.62777386484,2271.25801216723,1192.44651227051,1077.71536792686,2132.37517582428,2062.78103645774,2236.77708764367,1935.44168489369,1254.54531619264,489.020249598561,1397.39561234092
568.267775373362,1513.42149758372,614.425726999423,1816.06477876567,1447.92395863998,1348.25253885675,935.076664230016,204.882953194123,1490.51392642448,671.333323379989,385.023795300707,1519.1925993507,330.267790964578,766.264490468516,697.710679876178,670.3411185692,1159.87383663894,301.238860547962,597.340535819945,519.839426856078,733.422256930215,404.595932084048,1541.92209395124,1251.98583506523,258.023712610972,746.887323380806,507.496901975102,1688.82868981065,628.785030808084,1633.56209163375,1291.99026980506,390.916393875506,546.583226648349,578.448380202277,791.38946568793,653.887491073265,942.177507970998,1147.93788478185,827.473842520352,1295.28866865981,2047.40363613619,1190.38582441789,483.604026576657,1823.26351753109,1166.45770615309,201.275753943299,570.582750106502,1505.72698269938,707.4848253311,226.166506342948,770.567772293493,1612.25941374884,799.326033891141,1032.80561311576,869.806342610314,1540.65914244098,1392.43115845307,690.904108477746,1787.82998635175,1334.77603155807,766.609918253258,588.552089656197,1156.06892224976,1069.41368343238,707.905128642049,1435.69182882466,1495.90778572065,1188.43400887797,1541.34775533078,999.153792856981,383.157062332664,1525.53148143339,953.299689801137,874.362873564777,580.398601832675,349.384529341119,1352.28111848313,550.383627524647,1334.80482427569,1299.88111596997,227.728506894434,1385.10130210783,1350.93305307712,1268.80226059182,1258.44664916946,453.538618966013,1473.88825162267,860.417544497364,705.786113042981,501.37722440476,623.70214908197,865.181796684945,439.653611131382,1806.60368415837,0,1170.87782391352,261.525858732361,968.365111358497,1342.44991925627,1144.33139889862,546.516336875584,671.739482466533,1301.33262677192,711.358642405724,439.741458859878,512.294524441075,908.419048086716,1474.56691588534,1337.68826499464,1143.27224702584,690.566927227074,421.750293867602,1186.63429337456,710.247417234023,1097.75771023709,1239.45198487657,544.910870408772,616.676598401616,746.315775246993,719.789588103832,1292.26935388636,557.807628073322,1449.30940425383,770.819113026892,1411.43443622916,1284.93933245414
1042.44929683332,361.546622011216,1298.92514911401,1742.61730332777,1123.15754950767,1281.28408113747,857.15600289559,1264.36178021496,1552.17654738887,1220.49264144171,1250.90380690542,1551.28969956177,1056.70853923663,651.211130884748,658.092035611281,611.149932532796,375.253758997643,928.398396594878,1271.10136874576,884.205576258331,1315.75800992512,775.23772312215,1501.20412899038,523.833014771792,1202.90018249986,1239.81280336633,1177.31206930343,1540.83919550555,1036.96438430952,1636.4207442086,152.618830707737,1451.1460306831,1024.86432439581,1291.71529347427,1438.22624773291,517.973862489801,395.706524604245,773.772334163399,472.100466680682,235.239727891931,969.942417159075,135.088630141065,813.621838085427,824.230265786441,385.115848807765,1283.621751707,929.209369133462,1370.26802559251,874.209404016522,977.150446568584,1367.63991148779,1423.78908854913,1064.85553873013,1276.80871873173,381.344425961457,1468.4174166627,1400.99272546481,954.620842379043,681.926297031696,237.495434872561,1125.82156950503,1272.10502411158,804.407462584093,1008.27152291394,1128.10556976993,1490.09376221446,612.351549182981,432.958744185544,1258.3593804172,525.538627648937,1328.38144830389,1424.08901002845,724.433079096883,1273.82984580969,750.826911811046,1313.86118765149,1111.9864190797,852.589701055379,222.7866528893,1003.0046500115,1138.69360707959,288.373860095999,268.811732634179,206.075195380924,376.986600366533,1088.45848712192,307.542924037802,1232.30665139328,857.116020897467,733.714112522677,1120.38513095421,1000.28082559391,1525.70102315177,1677.72966333532,1170.87782391352,0,940.386401920531,1296.11420574604,397.185232849011,284.341876308238,832.442998368096,1077.09318632499,1482.07516715578,1212.31152902433,973.046151558424,932.995599349206,279.675864369054,314.628971737007,261.986926274646,1276.68935859735,1233.5789385925,1056.43129546987,662.453399127417,1158.52998445499,1146.27819050356,447.933266371988,1195.88472280934,1111.15970714404,964.830728269099,801.410129315545,385.616541825023,1113.10992723838,327.193204960024,631.134773165148,1195.63335351207,322.100388735152
617.191391254965,1293.57598633343,546.179681679333,1633.80904851801,1215.12595149032,1146.70972784232,698.382730225365,325.892290296537,1320.34090220853,554.405390886048,375.521905414885,1344.61481392811,410.667483215907,658.418299928601,585.491199168336,409.112409013637,987.140209595248,51.7237274141515,520.924479480503,496.525590512045,856.059946482366,167.001798242722,1354.88933393769,990.462205721898,282.66023925465,842.110122906671,409.057848694162,1489.69735066319,668.944900735099,1458.47308484808,1071.73032065877,521.942696802942,369.13306311734,517.79899068409,940.897170564432,425.394969826895,770.897122123181,896.58240241614,664.731639837581,1089.40507331232,1856.39195114458,977.076500112373,413.455781951566,1648.67282782531,995.268638520912,441.937343232212,569.706636523622,1301.15132941777,679.699233833672,220.404375368699,902.51200144233,1404.01818674987,611.896590793009,870.460284172824,615.938607584806,1348.05912960925,1206.82434016292,693.906798880854,1585.53712578634,1087.49715666541,820.893220029182,515.177189286267,906.899652205487,848.616255429839,771.494933426521,1261.25658147882,1334.15237645751,1025.07888951072,1317.28460020471,861.689444123971,588.999210741962,1327.33625923737,701.358271002986,736.845242617383,323.158023629796,404.667482924786,1125.31725000716,512.501235314292,1089.16383287613,1063.514646875,379.200270041883,1176.62736838451,1143.96507852063,1060.81874336912,1080.03936588079,318.984610906505,1247.28613922135,712.628994760965,472.903117094535,378.344032840338,696.794544806912,656.926130974408,592.560955466665,1614.597045409,261.525858732361,940.386401920531,0,821.191363086272,1159.6460776628,955.772284026564,302.267263755267,722.019172715121,1145.71038980829,803.512480117504,243.037832675423,514.120823894242,667.88528216452,1251.24335024815,1131.30735538955,965.508063535828,793.660335103259,273.835126193015,928.176994815245,784.078871099537,898.715526966541,1075.43472342002,660.512706484481,466.043716052916,537.06212324551,664.80156617713,1112.48663453742,637.647063325442,1237.05069592108,510.702622047496,1190.62775046383,1029.24327719209
1437.50847623432,1631.15398463656,397.903584195312,859.821820612046,691.750516374093,460.771582621912,453.463036059294,818.36898362026,527.475565853543,301.849993128835,616.544943372789,559.713059628784,1228.08558838116,1384.84519056912,1318.31894913361,756.64864026369,1543.29257693657,772.662384803063,400.513852030756,1303.82202979107,1672.12599845522,872.45805921111,599.433060603199,958.222142694602,725.178642697573,1662.79029152717,463.719505661915,764.974805710409,1487.4251554052,672.67179407236,1447.86349883462,812.323731992704,452.526930503676,432.703093010273,1747.75357565266,986.062386029799,1371.0806757625,656.319427218555,1306.1432250401,1522.96609068506,2253.46045293391,1403.93271491743,1207.23710225593,2119.90168336141,1554.08326092705,1164.46813329315,1380.82602260878,609.391099419025,1472.77125601978,1039.99901454007,1716.18511178775,718.48870677316,247.89643434784,87.3367457594455,931.481544223519,609.401343477935,455.14247102407,1501.19913344748,1963.35703035712,1290.61872434868,1639.82941126191,410.55423552478,635.810251106951,377.262758290977,1592.00542794325,478.018353740145,1872.98986447857,1598.83374136474,719.46540329018,1514.00702135589,1351.51994231077,608.818605314259,589.119744950985,97.301212276164,655.948801595056,699.134016727509,582.339879850794,1312.39445677802,1306.07035073584,607.327292903452,1171.96179913585,1584.48335747779,1563.5039970804,1491.62398740656,1605.86992108678,519.009229416828,1557.69152391751,109.201421105428,470.182979491495,1141.17604800391,1517.98409870209,295.862101955215,868.169557092012,864.221511620122,968.365111358497,1296.11420574604,821.191363086272,0,1660.52169982557,1473.3517059678,596.809408026986,1541.3842521135,333.04152403542,1624.29052985935,579.078788852595,1328.44802644767,1058.41878336459,1578.33913280449,1555.38220770127,215.759963466812,1613.21359258911,557.911800677262,784.815615748854,1605.17424446772,270.662457709238,1640.26302054389,1476.23019875052,357.960826989997,354.642434054313,1441.03749025252,1629.38949038208,1458.53633140356,1618.89467648289,678.868937978175,594.724556629153,1154.8671885378
1035.17118877276,331.175312156535,1606.4843335817,2139.62518585317,1518.85994910128,1676.83473361888,1237.07477525247,1480.73604245091,1946.41979293615,1545.39504897671,1514.63416580039,1946.57652948403,1135.41055940619,632.409820355548,680.02097061082,926.681020825042,188.104810339801,1163.846797864,1578.0127303007,920.226617432069,1259.79379911912,995.945467691675,1897.90200078978,914.550196302853,1440.88279310235,1171.85608752183,1473.85929966191,1937.50153696412,1006.9969166324,2033.01170068004,281.973228639673,1680.89260754037,1335.91542536919,1592.91403148586,1379.03037204785,751.959503636641,400.995827175453,1170.41388018833,516.983871662221,170.507113953962,705.493890781077,266.620076712432,891.768976413679,489.993236522229,184.414039578304,1403.25576667488,933.56519131427,1767.45047624752,827.105480716762,1121.79039284702,1305.2994494133,1820.31463264887,1419.86483110764,1649.96623317899,729.084962165401,1865.40860384464,1795.44061250251,905.383606935868,464.355697453361,563.340425816911,1043.94956267785,1577.20672749648,1201.00651361746,1396.5074581732,1067.84953667133,1883.86833436815,216.721273254262,185.452259572233,1653.75874565586,399.112052149042,1392.30056256103,1821.20936063068,1108.66519323895,1627.25477078937,1058.22195806633,1560.9015440621,1509.17125004524,882.781063549692,541.29996657243,1400.18089258616,1243.4946813348,188.503777905548,172.03484372638,194.157836213518,86.663918260361,1377.88981752138,369.614587777929,1586.65107597403,1201.5937179222,845.588062960568,1090.58332911442,1367.27737171083,1749.34112076439,2074.09415239458,1342.44991925627,397.185232849011,1159.6460776628,1660.52169982557,0,204.762277748901,1138.49028532432,1029.74751594773,1868.31518679444,1154.75742574967,1258.97534747215,961.386113107219,602.564375799027,340.701139132482,167.433518297054,1660.50559714098,1184.77071218308,1339.19960605432,1059.42515714875,1098.46152816447,1531.96896822158,148.172906836873,1195.25916986887,1433.04055562011,1315.18785001884,761.782759080447,52.5619129108929,1107.00740809279,240.180810892106,982.245817725968,1592.7936158011,693.701079932365
880.304987484549,423.422331467267,1404.26877444641,1998.88849357296,1388.15604136536,1521.86451693846,1062.62161454827,1277.89642138654,1786.61581943078,1346.09637294576,1309.88032185828,1789.67525422521,954.704274086836,470.250346031755,505.539305293846,729.564470284996,91.2847073009844,959.283209682163,1375.77933481919,748.271650835168,1127.84195099696,791.554973773225,1747.23330934804,801.209135600236,1236.58666327398,1044.09759870598,1270.72941597902,1800.30517054665,860.416968692456,1881.24673102758,253.337171481981,1477.3889269706,1134.97231049406,1390.00595449657,1249.76966890366,547.493996458725,212.550715578976,1023.65322032869,327.485613563872,181.447526719686,903.877836429408,160.526678166431,707.33903207678,694.748407627944,101.598052568545,1215.14537427448,772.483406442762,1623.2646933772,683.575026290659,926.464827936083,1176.65477803373,1684.37196107906,1229.7516688059,1467.76619953372,546.383758585262,1717.22501658093,1636.71366263707,764.723901771912,646.471780358869,507.152505010533,920.690292843748,1374.75833983201,1053.69862564106,1229.16954333489,935.120009562739,1723.17367174343,402.484146629258,150.721045074849,1523.70170528632,274.182592747394,1218.39234465132,1674.91775107982,939.598470933416,1435.50231160641,858.230108187881,1356.38133802984,1366.83801295218,711.834529099995,488.26692005058,1259.17770508615,1057.46351002761,267.803393289327,232.65885374354,170.007620827132,133.769753183299,1174.34604215807,423.18648551348,1395.42183737014,1009.20764457607,652.685509877233,945.37317481681,1183.08490835095,1546.4071725197,1938.37102295866,1144.33139889862,284.341876308238,955.772284026564,1473.3517059678,204.762277748901,0,937.742568086318,890.774554331736,1696.11280057593,1022.15047065161,1055.43812727316,792.701046942927,417.292617113647,406.109665284029,219.131242819562,1486.65409612866,1048.80150583516,1135.25723695094,924.672947867652,966.133301435523,1360.74486202646,176.033482036783,1040.36752631086,1233.56073523872,1123.97208910689,613.13688406086,161.678550732238,952.882825876906,337.783770060658,794.766931473668,1451.35117905396,606.400608209678
874.227655923031,1193.39541615673,469.986875882276,1354.60111193003,912.953949689998,858.328906374429,396.177320572097,522.578991790032,1054.08856894638,409.678360731902,437.4448657525,1074.29397771766,696.48544320066,788.538213869445,721.551328978782,221.294173218327,994.093265972227,252.615272267019,441.700301740138,724.01302709187,1136.29083380368,285.312289651518,1074.66861089791,739.849931900487,431.49286635008,1110.80813750425,344.873667564193,1200.23106124855,917.675558023941,1186.2865068518,980.958694271944,667.247005237233,197.435218837632,460.12177089285,1229.48640311453,405.759789140068,800.575135882405,601.643589444303,722.071396676765,1028.86828281718,1797.09399504363,908.045387194707,622.040361280578,1622.28835859637,1004.15206983492,739.282930374301,802.629874368547,1009.55885707361,882.388957131771,508.907429121042,1185.38458216652,1109.8048551992,356.305847667742,625.409014741989,455.657333225537,1063.89171051312,929.540268794821,917.764292624148,1512.10514600419,920.603514766321,1068.98038712352,441.825337043766,609.566151325122,551.268074230225,1027.11325725338,992.339913279581,1339.03662963939,1044.34243529636,1016.69448908812,932.021247786703,891.243458113384,1039.55179556894,407.572710771324,532.246323339675,81.8506809917131,516.704880907266,824.26463657407,727.585950310474,927.860911790443,761.254663876154,679.998403617447,1106.07025893365,1078.17742718644,997.663398799271,1071.11011995549,258.830638607566,1133.13159944424,497.624874565057,173.845110323869,548.44850224756,960.934492554544,373.510683447203,744.985416156238,1328.87771126735,546.516336875584,832.442998368096,302.267263755267,596.809408026986,1138.49028532432,937.742568086318,0,973.021830351449,896.658780554648,1072.09126150075,153.300353303295,754.997185281364,556.336502915927,1144.74320598108,1067.39696016111,700.407204726437,1067.50236362892,233.599139609446,648.790907625056,1044.47129624508,616.065987951501,1090.29364487967,943.802428385373,297.202675214027,260.253695617982,846.594213017543,1099.22756780612,907.969418425516,1155.75380465939,253.58939722824,891.436235066977,829.684948423046
106.357287223565,1314.03738338773,1250.60637154794,2326.40472792997,1833.93966697797,1826.49010932656,1338.02323760822,876.535929097468,2026.24841003867,1274.42434310148,1039.20854890797,2047.16407450696,342.496331780618,428.286838114897,421.71239128808,932.914817094326,851.065997993349,769.139332159477,1228.24999137959,255.77010808372,239.165543644876,688.85102891632,2046.60266463311,1419.83592316799,913.810760024028,165.598058625199,1121.40839935285,2165.18365437734,55.571667967659,2159.30529489517,1127.92758272022,1054.35969263816,1088.93194651423,1217.91558511478,361.838594336416,734.505229699362,694.409327971124,1466.02511438628,604.994996972813,1072.22190681316,1689.78046664636,1017.23538693799,362.340993783615,1430.00593366412,851.299396224287,579.613994992221,179.051889532297,1973.0628185463,207.349994687918,510.089454725445,290.568483817925,2068.0282355881,1320.40709821915,1585.85291120851,987.508884827584,2034.05956502829,1902.36113104174,126.051917474369,1488.75721180702,1307.23874958899,99.0313563868835,1221.07242498108,1486.40053609221,1511.05441189953,57.3364890575951,1964.95450546135,1097.07842843125,844.45574372438,1953.91492369829,631.775819778871,456.165077338409,2007.15282860754,1287.77845751021,1458.64332304078,946.535634860643,1018.84225519378,1762.5940321987,265.802496071625,1296.14133520792,1679.45412291,450.396382618587,1156.90533603684,1122.38239016569,1058.7367197629,946.591947463258,1038.18129720088,1310.42554267666,1433.44287262555,1142.00075012665,454.549851478371,71.255676419087,1346.46454496646,1089.59022496475,2297.009439984,671.739482466533,1077.09318632499,722.019172715121,1541.3842521135,1029.74751594773,890.774554331736,973.021830351449,0,1860.92417542854,135.307469327736,962.410055904413,218.550741099459,932.624467523622,1295.7994497822,1109.09301068128,1671.47425019945,158.268009867432,994.143557461137,1441.69127933809,84.0121255945558,1588.45776856895,886.860747795685,195.386026012016,1187.9759476118,1232.09471448151,279.110344892884,978.490571739843,125.963165576477,1226.62816546488,1065.98836540275,1838.47465976865,1334.52188330677
1758.4977643088,1785.80300112471,720.111592527574,538.087629800595,587.046774685381,297.243862301398,633.510032352995,1149.31211396343,204.562419680578,633.665527620707,946.124446216366,242.346607837222,1555.19328016805,1671.69061584321,1608.94155923445,1019.16361744943,1774.1553697919,1095.87226378549,726.692176005525,1617.61214470903,2000.24945418895,1180.4676765281,308.264792541582,1053.40372277617,1057.50952790102,1987.62807543966,796.457501492656,482.925500682811,1806.28862528432,348.908659308263,1627.89922087898,1128.01260998461,777.012427284917,756.412686310433,2078.39513536961,1257.53647927304,1623.48763985142,739.529066412719,1573.05405028196,1716.50383419995,2401.553217487,1603.3390477469,1517.60410674505,2299.50291312532,1785.25121454695,1497.46524751402,1695.65386206589,382.931982667284,1779.02876085762,1365.80305178618,2045.19793409711,475.527257406092,541.729322547233,275.367200179246,1150.97924514942,334.324291374152,204.309636941092,1813.21627099518,2115.15706707156,1426.1669507125,1958.62431587067,736.650792580268,710.823333289489,474.092849786107,1912.921414479,172.256706605276,2084.67633421054,1832.61034270059,549.823377744818,1775.06426941562,1684.48892951983,354.932349046819,759.666128195099,428.464732741032,942.832435880516,1025.24853309593,501.148249054637,1623.21531258748,1444.85763169232,580.979697535767,1503.11047199479,1765.85447894067,1749.9959849547,1686.26635793549,1824.28037176376,850.792851963081,1707.73213410153,441.091787845468,743.969986470539,1444.95291482922,1841.08889076411,537.715057803137,1177.11991574016,556.697461586131,1301.33262677192,1482.07516715578,1145.71038980829,333.04152403542,1868.31518679444,1696.11280057593,896.658780554648,1860.92417542854,0,1948.97149239898,902.675238466418,1645.32197943828,1280.0930575261,1732.75732655493,1743.85157133005,210.228549315393,1939.33460226557,888.390156334871,872.926945458054,1927.47687572508,336.352697879974,1869.47311250283,1804.3167414104,688.396737439345,637.754623055068,1741.74948658347,1843.83383559711,1783.08207560843,1789.47742929272,915.734652736102,463.943973711692,1278.84049546301
203.159196869621,1444.89139973319,1312.53141305793,2426.49681935683,1949.49233513702,1929.69682299886,1447.31455442428,914.339590078496,2120.24506396845,1347.22570068373,1091.80786425996,2142.80869947382,398.909954866095,562.841782056026,556.890471933218,1049.65626009805,979.108711297452,853.100882347192,1291.95157571416,375.46938686509,105.722443906102,792.091173738608,2146.58150628517,1550.13614795551,964.513985981712,38.7703019790587,1189.35288496441,2270.40447247773,181.174347542976,2255.86343734333,1261.49432151948,1077.16214891121,1172.63831971646,1278.31182755635,227.846283615164,860.59278458768,828.351286328413,1585.84993407069,740.212576072476,1203.51633269368,1802.50461413659,1151.11287426355,480.401445215914,1539.734157675,978.795426622167,583.756656189618,304.303858442813,2078.77835637665,340.574421664599,584.348490860209,155.6062488244,2175.91939241079,1411.84082576551,1673.62681384029,1116.58390916984,2135.92323571167,2000.67665354159,259.101436127126,1610.31240872514,1442.53850217085,122.246721972936,1284.13509771105,1605.24545659414,1617.22022749904,87.219805378843,2059.95791760141,1210.31154233691,969.316217060586,2067.00429406685,759.113024180994,425.139242629408,2110.81850564538,1404.09487900688,1538.12556401773,1052.49564837586,1060.48395409655,1874.84699626693,391.796910939657,1431.44787873505,1794.73350650341,483.63584009196,1287.18530618198,1252.93026611236,1190.82463302647,1072.87160164888,1112.09981113563,1443.07554635898,1515.44817464773,1243.86318846401,575.641622196727,112.592392358979,1444.95491945009,1103.50070726746,2400.4735862095,711.358642405724,1212.31152902433,803.512480117504,1624.29052985935,1154.75742574967,1022.15047065161,1072.09126150075,135.307469327736,1948.97149239898,0,1046.4753196488,331.640209214892,1065.52410364337,1427.8348602274,1239.75189520663,1764.94265958393,37.0684717686455,1069.71740727975,1566.60401158596,56.3428596617381,1687.94312558959,1009.98256100682,170.418822694206,1267.51362832764,1328.24558389943,413.042385554963,1104.1200669098,165.890685035309,1356.69913976708,1182.66658604372,1949.08798985608,1468.88252937089
858.429768591356,1334.59275244905,353.892605222223,1394.92462054628,1009.37568859812,914.399851957428,500.92593199302,379.513375616688,1078.54137435215,328.154767821552,284.915206366263,1103.58029229759,653.051150439629,846.367054964944,775.245227049445,365.777695925564,1104.27226787396,193.662118139115,325.657009916761,728.255819505297,1098.45026850143,313.968910123984,1117.00670355778,889.910204670618,283.53702773557,1085.09411963747,216.13051610478,1256.81537564508,908.615987484595,1217.69140416288,1118.91298362253,514.398241392925,126.55191530515,335.875820108958,1180.74342339177,509.739970705213,900.144657353444,729.215799565932,809.611767262239,1159.71458840115,1931.00925464658,1040.07904594678,635.888617249042,1746.81712649,1113.78414467221,640.094606214412,804.161801185822,1070.78856884183,903.75253961476,463.218585343361,1144.32182243801,1175.98016932022,371.497458528957,627.447697042922,601.988299423411,1112.1313259748,968.209578712091,926.277389410754,1648.60618054713,1071.49511194759,1060.96382171435,323.182720869455,733.156708168892,629.679152159443,1012.92900648996,1020.06959546937,1452.59637170052,1150.81328166129,1101.61305804636,1018.03018667132,809.583267784663,1093.75024702036,540.265107083319,497.132648140424,228.074175140401,363.47844929369,912.698310179577,739.603470100227,1078.13534456648,863.111376861106,610.671798804768,1240.02686429481,1210.74665134368,1128.95168389644,1187.24214026596,118.916833029246,1276.84265782992,471.039436969646,273.320278782808,580.46652215599,939.305686633956,427.029593848015,592.133741219192,1378.85265602055,439.741458859878,973.046151558424,243.037832675423,579.078788852595,1258.97534747215,1055.43812727316,153.300353303295,962.410055904413,902.675238466418,1046.4753196488,0,750.630964294084,694.134514138283,1287.01198511885,1199.40863318971,724.343771220731,1036.67267449417,83.4355567203762,789.499569399374,1026.27596842362,664.421755537217,1198.71868715336,902.674055871783,228.330152112303,307.313438173353,879.387585987336,1216.96668290292,880.592519716349,1292.59528225427,406.311212323238,971.847367953682,982.797871853051
128.940744837124,1210.5755828,1053.56393845874,2107.91551840922,1618.88456640359,1607.94683266604,1120.19825539548,711.075725711883,1808.7245540044,1068.52572064544,853.341143598582,1829.28162087767,199.605032159757,329.085899619771,287.536178185731,718.392671950739,773.996905068798,558.858861104519,1029.82960883486,49.3549045461949,417.641136019759,470.443577338808,1828.13836601311,1226.52895193745,732.194606898161,368.838336756124,920.21497392105,1946.78482558564,163.004911460211,1941.23564983457,1007.30325302081,903.209773701884,876.774091104992,1022.48644983161,532.632225188355,532.526575579633,581.928779151674,1254.2171634645,473.974855743634,970.07170853769,1653.49394259902,895.537736219811,148.984988290123,1406.00069849662,777.025756349606,480.291478524986,58.9467351318086,1754.70287197405,196.823302825712,315.448024604539,471.076566123711,1850.02875558311,1104.10836890157,1370.62072156045,791.786002578907,1815.51232353758,1684.08045088912,183.708764448099,1425.62432908833,1152.30122568592,314.03498192966,1023.25686545001,1273.6972071065,1292.69242072379,274.030186774691,1747.22477327878,1069.53983820598,782.897701769999,1737.58079709025,569.91819984192,431.742453641014,1788.63078824234,1073.08886697049,1247.74793429572,728.040804837041,845.373481543755,1545.8615275858,81.5908780016728,1143.78672861704,1464.20663129133,322.698140487036,1059.37310703039,1023.90936708995,951.420507668342,874.914925320131,832.870787241593,1194.88822688239,1221.19470442458,923.5167400368,244.984272999598,219.847358931855,1128.30605312662,949.298919710991,2078.48848932939,512.294524441075,932.995599349206,514.120823894242,1328.44802644767,961.386113107219,792.701046942927,754.997185281364,218.550741099459,1645.32197943828,331.640209214892,750.630964294084,0,752.424300323116,1184.91885765979,1010.20741380953,1454.23740904078,337.622730857678,787.918884337112,1236.28214973781,294.589063514339,1370.0954664918,831.063663796082,264.447025989508,977.913786815584,1014.47603519087,224.841380157152,908.825873967668,188.244934502638,1129.09581706113,851.476387709446,1621.15662134133,1162.02746454933
875.18794789903,640.918844779762,1025.35794460931,1606.94271414122,1016.30414518187,1118.23332407233,646.745851275332,989.155326664592,1377.54579836716,953.04440806523,971.232577151995,1382.91690992601,838.772413617557,543.629475506869,519.655362180636,335.897127038803,494.126557005681,652.444558018501,997.25857139197,703.382147748876,1162.54982909122,505.980720175334,1346.38410001187,496.431480357899,924.754382458335,1098.10907923491,900.661800131125,1413.95881846115,884.412700202223,1478.64860194328,425.072992214821,1173.13683052593,751.271501361115,1016.44560958612,1281.73540390021,258.346763228607,371.670310699283,637.699285646551,374.375860108468,475.89887746968,1240.88224481134,354.595240196548,613.729088151089,1073.9826158861,505.239827880663,1038.26912550672,764.066020609568,1230.29475001825,748.869522953377,730.500719290122,1216.03342760255,1300.74790935086,817.331580273028,1050.74397877805,129.220496082809,1319.09827794987,1229.07162591639,821.903646208541,955.87819570297,429.117412442322,1000.3812918985,997.765393016411,666.021944491421,816.798555080381,988.339229247128,1313.63877557615,814.623608453536,552.950146918785,1150.16820167848,532.20926149873,1107.19442069483,1279.13291927,527.94482482662,1024.98420456449,474.487755150842,1034.62585949344,979.279360062962,678.715531994435,427.441955787094,875.385056811068,904.149782141992,550.224140559064,523.264129530624,444.393346476925,548.312593523158,810.316587813116,586.225213159703,984.255593523227,600.069677298768,521.753201394685,961.7499878652,766.49056579107,1248.20990967517,1552.62221741183,908.419048086716,279.675864369054,667.88528216452,1058.41878336459,602.564375799027,417.292617113647,556.336502915927,932.624467523622,1280.0930575261,1065.52410364337,694.134514138283,752.424300323116,0,594.293989027195,512.99443122125,1070.28570434476,1080.08135487571,777.429532407827,563.480036581127,1016.62536398211,945.619729424306,589.428094223395,1015.12730566271,841.958518492976,712.93497999146,680.687153701759,571.068906607442,940.336400853371,599.523980721114,379.744374831076,1063.67504912043,411.083919810034
1280.39008233703,53.1561873737996,1608.5780561081,1928.84533209545,1302.55836600694,1503.30652134112,1128.52653601449,1576.2903519016,1777.92903897585,1525.75491177532,1565.49555159503,1771.49694896557,1331.26045268258,871.377113231337,898.266149111009,923.632179064691,462.774965977073,1241.19624613268,1581.01320027111,1138.30067434001,1533.47493847007,1085.02633818897,1710.36378041752,699.09781321596,1516.73408876583,1450.13011862025,1489.47068271951,1723.43272315437,1263.76169470086,1845.36460446719,183.43526905652,1764.810471835,1335.10804172544,1602.68988663289,1655.56824882531,826.439359395322,605.66295313643,998.288591622743,711.019678868429,225.885524742628,675.206963968502,291.955122959605,1083.17989633764,579.633963102571,466.540769405264,1574.56443717908,1170.21836842654,1569.58562648253,1088.45339038203,1272.15900974619,1582.55622848144,1606.13433940797,1356.97049803356,1550.22516060704,690.28081567647,1673.42622482326,1627.53443019325,1169.81846070462,385.328641226122,312.950323278305,1326.76114079241,1582.39379377393,1028.37679732653,1261.34890237629,1340.90100707278,1718.66060277237,490.491417428844,494.290124153053,1432.9246011062,677.284573194267,1600.74670577312,1626.335708706,992.466131319475,1564.83729096032,1063.43675479572,1628.30837974781,1314.31791790961,1103.34096354699,292.121057799027,1206.35609677332,1423.48975282857,155.412449720657,183.452357271075,237.063629179392,391.451489750803,1401.80045149436,33.197785702397,1523.07815237719,1157.88510552014,1013.6385356676,1348.76526085939,1283.81165430003,1838.99057312901,1855.3071727273,1474.56691588534,314.628971737007,1251.24335024815,1578.33913280449,340.701139132482,406.109665284029,1144.74320598108,1295.7994497822,1732.75732655493,1427.8348602274,1287.01198511885,1184.91885765979,594.293989027195,0,194.854280430543,1534.5605622991,1453.99457117061,1370.43501837472,870.387858282243,1371.91398344028,1402.42416543152,474.868334222346,1439.44511696683,1418.09541768989,1261.08590999868,1017.27603445897,372.188310556777,1352.85078476715,104.356721520467,932.459359340543,1393.8552262025,463.388736290217
1099.38605619808,205.183625396535,1537.2453898017,1991.43368611681,1367.56368784116,1538.74671029358,1118.89819471436,1456.89278630428,1810.86420893444,1465.9677328511,1468.11941026417,1808.86856529485,1167.24888244771,689.315907648004,722.695156226691,848.315768420699,268.217143622672,1128.04900252672,1509.0245591417,965.080586706104,1345.47407705572,964.45849552662,1756.11170973669,759.904028607035,1406.51375289745,1260.87347066381,1410.07561781327,1787.97188079367,1079.38845289419,1891.53366047596,121.948306919023,1652.01619232844,1263.47938684717,1527.14872014812,1467.0925447794,708.475283960013,428.355561235623,1029.97219930713,540.074216159791,42.4086278480574,731.787432906964,159.451932138408,918.900036880846,564.818140950959,271.749077528635,1421.50634403219,991.235740073168,1622.15691865934,902.092946429595,1125.9016843114,1393.78570228558,1670.4817191819,1321.07259293819,1537.89031660146,630.391735037784,1722.16298015561,1659.60364836234,983.056845048748,454.335171669399,397.981887792172,1136.25616664237,1509.22207704,1060.64786846468,1269.91935678363,1152.60696298853,1749.21135648073,364.843737574469,300.14529189103,1501.68103590702,484.733267549925,1433.38397365448,1676.96467831787,986.409774148333,1529.96461997727,985.663951334239,1522.94725367858,1363.85819368232,929.029055683928,375.737139552978,1254.67691596076,1266.13699256192,49.2586782877676,13.7374922881447,70.85607968867,199.737307075214,1317.34228038158,218.021067136759,1488.65548965747,1108.94746165367,857.524052688198,1164.31581310591,1259.79680566559,1723.75197737401,1923.52588874623,1337.68826499464,261.986926274646,1131.30735538955,1555.38220770127,167.433518297054,219.131242819562,1067.39696016111,1109.09301068128,1743.85157133005,1239.75189520663,1199.40863318971,1010.20741380953,512.99443122125,194.854280430543,0,1538.66416024141,1266.9292840349,1281.85941372028,913.039706980948,1183.60490340616,1408.17837325097,284.411395856958,1259.38725545374,1354.95295698112,1219.22181357456,832.003320378371,185.482256972159,1171.96541908564,118.920570815666,884.267070921117,1446.611753516,533.230211945301
1570.77485228704,1587.704328406,606.640411602003,672.987999567454,494.439815066227,245.282886678532,424.143483663274,1010.39189859775,355.303178046735,499.461857414342,813.700491718936,379.23955959249,1376.14262213351,1466.36810344455,1404.81718898576,811.112102270704,1564.25575065011,914.49356808161,605.737015777846,1424.28114993842,1821.42544709992,985.668656800614,399.789881112237,868.082224851366,912.902142252349,1803.70397931044,652.607215800834,557.160128642557,1616.378232291,493.376386166637,1423.93556071882,1021.44501385013,602.469479839029,639.765379065949,1905.08675293157,1050.00590086175,1413.46718580306,552.942833380063,1364.23119698369,1510.44463234271,2206.46139105277,1396.21236171281,1322.39193593427,2096.86949814862,1575.34227180314,1343.13018208794,1502.8035612939,394.344249821515,1580.64958044601,1185.72686821412,1868.01283094255,503.847370286025,353.653528731427,128.928534915274,941.11923064901,403.252672110396,250.760594248577,1618.06871507956,1918.56463799353,1231.60007266796,1768.23422458472,615.691886207328,526.303027207268,273.498854119363,1724.66323095881,295.773490512922,1876.6256897851,1622.60597941161,507.600524260932,1565.47063697249,1524.47041159442,397.368176768287,552.617559511794,306.617788264899,740.856978731724,900.75054881917,389.058852116282,1427.89004875078,1249.51905258372,437.977510721488,1333.40134877069,1561.96801587079,1545.15827448008,1479.98092780848,1615.28987052797,689.902419489537,1510.53406789574,300.430847028066,540.763151734303,1246.42833945523,1655.41525578194,332.601284968157,1079.94712474679,665.73228409878,1143.27224702584,1276.68935859735,965.508063535828,215.759963466812,1660.50559714098,1486.65409612866,700.407204726437,1671.47425019945,210.228549315393,1764.94265958393,724.343771220731,1454.23740904078,1070.28570434476,1534.5605622991,1538.66416024141,0,1757.34995347214,722.514060546908,687.435431823335,1740.64361615797,132.183102241708,1659.71081763647,1626.00701796643,527.36938876287,440.171951334005,1540.88734448856,1635.24633892469,1599.37337443799,1587.77900478019,705.73946849956,387.573062860773,1086.62965658312
208.877814661452,1471.95226911859,1295.6536371478,2421.01747198787,1951.13436861981,1925.73215232977,1446.35899934479,892.33819894787,2112.60182128442,1333.36414177244,1072.90186708245,2135.76082938863,385.435061823999,586.201176571909,576.405195974101,1052.80907250196,1007.73937442029,843.84313821542,1275.58874587238,383.538880393622,82.7386795736686,789.935557413809,2141.19117690535,1561.6038418764,945.447024096971,58.5907660380126,1174.34967767184,2267.09406719545,197.425102357487,2249.09862847191,1286.13545506682,1051.54812289074,1162.44645159851,1261.0776248114,204.671873555987,869.52743134538,852.553130435057,1590.01542146386,761.679662644988,1230.2446332953,1836.09713203677,1175.36799344203,486.510054856061,1573.84205969855,1007.69008400435,556.197476426995,316.278344503447,2075.77517395158,365.586556329767,573.573347181736,135.993882725307,2173.8114071359,1403.88444279642,1664.11677212306,1127.32765956079,2131.29012499826,1994.72358159044,284.176118160282,1641.64052096552,1462.38416844695,158.608664329213,1267.61025712846,1608.85144049991,1614.73220829178,117.694008369396,2052.71984841143,1243.66620372117,999.326739642136,2067.35796168938,787.991189863863,392.738035493622,2106.93589393684,1406.53965041007,1526.04957249208,1050.69810928849,1038.99191722764,1874.90678113603,402.932587702442,1451.72041500132,1796.32922192742,463.083800467976,1314.61602673271,1280.18299180824,1216.93108577237,1102.34127237311,1098.9888559734,1468.68770977585,1504.19755098346,1240.04549725854,582.601672631131,118.896094744193,1439.5470493441,1076.11148016325,2396.36902305229,690.566927227074,1233.5789385925,793.660335103259,1613.21359258911,1184.77071218308,1048.80150583516,1067.50236362892,158.268009867432,1939.33460226557,37.0684717686455,1036.67267449417,337.622730857678,1080.08135487571,1453.99457117061,1266.9292840349,1757.34995347214,0,1057.1984878626,1573.89370914074,88.3531615273221,1682.67258999451,1040.64016247435,145.944370452343,1255.82315424423,1322.10826051389,437.345707022006,1133.87110677287,159.831622721578,1384.26931784935,1185.56898230375,1948.33332648617,1485.42760428401
888.652031967292,1417.9771453312,283.60328561357,1395.50159088867,1044.60319924162,927.412829090564,547.804173889863,325.213403311876,1072.46858526796,280.662064644874,204.224932825176,1099.94309534825,671.763511053749,908.773911844959,836.734894204928,448.999687892524,1182.20053546769,231.999023418701,256.265505391801,769.91495600695,1114.61882353282,377.202518680396,1120.46249122612,962.860191052085,224.16605086135,1107.97221297353,143.184717308947,1267.28900043857,941.656945699198,1214.37201921354,1202.10350164016,439.879289068819,127.208491399473,261.387380511282,1190.1160552504,588.373527824482,975.731719138936,785.708119511918,882.12925025326,1242.00421610419,2013.56915268385,1122.60721758525,683.354277005333,1827.65313359372,1191.55512339297,622.652503881854,843.518237195578,1085.19502464076,951.029343592058,486.16887006357,1158.34234597628,1192.42318495926,378.025910905586,615.819426712108,685.194735890413,1118.91080899097,970.98998394978,967.560406681513,1731.56015166983,1153.72310231268,1093.14914370744,252.295559995295,787.123032685455,659.433469867891,1042.40336477926,1016.31858403659,1530.96793485474,1227.68012318361,1129.39992194007,1089.17057787232,801.96026197566,1104.01125910833,601.920342904264,468.949252253369,310.699331752643,287.595548199342,944.056264227059,784.613547214551,1160.62094290088,902.7738034237,614.737771083913,1322.74001483052,1293.27534573554,1211.32490544263,1266.53140565304,45.924488344901,1360.27632540698,448.718105853515,328.025167102608,636.395893704002,965.636992660778,450.283777587082,517.344962232932,1384.91472915796,421.750293867602,1056.43129546987,273.835126193015,557.911800677262,1339.19960605432,1135.25723695094,233.599139609446,994.143557461137,888.390156334871,1069.71740727975,83.4355567203762,787.918884337112,777.429532407827,1370.43501837472,1281.85941372028,722.514060546908,1057.1984878626,0,854.540727316522,1053.57894822556,677.106093624368,1276.03404367527,918.834019444202,200.095955819747,335.586143643572,931.756538491234,1296.60299658196,904.535170032655,1375.64479302151,483.977388380452,998.032502976111,1062.88595885608
1365.15457595803,922.765930773632,971.941720259878,1080.20125702165,463.483519816962,632.975446193071,355.533091435593,1168.44814449936,907.556215827111,856.225789097575,1049.21998817693,901.744566308327,1257.9254658995,1094.25301472534,1057.64753448658,538.635050504446,1013.78338740807,885.456863679991,951.015849198081,1191.19012820165,1653.25622947937,829.218688438587,844.260393574475,180.869542326602,1072.87181425432,1602.65552188957,905.989765157248,878.532976757168,1388.62496626049,979.711499439403,791.660999194215,1291.63197925575,751.557973820932,983.938459711439,1764.366685469,707.2414567634,932.514302804584,134.501201521549,934.979960406298,893.635595224992,1531.41236541178,795.918967466125,1087.39663331885,1446.98327399129,1024.71433848154,1368.89767041519,1263.66623301921,709.140405794089,1280.93131710086,1094.49024772223,1706.39962244394,761.678262527163,627.626674924871,733.190392702261,465.86555383404,809.464785114667,757.173561956471,1345.55841058712,1247.56450220036,558.713450194836,1521.96153440875,956.986333931488,162.184073428302,419.279245794085,1498.9927346554,848.363378415095,1273.39382627875,1074.36180495768,599.02876873199,1092.51908194365,1496.39054455766,763.979488194268,254.716771071599,805.579541880766,606.236076659815,1139.36778731747,450.818578061158,1176.21986317299,578.703893187898,341.637237428778,1279.45433753046,925.821048622893,916.484024857075,866.48337698379,1035.67427207021,859.296171048004,843.192087572553,766.659158507977,529.680169225618,991.346301765432,1455.88965551125,526.807734354403,1368.14683658164,1015.76038321334,1186.63429337456,662.453399127417,928.176994815245,784.815615748854,1059.42515714875,924.672947867652,648.790907625056,1441.69127933809,872.926945458054,1566.60401158596,789.499569399374,1236.28214973781,563.480036581127,870.387858282243,913.039706980948,687.435431823335,1573.89370914074,854.540727316522,0,1524.23026380744,557.613765615937,1099.11491635528,1480.23705852164,780.21068838674,573.300529859845,1218.73115176707,1047.08603100455,1420.01254635424,938.065872606602,418.65590344092,533.779136117439,408.96697880982
170.247240281804,1388.75865304807,1302.98568844425,2398.93812013914,1913.16683920314,1900.35535298673,1414.47204618484,914.680477464786,2095.79820937046,1332.71511188884,1086.12138310702,2117.51867721565,388.220938958486,508.259917180208,504.727354748069,1012.33875960453,922.7827391996,832.61420618751,1281.57678444304,335.295670672872,161.95008576477,761.940074655114,2119.0223897921,1503.67428805202,959.412006041918,81.8644027692512,1176.91579700531,2240.04538780253,135.614473914341,2230.12789803247,1206.08371008223,1084.16570108724,1152.77017407594,1269.41743760163,283.65449598253,817.240857885836,773.210059367782,1546.83397862632,686.53410131413,1147.46660411769,1747.76591514469,1095.87085778655,441.558379917406,1485.49649554397,922.457104835848,596.60137387046,260.611986453772,2048.10808737624,285.485859076334,567.443412709366,210.834829776745,2144.06274533085,1388.38270013811,1652.14767001279,1071.09117118912,2107.35671737174,1973.95537365881,204.232041725278,1554.29905466941,1389.54921111324,75.7219507767456,1274.04164389172,1566.84651825009,1586.17160269972,31.0139525909646,2034.97568104731,1155.3692787003,913.016321412449,2032.15712280565,702.7783912484,450.509811396138,2081.27457178751,1367.18396401321,1520.60786309365,1021.237108879,1059.50843999155,1840.44927665048,348.010819179005,1378.19743507599,1758.54232350408,483.73387594792,1230.99050520666,1196.76842630331,1134.93521400068,1016.53473955446,1096.79563217228,1387.31234167254,1496.70027762762,1214.93512169449,535.260358361037,88.3703504955742,1417.91749932855,1114.2049902302,2371.09772872702,710.247417234023,1158.52998445499,784.078871099537,1605.17424446772,1098.46152816447,966.133301435523,1044.47129624508,84.0121255945558,1927.47687572508,56.3428596617381,1026.27596842362,294.589063514339,1016.62536398211,1371.91398344028,1183.60490340616,1740.64361615797,88.3531615273221,1053.57894822556,1524.23026380744,0,1660.50108998077,953.782403666463,186.2845559805,1249.74563506311,1302.3410885792,358.168364669117,1047.79929857419,152.979776009242,1300.47943647891,1145.45498854015,1915.64810354117,1418.17765301506
1490.25391754774,1455.56509936547,615.188859450528,738.567396132853,426.354431819738,250.508445167765,299.154131335777,984.67561267718,447.787073161127,496.79577835709,798.197758125959,463.021495671551,1306.69011845607,1360.76329032366,1301.63133701014,701.696686186059,1439.71660442098,847.032195617854,608.156901411891,1337.36562589324,1749.94882432079,899.652151190076,458.641254232569,737.853757039486,883.965268640794,1726.68113655368,632.272440710393,592.397595021294,1533.00746502749,572.586157133396,1292.89359741148,1022.16655613158,551.192476786219,644.075769509982,1839.06040263434,940.814209736672,1294.7552834605,423.337353488043,1250.59457787646,1380.45628377076,2074.28731092862,1267.01512999196,1233.42446951738,1965.46018959296,1450.83861527351,1299.00812214845,1416.17211231827,408.094260621671,1486.16011650952,1116.60905395742,1798.10348362718,515.591690684528,299.340369366193,194.200899804534,816.775800969043,449.491036155523,314.221484502503,1527.96390448547,1786.38462044456,1099.49303236302,1683.73318276984,617.597370604715,397.656930070448,141.349246484435,1642.89152599785,383.984929820677,1748.35266543255,1498.5316188598,473.422368288714,1448.81629229512,1473.51646522787,429.350766629774,423.313533252056,337.160242814487,645.86441194672,889.745002556825,316.106544427399,1338.27003434336,1117.36880018382,337.185013536381,1274.26991481812,1430.91404045543,1414.50150352442,1350.1397895932,1488.37387812055,650.94510690332,1378.35855137621,314.757699567745,446.993516657458,1153.06127437135,1576.95654845464,243.142717224113,1086.64928802835,715.894886993548,1097.75771023709,1146.27819050356,898.715526966541,270.662457709238,1531.96896822158,1360.74486202646,616.065987951501,1588.45776856895,336.352697879974,1687.94312558959,664.421755537217,1370.0954664918,945.619729424306,1402.42416543152,1408.17837325097,132.183102241708,1682.67258999451,677.106093624368,557.613765615937,1660.50108998077,0,1534.63081673989,1555.93085950489,495.650369355822,361.85922977445,1442.78309845973,1507.67850319339,1523.4241556188,1456.09770004679,588.881928869882,342.271371480218,954.785186411894
897.507460253677,472.479030029715,1551.13317270847,2174.60515080352,1562.49459866129,1697.81990235324,1236.02317769726,1389.78352833894,1962.18183746617,1499.95994286152,1440.72360939278,1965.48275454426,1012.21674801657,502.897303145959,557.36680985531,889.668228190244,97.0801106279942,1085.32780050161,1522.67364860875,792.317795154492,1114.65203056654,916.881913896746,1923.26546502414,970.730291062638,1358.0945122843,1026.13668487638,1414.84669516866,1975.67306646875,866.454592810366,2057.2617747964,374.157777964021,1592.17013642494,1286.14903667765,1534.58194339014,1233.20336582721,689.3991228775,304.576167196702,1199.4779336254,413.926430802246,267.748164929043,823.177772323246,314.237250609412,774.082769334161,584.747668819432,86.5142740316633,1285.62298677767,799.369506731949,1799.12558544302,686.734962106723,1015.23243545802,1159.48268876259,1859.56776959173,1394.97582421344,1637.5818962511,718.620108122076,1893.24021491764,1812.41773932531,763.580853672941,602.170965210809,652.001084912447,897.7977822827,1520.97631440304,1229.56739543363,1403.9844161892,923.34684193114,1898.66509265234,258.808617883841,51.0276122980937,1698.03820239786,261.762296596754,1262.80294352749,1850.87936128308,1114.41805692038,1598.85934913773,1012.82165190092,1479.85653516367,1542.50956029481,754.601305537819,631.246909208946,1434.69102358667,1124.49238318839,319.459728207037,293.681937669966,277.48247523126,84.8590856081568,1317.04635284745,500.842660857028,1559.33225899891,1173.12841168249,738.306956938632,949.22086680997,1352.34719652434,1657.81947219154,2113.62777386484,1239.45198487657,447.933266371988,1075.43472342002,1640.26302054389,148.172906836873,176.033482036783,1090.29364487967,886.860747795685,1869.47311250283,1009.98256100682,1198.71868715336,831.063663796082,589.428094223395,474.868334222346,284.411395856958,1659.71081763647,1040.64016247435,1276.03404367527,1099.11491635528,953.782403666463,1534.63081673989,0,1056.84610386018,1387.43220463355,1288.56165329264,623.849527562219,103.931671479759,968.676413592525,380.117684527176,963.300683616213,1626.98430441533,766.058285870378
160.416642257022,1462.34390800252,1152.0507498248,2293.09511060614,1840.14955784437,1801.39203019856,1329.88555157204,746.403299385051,1980.83970075188,1192.85531201427,927.954456210395,2005.06146228935,249.8698339692,570.129812173481,542.496441907081,949.220518743055,1011.32920714658,711.546910040833,1132.44878236186,313.789404911367,195.944809842145,673.978068302863,2013.66864503567,1482.00214407365,800.46405902678,203.384155870201,1032.66175141381,2143.79068950892,194.318177444329,2118.83766477756,1264.61913354371,906.839385581295,1027.47953547467,1117.19980220194,287.781277602064,786.271827183132,833.840840877247,1486.84689774943,731.32540611694,1220.45417425919,1869.99758291735,1152.79607561335,402.988513977067,1613.46932828166,1012.89631565794,413.682875698332,269.360119447127,1953.34782395601,371.000261780003,440.335481925297,242.236024129029,2053.28640771293,1272.37118615828,1529.54408962321,1047.70897396193,2005.31442805357,1866.22895794114,299.49714868645,1658.30222278844,1416.61954721601,258.693910889912,1124.32862544271,1504.0228190462,1494.18377520451,198.162345073366,1921.73862796846,1278.39589630076,1011.70570230583,1952.87387998819,796.50859035009,265.488350775798,1982.56100205213,1299.11774662172,1387.70256951772,933.698367968582,893.101468589948,1759.99582491631,343.495683203896,1407.93421603826,1685.52170183325,317.73083395586,1308.16940348198,1272.96932842369,1203.8019008603,1110.092669211,959.72631682108,1451.07025300747,1367.06090847049,1117.42973665957,498.393026116077,124.23476019047,1312.95609894363,933.216632889302,2271.25801216723,544.910870408772,1195.88472280934,660.512706484481,1476.23019875052,1195.25916986887,1040.36752631086,943.802428385373,195.386026012016,1804.3167414104,170.418822694206,902.674055871783,264.447025989508,1015.12730566271,1439.44511696683,1259.38725545374,1626.00701796643,145.944370452343,918.834019444202,1480.23705852164,186.2845559805,1555.93085950489,1056.84610386018,0,1118.33715440285,1194.2823179748,433.509388453804,1143.11583144482,88.2532638197678,1378.14710665203,1080.42725352908,1831.29473220504,1425.47915315444
1083.23444604221,1468.45654798301,197.915836744428,1199.62771651626,890.211433131355,743.064612887289,435.636234708182,489.153346754306,874.13677018731,112.587984358182,306.560613356324,902.524886196702,870.505668070198,1067.18586999736,997.186563874141,507.641053047547,1291.14746613402,419.22468207727,173.636141071462,956.371120241385,1314.21058883301,538.052217932932,926.900036258037,917.409822488685,388.961595716589,1305.91555784779,141.041697521831,1078.62620190411,1134.66483890813,1016.90639878926,1262.3719007114,542.524381672243,107.085642888012,204.515748421063,1390.20731865087,702.107117899148,1097.12441288125,686.481242539132,1015.44013105682,1317.59395008325,2080.56168075677,1196.32419910569,864.149985868219,1914.07451081046,1301.24355231827,815.942253256858,1031.95745650892,901.143533042444,1131.9264232779,683.211025089619,1358.22803141314,1009.90810355915,201.211542193505,416.699161906258,729.827799365652,927.756647045849,777.517942233512,1154.42520245133,1793.08523846927,1168.8442601352,1286.78417228971,178.398522076299,680.717146980994,503.907363538614,1237.50938609398,819.015569080992,1635.40061192333,1341.54438412972,961.876758097599,1225.37805150433,999.02703724919,915.839192509117,528.242916330222,270.864769995862,375.366206411565,400.169480013445,784.433663202753,967.933598110008,1179.30206813422,759.24718334118,814.724735100448,1391.56386999831,1365.17186136667,1286.15110228125,1367.14038950735,163.279634005446,1403.57724192746,248.76260801053,270.94215586874,806.726154624597,1162.16325940294,295.012379125994,613.604469648076,1192.44651227051,616.676598401616,1111.15970714404,466.043716052916,357.960826989997,1433.04055562011,1233.56073523872,297.202675214027,1187.9759476118,688.396737439345,1267.51362832764,228.330152112303,977.913786815584,841.958518492976,1418.09541768989,1354.95295698112,527.36938876287,1255.82315424423,200.095955819747,780.21068838674,1249.74563506311,495.650369355822,1387.43220463355,1118.33715440285,0,208.167289308435,1106.44064181768,1394.78445641749,1101.95365130302,1437.65942461207,488.091354965879,829.520665163021,1057.85281745394
1132.22232760953,1312.91417247745,398.98814173608,1099.09876336533,709.02798400443,609.800143359735,228.100190668096,658.952241015628,794.249146768887,286.858442941029,499.756181678972,815.215790162695,944.906642966537,1037.56908319019,973.165526434993,402.151696806175,1191.49258641454,485.350747299749,377.718621966137,984.133070453875,1388.58567501993,545.497036037382,819.463844015388,716.537109420967,556.984030872202,1367.01184210641,342.016086987552,952.76996174163,1176.87605135208,927.821021608487,1117.44949125017,741.66845502105,209.919731055584,410.765925899689,1477.20133897132,632.345567352222,1016.51952590626,478.528690303431,952.21220449906,1184.69128815858,1932.42021593857,1064.14728695872,882.286781157796,1783.64892200845,1202.18264075213,947.1045238292,1062.68690596478,765.023062752754,1141.73133566316,754.763454612132,1436.49430822586,869.327718333075,106.904685739174,370.084650559831,589.362013312548,811.347539419319,672.615482334955,1178.00017298192,1642.71872210441,993.444655309058,1328.51077649982,383.714487277205,473.557872310544,324.424772356443,1285.70942384698,732.866315124395,1525.3494039663,1246.27047845236,795.790032984492,1159.61124904044,1116.2194534501,790.287343964299,324.03439945131,312.071247747596,306.541914773005,593.651197978513,608.867251083195,987.819342669688,1005.9365091642,568.521324037296,913.838563899954,1251.5993167464,1228.23858871098,1153.14460395482,1257.1995918822,321.288638236777,1243.59463497812,271.558720857281,115.769561450243,807.513585331353,1217.86544906902,120.230836314655,815.148151230651,1077.71536792686,746.315775246993,964.830728269099,537.06212324551,354.642434054313,1315.18785001884,1123.97208910689,260.253695617982,1232.09471448151,637.754623055068,1328.24558389943,307.313438173353,1014.47603519087,712.93497999146,1261.08590999868,1219.22181357456,440.171951334005,1322.10826051389,335.586143643572,573.300529859845,1302.3410885792,361.85922977445,1288.56165329264,1194.2823179748,208.167289308435,0,1104.01011924187,1281.88402729,1163.22110899707,1291.42768247059,334.995309402585,665.299782270148,872.649376381858
273.706327033021,1036.55535897509,1210.41425254454,2170.67333353722,1638.22298474145,1666.98506909281,1168.41790847855,909.88664608268,1889.47375514033,1206.92292518236,1030.00083305289,1905.8015459997,423.43319596025,150.287985142982,161.904589001175,750.401799098089,578.615370787311,700.481618404292,1184.63870027068,202.113554108428,518.013334449228,569.830797852766,1893.60592261804,1176.02938189382,916.360418690527,438.868113075878,1071.857920069,1996.72579049054,247.503518501168,2014.40536180958,848.820186987699,1108.22827467504,1000.48169542232,1182.5609330918,640.633704050928,523.130981345986,415.378375197921,1260.53715672265,330.455358928076,794.470250962218,1441.16192815913,738.194431451659,252.590237826069,1189.00076027251,579.847174332705,704.769621387366,180.602614828195,1804.92013416809,72.8372828982748,503.751583620155,568.627171088472,1892.86724832244,1202.87376329986,1471.93569501544,754.122689260714,1876.03920749322,1755.44518912799,153.974275452126,1224.85948445872,1034.14849178429,325.786579843252,1179.26033332645,1283.91727467276,1347.5639509229,327.436239500483,1826.20427486327,852.503501338776,578.273822983044,1764.60503872534,363.026623844696,647.689636060688,1844.41688080024,1096.79008035314,1368.97321129998,800.030811082978,1035.14626161071,1577.59682701649,169.459836468364,1022.12468013426,1486.11047683995,545.825108825174,880.208819468772,845.407171865648,780.264288815447,676.785088221515,977.67910020396,1031.52575206238,1337.93488792462,1000.20316826065,300.29875494041,332.345907672354,1208.57090432894,1159.43725397496,2132.37517582428,719.789588103832,801.410129315545,664.80156617713,1441.03749025252,761.782759080447,613.13688406086,846.594213017543,279.110344892884,1741.74948658347,413.042385554963,879.387585987336,224.841380157152,680.687153701759,1017.27603445897,832.003320378371,1540.88734448856,437.345707022006,931.756538491234,1218.73115176707,358.168364669117,1442.78309845973,623.849527562219,433.509388453804,1106.44064181768,1104.01011924187,0,709.690677764282,345.257123618253,950.102922434564,879.07334760666,1657.56260433962,1070.79832354097
982.970011012604,368.589463352648,1565.94664702342,2126.7046049224,1508.63725443185,1658.71230837524,1211.23925940639,1432.56308495232,1926.739149699,1507.28416304536,1469.80855358795,1927.95207369361,1083.0534661686,579.857908448172,627.5820247077,889.87120196367,135.724286438308,1117.79180604234,1537.45736254907,867.67734380021,1209.29548859364,949.586812030069,1881.45231212938,908.150991884561,1394.20617188488,1121.67434783451,1432.34458271855,1925.61225379157,955.211532323483,2016.26394280853,287.521369653131,1633.21215247881,1296.5125225464,1551.6505686702,1328.86371643819,708.5152772466,350.249105050382,1154.46502832597,465.920321131464,176.169678867429,756.554592205227,251.19801595217,839.715769300697,536.192120281258,131.859274468591,1351.35111566983,881.113120113994,1753.11469836114,775.350486740656,1071.01899897442,1255.14147668398,1808.73872704311,1387.17509874955,1621.1448697611,699.046606701505,1849.79395871271,1776.06013500823,853.891685416423,516.888508036502,569.643506827262,994.065242325613,1536.4353487486,1184.93265923292,1373.60734787558,1017.12430029077,1863.82374549064,243.614050322466,135.247242584183,1643.90011626564,347.306322037233,1339.74517632674,1806.20681890532,1084.76040097909,1593.77927645863,1019.52897950714,1514.63698913463,1495.19392737506,830.226355132641,548.103717471643,1386.49991318437,1191.44186708711,216.916754598381,193.399005341919,192.912079014914,34.3099190016896,1335.86375667817,399.019925980445,1553.44207840489,1167.61892488413,794.539261580176,1038.93715592333,1337.40552682845,1701.17877258809,2062.78103645774,1292.26935388636,385.616541825023,1112.48663453742,1629.38949038208,52.5619129108929,161.678550732238,1099.22756780612,978.490571739843,1843.83383559711,1104.1200669098,1216.96668290292,908.825873967668,571.068906607442,372.188310556777,185.482256972159,1635.24633892469,1133.87110677287,1296.60299658196,1047.08603100455,1047.79929857419,1507.67850319339,103.931671479759,1143.11583144482,1394.78445641749,1281.88402729,709.690677764282,0,1054.8686850089,276.270392538489,950.543124886098,1579.2038746134,693.247433956904
72.5795514488834,1375.21402575911,1150.77842733971,2261.88415575112,1792.24338819788,1766.09454412114,1286.65310928342,762.465805661571,1954.67429243677,1182.69709112159,933.180237208401,1977.4378829854,235.780123434843,482.650729319656,457.340906289152,895.178580124873,923.159722900729,687.21072191805,1129.62945688622,236.99933224107,234.280618885184,630.128745752719,1982.01175648914,1414.14810983303,806.436633083069,204.55769285302,1025.77240301393,2107.34476376281,110.026525392082,2090.60778566856,1178.8542788127,934.900537646646,1006.77869587897,1117.024018642,345.299747698186,719.237341034723,747.189340544017,1432.8773747462,646.210238586712,1133.21442729301,1782.56806226899,1067.08935800313,334.213335730445,1526.72126371457,924.688496945893,454.633470665152,184.150801152987,1915.98490935515,283.297084867022,418.743541827228,286.825587099564,2013.98010139692,1246.15463199969,1507.73913607239,979.36467919116,1971.83789774886,1835.78880319541,214.10918209961,1570.06640969821,1336.10398712484,211.165010331591,1121.99869997446,1451.26036905444,1454.90309730552,150.80583653829,1894.51538838745,1191.31408652958,923.469094983408,1907.93535792208,708.26229211008,333.066337568482,1947.28568039128,1248.21619201384,1372.65584122911,890.902577958495,906.891319924569,1715.40842866671,263.164765649126,1326.88100181025,1637.43829512951,332.218350934131,1220.67961433581,1185.52644732019,1116.89483888155,1021.85784810493,947.20759368346,1364.87751329358,1349.73887788047,1080.34516917883,430.715371952865,66.0042172149076,1280.33697133185,967.643371151098,2236.77708764367,557.807628073322,1113.10992723838,637.647063325442,1458.53633140356,1107.00740809279,952.882825876906,907.969418425516,125.963165576477,1783.08207560843,165.890685035309,880.592519716349,188.244934502638,940.336400853371,1352.85078476715,1171.96541908564,1599.37337443799,159.831622721578,904.535170032655,1420.01254635424,152.979776009242,1523.4241556188,968.676413592525,88.2532638197678,1101.95365130302,1163.22110899707,345.257123618253,1054.8686850089,0,1290.66211594231,1027.65621131886,1788.63711577981,1349.39732613248
1218.0851369447,92.4436854476848,1624.0256036322,2006.97864760443,1380.62428393876,1570.09297531251,1174.25255901482,1562.94189728829,1844.13452088311,1547.35233140748,1565.86343904018,1839.52947507653,1285.13208667423,808.03410968986,841.572956661923,934.86000220466,380.501951251255,1231.30306974309,1596.04950805219,1083.89433420846,1462.41137786215,1070.05323985558,1781.70360626602,773.00583085744,1509.16036941335,1377.24023516183,1500.18576941205,1802.04980149984,1197.56918888443,1917.05692275085,175.28935077798,1755.91540192734,1349.83691325804,1615.77910699517,1583.76833899468,812.190794690868,547.20535983072,1062.00344808754,658.443953669417,159.458583320829,642.94901097924,260.106854693393,1036.67855909295,510.542902719541,382.65178679415,1537.45099329044,1110.10381564051,1643.40264072255,1019.85436132727,1239.94272917692,1510.34579232856,1684.51446688989,1390.60814977969,1595.83789489215,708.13734256121,1745.90000565858,1693.1430920842,1100.64149300923,356.358252949473,390.581611278503,1251.92905971912,1596.77412067551,1092.47100239295,1315.91468065197,1269.50443868835,1783.77999338311,387.792098950754,404.683519393997,1512.6527030721,599.577253859743,1551.79671507935,1699.4833564814,1039.28511310319,1599.46120476393,1073.92159998359,1623.90874093694,1386.42404004939,1047.89192982114,368.467145444692,1277.69078242224,1382.89683227497,69.9828406037083,105.256076916931,181.929979348274,299.204378756035,1409.45389580887,136.350006075229,1557.84413745564,1184.24668366857,973.651895449461,1282.4487091474,1323.1455538716,1828.60561162072,1935.44168489369,1449.30940425383,327.193204960024,1237.05069592108,1618.89467648289,240.180810892106,337.783770060658,1155.75380465939,1226.62816546488,1789.47742929272,1356.69913976708,1292.59528225427,1129.09581706113,599.523980721114,104.356721520467,118.920570815666,1587.77900478019,1384.26931784935,1375.64479302151,938.065872606602,1300.47943647891,1456.09770004679,380.117684527176,1378.14710665203,1437.65942461207,1291.42768247059,950.102922434564,276.270392538489,1290.66211594231,0,958.218116783715,1467.41273118452,538.235892037408
979.508063008226,983.529619669527,682.862291771272,1296.30541307441,767.967215205853,793.678319132695,295.543864450425,772.733577011345,1033.87968534161,593.77680632244,688.107359937613,1044.91841060531,848.47140049951,781.517390394599,727.910689658751,133.116314414837,866.627122374497,469.85930642576,656.283978572829,810.421026529808,1261.8975999357,414.603596107383,1022.67938494986,488.843708836584,684.226996446928,1220.1980339168,576.587898737632,1118.21326895895,1011.03701148131,1148.71979368908,783.660551385544,920.669240762196,415.480110365698,681.51916822815,1367.56734645974,359.777057774795,707.753016732369,406.528965801419,662.084132724294,849.708486746792,1600.37641738578,729.244413133773,703.949770663508,1448.65385104809,877.543675001727,950.453553928584,887.201617685421,926.839277527839,931.254357014415,678.468321502927,1314.06130664721,1013.79676795856,438.06061773213,674.480825039151,254.483434281259,1001.98917520498,891.442763696912,984.795085339278,1311.28409002873,682.598948362337,1154.07850735672,658.869225093477,423.77239972958,475.784627990853,1122.96866999692,969.620687299865,1194.15259682253,923.358341959884,889.536449795669,860.26745004521,1079.43150857428,968.134634995685,221.790157082099,646.411896132525,193.35572020836,769.693728325642,700.044764725803,802.126500219079,692.22788656784,613.59059511613,862.584891798906,917.035503860054,893.352332434668,818.165988995412,927.051944355644,502.895015113253,916.832831098229,605.383116619983,226.076637568152,611.979881561105,1070.24690373654,389.095515768285,998.409252085052,1254.54531619264,770.819113026892,631.134773165148,510.702622047496,678.868937978175,982.245817725968,794.766931473668,253.58939722824,1065.98836540275,915.734652736102,1182.66658604372,406.311212323238,851.476387709446,379.744374831076,932.459359340543,884.267070921117,705.73946849956,1185.56898230375,483.977388380452,418.65590344092,1145.45498854015,588.881928869882,963.300683616213,1080.42725352908,488.091354965879,334.995309402585,879.07334760666,950.543124886098,1027.65621131886,958.218116783715,0,778.939151019418,580.957916938997
1746.94484754742,1445.13049397087,957.460083306208,547.739972571739,124.109198050813,166.928945523527,501.985795718825,1315.20113503947,409.439332594944,838.695104010974,1135.21247017455,392.115560910864,1586.44563045361,1553.75420916953,1504.16274130357,909.950442130767,1538.67779566974,1139.39826919144,950.192332688923,1582.91049653946,2020.76735856362,1158.76760055439,318.852380697997,695.05380198883,1213.45100839095,1987.34165523453,968.89610123836,350.367922222844,1783.05793630904,452.501696721969,1325.05789622717,1363.05516552451,870.843759818041,986.184135807409,2118.39909931776,1135.59357955009,1434.26269234376,428.295146119298,1415.76600541135,1427.40675886501,2038.14688662372,1328.32974806241,1476.47169505317,1973.2130674586,1549.75372536977,1611.93814184704,1660.88670181002,175.992424627859,1710.17295102136,1400.18807999728,2071.23003210727,237.935224739413,628.685780721865,508.449830462691,945.646826407474,280.015373289108,277.794264636716,1762.52733137215,1761.51043555421,1081.01035224235,1929.19246574273,959.570889002118,398.804739892037,342.705021361294,1894.84572529587,362.795878040682,1807.11043720756,1599.30141783796,132.36365530979,1594.44693266893,1777.29804170775,232.497113692286,561.490040680468,673.859031647529,898.079567340917,1227.85728228729,84.6373319413649,1577.49979490514,1102.20659337351,192.705135189687,1569.81749325739,1458.31611502386,1449.84685360783,1400.15671482283,1566.55856581562,977.299682300686,1364.8863308778,655.234975460639,718.218392534836,1387.48672862955,1836.59001283273,547.825578009289,1428.41357196891,489.020249598561,1411.43443622916,1195.63335351207,1190.62775046383,594.724556629153,1592.7936158011,1451.35117905396,891.436235066977,1838.47465976865,463.943973711692,1949.08798985608,971.847367953682,1621.15662134133,1063.67504912043,1393.8552262025,1446.611753516,387.573062860773,1948.33332648617,998.032502976111,533.779136117439,1915.64810354117,342.271371480218,1626.98430441533,1831.29473220504,829.520665163021,665.299782270148,1657.56260433962,1579.2038746134,1788.63711577981,1467.41273118452,778.939151019418,0,930.822011281427
1282.94088953118,515.180360338802,1255.5345895321,1468.75981811191,842.388461381163,1040.95238508049,701.807493905292,1330.96536927329,1315.62239551782,1155.42060206481,1267.02422179104,1308.50703371527,1247.79229713226,924.808538254149,914.481573761761,630.436019720587,697.148231676159,1001.92229670458,1230.16053585201,1112.80413817437,1568.1322761228,882.060055892553,1246.98987015417,235.798929796129,1251.02686162448,1500.01486448834,1156.54990236282,1263.81556735184,1288.5033312897,1382.0295503166,412.575723907339,1494.20320250057,994.824104815706,1257.65736512927,1688.50884548652,659.764560111974,693.617648498195,539.898187321581,744.208527531186,523.194327712665,1123.093694754,452.14041534237,1024.73474261623,1042.41368743918,706.873075004869,1432.71612702519,1170.7235151275,1106.6847272797,1141.90950570706,1127.84692707066,1621.3722116664,1146.27857603662,955.689737314204,1116.07576602605,415.405784997094,1210.18697153209,1165.65968218224,1218.72575742442,838.603369463702,150.479082133837,1395.72841097778,1233.67733268217,569.346042194686,813.603936715799,1389.00404759063,1256.96846212238,897.957504589684,754.223875468912,974.6145096135,837.701931938247,1514.14197978243,1163.2411817405,567.685873111486,1156.13200511517,757.331269040204,1345.37118657334,850.968836144798,1086.7388450751,171.403654649009,742.969615069434,1306.90911767691,536.401131245165,533.7909635778,501.265215164289,690.23709075826,1083.64173725278,435.187396653965,1114.80175176202,786.950563433298,932.75582302881,1367.91207232297,869.064594971746,1571.73312605559,1397.39561234092,1284.93933245414,322.100388735152,1029.24327719209,1154.8671885378,693.701079932365,606.400608209678,829.684948423046,1334.52188330677,1278.84049546301,1468.88252937089,982.797871853051,1162.02746454933,411.083919810034,463.388736290217,533.230211945301,1086.62965658312,1485.42760428401,1062.88595885608,408.96697880982,1418.17765301506,954.785186411894,766.058285870378,1425.47915315444,1057.85281745394,872.649376381858,1070.79832354097,693.247433956904,1349.39732613248,538.235892037408,580.957916938997,930.822011281427,0
