0,637.029170796676,758.535577956634,2795.37576798966,1929.44424605466,677.051304539972,402.748265528602,2820.21141196944,646.434278708451,1420.49232397078,862.399513058197,3114.53593855737,913.084853804022,831.960973312473,1498.98603471249,857.935969866604,721.011443570207,1643.80663536185,958.589837135518,1803.95538041114,2244.808976143,1138.1693666864,725.537828635667,1169.22411985366,3368.47959509652,1159.46539273648,2513.78343360446,466.069374088825,3126.8366885577,2997.48291709032,2995.1142699114,1195.98260416101,898.052305643729,800.356788317333,1124.88281545033,1586.83730737741,6435.00617497503,2454.38793298507,844.87086815205,1145.70572685773,2940.70817401083,919.061866034403,705.891614321576,4217.07800239043,971.340113649763,172.552001031164,2278.06852762844,2739.00453355665,2963.13397263323,250.94513591782,1716.36837880261,602.969918066039,6158.52136850267,790.62675662941,2995.91745516487,371.990363963418,3020.25930222636,1231.24978183951,183.872305822237,2887.15015802538,1272.60523605525,556.980491625677,922.997377265333,1051.40420453306,569.02286076497,962.383338078548,792.610283717321,807.416161554292,1359.38837320834,1092.22593447704,2165.87597186754,250.243181122404,1378.85844363621,348.887218068429,829.478603902418,782.267314428849,2665.4923229043,2801.53268225366,458.743742294085,1404.14649149102,3018.01978112622,4434.61343291531,163.543303821526,869.989681940912,1229.4356713655,993.475234803193,1490.58001539986,577.144994527768,953.151602852112,874.343127341166,1225.49962829239,510.199427277271,1273.56842289996,473.574548957105,1439.47151873622,180.078707911528,514.726146044569,1359.67030420352,2652.3933532359,1473.3975041959,1735.77637861497,917.428335242469,325.440062765528,1504.35462945982,369.749630419131,162.061356209577,4752.39725840797,3385.24463744834,2799.00525280792,1072.81994896428,2570.43382349118,1793.89783404122,998.148925492747,377.2254681279,419.318579783722,2145.55020000242
637.029170796676,0,1059.9103030367,3367.69646554549,2563.03268470419,694.017428501371,899.70154572487,3114.67900849547,1169.86860062025,1787.24990519698,1415.67705263912,3621.00511030732,1547.96339775098,1314.91085079421,1916.18504256814,1423.22441860569,1203.20005918726,2257.31829221257,1542.59158914118,2410.52726264741,2594.50080956459,1500.43145365363,1353.23932734225,1637.39978657156,3590.55031924326,1497.38653611384,3146.94861470055,1074.78360978504,3421.08217156132,3523.31147931922,3586.72402885446,1757.63234239198,1386.5237984497,1363.65902355762,1194.25796394156,2218.070160079,6555.82521999977,2906.23687428027,493.006384563011,1443.30837806113,3261.73322255327,1353.35714900704,1255.20818902967,4430.74104068209,1375.11671268385,777.502769237018,2718.24078741715,3301.97309663317,3523.1138513621,608.785034565835,2048.81666451604,1082.84076206708,6212.66476097008,659.189695110103,3267.20451976317,996.661092589224,3577.72642829222,1783.87751789139,819.589286261594,3141.20793879998,1909.60556754528,1170.76876151457,1383.38768989918,1448.80190540304,837.20691833357,1506.30772318732,1108.44600795319,1393.31601278585,1967.28704866261,828.61746033871,2782.5490445341,702.665318203089,1707.64275866145,786.077430693384,1389.57385450075,1333.30145950493,3279.18518600346,3396.80786834154,986.724163211576,1887.52955863084,3581.66558636685,4633.65432245009,473.485901188136,318.643931926333,1831.30475614132,736.443284023965,1013.72972486961,1113.69192731117,1199.07706145435,681.171863066389,1687.1393162435,672.609341920933,1721.53930358419,530.177227510326,2001.26866312096,731.274440970952,1103.14999860605,1926.87287013528,3259.49557166278,2008.70478045927,2120.05664519998,802.509676728795,854.256350687282,2121.36420162164,584.718676017285,703.104671301951,4912.3449216579,3654.85026562602,3345.80202571194,1489.97232711705,2953.17499134361,2414.28172060747,965.396364392844,439.187349785851,1056.22063690285,2323.54389696179
758.535577956634,1059.9103030367,0,3131.63851169469,1871.88639257521,435.599336711716,1107.79275900812,3491.43075797218,411.662960200348,2092.21623123237,594.914148061024,3568.93714856496,1026.65635761925,391.200012461883,2129.24832076452,1381.20211067061,1374.85100288089,1462.9871747305,762.319807983869,1576.52465202739,2893.98045845139,440.625709034679,1091.91188242161,1779.05650718341,4069.87127454763,1862.42358364207,2600.19205658682,622.489618171165,3792.89532080118,3423.26763950855,3270.27248131867,872.516365478259,446.993159819909,1338.76254249984,468.462550643686,1533.32818249974,7159.73712286244,3004.20663525895,839.690350643858,399.426839074887,3592.78912825363,347.079130059768,1286.91738437555,4914.55398894434,1652.12269624136,639.919952662283,2847.50459391973,3099.87541155285,3322.33280857485,1007.01170841961,2394.97962271819,1278.98790469991,6902.9606384536,589.622170320702,3677.41185517212,674.943018720496,3383.06516880435,1719.98177983053,777.884964938923,3579.37814358125,1370.19341706893,1044.00599673097,1567.22842213982,399.872077060816,225.902534606596,635.349962945532,1527.94147936875,670.374187823462,1183.17624312142,828.833554255152,2385.90552233137,1003.81314782593,2074.40040273031,410.657811094426,595.687848428201,541.238734537746,2872.61886029357,3072.52188593421,421.810537948358,1975.90226441987,3366.92415497754,5137.27979863264,799.28414108951,1067.36820580729,1045.51657410205,1678.49244808038,2069.64237641582,431.52796721529,198.373214504721,668.773685129234,665.009854818943,387.420067356841,686.543481107747,530.174706227828,1886.7244050196,914.123601143494,1081.27265979842,1030.71164383564,2887.73818324465,1966.45988450707,2379.15340643571,584.915537068687,476.857305794503,1356.89255984861,495.369368084102,599.006808517001,5469.51931752598,4062.0849492924,3192.26883449122,449.5763588631,3184.51278436077,1638.2248645328,510.740167715876,1077.90800508819,797.296356414561,2878.90483644021
2795.37576798966,3367.69646554549,3131.63851169469,0,1632.9345201969,3369.8963320606,2468.03063135437,1825.36270391329,2720.01465398812,1834.30884271546,2582.08280921539,669.998969996126,2105.62489998856,2794.73164066945,1642.18681385157,1947.51774963812,2173.96883668072,2035.14700648741,2431.26015533842,2086.09720469716,1547.58846096304,3115.40380140553,2103.11390742576,1783.92238134173,2367.05736249172,2070.78963418545,1004.46094352877,2554.09527326227,1918.05404472897,474.787650513142,309.187436160623,2480.28330948112,2776.26070771825,2006.95976175464,3594.70831241675,1803.45663592762,5052.54364207609,988.91777205647,3635.35020125536,3254.195381805,1723.60223885111,2913.4394057994,2113.36006530566,2903.14534163993,2075.40594194474,2736.1174039617,1108.69124684757,112.667419362056,206.192125245478,2758.95530854751,1780.54019046202,2289.85735161559,5096.22681980462,3525.73813852455,1984.8479690646,2556.16385101754,266.596766983579,1584.02223429366,2624.25904809301,2033.16943547364,1789.16426452278,2242.0464243739,2018.18551791463,3015.84197131259,3122.41188473774,2594.22150375864,2362.54644030123,2476.21319456718,2159.27873832271,3835.84971111216,809.441434176989,2666.16953822519,1959.71771157007,2914.1440887168,2566.71130066872,2609.89683879847,541.839734652446,268.472749645437,2757.28334004533,1543.94018309591,236.999177528989,3120.43286908819,2940.00773400378,3651.153462493,2243.9248291297,3168.48517272256,3731.77780471694,2705.6404735479,3274.14886671017,3619.13850342564,2864.43229173921,3190.06455841922,2913.6262047598,3226.82641145955,1366.44892365707,2652.67286503669,2283.00473627089,2429.41086793229,443.01935767385,1369.79006185748,1597.13648870406,3614.27987685585,2794.99907116025,2031.42321317687,3100.72431973635,2830.47944988867,3525.50808162036,2148.97387447889,248.065257573877,2971.29931592481,1352.9102486149,1921.5768284644,3614.81248282293,2938.72601992681,2442.32273559666,2235.27854531771
1929.44424605466,2563.03268470419,1871.88639257521,1632.9345201969,0,2244.20182745899,1821.10167038156,2922.85252507828,1507.18043282406,1985.03044176408,1280.10152023125,2260.97216487603,1016.49227972559,1481.57601031922,1847.83035649989,1421.20493984716,1711.42846980814,452.518778180043,1114.09481154156,457.201260815085,2373.87974238604,1685.15686012798,1273.02736300927,1656.56933281364,3560.92444328581,2009.487005878,782.841599184278,1497.88304735618,3144.28961238659,2070.32904322521,1634.86557957046,1029.07518110462,1433.04996629302,1458.6081756827,2272.51017242549,349.44217862644,6539.2542668201,2092.44260953914,2614.3026155095,1839.1632435544,2917.59153436535,1559.16509609841,1551.26672434564,4280.13686550993,1845.19105201417,1787.01432366181,2047.35538861341,1659.97447298797,1838.01733952633,2046.57446911115,2177.63664440009,1760.01397812191,6483.69254773414,2414.45894570624,3123.76512194507,1567.04011510881,1896.5989541551,1325.51283043039,1752.10795424055,3099.84714652961,677.726016934258,1469.705088294,1710.75981669744,1610.78018707471,1964.32188076314,1238.68381224201,2024.2511801684,1234.07205055159,693.090911982312,2692.04773027368,844.066913535742,1954.81007179035,2077.05594684015,1846.96698404583,1285.81107214316,1345.00644535923,1181.77330295119,1458.0981688434,1639.30344790055,1600.01680473985,1854.51406030067,4511.47611123434,2091.90279124574,2747.86146311298,827.052205736433,2754.48980602319,3332.63994321682,1532.41646617641,1946.56582484056,2505.76920705507,1385.38591122186,2096.2828491816,1419.65307969966,2193.6675712629,1238.67912198989,1881.15540706314,1572.14160676075,913.179944973399,1241.5033425323,1375.10424876855,2023.22731489373,2447.47433074543,1744.46374839601,520.923245358214,2074.65731448717,1868.11381642929,4907.42851973893,3422.44098977284,1806.50285712862,1554.70227525589,2445.74825715124,299.800962479865,2381.00581427641,2246.76651728544,1512.16608175529,2818.0986660115
677.051304539972,694.017428501371,435.599336711716,3369.8963320606,2244.20182745899,0,1079.66222390138,3495.97043837009,737.03837904074,2097.49403009297,971.723157228195,3745.1306814418,1309.41287868726,796.74057146621,2173.28385144388,1490.51044016321,1394.22175194625,1859.59135622332,1133.30187918138,1985.44343140616,2921.80935346262,856.498019283658,1269.09090795626,1837.63966238359,4036.18507739641,1833.64833982004,2937.22615701676,820.945987473757,3802.91804826877,3615.63823075749,3538.44359624298,1283.98287493709,861.876068948858,1437.51858589458,513.185570401248,1897.44004950468,7084.02831818807,3114.96015890148,404.326148402051,771.853882799608,3617.70524538474,779.046782355231,1357.14260556141,4884.96369689221,1648.39008530832,658.315340869098,2943.16189713261,3325.49995777044,3550.29114642004,874.85150670315,2392.63606032775,1278.54909572401,6783.72735457561,170.298221471311,3669.88787417474,814.395402590714,3609.53126181419,1858.53992113735,794.586153336772,3558.77473907403,1678.30668786894,1156.0611954848,1596.4238391137,832.245705758899,279.953647712612,1034.21540961667,1457.09942151468,1010.95949331972,1571.13557327659,468.863781328586,2669.58722311706,914.302991682697,2053.59913838016,455.813301860536,961.092192703667,901.021578196865,3166.92974229634,3341.12047406687,629.079644384329,2064.56306640063,3600.41058012446,5100.10739593729,622.138477977032,639.813227750257,1430.22759112078,1392.38702155283,1702.86193253351,716.959033338265,523.389145970295,263.017446861013,1100.55118472615,182.049398731247,1120.65791816639,222.165907165096,2052.32384195471,857.091629263035,1151.29007241094,1448.30372999481,3170.39232980577,2106.64103979906,2412.106248722,248.980370534037,574.906341931295,1742.62528555299,307.445739813321,571.199397740286,5409.59203069382,4059.63773397227,3401.43859506736,884.087294294504,3244.94680011849,2032.21996170008,327.996865966599,861.546270474903,931.893969365609,2797.78495542069
402.748265528602,899.70154572487,1107.79275900812,2468.03063135437,1821.10167038156,1079.66222390138,0,2419.84418125955,872.314892099147,1018.37770693381,1017.05232753386,2743.24583366898,848.19301988077,1067.41751584657,1097.78890958321,525.754543980957,324.232108135585,1623.18981743233,1052.47662520433,1794.70988094014,1842.14879978133,1427.88666323684,548.315609589302,774.965072612681,2975.98081134431,763.44795159743,2304.36651030367,606.035107231718,2726.00054220677,2635.86210991996,2689.00632732051,1303.44008940005,1120.344186225,466.456429027158,1512.25641497392,1503.65406820329,6054.97257685977,2062.60324722944,1218.92995653324,1466.84774810831,2538.46782687491,1182.54886770085,356.288743090199,3823.8024721316,569.025090448905,469.046973824723,1883.14537677897,2403.07374402053,2624.82764104974,290.926310501263,1315.71252519273,202.607661759581,5795.86027835182,1190.71383980092,2597.52739229808,500.802557528829,2679.95564671039,884.477766971832,330.385369028575,2491.27656090328,1143.41054845149,353.055753378942,524.009364192323,1327.02765607949,947.669137393289,1117.0182534021,423.649586395856,918.119674853709,1367.95803993125,1487.71994789056,1904.33203091147,200.0206507408,981.13334102422,706.706990893989,979.140070691617,951.647249316825,2395.039742224,2500.4590275615,723.512333341259,1016.88306295341,2682.83439481215,4043.24634349707,501.084042435878,1188.98951065877,1261.26689579305,936.653067851491,1511.6154732866,803.052519514675,1306.16583837904,1271.885357924,1440.83088458943,910.167198560032,1496.70027035047,874.622125381786,1101.58500430304,223.182285570308,249.129224400943,1446.74945667943,2369.69949352717,1113.58219958861,1333.14552411572,1319.83111066699,632.073131072383,1480.06710682109,772.239226471234,528.78854837314,4367.5487811041,2986.25643407739,2450.41733033579,1333.79344884376,2168.64587821211,1747.26271786554,1399.0075254056,479.044889175253,433.764414685743,1771.12786507476
2820.21141196944,3114.67900849547,3491.43075797218,1825.36270391329,2922.85252507828,3495.97043837009,2419.84418125955,0,3155.60272387387,1403.6921631275,3168.04076684093,1379.62801035546,2701.79501455453,3321.39733210926,1368.40645322181,2135.2236558257,2121.29139715808,3134.68797967053,3090.73832352777,3267.98500089538,609.647426724411,3709.89553608361,2463.08013848194,1719.21937696036,641.235021203359,1662.88149432718,2647.97033819846,2887.80670395895,307.891068048677,1481.03430418072,2116.91379811879,3274.87201131851,3345.28238247655,2167.75898285052,3925.00597191773,2875.71663728371,3725.99483947752,884.679544597307,3562.26642414916,3794.49862994522,193.31922468956,3455.52134753688,2206.43978437939,1440.34382018375,1851.99038802685,2876.35148668344,879.207946632797,1716.19714242109,1766.58980111794,2633.10278518054,1104.13231866227,2227.39137338446,3585.54671478011,3592.4189529203,203.402555297789,2818.94071133589,1766.55370880598,1872.45198007359,2732.34620932976,207.881422435178,2613.87430497779,2456.13856830934,1924.9176159487,3598.31122085115,3359.77312768923,3237.11509016978,2047.73730006411,3038.05979283043,3081.86696073123,3870.44973760434,2194.44656045831,2582.90945440747,1442.71008211939,3114.82750192326,3134.8783927251,3144.22442989259,2285.10666602424,2081.87822233658,3073.18994814831,1561.34973567783,1824.90407107762,1670.41921063124,2886.12125417428,3431.98217145712,3082.17517793274,2543.46978513184,2918.52221620891,3102.37072240218,3685.36799408687,3664.94617597618,3591.17126046189,3329.7284458397,3651.84155575534,3283.33072060133,1807.25553936242,2640.32700772921,2410.26846979511,3323.48210500808,2182.91783973198,1675.76869343253,1116.4296520358,3729.60146389673,3021.83664861347,3048.83055363104,3189.5581769565,2946.24508705966,2038.21861860484,571.07934687261,1587.71133282505,3581.18599644301,497.800084195186,3115.59987419297,3818.29307571725,2712.53940418236,2700.11995857308,887.81883743548
646.434278708451,1169.86860062025,411.662960200348,2720.01465398812,1507.18043282406,737.03837904074,872.314892099147,3155.60272387387,0,1774.98815701345,249.654771506051,3164.05602422309,615.086314840053,195.629802550361,1787.19688547258,1022.13898976922,1076.1834816718,1131.8450948534,399.894382607646,1268.5865938533,2550.34152090941,567.356124250376,708.093276631371,1436.55768403657,3752.77684549686,1575.70041420165,2209.65310029658,277.594149883446,3451.86254201773,3015.66186715493,2859.99547783023,589.225123823885,254.800363147825,987.843577564854,876.776733054821,1160.54836286365,6856.12261961303,2620.4678255735,1114.62210492845,638.897318938247,3244.96635230867,313.970013620086,957.406213691366,4590.29017413349,1355.55460353869,476.600538618995,2470.84602841393,2688.77713653457,2911.01067311906,882.044201533424,2076.32973954589,1002.62740428257,6630.56987161499,907.316239449836,3347.19206019569,373.168235255061,2971.79878664089,1337.15507144495,565.345188543153,3257.79569672976,964.355627451372,703.370538217234,1251.18074435242,460.537735337493,457.250616093202,336.450492009264,1290.49766894764,274.745413277866,840.276043340839,1190.94386680055,1977.00429888693,839.511079560837,1775.30306509965,384.364149067626,230.175473362678,170.028590333956,2466.42867054753,2662.17862559684,191.030895969349,1612.24408053539,2955.37411364537,4816.59505005898,764.576349435012,1281.41676054292,699.062844410975,1639.88738267656,2119.79987680935,71.2477771935734,567.735538708924,998.982878569053,583.038280311008,594.875634760065,634.509326707026,708.078566712306,1491.3541562301,737.168071159521,768.16474965527,758.880044497981,2479.20226547587,1579.50490866005,2039.17915284701,948.424972785235,330.269431172759,1009.41227311035,603.945041722483,502.584613715034,5161.66179632359,3726.40208888975,2782.59205552242,462.169166737064,2821.46481620648,1301.67370928964,909.217165856749,1022.29794227047,470.652275183131,2606.63411083805
1420.49232397078,1787.24990519698,2092.21623123237,1834.30884271546,1985.03044176408,2097.49403009297,1018.37770693381,1403.6921631275,1774.98815701345,0,1822.17282093927,1902.01909933135,1408.16786650552,1951.78784333882,194.22824378607,782.072872062036,718.407345951801,2024.41426803913,1774.56834386448,2187.7940756949,825.85439653606,2339.1181851048,1116.66198475844,372.110146931144,1980.13192417465,290.937303266748,2105.7314498785,1500.87220843486,1708.75714009055,1843.60236100582,2119.00923983226,1991.74344966914,1984.26518217612,800.279289553436,2521.47270798932,1798.2426802983,5081.1864987223,1140.68532664826,2197.05478466088,2411.16217966431,1520.2163325321,2083.40678897158,817.58392512312,2822.7058976812,449.372720551873,1472.69223849026,947.611800265811,1739.51665835185,1933.5459039933,1249.36659551207,302.879202857748,823.853456839221,4866.88631097277,2202.00173981182,1585.97313164609,1424.34864558702,1976.65902569821,666.989439522087,1328.70132215216,1487.58574110525,1450.09426385797,1071.76185089922,526.17492867206,2229.0867900639,1956.13449191549,1903.25488010403,679.785802781537,1694.87771995146,1880.69568443347,2490.05541363764,1601.24846321015,1189.83561600907,126.221348980071,1711.28805262747,1786.29090916139,1785.94717422403,1983.94503768352,1966.44678051092,1677.56363234641,396.582993796848,2000.26886345392,3046.50609724862,1497.89202212957,2104.47441357272,1839.78414288885,1382.2963626849,1914.1386509323,1717.08269113847,2287.82914702547,2278.88155466952,2259.96422278315,1928.42927182033,2320.68536276809,1888.75690630938,761.060087127475,1240.42114873594,1014.2350776046,2077.88679612033,1917.96102562781,640.73164360724,332.937479888858,2335.25866937267,1619.82131583046,1904.50845593681,1790.23942010855,1542.95716275741,3386.91777194234,1972.54707252424,1728.16126158585,2218.79972269188,1168.85753730889,2069.2026640104,2417.3105457509,1358.25036471929,1309.43692006527,884.316104017504
862.399513058197,1415.67705263912,594.914148061024,2582.08280921539,1280.10152023125,971.723157228195,1017.05232753386,3168.04076684093,249.654771506051,1822.17282093927,0,3064.32788563704,501.27087926947,215.404464277052,1807.30383828733,1043.34166288676,1161.99467473874,888.419314025724,167.406247054993,1020.74019678609,2558.65423858993,561.483136155192,708.87381820779,1463.95355816045,3781.17891187119,1655.24001117379,2006.14254631694,419.777511165047,3456.76193707433,2906.4524700027,2700.68696247183,342.043891202045,196.868056590799,1021.89841254406,1028.15601198489,938.954953716259,6887.66957199455,2571.83430003361,1358.34032775348,682.036343491267,3243.18494066651,332.411603230233,1018.79783112284,4608.11887936817,1432.54201629078,689.874789936233,2435.29471138684,2559.85666463032,2778.60682407317,1080.91119600905,2117.1162317711,1110.93174929602,6688.97065128179,1141.01015099242,3364.47339233106,529.25925298785,2839.9405356835,1308.28421680453,748.09462077513,3284.50733319714,796.495348430999,771.025721460951,1313.28403750649,451.74376101559,692.837236389201,101.818260382615,1415.27173419573,130.035005731568,599.456900389089,1412.20014258726,1813.0796036253,1024.27039334117,1839.70803782629,632.350462543031,38.1943636391564,82.5248924130598,2291.36491218709,2503.74644112195,429.398964741677,1607.87212714313,2818.89381444064,4837.23319030822,994.970609398112,1530.78201129501,458.737256324627,1850.09549618915,2349.80509776255,302.036061188857,700.198557663076,1230.34274541253,440.899701912206,839.909157494089,500.898138501421,956.902700663419,1432.47630087488,922.43032876459,859.704042169668,511.203299506666,2312.17258291389,1537.17167010252,2057.63830799528,1167.49777140494,565.718012836876,771.477674040282,853.572364115372,732.81544832896,5193.47416307664,3735.81862483219,2664.14486549139,421.525122302039,2803.15498196014,1060.52804582969,1105.65170508378,1239.12762971691,584.729221633297,2682.45194477175
3114.53593855737,3621.00511030732,3568.93714856496,669.998969996126,2260.97216487603,3745.1306814418,2743.24583366898,1379.62801035546,3164.05602422309,1902.01909933135,3064.32788563704,0,2566.94529625463,3268.3129999015,1734.34947812319,2260.12945453492,2424.00628501201,2633.00245351749,2928.19826113886,2703.89419786703,1328.35308419552,3618.24874637127,2488.4666833435,1983.61302495793,1819.64209899848,2181.49951697563,1673.94004149766,2959.31792085035,1385.39044218378,196.026706411176,863.177198564398,3016.44288549068,3261.19600216156,2316.05270955563,4037.39842599622,2385.85982760627,4383.58305471552,785.481614047909,3956.92181809588,3746.25604236289,1231.50187701879,3395.60490939533,2408.83391921778,2264.42568383758,2254.24103187831,3089.54579045154,975.074975303486,610.483741045829,502.921498669661,3026.22517227503,1742.48033650786,2546.63370630466,4440.26064013489,3887.76228734259,1495.64358167279,2939.18085819127,470.071965180321,1888.15505456063,2961.308940735,1579.8512172691,2300.53905529926,2589.33129588233,2237.79562142876,3512.49212018973,3522.87987708305,3093.11992445156,2536.86924394889,2946.84547788473,2717.29572281205,4197.15103198634,1417.58790544027,2942.34061778104,2014.73450257536,3295.01340436707,3043.17908121945,3078.35518334656,1211.1129850507,924.746791974282,3166.81103236637,1733.59416701545,534.069060433716,2474.94926613747,3240.63614795668,3925.85215998319,2782.79490618707,3284.18958060627,3800.61811965681,3137.43061049922,3730.85068286839,3977.61171960715,3395.09226831326,3563.09578336805,3448.65820469663,3575.25815179005,1693.92717037074,2951.73444906773,2604.20207218614,2989.69391100969,1113.01819499218,1642.1362725116,1593.21123858987,3993.97553688191,3178.68623870069,2609.01459870534,3454.38992127312,3180.75129148187,2878.75545553531,1574.66573241178,456.01869763771,3474.05581374637,1006.24049342735,2537.50584977946,4021.05671832817,3181.87993484718,2817.25501157818,2016.50665228584
913.084853804022,1547.96339775098,1026.65635761925,2105.62489998856,1016.49227972559,1309.41287868726,848.19301988077,2701.79501455453,615.086314840053,1408.16786650552,501.27087926947,2566.94529625463,0,701.367645321771,1361.91312659629,636.404845040391,848.877268389822,774.997935495937,391.429522220833,946.761559568155,2092.72829486593,1062.23300798103,333.284070593031,1037.19036020019,3325.64759898194,1294.29594827825,1637.14139977683,501.952474925544,2983.66730193715,2412.35915191565,2246.29534095102,584.52371275431,697.212957392444,637.240940164715,1489.22071227761,676.649697089333,6427.55314592083,2074.33840433815,1642.50678321869,1181.99462964907,2766.25256063934,829.627697077247,680.781711123223,4141.26542764271,1079.74810428483,775.325434935533,1942.7270372279,2076.42478320797,2297.84267270175,1040.42073120614,1688.59111605078,848.11826008302,6254.22901551867,1476.27927387059,2901.22216879637,555.675562127447,2358.80409744947,829.718085437204,735.905287728697,2829.7998820791,373.736950154039,502.013848675439,944.626542437118,952.969859195408,1041.12483969274,547.837556232544,1152.75647368661,380.027986770296,530.312559838635,1776.79563223064,1366.28546533837,952.953344874027,1448.60058279358,871.104463165413,477.363386341294,511.561461626859,1860.18386405796,2048.43010781788,680.335070037903,1142.87596947284,2341.33416749695,4372.02422235477,1075.82791457596,1747.22818703178,448.232196620153,1780.64730324916,2342.33607973596,606.878423667693,1171.10023653942,1570.70196051553,892.953770863158,1141.03117372991,953.074122610632,1215.82219916373,935.537917986189,871.814566650262,611.991879281966,675.681725714473,1868.57468517078,1046.46535816068,1606.10794823857,1540.97099715828,757.766139354458,631.890592271433,1090.79644695681,860.741095837877,4736.63204992812,3265.05041016132,2174.28957693934,920.653521818559,2317.74057628139,903.488173554832,1519.49304333125,1237.39189399149,495.943189445535,2289.51108125315
831.960973312473,1314.91085079421,391.200012461883,2794.73164066945,1481.57601031922,796.74057146621,1067.41751584657,3321.39733210926,195.629802550361,1951.78784333882,215.404464277052,3268.3129999015,701.367645321771,0,1954.18422801538,1186.44111760921,1262.11024458196,1072.69112433127,379.404935853655,1190.80388288909,2713.82499583608,388.687712289077,860.317854205544,1605.36519969358,3925.16518186475,1761.52145174337,2217.45650979197,467.401819762154,3614.73979611798,3113.02684806447,2915.78904376986,487.566185479747,71.6163189244863,1156.91104832601,812.93920586296,1145.3903010963,7030.7040900797,2756.2778763563,1195.20057575133,486.036467855543,3404.78856760336,134.767820811438,1135.75464005312,4759.07150507982,1540.18168015703,665.471871112159,2613.54098871467,2770.85566111301,2990.38403357868,1072.56308701306,2251.52843928036,1193.23637493802,6813.66361199429,962.253754299719,3515.07958664603,567.303385576434,3051.64387132944,1480.53250819217,760.341427065317,3429.23972547164,1011.26153037212,881.474682455817,1431.2266452646,277.611133889135,526.808397277101,244.174923991455,1484.32939924963,321.640529719546,791.992237374459,1218.34639230064,2028.26929761578,1033.34141340352,1957.43615313988,535.720513011942,228.02945541879,190.504246292483,2506.69941048051,2718.76187121605,373.409498466012,1768.38902963712,3031.40215614608,4986.55812833365,938.652194082851,1391.307120462,654.719528734506,1823.3607089003,2287.63490678343,266.323352740691,484.797096065097,1047.71875042493,393.625491795996,688.307544535701,442.176962660278,818.959767137839,1619.10969074969,931.253161819002,953.774189889664,651.725476231611,2527.54214225736,1716.76969434741,2206.03764237727,973.693123551551,508.441461530628,965.722610634611,733.123281778157,680.82715444172,5335.88530080722,3891.35661508644,2872.90890050923,270.253843699223,2973.25470107166,1247.62567291238,899.454410304077,1204.41219120403,658.415862593859,2792.8458660697
1498.98603471249,1916.18504256814,2129.24832076452,1642.18681385157,1847.83035649989,2173.28385144388,1097.78890958321,1368.40645322181,1787.19688547258,194.22824378607,1807.30383828733,1734.34947812319,1361.91312659629,1954.18422801538,0,767.791645792125,779.066155405292,1922.99793201164,1742.46105986552,2081.03640240889,765.078176892722,2342.85631886399,1099.00585554031,351.188174549178,1973.91421676111,447.993653875606,1925.51571814601,1520.25040945328,1665.84713219275,1666.54723996956,1925.41979297604,1945.4323684781,1980.10477444078,799.353463535851,2572.64420841525,1686.00510525119,5080.49071829667,991.090518835932,2303.73079638072,2426.09197248525,1463.54076741117,2088.00346531958,842.370593966779,2804.88687135886,544.121620314469,1530.43663821186,802.07048160185,1548.58319549902,1745.32599567148,1352.21671520337,339.870372301366,896.091836833947,4892.64222479956,2288.48133654154,1560.92760320648,1454.68953803595,1789.62405948651,562.55130971966,1387.2833780053,1477.27653188859,1355.05358187487,1088.93543850697,576.898581368094,2231.48441963094,2010.66850115556,1881.42426235528,811.42247047891,1677.83729591845,1803.25211455483,2584.33776828454,1418.30535611487,1282.95672766442,320.43044884657,1765.55472848,1773.06342524654,1779.38366025635,1791.7648998417,1772.2415986217,1708.84848977834,249.867863100062,1811.64522494134,3032.58030444846,1592.66016959629,2230.29595516831,1776.1202554121,1556.64593439129,2099.05278253539,1734.29016284175,2321.18687076719,2369.38709641331,2237.94170922715,1998.86395695963,2298.82924528764,1972.11450522665,610.131757248909,1320.66797138873,1049.46876387798,2017.38309333977,1724.72874553182,478.583291110118,252.015416158866,2416.22482724768,1666.09198466819,1810.52851497888,1866.33240240561,1607.83368379008,3386.17314499631,1939.24255461553,1541.66180574888,2216.03059258919,1071.68114899366,1953.66900548709,2486.20939708087,1480.3320755292,1334.18870003104,978.165455924602
857.935969866604,1423.22441860569,1381.20211067061,1947.51774963812,1421.20493984716,1490.51044016321,525.754543980957,2135.2236558257,1022.13898976922,782.072872062036,1043.34166288676,2260.12945453492,636.404845040391,1186.44111760921,767.791645792125,0,296.578401995953,1334.28627874055,992.806430398837,1506.64362932525,1528.6180535473,1575.09342115959,335.133243616278,420.804161818996,2740.44052884228,660.57889203451,1808.90890524858,761.832935908307,2430.07544752222,2139.90369095738,2163.7635228275,1214.70980934126,1212.72084604033,59.5747409117065,1837.91355490686,1150.7990298744,5846.91409080296,1632.33565294558,1702.795051588,1660.51471049447,2222.86240281913,1320.38198034611,170.243208364863,3572.65907906275,453.69487746638,832.331206485977,1469.11872067675,1886.3266236928,2109.56583238864,815.273675108829,1074.04515855263,376.839243981085,5646.70592905757,1628.60410727755,2328.64089099988,709.843872539634,2165.89572557003,373.399151015625,701.274942560944,2244.05678972462,774.626732256011,340.813379002664,314.86020476438,1463.69607219985,1289.1439067314,1122.01803360831,603.795815591277,914.893021395741,1141.87419485829,1937.34965918512,1386.41222747431,720.559206075008,813.593779578815,1050.00323343441,1008.24412176911,1012.29194971216,1872.65166533907,1974.78891540656,959.638820675226,594.74080535297,2165.95754613408,3800.34464555932,994.95108193017,1703.71448284033,1080.45829910088,1378.06864167962,1968.64866882986,972.194800452933,1567.85545348742,1717.8131981763,1478.98381456314,1309.13436421187,1539.79360993681,1315.17957203267,583.496107266466,706.040428997798,344.34688843958,1311.96889251471,1845.03398797518,618.087013101557,1019.59856387281,1739.36443165245,939.323579846045,1199.83448967311,1195.07010838894,921.920430503205,4152.22372089314,2705.54985102762,1941.92262294541,1448.56968465128,1804.25477045066,1418.61788011429,1782.0345382903,1004.05228117704,585.587559598184,1656.89797316866
721.011443570207,1203.20005918726,1374.85100288089,2173.96883668072,1711.42846980814,1394.22175194625,324.232108135585,2121.29139715808,1076.1834816718,718.407345951801,1161.99467473874,2424.00628501201,848.877268389822,1262.11024458196,779.066155405292,296.578401995953,0,1594.06332692899,1151.37711376354,1767.70704281115,1533.18514651064,1643.5395926602,515.820561713811,450.739466119155,2695.16430820531,499.5914179009,2100.15712023982,798.699393091727,2425.30964883135,2321.15415926336,2408.13413881416,1392.76726240494,1302.97550029234,253.061824776206,1803.83955479541,1428.41043159451,5789.83013329007,1738.37306927721,1542.76487392161,1704.54141768829,2231.95643015337,1389.33143710038,169.868605301097,3539.76322027046,280.078205277663,755.922865851439,1559.24218913191,2103.7423611761,2323.20705871076,602.234670533137,1020.71098199401,122.926860596573,5554.62497194679,1511.51046717864,2304.37835048584,713.242756722767,2376.95621537391,595.784811276239,611.960937478638,2204.62747477003,1052.16748994393,391.378078087653,202.2272994266,1536.02529893268,1238.95219529811,1253.64967131512,315.325247842185,1043.16751572719,1376.35503118349,1810.74870656407,1664.72786785674,519.909644372951,702.416800705622,993.782240638389,1124.24079021761,1112.53753622832,2142.09249552795,2224.20353372281,963.725691343164,693.807088859049,2382.94163876614,3762.46940895447,825.200107232837,1502.65342939473,1295.48933737142,1084.56541773471,1675.52676577589,1013.82804537982,1571.23691354809,1594.11429547,1602.22135571252,1220.12664031893,1661.56532364745,1194.57219778208,814.342347360231,544.430197046459,308.366854727355,1512.16011111368,2107.81136386549,807.260552042029,1020.12799532205,1637.56902706015,901.455668448578,1455.12533299862,1087.3524187208,830.038964927977,4097.37246004142,2690.75344539997,2143.18413678464,1532.22341163271,1850.72588223308,1691.51285645154,1708.06346432666,767.476010911003,605.542611229426,1530.84309279935
1643.80663536185,2257.31829221257,1462.9871747305,2035.14700648741,452.518778180043,1859.59135622332,1623.18981743233,3134.68797967053,1131.8450948534,2024.41426803913,888.419314025724,2633.00245351749,774.997935495937,1072.69112433127,1922.99793201164,1334.28627874055,1594.06332692899,0,732.354727523492,173.740236559512,2551.46633361599,1240.55434542599,1093.67348000165,1662.74209127727,3775.70464451242,1982.01857543057,1234.93643419797,1184.04335732764,3382.03351689867,2448.55218061288,2066.5245364557,596.475718407426,1016.76707501456,1355.10422808128,1840.05259473592,261.932328369724,6818.21168620956,2360.0811405921,2245.93762908498,1395.31226082055,3155.41503200095,1134.56802337165,1424.47952740388,4537.3308386512,1786.61697082541,1484.55320841811,2282.81522393968,2048.73182335048,2241.33642497129,1802.96433735833,2262.78570813995,1611.61989816426,6719.39668777342,2028.32451221527,3338.03393833026,1271.82291968204,2301.51024610806,1362.95537204617,1480.78690787298,3295.36079773911,575.287594208366,1275.35498589912,1647.36848371812,1172.21030871535,1581.18809028393,829.104021876154,1907.10639827066,872.505458021589,292.697452949671,2291.03569263606,1227.15557549397,1719.96596193252,2094.83527283886,1498.99158401049,902.204342025549,962.676053762995,1617.90275994897,1882.86813682143,1288.47047568074,1675.22553150553,2264.31671697438,4770.1566276639,1799.77493292684,2406.82359689379,433.254892103455,2554.11301790536,3109.15295629716,1169.79897219995,1518.4992796132,2116.53136028027,936.441047081623,1726.53000715283,968.631539906717,1837.58506471207,1348.67889527193,1632.68025933019,1384.99317752942,464.80022882976,1669.15034079283,1487.97900336736,2134.72830420795,2046.371544016,1409.5103649304,143.194741902779,1726.58626903504,1554.27411529162,5157.3399718296,3664.8667323256,2186.01014443442,1114.72916274143,2683.2651852684,175.887184964071,1965.49521865133,1993.99833634153,1247.26709534233,2898.80153943319
958.589837135518,1542.59158914118,762.319807983869,2431.26015533842,1114.09481154156,1133.30187918138,1052.47662520433,3090.73832352777,399.894382607646,1774.56834386448,167.406247054993,2928.19826113886,391.429522220833,379.404935853655,1742.46105986552,992.806430398837,1151.37711376354,732.354727523492,0,873.306849776646,2481.28682295799,690.217565343271,660.479179471186,1408.07192926093,3711.88242229789,1631.32397611475,1839.11028117099,494.583028688791,3374.11412578846,2766.50383466547,2542.51680185009,251.018001965773,347.751403860591,980.510492595521,1191.6959331646,771.817163645769,6815.74924207535,2462.03405560897,1514.50929679442,823.546068751914,3157.22588732438,484.88815554255,995.776264517951,4530.72031501577,1410.15450189274,788.96494450948,2333.158800641,2412.49867927869,2629.53369761738,1157.31178181125,2062.73455590197,1117.40438121494,6634.20818084342,1303.16987204407,3289.48799249321,598.838502144357,2690.98074802473,1219.94827992892,821.377534830253,3215.53935463944,642.213493409205,763.435994611569,1282.99405030677,586.274825908487,853.536896705758,164.936582190205,1427.10236463085,151.408289632415,440.418122827593,1577.96456401757,1654.77203875511,1090.14373852337,1803.36305398845,769.925035459339,172.255103791509,232.310779911744,2129.21853794912,2346.05948718049,560.381185444583,1530.0653192245,2668.24430976209,4761.15294048942,1102.95946425335,1676.26197680682,299.252190548237,1928.63189243196,2448.59601807702,438.494540085544,862.882579734269,1393.43834650895,501.635277944043,994.766988775407,561.911311424596,1105.48108662424,1324.85003673051,991.398759008028,863.588222035939,403.812340129884,2152.15690476095,1437.69896253621,1989.55881605686,1333.4502571166,688.448597730692,609.890220258819,996.199312695826,845.584871801449,5123.67224415805,3655.13674630427,2520.79334754823,545.892945981215,2709.15390218872,901.780164127891,1273.05612046774,1329.67549021316,622.165634072427,2647.85912826807
1803.95538041114,2410.52726264741,1576.52465202739,2086.09720469716,457.201260815085,1985.44343140616,1794.70988094014,3267.98500089538,1268.5865938533,2187.7940756949,1020.74019678609,2703.89419786703,946.761559568155,1190.80388288909,2081.03640240889,1506.64362932525,1767.70704281115,173.740236559512,873.306849776646,0,2691.96971773746,1315.34389357334,1267.13904763004,1828.82934503295,3909.20320514449,2152.07824852307,1224.30526522953,1341.02388311583,3508.50336780377,2515.59381078645,2091.75577897154,704.154649676487,1129.98596282713,1528.1882282012,1928.83112854,397.961675319289,6934.18972538331,2474.9356301548,2377.88509243824,1470.06285838792,3281.47790130816,1238.39801973535,1598.15684716354,4659.1990468795,1958.40203533767,1641.96678886247,2407.40250884525,2108.68619265478,2291.73631624572,1969.42666540857,2420.36847401698,1785.22370154616,6849.34489497852,2152.4506255485,3471.03399488995,1432.23956116399,2350.79650735708,1523.65468507254,1644.3620969285,3433.12796964019,742.570323600527,1447.88508686479,1819.17462963741,1258.52092911919,1709.65785821486,951.268933242354,2080.83299398925,1019.01202576326,444.702079227243,2405.05496262702,1287.42241638771,1887.78863679296,2260.93597002278,1643.22744038118,1038.52972465069,1098.55877828221,1638.20558322928,1915.25150775734,1433.46267384505,1832.17645221239,2309.83036386904,4891.74935813307,1957.87053628169,2549.00719352935,579.268644065856,2723.92093792769,3275.78150445388,1311.56681662568,1614.56544673778,2238.50869194854,1004.34202780362,1860.47086511011,1027.59064091453,1976.62472734169,1497.37177216094,1799.05953098295,1557.63873898628,549.865691668383,1698.70320411193,1637.26217183297,2287.48691289516,2161.43925342757,1558.75813300516,315.389865075808,1869.27878178738,1708.497588377,5282.02627918041,3790.35669728154,2251.84369782037,1199.60315155218,2808.41914334542,166.508133680051,2070.3658616201,2158.58857093279,1413.15050814861,3058.42163120374
2244.808976143,2594.50080956459,2893.98045845139,1547.58846096304,2373.87974238604,2921.80935346262,1842.14879978133,609.647426724411,2550.34152090941,825.85439653606,2558.65423858993,1328.35308419552,2092.72829486593,2713.82499583608,765.078176892722,1528.6180535473,1533.18514651064,2551.46633361599,2481.28682295799,2691.96971773746,0,3102.08046793336,1854.59909932611,1116.12500902939,1237.15199317837,1104.80263771673,2204.54901681731,2284.96200901755,901.520779237859,1348.15148776402,1856.59219542255,2667.51087782105,2736.7034123192,1563.04673425362,3334.67159559587,2295.87218675318,4334.82334276376,575.245040921126,3018.90303344762,3189.02031755673,699.380452630358,2848.15809344731,1607.08575753686,2049.98825620247,1273.69855765611,2288.79485850991,441.233947359663,1435.36520304905,1558.09542470983,2074.2414456317,545.694465492341,1644.57671778705,4180.25763949134,3027.837757735,808.532863791269,2219.64829309043,1579.27566544114,1263.92338044033,2144.96281136501,746.456349713168,2016.79593725133,1853.89043106447,1333.2176214368,2990.39005145463,2771.04716656143,2627.46920185577,1497.16534312617,2428.65170313793,2483.16020324555,3315.32415936332,1715.25965404191,2015.68971998401,888.452225756479,2525.73487214945,2525.63086297061,2535.60602112495,1910.50437222671,1768.93785198845,2473.8540841315,951.703834073133,1625.05393352123,2279.97823460792,2323.60063826458,2913.08920884209,2478.2419254624,2098.10160997395,2550.89308900496,2498.49532530748,3086.22432985103,3104.64400170933,2981.57549799452,2751.01176268134,3042.25944580124,2714.29978868391,1209.96172663964,2064.86483430572,1813.35408898658,2720.05711697617,1816.35062928632,1075.02183084318,515.001439482364,3160.6772376827,2428.73025433826,2458.74144023739,2614.38724057512,2362.80253660594,2644.82798116075,1177.72591448596,1349.85612286686,2972.53352138011,379.047647792655,2544.97992213279,3239.74418184522,2174.32155392277,2099.26670285145,699.841945997577
1138.1693666864,1500.43145365363,440.625709034679,3115.40380140553,1685.15686012798,856.498019283658,1427.88666323684,3709.89553608361,567.356124250376,2339.1181851048,561.483136155192,3618.24874637127,1062.23300798103,388.687712289077,2342.85631886399,1575.09342115959,1643.5395926602,1240.55434542599,690.217565343271,1315.34389357334,3102.08046793336,0,1247.86315346375,1994.02432489521,4313.6886559688,2143.0483585942,2455.50290417982,844.897101244028,4002.76272652882,3456.64989161092,3212.95280985944,661.39365925282,369.322192738879,1545.47693055243,623.22725275566,1379.57832217061,7418.96271463894,3132.77684237048,1251.42624971046,155.003423860101,3792.13640179494,255.718343632009,1522.15973679761,5147.74375080092,1922.85270813664,988.74494967166,2994.25365088372,3099.86730384627,3315.32281527077,1388.44895501262,2639.39546603571,1568.34633623739,7197.81493698017,989.706550494084,3903.7339456596,936.453525503727,3376.83001702956,1863.61072971119,1105.81745606113,3817.83932309347,1327.84013148495,1267.73423621601,1817.00765095673,111.876391854046,664.226198672383,525.292808948116,1850.14784462001,688.036552437254,1003.13622180619,1166.40961448618,2327.72893595833,1365.75386554766,2342.11757669284,797.898875136401,588.683084181487,569.033693501781,2786.97747240693,3018.26374341282,706.025053688177,2155.44346508104,3352.34712989578,5375.24540142598,1209.91816701204,1496.08728312362,888.788940738419,2100.22835069514,2508.87845102993,631.156347247024,350.005381802157,1053.53692073245,312.084824772318,828.04195368978,301.673059421688,970.799288255991,1993.56941386076,1267.03437272945,1335.47585067263,776.049838633214,2818.15008419447,2096.28269203919,2594.69171742705,941.625464648404,818.70281925033,1167.90634202929,929.449266463926,976.788642838325,5724.17462095905,4279.70856761032,3210.2249631623,144.509322547147,3358.00034137971,1413.52909594491,807.707434480364,1488.16262509399,1038.00541422406,3173.89102143767
725.537828635667,1353.23932734225,1091.91188242161,2103.11390742576,1273.02736300927,1269.09090795626,548.315609589302,2463.08013848194,708.093276631371,1116.66198475844,708.87381820779,2488.4666833435,333.284070593031,860.317854205544,1099.00585554031,335.133243616278,515.820561713811,1093.67348000165,660.479179471186,1267.13904763004,1854.59909932611,1247.86315346375,0,755.218315952236,3072.87342117919,974.393131102234,1794.4933465883,472.376060074511,2754.95237841232,2351.68775748865,2284.74565985074,889.946037338967,882.202030349801,320.064381592876,1558.00121774036,957.113287987528,6179.47324924244,1914.52136437805,1541.23585206931,1340.9475343816,2544.48498367314,994.991745968856,348.711791177673,3902.24239088163,755.542949618994,637.242314186488,1762.89854284017,2056.6654337355,2281.51354778523,785.622721856474,1409.12627203746,518.54038547928,5981.83719369218,1422.80828723956,2658.1811305128,454.884297709453,2340.60584405508,629.955498314968,542.859318522107,2576.26615453661,595.306601502419,197.178225805615,624.576605443873,1136.07198093591,1034.87447707206,786.900101437032,820.221709659293,580.016497871013,862.514865453544,1733.18001336953,1441.80614812861,690.298883084828,1142.88411153673,813.666627989391,674.225201297306,681.154786944923,1942.06361469351,2089.11108213012,679.599021907962,908.134067141649,2332.27758020711,4130.69233362746,885.443854979542,1594.82318699699,779.804399432603,1483.93558966346,2059.632034907,666.558929960879,1268.92818889952,1516.06781039512,1143.85249106581,1088.18446800906,1204.66051867262,1125.39959012199,797.270818867435,629.847437231226,299.984549458226,999.896354443742,1932.33271593054,874.884523299467,1349.93872226696,1515.71950246358,695.16259576134,952.041524352871,998.657263061229,731.77350657242,4485.04132637706,3032.32407701566,2133.09778532832,1118.11357265364,2114.967333953,1206.71233219052,1532.99934448559,987.898788414931,339.262790435891,1987.39007314819
1169.22411985366,1637.39978657156,1779.05650718341,1783.92238134173,1656.56933281364,1837.63966238359,774.965072612681,1719.21937696036,1436.55768403657,372.110146931144,1463.95355816045,1983.61302495793,1037.19036020019,1605.36519969358,351.188174549178,420.804161818996,450.739466119155,1662.74209127727,1408.07192926093,1828.82934503295,1116.12500902939,1994.02432489521,755.218315952236,0,2320.16370363806,364.160742620032,1874.55637182144,1169.06507204071,2017.03503420487,1889.92994385366,2040.35044843607,1621.36057335881,1633.0685887371,448.937455555395,2225.13420019582,1444.92532925273,5426.44167335594,1287.63975131201,1993.02298701964,2075.43593629203,1814.06683693367,1738.80936898416,492.944687995757,3154.29516610301,292.003884233337,1187.89104947107,1109.03510109223,1704.10657065736,1917.36441815867,1047.66547806956,654.81269231061,572.932635524676,5227.47090695814,1959.68876152822,1910.76067123877,1104.22295045172,1968.13418573102,335.18805003941,1046.02511765976,1823.98771326196,1087.45488292786,737.777919246826,255.028946101501,1882.88859247862,1665.12509873957,1541.41355572019,578.649003262741,1335.23482146385,1510.15611133637,2260.59861668479,1391.63487252357,969.202405971706,432.138342884304,1420.56652629491,1428.9826351431,1432.86938978622,1829.54793887274,1867.28694351391,1358.22604242746,250.77471441769,1979.97897673233,3381.33741696111,1275.81517535315,1943.7173029367,1467.69209962478,1390.05850010391,1966.53068282068,1383.21592690069,1970.43466062674,2043.3842604842,1898.43256041938,1660.7145548215,1959.2929981274,1642.49611279882,500.139973765585,994.411081563811,701.307464022645,1705.82140017155,1779.58092320144,430.195758274414,602.868522790608,2083.06762376475,1318.64786215528,1539.39645844984,1532.22663232497,1268.45464962216,3731.68291867873,2290.17479196716,1727.58137230665,1868.79789619037,1412.36487483413,1717.10862205271,2145.82451553141,1198.26700267944,983.262872711616,1256.24647783358
3368.47959509652,3590.55031924326,4069.87127454763,2367.05736249172,3560.92444328581,4036.18507739641,2975.98081134431,641.235021203359,3752.77684549686,1980.13192417465,3781.17891187119,1819.64209899848,3325.64759898194,3925.16518186475,1973.91421676111,2740.44052884228,2695.16430820531,3775.70464451242,3711.88242229789,3909.20320514449,1237.15199317837,4313.6886559688,3072.87342117919,2320.16370363806,0,2212.628259066,3251.35185848418,3480.21015358469,449.386939068284,1962.76364045814,2637.68956491582,3903.24098484141,3953.13640937042,2768.25534426297,4488.23731153972,3516.89320731659,3106.60226097491,1495.02352935147,4060.16227353783,4390.35504692225,660.16182348565,4058.20432743979,2796.3563298269,848.801142912265,2418.02131344388,3441.6050565874,1513.9654098135,2264.18277488371,2273.12519059636,3162.57760702458,1677.52429140621,2792.80321681941,2945.62619675059,4118.20771264063,438.245548870357,3404.42547430931,2260.62352746953,2499.09671481483,3298.57955972566,496.689684325834,3251.55403096584,3049.62122071804,2506.28514456603,4202.76236240588,3923.38564111362,3854.2222622015,2579.2255000667,3651.63130992885,3718.90073533688,4380.76981630965,2815.79370356179,3123.43800483782,1996.79446578936,3680.67804668461,3746.97787115263,3752.71263207891,2861.97468133266,2632.74454757907,3657.36339267529,2182.77249009315,2323.19387194411,1067.63313483892,3416.63102725007,3901.36503883921,3715.39407844901,2952.99778051216,3235.9464456509,3696.22868973475,4266.40027083725,4184.18137580297,4210.09873143353,3877.96530875847,4270.94224123825,3818.12606858717,2444.39277118535,3190.73691191051,2994.33166167296,3957.20065535221,2758.03355743734,2311.09651116712,1723.76843578146,4260.38349879956,3594.9639305156,3688.85808188558,3733.83607298035,3504.69405620679,1412.3547087987,272.189417196542,2120.45033485422,4188.92785809756,1119.40165591611,3756.59437265689,4362.75981524193,3216.3145576791,3289.33764329907,1268.20490263843
1159.46539273648,1497.38653611384,1862.42358364207,2070.78963418545,2009.487005878,1833.64833982004,763.44795159743,1662.88149432718,1575.70041420165,290.937303266748,1655.24001117379,2181.49951697563,1294.29594827825,1761.52145174337,447.993653875606,660.57889203451,499.5914179009,1982.01857543057,1631.32397611475,2152.07824852307,1104.80263771673,2143.0483585942,974.393131102234,364.160742620032,2212.628259066,0,2234.74478465555,1298.15835487565,1970.27013110336,2114.24381457328,2344.0066540859,1864.33904002846,1801.46754321551,657.540238593539,2275.66238798963,1778.99513194414,5297.44284304291,1428.30966052209,1914.1036161708,2201.91293186408,1790.80532070077,1888.92201281152,637.374409366566,3060.35483348567,222.704954488197,1229.5145858333,1235.99337658437,1981.73331743432,2184.26143994675,972.199208242394,562.976265628683,583.649836909013,5055.53598051734,1930.28082271893,1836.55759244151,1210.70487759618,2230.38201563903,697.792855557362,1087.07634512127,1728.23218832323,1410.49124679641,885.284422937789,350.190135633053,2035.61654624117,1710.76680932206,1743.98812136552,392.565309270851,1533.12895724253,1801.68429535659,2212.85217364394,1745.67040721477,920.045374145041,220.199150391469,1468.42294242053,1617.8814988675,1609.12076523029,2167.20323756811,2180.68029285176,1458.3625483266,542.873650297441,2249.72696202727,3280.025375068,1224.08194337961,1815.0369428405,1740.41991219819,1109.73171708381,1661.24246195635,1512.92955070345,2060.18446493826,2004.39330857527,2096.1309880434,1669.65151585471,2155.97311452261,1620.44970224413,859.202133773099,980.291711360281,807.922548148719,1969.63638199108,2110.54910684753,771.498022712325,623.693036487123,2066.7693816055,1385.83337029133,1851.73677412878,1527.90101704019,1292.23341878857,3607.30551668991,2226.09775296385,1983.52273731741,2031.54152516087,1456.45720014621,2050.91103865206,2157.30424617519,1070.90725939597,1105.04881124435,1031.32551328898
2513.78343360446,3146.94861470055,2600.19205658682,1004.46094352877,782.841599184278,2937.22615701676,2304.36651030367,2647.97033819846,2209.65310029658,2105.7314498785,2006.14254631694,1673.94004149766,1637.14139977683,2217.45650979197,1925.51571814601,1808.90890524858,2100.15712023982,1234.93643419797,1839.11028117099,1224.30526522953,2204.54901681731,2455.50290417982,1794.4933465883,1874.55637182144,3251.35185848418,2234.74478465555,0,2138.9753085148,2807.00824456662,1478.14909259747,911.437627293961,1794.50386775682,2177.03348044297,1862.05160100275,3024.56806003426,1078.70092510457,6052.33205843089,1763.72853876021,3279.64797419297,2607.92457853684,2591.28861384345,2309.12770215052,1971.86062821378,3867.97448037053,2135.63011071897,2398.77366711761,1793.07426941264,1070.20999229147,1191.2210130396,2572.12321121135,2198.64886223504,2184.86108368468,6074.51992390726,3106.30176364689,2833.70883716316,2183.97456520711,1241.89702612057,1556.76037713614,2329.92798615323,2847.39590899238,1263.53760848023,1982.84051654347,2024.56004242432,2374.75806495547,2661.56294671613,1981.3139469932,2381.17669364447,1936.26365223177,1452.92457364396,3399.26605478312,510.517432998264,2474.94808271755,2223.08456851889,2507.76204399175,2004.60909844559,2060.29348754581,471.000627053039,768.51944659238,2311.49222184651,1716.08565036855,1187.98802241612,4091.36892107785,2676.18179631689,3374.1394744687,1575.58069530659,3184.64992283965,3775.62497559461,2221.25008310756,2695.79347502912,3200.09434091923,2161.94479720501,2774.63550337594,2198.72767481429,2852.96209092014,1375.5884855011,2423.12736199007,2065.48204100009,1691.2043958461,562.498100490366,1472.47485414188,2014.32078384499,3157.85019521534,2394.90211331684,1288.29235469209,2727.75583997821,2488.92144947805,4495.95825273708,3064.36359883878,1229.9285345336,2320.60673471766,2150.18572678424,1078.99848612971,3110.52774019424,2773.30607321546,2100.37729302385,2794.77186124643
466.069374088825,1074.78360978504,622.489618171165,2554.09527326227,1497.88304735618,820.945987473757,606.035107231718,2887.80670395895,277.594149883446,1500.87220843486,419.777511165047,2959.31792085035,501.952474925544,467.401819762154,1520.25040945328,761.832935908307,798.699393091727,1184.04335732764,494.583028688791,1341.02388311583,2284.96200901755,844.897101244028,472.376060074511,1169.06507204071,3480.21015358469,1298.15835487565,2138.9753085148,0,3186.08764717691,2819.7962680508,2717.70001430024,737.761850147986,515.876407512699,722.675086508628,1086.40674186212,1149.71956415633,6581.84993224458,2381.77722730807,1140.79164641051,910.296537516734,2981.83458714201,591.317442576787,683.865714581288,4319.73447111088,1078.25079949026,300.942936854094,2225.321798254,2513.66609738675,2737.98174474846,665.648668583039,1802.90781574308,725.997088488327,6353.25398344501,983.801235103442,3077.74644778024,109.488080384588,2797.83838722357,1097.88057282953,330.236258057338,2986.00093841725,875.689259687964,431.709434258727,975.818456975416,737.984206961839,568.937463149793,521.521161889546,1018.17868659697,344.608889705547,896.382984892493,1289.75223265047,1849.66575556479,605.043361026576,1498.60216753123,371.695734690239,383.180191806964,348.358555861583,2348.08470098332,2520.29759065904,207.505905752795,1356.20333193075,2786.33418082307,4545.22283385403,616.903242425625,1251.07496772503,764.307414516125,1437.04515604873,1954.42137354929,216.264987183175,806.185322925002,1078.3467164544,834.827634900475,646.173743526433,890.704325453442,714.087503453824,1269.59653680025,503.701576920701,490.925495912789,897.773343776313,2349.86990501371,1344.98505075754,1771.82157739114,1061.4993336496,256.115532324352,1046.91905974114,588.84481059502,372.458380773157,4887.76304724962,3458.86816277445,2596.5567977543,737.252142393433,2566.046661248,1339.51310833258,1065.18791307428,835.096943375723,193.180809376561,2329.04165949248
3126.8366885577,3421.08217156132,3792.89532080118,1918.05404472897,3144.28961238659,3802.91804826877,2726.00054220677,307.891068048677,3451.86254201773,1708.75714009055,3456.76193707433,1385.39044218378,2983.66730193715,3614.73979611798,1665.84713219275,2430.07544752222,2425.30964883135,3382.03351689867,3374.11412578846,3508.50336780377,901.520779237859,4002.76272652882,2754.95237841232,2017.03503420487,449.386939068284,1970.27013110336,2807.00824456662,3186.08764717691,0,1520.31030442546,2190.91502539879,3551.20552455376,3636.64421593594,2464.48516156971,4229.12957091475,3121.13672366287,3451.29601131369,1060.22114354989,3869.95416448845,4090.52876665682,227.120933417009,3749.17714197106,2506.61678953667,1161.7532473565,2157.64362347286,3180.90706722298,1101.26490887008,1814.87682275326,1827.61501493581,2940.85264529138,1410.4752407283,2532.60838002372,3341.922747457,3900.08572830973,188.891975455099,3119.35976648422,1817.09832102876,2154.17062347499,3036.88425360804,335.427571367987,2876.73427758245,2754.75294360825,2227.81400892692,3891.00281596863,3664.19755716921,3523.20908165266,2355.57713268951,3326.72893929895,3345.23843599511,4178.34093855718,2380.48614208406,2890.21828614522,1750.07400498648,3419.08375984834,3424.25648174023,3435.54652828252,2413.24154275324,2183.48165428099,3373.64740558902,1848.94708819901,1879.12651280102,1394.23881053004,3193.77764455439,3738.08645833243,3352.58094868812,2841.07127588028,3198.80075859814,3399.88141187369,3986.03769075596,3972.76835634257,3875.474335947,3636.07952873897,3935.9376111956,3590.68694980177,2074.18388519363,2946.87648867321,2711.64943936085,3592.67893616387,2309.21890648294,1947.02675576758,1414.53599778059,4037.03990088102,3324.87596464448,3302.96289488748,3496.32333845902,3251.70091459182,1775.5821292984,283.754812022186,1671.75899977507,3872.30469425896,700.32316661387,3352.27888034129,4124.77840409614,3020.21017410254,2999.65470270347,1166.33759575047
2997.48291709032,3523.31147931922,3423.26763950855,474.787650513142,2070.32904322521,3615.63823075749,2635.86210991996,1481.03430418072,3015.66186715493,1843.60236100582,2906.4524700027,196.026706411176,2412.35915191565,3113.02684806447,1666.54723996956,2139.90369095738,2321.15415926336,2448.55218061288,2766.50383466547,2515.59381078645,1348.15148776402,3456.64989161092,2351.68775748865,1889.92994385366,1962.76364045814,2114.24381457328,1478.14909259747,2819.7962680508,1520.31030442546,0,686.505117402242,2845.94141228987,3103.16716797081,2197.14608132624,3891.35940268023,2204.09238208167,4577.86788252359,778.895233418124,3842.00807209966,3587.4802331785,1348.94751998337,3238.54262506304,2294.07734473495,2444.41745560043,2168.96063189145,2963.56069867337,954.512138042977,415.228031427003,319.635317832866,2922.40011287588,1712.64471300172,2442.87820452153,4628.17102654683,3762.05497603208,1614.6498271787,2805.11102777932,298.537075969099,1766.5199835979,2838.98428952857,1686.18231737668,2133.51219584754,2462.56137715869,2141.44219691303,3352.18595932588,3386.34582727484,2931.38584683745,2455.13396019556,2791.3971184716,2541.33748337205,4072.35599017155,1228.27744567546,2835.75751491779,1961.37696355206,3162.77211316485,2886.61960841739,2923.80630052077,1016.44626296755,732.936881218042,3026.94303263898,1639.19981863128,362.015902327842,2657.91755012898,3128.93542636986,3823.3594041915,2611.18130067179,3223.06188487212,3754.91670211014,2991.95950538196,3580.71712241217,3853.05093466022,3226.54488318355,3433.67410103965,3279.18243292855,3452.22640171172,1564.15044659088,2839.19417661803,2484.12413415975,2813.75350834927,917.698988445955,1525.0479089022,1550.60435261505,3863.93659227418,3045.34129036574,2428.68098423658,3329.62926192511,3055.92351531122,3062.44478345658,1727.2023770109,263.872564465857,3312.21718521669,1063.09987906958,2349.38762979814,3884.24151045019,3085.2040082722,2684.69202896172,2046.57408097822
2995.1142699114,3586.72402885446,3270.27248131867,309.187436160623,1634.86557957046,3538.44359624298,2689.00632732051,2116.91379811879,2859.99547783023,2119.00923983226,2700.68696247183,863.177198564398,2246.29534095102,2915.78904376986,1925.41979297604,2163.7635228275,2408.13413881416,2066.5245364557,2542.51680185009,2091.75577897154,1856.59219542255,3212.95280985944,2284.74565985074,2040.35044843607,2637.68956491582,2344.0066540859,911.437627293961,2717.70001430024,2190.91502539879,686.505117402242,0,2561.59794011018,2890.2336356949,2223.28748449956,3725.6127483724,1857.36588494001,5221.58579156625,1295.47725664988,3825.71104941005,3357.6337936625,2005.28437747655,3027.40204663425,2332.71856372088,3127.37149459196,2332.25606662382,2921.93507260853,1417.87772091217,421.227500453385,367.533844562718,2979.02906359203,2080.53668438617,2519.91286980179,5299.52327055603,3699.09588468591,2269.0873014789,2730.79394030477,393.111795859464,1812.6991428679,2818.75973360571,2324.73607054277,1904.75201269653,2438.2524212508,2264.53369023409,3118.84693629245,3281.00353202926,2701.44193647284,2616.6051908735,2603.97402348445,2228.05583004286,4006.98314101155,887.767286901591,2884.15310548117,2245.04949477872,3084.91850956747,2689.29296240951,2736.86287749965,454.569286916444,197.868292438975,2915.69205029744,1808.31202460554,329.141637598365,3338.04256280542,3145.49112116888,3860.09486081862,2327.32357512701,3430.13427394561,4001.16507152348,2852.77313140687,3399.89153877926,3793.3358971224,2944.47542934915,3361.47200459374,2989.60015357112,3409.20957557058,1593.89564787002,2862.23054673254,2489.36687231147,2491.09830696026,398.359849230409,1616.07176008835,1895.19935050646,3778.44464032779,2965.92031891086,2084.49468069887,3282.07037365647,3016.4901563591,3741.65154659461,2409.03761879779,529.571123980066,3070.61391241762,1653.26874523971,1933.25672970387,3765.5697461505,3165.24284176839,2622.60163736504,2544.3159610966
1195.98260416101,1757.63234239198,872.516365478259,2480.28330948112,1029.07518110462,1283.98287493709,1303.44008940005,3274.87201131851,589.225123823885,1991.74344966914,342.043891202045,3016.44288549068,584.52371275431,487.566185479747,1945.4323684781,1214.70980934126,1392.76726240494,596.475718407426,251.018001965773,704.154649676487,2667.51087782105,661.39365925282,889.946037338967,1621.36057335881,3903.24098484141,1864.33904002846,1794.50386775682,737.761850147986,3551.20552455376,2845.94141228987,2561.59794011018,0,425.831308791656,1208.43338037409,1245.23854427069,718.289294400687,7000.3374641384,2604.70730247538,1680.39364792595,813.420930724449,3330.87627659182,538.396920072541,1233.13004790582,4711.66824883646,1644.99513499402,1024.25756051957,2488.42304123546,2472.99449526426,2683.17455413706,1403.1286149733,2273.10278464375,1364.27050240899,6836.51943371499,1449.81993739689,3475.66757287029,844.527131722004,2744.63689095877,1404.14414085033,1067.20794231551,3408.35821042476,719.524606943923,1008.52793979518,1514.4490308127,581.931335375361,1011.08578605109,255.07310836916,1674.43314436261,394.052644350133,341.756610087953,1701.25632039171,1681.38161119897,1338.50340068542,2028.28480457209,973.390599438643,370.089692585945,424.532360807353,2130.01125920363,2368.67661146152,771.427155839486,1721.98868924399,2716.38244285092,4943.27589556397,1333.78914550938,1865.4634938024,236.362402420783,2174.6648562773,2686.20762536634,644.073458780981,922.203076859777,1535.01477798519,384.297041344452,1167.33575800324,433.941746426535,1290.72634790223,1481.87755101391,1238.86555718472,1110.93034349869,169.674185204006,2164.90504150158,1604.69295684785,2187.90645809449,1457.413679996,907.228916541708,508.801576395226,1191.97090431331,1072.56991038242,5312.30398486142,3833.88765330659,2592.42538209751,526.577520602816,2873.99416722521,772.33848107471,1370.31699720642,1570.5376621052,873.006122589863,2871.26890857966
898.052305643729,1386.5237984497,446.993159819909,2776.26070771825,1433.04996629302,861.876068948858,1120.344186225,3345.28238247655,254.800363147825,1984.26518217612,196.868056590799,3261.19600216156,697.212957392444,71.6163189244863,1980.10477444078,1212.72084604033,1302.97550029234,1016.76707501456,347.751403860591,1129.98596282713,2736.7034123192,369.322192738879,882.202030349801,1633.0685887371,3953.13640937042,1801.46754321551,2177.03348044297,515.876407512699,3636.64421593594,3103.16716797081,2890.2336356949,425.831308791656,0,1186.13420343971,847.989819957952,1101.26876843986,7059.51205103945,2764.05960864108,1262.07704547545,485.219463911478,3424.96331755799,137.354353897619,1171.08733332168,4784.30290383869,1579.38131986155,729.963337618348,2624.9446203311,2755.2421497247,2973.47389188699,1136.33313044046,2282.51596226625,1238.85579049117,6849.35467196039,1025.9024850647,3540.20331709224,619.558060735499,3034.85243118646,1494.50091006883,819.470299027823,3456.77781988432,988.40406844964,917.809905733306,1466.96585325311,257.975117028978,594.969391963752,195.798640672631,1533.99107349629,319.55188314586,740.886130007516,1275.82301027454,2002.47597186887,1094.22094038223,1993.98669041857,606.76921293355,220.468385183703,201.105782233769,2476.27072807205,2693.71648074831,439.382576907113,1788.28841592539,3013.16722700379,5012.51921144824,1007.84097411837,1461.26518524407,606.463296918272,1890.57198561991,2358.16774074134,326.013521131744,518.930174144311,1109.98061300839,328.388342277951,757.9249415935,379.872958744712,889.607007976568,1625.12228662707,991.819348267997,995.296797616604,586.95709943102,2499.84969718769,1727.01056984964,2231.53028294641,1031.74270085133,576.081664611468,914.499080122857,804.658546989156,748.861008512855,5364.74652280912,3914.422293103,2860.43187931107,235.953723089542,2989.14196609913,1192.29473538647,949.84385252613,1271.88550806306,703.336477359749,2832.36831488379
800.356788317333,1363.65902355762,1338.76254249984,2006.95976175464,1458.6081756827,1437.51858589458,466.456429027158,2167.75898285052,987.843577564854,800.279289553436,1021.89841254406,2316.05270955563,637.240940164715,1156.91104832601,799.353463535851,59.5747409117065,253.061824776206,1355.10422808128,980.510492595521,1528.1882282012,1563.04673425362,1545.47693055243,320.064381592876,448.937455555395,2768.25534426297,657.540238593539,1862.05160100275,722.675086508628,2464.48516156971,2197.14608132624,2223.28748449956,1208.43338037409,1186.13420343971,0,1792.62057983184,1179.91239506892,5874.02018334563,1681.62446397046,1645.08870048139,1626.73950981662,2259.26292211511,1290.10924404754,111.973645373094,3603.22325788644,442.912698723309,779.210616852014,1516.08963211851,1945.50032112887,2168.63803863638,755.770078632883,1096.59586610206,322.826352951842,5667.14006578655,1573.92047873835,2359.68382795537,665.073734929198,2224.87363324448,431.022899148094,646.208000425787,2272.36442221473,803.258804953625,295.015168392569,307.49409491309,1434.50660671655,1240.67116441827,1103.86794178301,566.181202569246,894.839719689808,1152.64086400351,1882.17091813667,1443.54755971168,660.99377803518,822.8965020375,1000.01635403375,986.027492774282,986.758026281695,1930.85321040742,2034.21898431196,916.953715543322,638.588454860836,2225.16014455681,3830.1638557924,936.120996602065,1644.34073689888,1084.534097091,1327.72064882445,1917.76409225963,935.46802794758,1527.32996042348,1662.67488869873,1460.19220569979,1256.49685515445,1520.83800182553,1259.75565914835,642.50713950298,646.980095770731,288.262263336562,1312.18453137431,1903.83842922703,673.949744779709,1051.33840038675,1686.19857769177,890.945843411944,1218.59963886338,1140.46226883239,867.827627222547,4179.19094840754,2738.57612795605,2000.3740243381,1421.49922525733,1845.75776310927,1445.48735633191,1731.80099451427,944.992770581188,541.594806060276,1667.43385008479
1124.88281545033,1194.25796394156,468.462550643686,3594.70831241675,2272.51017242549,513.185570401248,1512.25641497392,3925.00597191773,876.776733054821,2521.47270798932,1028.15601198489,4037.39842599622,1489.22071227761,812.93920586296,2572.64420841525,1837.91355490686,1803.83955479541,1840.05259473592,1191.6959331646,1928.83112854,3334.67159559587,623.22725275566,1558.00121774036,2225.13420019582,4488.23731153972,2275.66238798963,3024.56806003426,1086.40674186212,4229.12957091475,3891.35940268023,3725.6127483724,1245.23854427069,847.989819957952,1792.62057983184,0,1947.29414605387,7559.85285395262,3466.63007935659,791.31520963851,476.07678864279,4034.03084307992,715.606914606271,1732.37484332428,5335.98170625165,2074.68623099002,1048.91967058737,3306.82907040514,3565.08654080758,3786.92834678423,1352.36478817722,2822.6157864447,1698.71985568828,7276.35859686845,545.691085211463,4106.53574159932,1128.08030583234,3847.82360544113,2183.94377927232,1192.83490049061,4002.75220936537,1821.18589816793,1497.86779858592,2001.89677656093,670.369684848852,565.553910898253,1043.44675251336,1917.32089241242,1121.83259983705,1579.86375249191,593.53540167948,2838.86787407773,1374.31879214886,2492.59824899211,810.188240848764,1037.05144513786,988.758317967942,3319.48097288813,3528.20625635366,881.105025668788,2431.20082347424,3830.53738230156,5555.45196953313,1108.96632748078,1068.89422071979,1450.55276234589,1904.96346128196,2186.3307044179,899.974008138039,329.125778217316,563.121515983288,933.238657686918,627.163504089066,924.594908967058,726.924557605919,2354.09143893764,1299.48865267357,1523.84141162953,1381.46626963772,3339.19295178169,2431.35791198857,2819.93092545406,427.521794800462,906.60762812894,1751.61429812978,774.798119349913,983.588126015729,5876.75597251748,4493.93614419591,3659.32374919842,729.228071973366,3636.0064175403,2015.4167941737,252.487511293166,1365.72593888018,1252.35591742054,3270.27906115089
1586.83730737741,2218.070160079,1533.32818249974,1803.45663592762,349.44217862644,1897.44004950468,1503.65406820329,2875.71663728371,1160.54836286365,1798.2426802983,938.954953716259,2385.85982760627,676.649697089333,1145.3903010963,1686.00510525119,1150.7990298744,1428.41043159451,261.932328369724,771.817163645769,397.961675319289,2295.87218675318,1379.57832217061,957.113287987528,1444.92532925273,3516.89320731659,1778.99513194414,1078.70092510457,1149.71956415633,3121.13672366287,2204.09238208167,1857.36588494001,718.289294400687,1101.26876843986,1179.91239506892,1947.29414605387,0,6556.29700244439,2098.19386343101,2265.27306814909,1530.87772565183,2894.41100171348,1231.69795695424,1262.02250212086,4275.77722839285,1594.98245530389,1441.03233114987,2021.42723760645,1810.20576822004,2009.19217244391,1714.95270948263,2024.80915339721,1462.64878021928,6459.59437325895,2067.7381192492,3078.98238570191,1221.43121650954,2070.0052237415,1131.92922452735,1411.88186432794,3038.37239337981,376.656395814543,1150.59920605033,1456.65384197727,1296.5042039666,1617.7862300641,905.542699296496,1743.7332139723,886.567132400879,376.948549204272,2348.49017371857,994.249367295287,1625.43811722386,1876.03009704837,1497.52617735393,942.243998640232,1000.67121440803,1417.84408474818,1668.19050706367,1289.97631390125,1436.63487851435,2035.96714398328,4508.5810113712,1748.48975208506,2398.89305417704,497.060471923744,2440.25971894175,3011.21058233831,1183.99265860817,1619.05787599793,2159.52983784894,1094.02645175355,1747.70426680139,1135.87076181934,1844.27026653866,1099.42556546415,1547.37039839153,1256.79385788611,633.772743406052,1459.09079433482,1239.33289278108,1889.94777307723,2104.34964625356,1395.24154545203,228.333925012062,1725.22519041408,1520.79352122377,4896.23014404772,3403.80539155434,1942.99540125237,1242.92384530061,2422.03311229549,272.312611866106,2043.79213850432,1913.23459061093,1172.10563111528,2664.01993942968
6435.00617497503,6555.82521999977,7159.73712286244,5052.54364207609,6539.2542668201,7084.02831818807,6054.97257685977,3725.99483947752,6856.12261961303,5081.1864987223,6887.66957199455,4383.58305471552,6427.55314592083,7030.7040900797,5080.49071829667,5846.91409080296,5789.83013329007,6818.21168620956,6815.74924207535,6934.18972538331,4334.82334276376,7418.96271463894,6179.47324924244,5426.44167335594,3106.60226097491,5297.44284304291,6052.33205843089,6581.84993224458,3451.29601131369,4577.86788252359,5221.58579156625,7000.3374641384,7059.51205103945,5874.02018334563,7559.85285395262,6556.29700244439,0,4459.46309679414,7045.65828230158,7491.97630875914,3674.5175626451,7163.31441319823,5898.75294893053,2289.57533871616,5510.34695086453,6523.8892061053,4539.02734278971,4982.12293343063,4881.35663566292,6212.13363735399,4779.89852051168,5881.06969485034,645.151528750194,7144.94105653933,3526.3624979906,6502.42611987747,4839.4584864273,5598.42885300833,6382.94094806583,3603.21337473896,6327.00563179081,6152.7798626209,5606.12463234283,7308.30894112601,7000.00415585528,6959.92504621233,5642.94645048119,6758.04922181615,6795.32100182746,7378.57333565462,5720.11434095127,6185.58644680651,5087.56014154796,6761.52293887266,6853.54651782309,6859.20731809696,5594.31252456198,5307.38433145464,6753.52429842622,5285.68320761775,4900.36702717664,2057.39389653287,6462.47565177287,6844.71911568834,6803.81727221839,5846.94349571297,5942.14809148426,6798.10731631248,7357.6080981195,7200.01729548656,7315.23031245767,6937.89799528406,7376.01409378435,6862.28125694324,5525.47941397872,6261.78700961324,6093.17965742895,7043.97604845541,5495.01092465836,5397.68030768768,4830.05595833492,7291.86067702218,6682.9607727697,6746.86969400705,6790.95806973505,6579.96459637247,1694.82875214262,3167.82270491536,4822.40914820892,7295.22003534342,4141.31686003345,6772.98838031183,7411.87461165233,6233.5617889234,6389.86707639699,4289.6483720178
2454.38793298507,2906.23687428027,3004.20663525895,988.91777205647,2092.44260953914,3114.96015890148,2062.60324722944,884.679544597307,2620.4678255735,1140.68532664826,2571.83430003361,785.481614047909,2074.33840433815,2756.2778763563,991.090518835932,1632.33565294558,1738.37306927721,2360.0811405921,2462.03405560897,2474.9356301548,575.245040921126,3132.77684237048,1914.52136437805,1287.63975131201,1495.02352935147,1428.30966052209,1763.72853876021,2381.77722730807,1060.22114354989,778.895233418124,1295.47725664988,2604.70730247538,2764.05960864108,1681.62446397046,3466.63007935659,2098.19386343101,4459.46309679414,0,3280.18065954391,3242.28565050127,836.908613302394,2889.88195456015,1757.81806347483,2188.24606088693,1531.45049416457,2458.14928226558,193.922208601962,876.293202243027,984.374083793921,2331.75129345568,958.69463155133,1860.48982179572,4391.90937110247,3243.36024328985,1070.71343798568,2340.33039100318,1004.22586209168,1284.70899605468,2320.38230335275,1086.41426276297,1897.43220126963,1973.02472788367,1540.44746973533,3021.95785121094,2921.47960755539,2621.87715460065,1802.44865410833,2444.76861105631,2359.34162953663,3546.59547816305,1321.20030749522,2256.06687819659,1245.98233834975,2681.63459441145,2544.10938660795,2567.56029871594,1407.40384762847,1227.31766818934,2585.63891028424,1050.9631885012,1050.88019685226,2420.04621900929,2563.40122685206,3219.01901678165,2387.99433337239,2515.86037177972,3019.87725799644,2581.07081124725,3183.44669260816,3328.59014080822,2958.34956617373,2935.26275134712,3016.84063476872,2926.34153216709,1139.38714417026,2281.36846313784,1964.48445475689,2620.55106742724,1306.89060806556,1041.05498330562,818.697453080717,3362.53275457479,2571.65830947248,2295.00174683927,2812.6724987656,2543.76068271596,2815.00784478362,1333.17355297665,778.412410720378,2993.23701317655,387.499451953739,2314.52338927075,3413.38116157435,2469.0750744327,2215.80528988964,1274.92811369309
844.87086815205,493.006384563011,839.690350643858,3635.35020125536,2614.3026155095,404.326148402051,1218.92995653324,3562.26642414916,1114.62210492845,2197.05478466088,1358.34032775348,3956.92181809588,1642.50678321869,1195.20057575133,2303.73079638072,1702.795051588,1542.76487392161,2245.93762908498,1514.50929679442,2377.88509243824,3018.90303344762,1251.42624971046,1541.23585206931,1993.02298701964,4060.16227353783,1914.1036161708,3279.64797419297,1140.79164641051,3869.95416448845,3842.00807209966,3825.71104941005,1680.39364792595,1262.07704547545,1645.08870048139,791.31520963851,2265.27306814909,7045.65828230158,3280.18065954391,0,1152.63259956236,3700.65736291585,1183.17220928132,1548.5867594007,4904.21105151005,1760.78218498265,904.041184554937,3098.55030792374,3581.48097739661,3805.93242623903,951.536437580792,2475.69732273898,1420.17282565115,6705.62331808434,264.047474315139,3722.69418609728,1104.4508884521,3863.44673407525,2076.06208957023,1011.16448585989,3601.14064568343,2016.15220238393,1393.33925961312,1739.74052389036,1234.20798699125,669.308079297676,1427.79411379275,1521.93922806691,1382.42945326248,1954.83026325843,335.643621588853,2976.45439336232,1024.11935477328,2131.61758988632,772.871942881522,1343.76168582776,1283.28516812329,3476.89464512711,3630.30107789715,976.081514692379,2235.75642299699,3859.99231095946,5110.49542353811,718.03780387329,279.22351397361,1813.59512556437,1226.19963140225,1411.31152450581,1082.74031855765,907.409478398344,228.591336985164,1504.34258878999,519.838015310479,1523.11247866904,426.70646641276,2283.99792744592,1005.44213105316,1359.40350705449,1846.57655543747,3471.64676859542,2317.3461006127,2525.74104306073,364.513573246024,884.761889479934,2123.84509985194,552.659267369342,809.592282103405,5396.26247403785,4112.17724454868,3643.57671581128,1287.0833959729,3364.92547095327,2416.2874281944,540.497915378978,849.749265207712,1205.14716925421,2797.24063674796
1145.70572685773,1443.30837806113,399.426839074887,3254.195381805,1839.1632435544,771.853882799608,1466.84774810831,3794.49862994522,638.897318938247,2411.16217966431,682.036343491267,3746.25604236289,1181.99462964907,486.036467855543,2426.09197248525,1660.51471049447,1704.54141768829,1395.31226082055,823.546068751914,1470.06285838792,3189.02031755673,155.003423860101,1340.9475343816,2075.43593629203,4390.35504692225,2201.91293186408,2607.92457853684,910.296537516734,4090.52876665682,3587.4802331785,3357.6337936625,813.420930724449,485.219463911478,1626.73950981662,476.07678864279,1530.87772565183,7491.97630875914,3242.28565050127,1152.63259956236,0,3882.93954882793,353.251963906863,1594.03328858868,5228.87245666038,1984.61482938491,1010.34435583277,3098.77824745823,3236.04253729991,3452.9362093408,1396.32704990275,2713.1792517478,1620.97766869725,7256.30548755973,888.641491866103,3985.98584657467,991.407485400108,3514.39808831795,1965.14318043948,1138.30333670078,3895.82735260122,1465.09127821126,1340.86528299617,1885.85110641223,238.885342501875,622.919816855018,659.983020123287,1890.47102280024,802.742218221124,1155.06794365242,1038.35453765614,2471.19310010905,1384.42184745845,2406.59170720265,797.436800047705,704.644984308291,675.541889695348,2934.50149119124,3162.32553430664,745.624550006142,2248.37560630206,3491.19464502722,5454.88109447489,1197.32691890664,1408.90587202455,1037.78761385516,2077.77751973861,2456.71927576068,694.148998729194,248.465050257618,943.814976762584,466.117540749295,774.661270339088,451.019811511922,914.742071743445,2105.05079198134,1289.63117805888,1399.15230014008,930.935415576381,2963.86952178006,2202.52586405745,2678.07634969919,823.93301483501,840.137343961215,1321.09582158008,893.162426471725,983.89351585778,5798.02024266565,4365.28219670118,3343.49683832229,288.483281755389,3455.84143607375,1568.4448025562,677.756641272218,1476.33040863257,1102.11802733371,3229.35288739914
2940.70817401083,3261.73322255327,3592.78912825363,1723.60223885111,2917.59153436535,3617.70524538474,2538.46782687491,193.31922468956,3244.96635230867,1520.2163325321,3243.18494066651,1231.50187701879,2766.25256063934,3404.78856760336,1463.54076741117,2222.86240281913,2231.95643015337,3155.41503200095,3157.22588732438,3281.47790130816,699.380452630358,3792.13640179494,2544.48498367314,1814.06683693367,660.16182348565,1790.80532070077,2591.28861384345,2981.83458714201,227.120933417009,1348.94751998337,2005.28437747655,3330.87627659182,3424.96331755799,2259.26292211511,4034.03084307992,2894.41100171348,3674.5175626451,836.908613302394,3700.65736291585,3882.93954882793,0,3539.42342167768,2305.89222776205,1385.63225045533,1969.45902289814,2987.77599587151,874.170397162613,1617.66427423599,1646.88346200652,2762.99577967186,1227.92232593632,2342.24182126873,3569.04034079556,3720.1278416502,265.703475508988,2918.17455956438,1641.38817544368,1937.63387134703,2843.87743060158,357.408950247102,2652.60033945911,2551.43612184276,2032.40529887537,3680.28741501693,3470.25761921647,3307.82813381014,2180.42436822123,3113.20938963351,3121.01712752059,4003.47582715635,2158.07212033205,2708.20484014443,1571.22304858221,3224.94732813265,3211.18031564475,3223.97554102091,2206.53834143467,1986.1354828655,3172.26608612972,1636.73267384651,1701.83921298739,1618.41361312595,3014.39230230956,3579.93617148227,3130.23751743588,2709.69012282146,3098.7605586663,3194.47180822254,3784.50101489478,3795.09742593608,3658.82032453094,3448.2364167186,3719.13574571144,3408.2011369735,1851.75183812582,2760.63762980597,2512.53449267324,3369.86680439232,2102.96335095849,1726.19132731354,1214.31667428149,3854.80721838758,3128.10626724762,3077.09835044757,3310.45396659172,3061.05392760197,2001.96116105587,509.492851263142,1480.05255803328,3660.27838967416,473.205667635714,3125.17124924764,3937.10748311516,2852.0288262644,2797.29532163709,1073.10621575862
919.061866034403,1353.35714900704,347.079130059768,2913.4394057994,1559.16509609841,779.046782355231,1182.54886770085,3455.52134753688,313.970013620086,2083.40678897158,332.411603230233,3395.60490939533,829.627697077247,134.767820811438,2088.00346531958,1320.38198034611,1389.33143710038,1134.56802337165,484.88815554255,1238.39801973535,2848.15809344731,255.718343632009,994.991745968856,1738.80936898416,4058.20432743979,1888.92201281152,2309.12770215052,591.317442576787,3749.17714197106,3238.54262506304,3027.40204663425,538.396920072541,137.354353897619,1290.10924404754,715.606914606271,1231.69795695424,7163.31441319823,2889.88195456015,1183.17220928132,353.251963906863,3539.42342167768,0,1266.53097243186,4892.84198256682,1668.27891819972,759.644657231782,2747.8546424947,2892.02879217515,3110.4734519863,1165.66302703215,2383.6894313052,1316.57676564702,6942.95095727713,936.425143866883,3648.93129904727,686.136293288026,3171.83743257929,1615.0908943711,866.66647703752,3562.45146512464,1125.7524193456,1012.10574878024,1561.51713335574,146.703072472215,530.431841381919,329.207046417989,1602.77701088323,449.862221990001,866.074376715693,1169.15553656717,2139.6601592221,1134.19807883867,2086.95032777121,597.254164201302,352.476491669563,322.46213663045,2612.59865981597,2830.94029701811,468.849965632186,1903.09495481371,3150.32868539966,5120.13515575052,1010.37699593978,1399.09655256898,735.105659575469,1901.58808144009,2344.23257104208,380.450374811812,387.679427836799,1015.73315424036,334.174626652938,699.018564437273,369.303353416914,837.796762504724,1752.10635251988,1033.37459271754,1081.05597470856,689.397027465842,2636.74824805666,1850.80955956983,2339.9173531233,927.465793618014,593.896606933033,1038.85395672146,768.900326899948,761.492204327915,5468.54189407543,4025.60580531824,2996.54822475953,154.235707771648,3108.00061546442,1310.45447192927,832.383238292919,1283.46390690217,784.064704379692,2920.07587165486
705.891614321576,1255.20818902967,1286.91738437555,2113.36006530566,1551.26672434564,1357.14260556141,356.288743090199,2206.43978437939,957.406213691366,817.58392512312,1018.79783112284,2408.83391921778,680.781711123223,1135.75464005312,842.370593966779,170.243208364863,169.868605301097,1424.47952740388,995.776264517951,1598.15684716354,1607.08575753686,1522.15973679761,348.711791177673,492.944687995757,2796.3563298269,637.374409366566,1971.86062821378,683.865714581288,2506.61678953667,2294.07734473495,2332.71856372088,1233.13004790582,1171.08733332168,111.973645373094,1732.37484332428,1262.02250212086,5898.75294893053,1757.81806347483,1548.5867594007,1594.03328858868,2305.89222776205,1266.53097243186,0,3636.20105998492,415.096204273837,701.090147106561,1587.2391654058,2050.1413807924,2272.68525009702,646.636747434111,1119.19175215326,214.713116354601,5678.48162176791,1488.08853460361,2394.96076576214,612.743691303651,2328.43485227847,532.095869672372,562.578561947419,2302.18475752761,886.528718066848,254.426297535929,295.881064697693,1412.563866036,1173.69294457538,1106.69631464426,483.279679534495,895.864495254884,1207.08285633387,1794.38903062161,1555.49595048531,552.895648998176,822.992132816098,929.936196377317,981.68356591515,975.51814864678,2042.70770847805,2144.26612384205,867.030393244279,707.842282003936,2329.90509115414,3861.44139630631,835.247189710139,1539.33706328897,1128.29847910131,1221.7944170773,1810.92438022593,899.886960947554,1479.42562217652,1575.26432197408,1459.63789580299,1177.62992593597,1519.69494544613,1172.06261606048,747.263829174677,545.415411670211,209.091615476122,1347.92967153933,2015.27439291748,769.039683202494,1092.36627771538,1604.86123763233,826.13128178919,1285.35396159737,1055.77769867376,785.943256339579,4204.38848245649,2777.46691331828,2101.69900389617,1404.13418724676,1904.06422334627,1523.61983751785,1658.7475827804,833.987741616155,493.948675803621,1663.90723490093
4217.07800239043,4430.74104068209,4914.55398894434,2903.14534163993,4280.13686550993,4884.96369689221,3823.8024721316,1440.34382018375,4590.29017413349,2822.7058976812,4608.11887936817,2264.42568383758,4141.26542764271,4759.07150507982,2804.88687135886,3572.65907906275,3539.76322027046,4537.3308386512,4530.72031501577,4659.1990468795,2049.98825620247,5147.74375080092,3902.24239088163,3154.29516610301,848.801142912265,3060.35483348567,3867.97448037053,4319.73447111088,1161.7532473565,2444.41745560043,3127.37149459196,4711.66824883646,4784.30290383869,3603.22325788644,5335.98170625165,4275.77722839285,2289.57533871616,2188.24606088693,4904.21105151005,5228.87245666038,1385.63225045533,4892.84198256682,3636.20105998492,0,3263.83063084423,4288.58131470583,2254.66156097898,2815.60670594276,2763.41142939217,4011.21727440816,2519.83144626446,3639.20802510744,2211.10926134166,4966.20202308061,1244.10802801762,4246.5220956145,2734.31418317007,3311.59303505596,4145.30071500617,1335.18744821912,4038.14413322205,3888.29012135235,3348.61795792665,5036.35177923366,4770.8617188751,4677.45825015609,3428.02616735127,4478.17001121684,4506.59805608358,5226.6425666485,3485.07884578747,3972.21844764291,2843.66938015035,4527.7082365792,4574.79125068039,4583.34504461791,3435.52957279032,3170.19950404149,4500.09799924067,3001.6821096739,2798.40690551983,232.907847749233,4265.22969253529,4739.0386103587,4514.24270051217,3776.46975366822,4015.89254883557,4535.27780136077,5110.48436046087,5031.45987331167,5031.38266517062,4726.67170770948,5092.02527751451,4666.79159810461,3235.91402213151,4039.15578336704,3836.4939735738,4754.42227977843,3331.97160098869,3108.25961843982,2553.07898934666,5108.71160907779,4440.60142435075,4461.67301113862,4582.61866026644,4352.58400512456,629.793777313962,878.249592319441,2658.35029257935,5020.25421155186,1854.94299116849,4500.52433936766,5211.56148987666,4062.60459941204,4129.98556956513,2107.54940036618
971.340113649763,1375.11671268385,1652.12269624136,2075.40594194474,1845.19105201417,1648.39008530832,569.025090448905,1851.99038802685,1355.55460353869,449.372720551873,1432.54201629078,2254.24103187831,1079.74810428483,1540.18168015703,544.121620314469,453.69487746638,280.078205277663,1786.61697082541,1410.15450189274,1958.40203533767,1273.69855765611,1922.85270813664,755.542949618994,292.003884233337,2418.02131344388,222.704954488197,2135.63011071897,1078.25079949026,2157.64362347286,2168.96063189145,2332.25606662382,1644.99513499402,1579.38131986155,442.912698723309,2074.68623099002,1594.98245530389,5510.34695086453,1531.45049416457,1760.78218498265,1984.61482938491,1969.45902289814,1668.27891819972,415.096204273837,3263.83063084423,0,1025.84930894428,1344.6521311408,1994.5845836413,2206.48924205682,809.410872290608,748.232041933643,375.96782195607,5275.02284638534,1755.12879072487,2031.88145817276,993.281859052988,2256.51030645859,578.900517050352,882.117477023862,1929.16638987514,1221.30996567186,662.682817455318,139.249142681057,1814.92732596049,1509.13566334414,1521.45822770705,288.291432970923,1310.58976486059,1594.23452325656,2046.41170783958,1665.03483467317,744.129330225367,422.799113160056,1264.8757919921,1395.17731525525,1386.57385931918,2114.30858237328,2158.52749046685,1243.22868645224,535.08294542858,2269.61488960222,3485.59384057017,1053.53995270025,1687.62081455761,1527.37936842921,1098.57476396846,1677.52744940852,1293.66811010984,1849.11301024551,1833.47302809521,1873.43027766251,1479.05978513946,1933.26817044447,1440.80236146726,774.505067446968,791.308295583274,587.389981456919,1753.74108657579,2067.12987093992,719.510611623352,767.933679509856,1887.04503258469,1176.95595350874,1653.11006017317,1341.05442113235,1094.26224920504,3818.35356104262,2419.69589858181,2014.39106120083,1810.02446877264,1606.60561917918,1865.22580847543,1967.93912135652,937.629788415737,885.072721516087,1253.00713553623
172.552001031164,777.502769237018,639.919952662283,2736.1174039617,1787.01432366181,658.315340869098,469.046973824723,2876.35148668344,476.600538618995,1472.69223849026,689.874789936233,3089.54579045154,775.325434935533,665.471871112159,1530.43663821186,832.331206485977,755.922865851439,1484.55320841811,788.96494450948,1641.96678886247,2288.79485850991,988.74494967166,637.242314186488,1187.89104947107,3441.6050565874,1229.5145858333,2398.77366711761,300.942936854094,3180.90706722298,2963.56069867337,2921.93507260853,1024.25756051957,729.963337618348,779.210616852014,1048.91967058737,1441.03233114987,6523.8892061053,2458.14928226558,904.041184554937,1010.34435583277,2987.77599587151,759.644657231782,701.090147106561,4288.58131470583,1025.84930894428,0,2288.32909095863,2685.84241516512,2910.67929327697,407.279390365439,1773.6959779362,649.89422607915,6263.05212383261,798.592050077917,3057.63160478109,220.091865299222,2969.02395323027,1201.67320728335,144.02277818862,2954.54888875238,1143.82830320954,500.99921789436,955.717081544317,896.584391004164,483.451958415201,789.834262331458,888.025085696145,637.576651871064,1197.31993652534,1108.79611818944,2074.61202614122,377.018044988441,1444.93792818198,239.133880877525,657.091023297803,609.722698192068,2575.21178955201,2726.35337201873,292.64993689794,1408.89919138959,2963.13613624199,4509.18050580046,316.033443868581,975.601225174068,1064.94236786493,1164.54852234379,1661.9576828457,406.513688097375,838.182468668588,889.551915026604,1058.1693814842,477.421179747136,1107.64847730887,491.119111073209,1399.43131992489,279.534771982299,493.673458067385,1188.68000703206,2568.19404768235,1449.21473015131,1774.95002660882,907.072952181346,170.739262067568,1346.75444442327,366.416777061429,94.5769624744759,4835.85594561364,3445.04742189449,2754.93934769495,913.878253066427,2599.7571509874,1638.50821409714,958.220339875929,549.654459076565,302.467952064802,2239.76084453914
2278.06852762844,2718.24078741715,2847.50459391973,1108.69124684757,2047.35538861341,2943.16189713261,1883.14537677897,879.207946632797,2470.84602841393,947.611800265811,2435.29471138684,975.074975303486,1942.7270372279,2613.54098871467,802.07048160185,1469.11872067675,1559.24218913191,2282.81522393968,2333.158800641,2407.40250884525,441.233947359663,2994.25365088372,1762.89854284017,1109.03510109223,1513.9654098135,1235.99337658437,1793.07426941264,2225.321798254,1101.26490887008,954.512138042977,1417.87772091217,2488.42304123546,2624.9446203311,1516.08963211851,3306.82907040514,2021.42723760645,4539.02734278971,193.922208601962,3098.55030792374,3098.77824745823,874.170397162613,2747.8546424947,1587.2391654058,2254.66156097898,1344.6521311408,2288.32909095863,0,996.931332686887,1131.6988297834,2148.47990326328,767.411085988456,1680.63006591784,4443.02964815107,3068.24551699322,1077.8873806669,2178.88654467985,1158.10379705567,1134.11705817188,2148.95964434173,1066.97916142808,1793.04529210349,1809.72443515875,1359.5799380356,2882.83861462016,2756.66626795391,2490.29796114289,1612.61813210195,2306.84914436409,2259.80064727204,3369.63354403978,1321.7856555663,2074.71104513731,1052.14136245164,2515.0274584537,2406.13111345788,2426.4489268847,1475.6573279666,1327.71292113268,2427.07948937075,879.535870831387,1199.59321340577,2487.53245224941,2383.09575706857,3032.02933437256,2278.43690037118,2321.93842536387,2827.29154072292,2428.56268709518,3030.00840899957,3152.34711327023,2832.82738416644,2764.49250638086,2892.12607028198,2751.0444960976,1009.04259743033,2103.3903965392,1795.30769384666,2515.02354287281,1379.66547142855,898.13481900405,624.77612548381,3189.84776684389,2407.01596541282,2207.93082512949,2639.24269957756,2372.30428414665,2875.05129589523,1382.97652350238,920.520074288884,2856.65058424637,401.020532658166,2251.02135760972,3245.62644923735,2281.98976688516,2054.51066038357,1127.97990646208
2739.00453355665,3301.97309663317,3099.87541155285,112.667419362056,1659.97447298797,3325.49995777044,2403.07374402053,1716.19714242109,2688.77713653457,1739.51665835185,2559.85666463032,610.483741045829,2076.42478320797,2770.85566111301,1548.58319549902,1886.3266236928,2103.7423611761,2048.73182335048,2412.49867927869,2108.68619265478,1435.36520304905,3099.86730384627,2056.6654337355,1704.10657065736,2264.18277488371,1981.73331743432,1070.20999229147,2513.66609738675,1814.87682275326,415.228031427003,421.227500453385,2472.99449526426,2755.2421497247,1945.50032112887,3565.08654080758,1810.20576822004,4982.12293343063,876.293202243027,3581.48097739661,3236.04253729991,1617.66427423599,2892.02879217515,2050.1413807924,2815.60670594276,1994.5845836413,2685.84241516512,996.931332686887,0,224.892491812339,2693.76648862481,1676.74465315315,2221.22168660714,5014.04836801942,3479.09496619402,1877.84647400366,2511.10958179749,284.184137111945,1518.70165886482,2570.55108193307,1923.896928669,1772.02717538943,2188.73001267146,1942.62489642575,2998.44370278725,3082.58577045677,2576.45063241602,2282.48060690475,2450.70393874294,2158.22320676497,3789.64979041755,822.494847820213,2602.09852788547,1864.38200989048,2869.76247176108,2542.95457289775,2584.24223285883,620.338219246133,368.713107244273,2718.41634473992,1460.87071830665,279.777899948276,3034.94042108603,2880.85711653094,3589.40841844022,2236.85100056675,3083.72338353778,3642.91458235112,2671.54046493909,3247.20571251495,3572.00133828593,2856.31646657596,3144.82766529059,2906.91719779733,3176.95456849838,1303.12735882032,2592.35043549896,2225.07956856928,2429.79351839418,517.488184525156,1296.9827821638,1494.77613203406,3571.26097915392,2750.84641370852,2036.99686137232,3051.52774631547,2779.89721276936,3440.09242913497,2049.9142512708,159.816833713721,2955.45515217448,1241.47033784323,1942.99095608223,3577.22639651011,2870.34801206477,2395.22272264407,2124.0562332354
2963.13397263323,3523.1138513621,3322.33280857485,206.192125245478,1838.01733952633,3550.29114642004,2624.82764104974,1766.58980111794,2911.01067311906,1933.5459039933,2778.60682407317,502.921498669661,2297.84267270175,2990.38403357868,1745.32599567148,2109.56583238864,2323.20705871076,2241.33642497129,2629.53369761738,2291.73631624572,1558.09542470983,3315.32281527077,2281.51354778523,1917.36441815867,2273.12519059636,2184.26143994675,1191.2210130396,2737.98174474846,1827.61501493581,319.635317832866,367.533844562718,2683.17455413706,2973.47389188699,2168.63803863638,3786.92834678423,2009.19217244391,4881.35663566292,984.374083793921,3805.93242623903,3452.9362093408,1646.88346200652,3110.4734519863,2272.68525009702,2763.41142939217,2206.48924205682,2910.67929327697,1131.6988297834,224.892491812339,0,2915.31671303088,1849.33928283462,2441.43152344008,4943.16669694262,3703.98030661471,1911.82193707308,2735.9095233688,61.522910734767,1740.85179862913,2795.10728938063,1973.82378498959,1987.97395295744,2413.372493778,2158.90479386854,3214.8994205231,3306.86531375827,2793.01427327608,2494.73273168292,2670.84095093707,2363.77088208394,4014.52885111659,1015.40951003008,2824.11950833842,2057.04064620283,3094.53575216137,2762.38098056059,2804.46971269841,721.526821409028,427.368373215351,2942.50348385479,1671.6235546911,68.3749622256805,2975.98008885824,3104.35368887714,3812.01883232695,2446.8228115781,3290.35943025747,3843.79243958694,2894.58465137214,3468.05551520308,3796.89296918969,3067.1380794951,3369.66086670823,3116.78281097016,3401.79520827452,1526.13471525858,2815.59718072816,2448.99940893009,2634.26574645772,629.550051773013,1515.96286037866,1672.60928282681,3795.95582036862,2975.59759856918,2237.05840280987,3276.39740532031,3004.71437471153,3380.22414423698,2042.23684921409,212.499866494103,3171.05669037866,1318.68531533346,2127.39088959638,3801.1588304538,3090.37193047645,2620.10312544485,2255.9764988836
250.94513591782,608.785034565835,1007.01170841961,2758.95530854751,2046.57446911115,874.85150670315,290.926310501263,2633.10278518054,882.044201533424,1249.36659551207,1080.91119600905,3026.22517227503,1040.42073120614,1072.56308701306,1352.21671520337,815.273675108829,602.234670533137,1802.96433735833,1157.31178181125,1969.42666540857,2074.2414456317,1388.44895501262,785.622721856474,1047.66547806956,3162.57760702458,972.199208242394,2572.12321121135,665.648668583039,2940.85264529138,2922.40011287588,2979.02906359203,1403.1286149733,1136.33313044046,755.770078632883,1352.36478817722,1714.95270948263,6212.13363735399,2331.75129345568,951.536437580792,1396.32704990275,2762.99577967186,1165.66302703215,646.636747434111,4011.21727440816,809.410872290608,407.279390365439,2148.47990326328,2693.76648862481,2915.31671303088,0,1535.10090559646,479.79560827982,5924.30625015006,959.585708615048,2802.33596136148,558.745287362793,2970.26770012528,1175.30595934627,336.019320037201,2688.12542400138,1372.7768904434,591.223173461724,792.831061727718,1300.2090954825,809.357698636539,1182.48469584771,586.040900649575,1009.27612408125,1529.0318638561,1241.14916646705,2186.03012710456,97.4754778958374,1192.01893300836,599.015480891695,1045.71605757639,1004.03465010601,2679.49153661739,2789.89915950084,699.922519097626,1294.66426344976,2973.51006308961,4225.61382078122,254.164234160709,900.962998841711,1407.5261329426,771.554261522102,1306.36629347918,811.240460729999,1199.83588812384,1032.27211490927,1464.70841396078,726.512887041863,1514.71325525744,655.589261464899,1392.51098479698,170.368038607089,507.744948851532,1561.11501545974,2656.43028284094,1402.60431905449,1575.74148220115,1098.92429325301,572.204342661572,1660.62586626639,579.114712180897,413.005449807962,4535.17075899954,3192.51336160009,2739.85380135507,1319.79018365281,2415.01301804704,1941.84195042325,1202.56812557961,202.287177688169,556.346803850131,1923.80236428177
1716.36837880261,2048.81666451604,2394.97962271819,1780.54019046202,2177.63664440009,2392.63606032775,1315.71252519273,1104.13231866227,2076.32973954589,302.879202857748,2117.1162317711,1742.48033650786,1688.59111605078,2251.52843928036,339.870372301366,1074.04515855263,1020.71098199401,2262.78570813995,2062.73455590197,2420.36847401698,545.694465492341,2639.39546603571,1409.12627203746,654.81269231061,1677.52429140621,562.976265628683,2198.64886223504,1802.90781574308,1410.4752407283,1712.64471300172,2080.53668438617,2273.10278464375,2282.51596226625,1096.59586610206,2822.6157864447,2024.80915339721,4779.89852051168,958.69463155133,2475.69732273898,2713.1792517478,1227.92232593632,2383.6894313052,1119.19175215326,2519.83144626446,748.232041933643,1773.6959779362,767.411085988456,1676.74465315315,1849.33928283462,1535.10090559646,0,1124.04172406557,4572.82908172682,2492.46778028418,1284.0192483815,1727.13206433766,1885.20263681685,902.089073288423,1629.80493905349,1184.70685196457,1694.77071647937,1372.95919677424,828.973852304561,2529.03186053076,2257.11181702303,2195.84296070069,953.879103978566,1988.9079491729,2140.99405202006,2775.8253822842,1688.13274306147,1480.98319627933,344.090451829427,2012.5529286209,2081.71997162653,2083.35185369834,2012.08363202645,1948.72472828649,1980.42309732611,588.223941396256,1917.56303729558,2743.6775778111,1786.53978408137,2367.39821958294,2110.2544838088,1573.97954961433,2061.96525270132,2019.03390990046,2590.68149092609,2567.17561005871,2552.85987484091,2225.66288138553,2613.69667054377,2181.3693251639,939.440250832618,1536.40110079069,1317.01684937454,2350.7318750837,1934.30154981847,802.591777918659,189.69586513378,2627.93962724915,1922.15331079791,2150.31376256806,2085.90050191669,1842.40618161847,3085.33829202655,1671.47861298515,1637.78937761244,2517.58879865445,910.559297082399,2291.62833449772,2714.31576001194,1629.51268480459,1611.8257010073,641.345522334084
602.969918066039,1082.84076206708,1278.98790469991,2289.85735161559,1760.01397812191,1278.54909572401,202.607661759581,2227.39137338446,1002.62740428257,823.853456839221,1110.93174929602,2546.63370630466,848.11826008302,1193.23637493802,896.091836833947,376.839243981085,122.926860596573,1611.61989816426,1117.40438121494,1785.22370154616,1644.57671778705,1568.34633623739,518.54038547928,572.932635524676,2792.80321681941,583.649836909013,2184.86108368468,725.997088488327,2532.60838002372,2442.87820452153,2519.91286980179,1364.27050240899,1238.85579049117,322.826352951842,1698.71985568828,1462.64878021928,5881.06969485034,1860.48982179572,1420.17282565115,1620.97766869725,2342.24182126873,1316.57676564702,214.713116354601,3639.20802510744,375.96782195607,649.89422607915,1680.63006591784,2221.22168660714,2441.43152344008,479.79560827982,1124.04172406557,0,5635.32772018584,1392.54935041948,2407.832194323,632.139093681043,2495.5945928746,707.613711165122,506.235586531097,2304.83337432972,1089.7829077791,356.869502032879,321.408772459975,1463.02537016571,1133.17118045302,1206.41156710246,310.305848670273,998.337098600704,1378.3994278132,1690.27063705779,1761.52165336288,396.998295563143,796.095820226746,888.952221988406,1072.78790832539,1055.12877137019,2244.24258995506,2334.36485813492,876.005503054942,816.725455996452,2500.6718386288,3860.43636957422,702.911429212001,1380.57253697958,1287.14575614648,1007.13423202999,1596.22725421675,937.222391621574,1476.61904011643,1474.23113141115,1547.58691557487,1106.46673141615,1605.84506339163,1076.03434156917,926.460950609996,424.706164072603,253.904214258342,1493.4184256144,2213.02506810178,926.045941919303,1133.60476191586,1520.36561294425,802.715223731461,1470.34850248522,971.208044848036,719.168527631808,4190.53514924998,2795.5139086086,2262.96956859089,1463.23571746593,1967.46401783741,1719.61314904636,1595.16731425537,649.141692236872,535.542442815704,1608.40436791713
6158.52136850267,6212.66476097008,6902.9606384536,5096.22681980462,6483.69254773414,6783.72735457561,5795.86027835182,3585.54671478011,6630.56987161499,4866.88631097277,6688.97065128179,4440.26064013489,6254.22901551867,6813.66361199429,4892.64222479956,5646.70592905757,5554.62497194679,6719.39668777342,6634.20818084342,6849.34489497852,4180.25763949134,7197.81493698017,5981.83719369218,5227.47090695814,2945.62619675059,5055.53598051734,6074.51992390726,6353.25398344501,3341.922747457,4628.17102654683,5299.52327055603,6836.51943371499,6849.35467196039,5667.14006578655,7276.35859686845,6459.59437325895,645.151528750194,4391.90937110247,6705.62331808434,7256.30548755973,3569.04034079556,6942.95095727713,5678.48162176791,2211.10926134166,5275.02284638534,6263.05212383261,4443.02964815107,5014.04836801942,4943.16669694262,5924.30625015006,4572.82908172682,5635.32772018584,0,6828.44476668045,3382.14780142425,6265.93333787453,4908.22006961966,5435.1001600946,6126.2368248594,3434.09171007035,6196.65232488421,5932.40699763919,5382.69729872409,7089.4921565854,6727.50167894107,6768.65622544892,5375.08308355546,6561.29041764972,6663.41244859989,7041.10338682293,5695.9111735912,5908.3888934715,4856.22806927354,6496.40146876909,6653.16834275564,6652.18214535522,5634.18667968195,5360.2909681555,6511.09181155553,5115.23762448777,4971.4234753724,1984.24144175095,6168.35829403571,6486.78330166622,6655.88973627843,5486.79655126533,5521.41175858142,6568.40262422731,7101.23272162876,6875.69474578199,7125.66248390071,6649.43911536484,7186.48713673659,6561.74422322756,5389.47507787349,5991.8061274603,5862.41016212405,6898.01802910164,5531.53209499331,5255.2635419231,4648.61628730197,6976.90103584889,6427.93294421673,6634.31596934232,6501.74536129256,6310.50091997995,1581.32013633418,3061.79378230146,4855.18131469228,7082.57352754404,4042.21560046226,6693.96284928411,7108.95648110544,5923.52315022456,6160.07306018338,4027.02695446439
790.62675662941,659.189695110103,589.622170320702,3525.73813852455,2414.45894570624,170.298221471311,1190.71383980092,3592.4189529203,907.316239449836,2202.00173981182,1141.01015099242,3887.76228734259,1476.27927387059,962.253754299719,2288.48133654154,1628.60410727755,1511.51046717864,2028.32451221527,1303.16987204407,2152.4506255485,3027.837757735,989.706550494084,1422.80828723956,1959.68876152822,4118.20771264063,1930.28082271893,3106.30176364689,983.801235103442,3900.08572830973,3762.05497603208,3699.09588468591,1449.81993739689,1025.9024850647,1573.92047873835,545.691085211463,2067.7381192492,7144.94105653933,3243.36024328985,264.047474315139,888.641491866103,3720.1278416502,936.425143866883,1488.08853460361,4966.20202308061,1755.12879072487,798.592050077917,3068.24551699322,3479.09496619402,3703.98030661471,959.585708615048,2492.46778028418,1392.54935041948,6828.44476668045,0,3761.83512710742,969.948929899371,3762.85303284724,1999.62949740919,927.736518413483,3646.80180396069,1846.29876278483,1299.54393875055,1713.31306482669,977.340304044694,450.147999424861,1201.6307208611,1545.58439940052,1181.25354499145,1740.4660963043,310.726149422877,2833.46174659485,1012.22133519326,2150.41575070958,614.212445356186,1130.9270787073,1070.94354510302,3331.63109905995,3502.04696793182,796.276232899286,2192.46656269036,3755.06227120877,5178.26132556688,706.30941188288,530.461032442993,1599.67560344214,1387.62913847336,1640.73250218391,886.847653107233,643.975011537796,94.5695032830324,1250.3871251283,337.82515628594,1266.30662620056,317.205784882188,2197.9042534147,967.853755393801,1285.91279321444,1612.85266655168,3333.54938483651,2246.49223495885,2522.45836568089,148.687376832508,733.176288674145,1912.22145644995,433.534312636032,707.016917060441,5479.05570251687,4152.02940641165,3551.71242414845,1031.67614564329,3359.22010230907,2201.3089924787,306.679591447049,911.503809876562,1083.89607041314,2868.33660093878
2995.91745516487,3267.20451976317,3677.41185517212,1984.8479690646,3123.76512194507,3669.88787417474,2597.52739229808,203.402555297789,3347.19206019569,1585.97313164609,3364.47339233106,1495.64358167279,2901.22216879637,3515.07958664603,1560.92760320648,2328.64089099988,2304.37835048584,3338.03393833026,3289.48799249321,3471.03399488995,808.532863791269,3903.7339456596,2658.1811305128,1910.76067123877,438.245548870357,1836.55759244151,2833.70883716316,3077.74644778024,188.891975455099,1614.6498271787,2269.0873014789,3475.66757287029,3540.20331709224,2359.68382795537,4106.53574159932,3078.98238570191,3526.3624979906,1070.71343798568,3722.69418609728,3985.98584657467,265.703475508988,3648.93129904727,2394.96076576214,1244.10802801762,2031.88145817276,3057.63160478109,1077.8873806669,1877.84647400366,1911.82193707308,2802.33596136148,1284.0192483815,2407.832194323,3382.14780142425,3761.83512710742,0,3006.642062562,1906.86996199594,2072.41628736271,2913.77856205171,146.978634985272,2816.888475602,2646.07560534208,2110.18523880417,3792.30663320922,3540.99754828473,3434.73577150501,2216.29497707618,3234.57590251125,3284.77083659266,4035.24079108471,2387.46276597584,2755.70657705766,1617.08123570025,3296.5422376217,3330.99065000471,3339.258255161,2459.76165190486,2245.77082186257,3260.67625863073,1759.49774080658,1967.16720736253,1472.76043152717,3056.12795344831,3582.98461475531,3284.20302376781,2672.37353206057,3018.25488183851,3292.90389935225,3872.27104016507,3832.35017678402,3789.40277345032,3506.03413043996,3850.1351062359,3455.27478768036,2010.09624978449,2816.47255542255,2597.11558734562,3525.65166590449,2356.70540642274,1878.14496042753,1309.04225955678,3900.75472596161,3205.78401153828,3252.21365138486,3364.44098325778,3125.41034384066,1836.72352917761,390.212240414516,1742.61599076936,3776.15573888701,688.096850151934,3318.34880485586,3993.86154993227,2873.42230520843,2888.90838320353,988.627928655748
371.990363963418,996.661092589224,674.943018720496,2556.16385101754,1567.04011510881,814.395402590714,500.802557528829,2818.94071133589,373.168235255061,1424.34864558702,529.25925298785,2939.18085819127,555.675562127447,567.303385576434,1454.68953803595,709.843872539634,713.242756722767,1271.82291968204,598.838502144357,1432.23956116399,2219.64829309043,936.453525503727,454.884297709453,1104.22295045172,3404.42547430931,1210.70487759618,2183.97456520711,109.488080384588,3119.35976648422,2805.11102777932,2730.79394030477,844.527131722004,619.558060735499,665.073734929198,1128.08030583234,1221.43121650954,6502.42611987747,2340.33039100318,1104.4508884521,991.407485400108,2918.17455956438,686.136293288026,612.743691303651,4246.5220956145,993.281859052988,220.091865299222,2178.88654467985,2511.10958179749,2735.9095233688,558.745287362793,1727.13206433766,632.139093681043,6265.93333787453,969.948929899371,3006.642062562,0,2795.13567147145,1062.09318762052,222.731168579356,2911.67785794249,925.69428309677,370.070486877003,898.174329938287,832.095109880905,584.989238698644,630.990373467383,917.342929461264,450.561741609069,987.834872126808,1279.73398336771,1872.90986184048,495.9682882862,1415.55018559911,358.792864722341,492.602326736132,457.461461150052,2373.0789365732,2534.14863176795,254.290333750856,1303.42820350115,2786.19889989043,4470.80286210422,529.546815597553,1192.64736379247,859.338822648889,1330.2858254519,1853.51347889589,305.785068696486,866.682964348497,1063.73047091229,941.530317790205,633.940221146523,996.69353314737,680.869840219512,1245.41803852512,395.023166062751,410.116149909055,1002.62974122159,2370.01799081573,1310.85997167879,1705.06249732078,1060.83609069074,240.383870944694,1132.53266235578,553.511536528451,305.702252945774,4809.31323316535,3389.90157531171,2587.90800034722,835.335813470886,2510.44984991373,1422.72846651916,1082.55778934063,733.1135624044,124.525143604297,2239.65450404537
3020.25930222636,3577.72642829222,3383.06516880435,266.596766983579,1896.5989541551,3609.53126181419,2679.95564671039,1766.55370880598,2971.79878664089,1976.65902569821,2839.9405356835,470.071965180321,2358.80409744947,3051.64387132944,1789.62405948651,2165.89572557003,2376.95621537391,2301.51024610806,2690.98074802473,2350.79650735708,1579.27566544114,3376.83001702956,2340.60584405508,1968.13418573102,2260.62352746953,2230.38201563903,1241.89702612057,2797.83838722357,1817.09832102876,298.537075969099,393.111795859464,2744.63689095877,3034.85243118646,2224.87363324448,3847.82360544113,2070.0052237415,4839.4584864273,1004.22586209168,3863.44673407525,3514.39808831795,1641.38817544368,3171.83743257929,2328.43485227847,2734.31418317007,2256.51030645859,2969.02395323027,1158.10379705567,284.184137111945,61.522910734767,2970.26770012528,1885.20263681685,2495.5945928746,4908.22006961966,3762.85303284724,1906.86996199594,2795.13567147145,0,1796.42704401446,2852.82501394441,1973.1240491624,2049.45539765043,2471.26119428505,2211.00495830168,3276.37733766112,3366.75325049907,2854.48430057214,2544.80063475812,2732.0207512228,2425.02641816875,4073.44909848105,1076.0376461247,2879.4109013797,2099.54146738079,3153.81961389172,2823.64826537714,2865.63975682494,771.218768704467,474.761807512813,3002.53271884689,1721.45266468357,64.2126316605862,2944.99018882361,3160.81225628027,3867.67337263952,2508.282827985,3337.71920646747,3888.62631197507,2955.12248241454,3529.14125804196,3855.67540390346,3128.6148730483,3428.78838065902,3178.22732865277,3460.1413808032,1582.39994847851,2871.85229761499,2505.92867799443,2695.43929307567,681.783942370776,1569.73260985801,1710.47713462211,3855.38166574986,3034.92760135222,2297.93244153384,3334.8803063456,3062.98792690928,3348.697411314,2025.73832805935,248.867150794411,3232.55996279582,1327.81548188447,2186.66174993037,3861.29115860221,3144.31948002739,2679.03257377591,2278.44261354437
1231.24978183951,1783.87751789139,1719.98177983053,1584.02223429366,1325.51283043039,1858.53992113735,884.477766971832,1872.45198007359,1337.15507144495,666.989439522087,1308.28421680453,1888.15505456063,829.718085437204,1480.53250819217,562.55130971966,373.399151015625,595.784811276239,1362.95537204617,1219.94827992892,1523.65468507254,1263.92338044033,1863.61072971119,629.955498314968,335.18805003941,2499.09671481483,697.792855557362,1556.76037713614,1097.88057282953,2154.17062347499,1766.5199835979,1812.6991428679,1404.14414085033,1494.50091006883,431.022899148094,2183.94377927232,1131.92922452735,5598.42885300833,1284.70899605468,2076.06208957023,1965.14318043948,1937.63387134703,1615.0908943711,532.095869672372,3311.59303505596,578.900517050352,1201.67320728335,1134.11705817188,1518.70165886482,1740.85179862913,1175.30595934627,902.089073288423,707.613711165122,5435.1001600946,1999.62949740919,2072.41628736271,1062.09318762052,1796.42704401446,0,1073.48005474754,2004.37269156879,792.743509504476,702.693341001172,474.236285016593,1751.88782221536,1646.70068855086,1370.39418666791,835.557695930946,1178.71633786777,1242.45178268248,2309.0211948446,1090.32446319469,1083.39825380565,752.17412716329,1412.31952011134,1277.50709418607,1294.7587746883,1553.8336735425,1628.42085277371,1302.96051981071,321.596454673081,1798.47723051795,3542.45880687736,1366.30448226572,2071.24835711162,1222.02088109971,1653.14555940646,2240.66800640773,1296.49349346095,1898.79572465414,2089.48851868809,1721.39003790327,1676.67103795395,1781.80612292671,1687.36773128607,218.869613678867,1076.67852135281,717.620513376464,1464.11845762837,1515.25970247488,248.903149869344,790.584953990381,2107.51858223836,1298.32606099488,1248.38268103738,1566.23465735062,1292.61261058489,3908.65695065332,2435.36376498471,1569.94790716288,1728.12637986559,1494.96925166778,1402.4406878898,2143.08351071513,1355.31691135349,938.059245872989,1535.86307275561
183.872305822237,819.589286261594,777.884964938923,2624.25904809301,1752.10795424055,794.586153336772,330.385369028575,2732.34620932976,565.345188543153,1328.70132215216,748.09462077513,2961.308940735,735.905287728697,760.341427065317,1387.2833780053,701.274942560944,611.960937478638,1480.78690787298,821.377534830253,1644.3620969285,2144.96281136501,1105.81745606113,542.859318522107,1046.02511765976,3298.57955972566,1087.07634512127,2329.92798615323,330.236258057338,3036.88425360804,2838.98428952857,2818.75973360571,1067.20794231551,819.470299027823,646.208000425787,1192.83490049061,1411.88186432794,6382.94094806583,2320.38230335275,1011.16448585989,1138.30333670078,2843.87743060158,866.66647703752,562.578561947419,4145.30071500617,882.117477023862,144.02277818862,2148.95964434173,2570.55108193307,2795.10728938063,336.019320037201,1629.80493905349,506.235586531097,6126.2368248594,927.736518413483,2913.77856205171,222.731168579356,2852.82501394441,1073.48005474754,0,2811.0538069473,1091.05111491631,382.214338779406,812.031055470569,1008.4404263578,627.433377281297,849.89336256538,752.995081074032,673.284806836682,1201.36857147891,1236.0933804382,1984.27641123107,276.975831826285,1301.79723979619,382.774315320922,712.205927899289,673.201213563089,2484.26458984366,2624.4466173949,399.892419073367,1270.03981151195,2848.90721223879,4366.19557177331,346.626490283411,1051.96404632619,1076.33824397457,1107.55465721277,1634.71539451947,494.209185773219,976.224960629612,1016.56585401549,1146.53191270876,615.563271587237,1199.31719207157,613.950163245677,1276.28869906649,174.583949879644,358.201885664659,1225.18987496014,2472.60980924073,1319.35955006665,1631.28127302341,1042.32832073337,301.698845419169,1339.71820853176,494.374947234542,223.406845954196,4694.07940161955,3301.10355905902,2634.98230080838,1020.05943762484,2457.24185817935,1626.1398044252,1099.85641490036,514.753965480892,239.970852845916,2101.1364967059
2887.15015802538,3141.20793879998,3579.37814358125,2033.16943547364,3099.84714652961,3558.77473907403,2491.27656090328,207.881422435178,3257.79569672976,1487.58574110525,3284.50733319714,1579.8512172691,2829.7998820791,3429.23972547164,1477.27653188859,2244.05678972462,2204.62747477003,3295.36079773911,3215.53935463944,3433.12796964019,746.456349713168,3817.83932309347,2576.26615453661,1823.98771326196,496.689684325834,1728.23218832323,2847.39590899238,2986.00093841725,335.427571367987,1686.18231737668,2324.73607054277,3408.35821042476,3456.77781988432,2272.36442221473,4002.75220936537,3038.37239337981,3603.21337473896,1086.41426276297,3601.14064568343,3895.82735260122,357.408950247102,3562.45146512464,2302.18475752761,1335.18744821912,1929.16638987514,2954.54888875238,1066.97916142808,1923.896928669,1973.82378498959,2688.12542400138,1184.70685196457,2304.83337432972,3434.09171007035,3646.80180396069,146.978634985272,2911.67785794249,1973.1240491624,2004.37269156879,2811.0538069473,0,2763.25110753704,2554.96169561282,2013.61209519438,3706.80755149264,3437.33303927117,3357.57063043194,2102.53689506574,3154.94813180224,3229.46727485676,3916.48260435895,2387.53050914703,2644.58466893797,1510.24185526429,3193.67467560574,3250.33455865448,3256.27414097512,2490.19038819776,2289.30122174093,3165.10028522154,1687.03543099296,2031.78386433091,1559.28409601111,2942.23524592948,3455.90780589856,3222.78733597231,2536.30430033605,2874.44137615825,3201.83633127498,3775.30439506752,3715.67873201251,3713.5115393563,3397.29731775886,3774.36147107361,3342.60654540736,1956.37654427097,2708.36478216495,2501.58915219888,3464.79895330122,2388.31762258114,1821.39386244493,1227.08503972081,3787.04988945158,3105.64852800913,3204.50678845084,3254.49017514233,3019.95006835479,1909.04325195151,514.884414124505,1795.5746216135,3692.61163198568,698.938613962793,3283.52863837591,3884.02371190618,2752.95368483507,2795.67439990963,848.013521071811
1272.60523605525,1909.60556754528,1370.19341706893,1789.16426452278,677.726016934258,1678.30668786894,1143.41054845149,2613.87430497779,964.355627451372,1450.09426385797,796.495348430999,2300.53905529926,373.736950154039,1011.26153037212,1355.05358187487,774.626732256011,1052.16748994393,575.287594208366,642.213493409205,742.570323600527,2016.79593725133,1327.84013148495,595.306601502419,1087.45488292786,3251.55403096584,1410.49124679641,1263.53760848023,875.689259687964,2876.73427758245,2133.51219584754,1904.75201269653,719.524606943923,988.40406844964,803.258804953625,1821.18589816793,376.656395814543,6327.00563179081,1897.43220126963,2016.15220238393,1465.09127821126,2652.60033945911,1125.7524193456,886.528718066848,4038.14413322205,1221.30996567186,1143.82830320954,1793.04529210349,1772.02717538943,1987.97395295744,1372.7768904434,1694.77071647937,1089.7829077791,6196.65232488421,1846.29876278483,2816.888475602,925.69428309677,2049.45539765043,792.743509504476,1091.05111491631,2763.25110753704,0,792.085224511379,1082.51196558882,1226.9295268367,1406.1785686033,805.110805329982,1367.44955413739,700.621947745225,468.520573053461,2143.89913320139,1017.68192876534,1279.73577371593,1519.55001226075,1244.29557130597,784.541561520657,832.756468792146,1502.56590397674,1707.58791388088,1050.13075912616,1110.03106292456,2026.15995395007,4270.82767124985,1436.13776825843,2118.34028502416,492.687785363156,2077.60862491852,2654.9151517459,966.984604272095,1495.14014695366,1940.50634518935,1094.70592612933,1512.55144980562,1148.91067999592,1589.49359683347,807.191850288517,1209.72162274003,894.524323741671,723.230392811516,1518.43479111234,942.114016535887,1575.41133747554,1905.49651014798,1131.45812058954,455.697778279169,1464.53340707881,1231.39119267015,4649.46466751091,3160.48041622757,1883.93790805551,1183.43228037072,2186.84877380793,644.281281192575,1873.54050227574,1574.05799378566,853.411824708166,2327.42494781192
556.980491625677,1170.76876151457,1044.00599673097,2242.0464243739,1469.705088294,1156.0611954848,353.055753378942,2456.13856830934,703.370538217234,1071.76185089922,771.025721460951,2589.33129588233,502.013848675439,881.474682455817,1088.93543850697,340.813379002664,391.378078087653,1275.35498589912,763.435994611569,1447.88508686479,1853.89043106447,1267.73423621601,197.178225805615,737.777919246826,3049.62122071804,885.284422937789,1982.84051654347,431.709434258727,2754.75294360825,2462.56137715869,2438.2524212508,1008.52793979518,917.809905733306,295.015168392569,1497.86779858592,1150.59920605033,6152.7798626209,1973.02472788367,1393.33925961312,1340.86528299617,2551.43612184276,1012.10574878024,254.426297535929,3888.29012135235,662.682817455318,500.99921789436,1809.72443515875,2188.73001267146,2413.372493778,591.223173461724,1372.95919677424,356.869502032879,5932.40699763919,1299.54393875055,2646.07560534208,370.070486877003,2471.26119428505,702.693341001172,382.214338779406,2554.96169561282,792.085224511379,0,549.766843841028,1158.1643452112,948.524511291132,862.271622479292,667.074425583095,651.826516806947,1029.51639186738,1609.79486554396,1613.3076755801,495.033185557329,1076.37107037609,710.650513158393,733.400173820435,723.909023457873,2111.69761674428,2244.55794072795,622.253945246335,933.403097227268,2466.90714231261,4114.04913558135,710.713490678904,1425.20187323337,932.80746440856,1289.68098539713,1863.21017791982,646.988930634855,1233.49334140862,1390.52276563257,1211.63052748979,974.111496113179,1271.22125385275,990.688728046067,898.438429595066,441.080982029322,109.997419908757,1136.56912042679,2096.49257544957,951.198787123103,1340.3197844542,1405.01553383945,598.774706266092,1132.58587720538,867.191895222341,593.655942249138,4458.29210428448,3027.20864091552,2254.9740671424,1150.18039805614,2140.63714748826,1395.5406581537,1442.47097877846,793.408477951077,246.7112045704,1915.10264856351
922.997377265333,1383.38768989918,1567.22842213982,2018.18551791463,1710.75981669744,1596.4238391137,524.009364192323,1924.9176159487,1251.18074435242,526.17492867206,1313.28403750649,2237.79562142876,944.626542437118,1431.2266452646,576.898581368094,314.86020476438,202.2272994266,1647.36848371812,1282.99405030677,1819.17462963741,1333.2176214368,1817.00765095673,624.576605443873,255.028946101501,2506.28514456603,350.190135633053,2024.56004242432,975.818456975416,2227.81400892692,2141.44219691303,2264.53369023409,1514.4490308127,1466.96585325311,307.49409491309,2001.89677656093,1456.65384197727,5606.12463234283,1540.44746973533,1739.74052389036,1885.85110641223,2032.40529887537,1561.51713335574,295.881064697693,3348.61795792665,139.249142681057,955.717081544317,1359.5799380356,1942.62489642575,2158.90479386854,792.831061727718,828.973852304561,321.408772459975,5382.69729872409,1713.31306482669,2110.18523880417,898.174329938287,2211.00495830168,474.236285016593,812.031055470569,2013.61209519438,1082.51196558882,549.766843841028,0,1707.7414509868,1437.85343431825,1399.62824408973,361.424347862333,1189.0796321589,1456.25772867409,2011.66113402728,1564.43812807544,715.621834580687,527.162070899191,1192.54234142902,1276.399520746,1271.2225163053,2025.47275013004,2085.81382751772,1151.49221923656,504.202782529096,2220.33570138927,3572.65142550228,1023.52596962577,1688.84158764864,1391.48423026974,1180.12864631015,1766.65106040906,1192.08161117007,1762.28026738798,1795.46229293761,1753.85393845089,1422.06184665819,1814.09019569942,1396.49623216325,682.997288363086,745.736723652581,488.060141918088,1619.67795459417,1983.41683551175,649.34436325351,819.251130595354,1839.76612475039,1097.07582447676,1513.91847490526,1289.57953346187,1031.44807298556,3912.26271739804,2495.19529319216,1973.05282111351,1699.87656753365,1648.52486624165,1726.58914623135,1909.72136651926,944.465531454502,783.772337515199,1369.23237771677
1051.40420453306,1448.80190540304,399.872077060816,3015.84197131259,1610.78018707471,832.245705758899,1327.02765607949,3598.31122085115,460.537735337493,2229.0867900639,451.74376101559,3512.49212018973,952.969859195408,277.611133889135,2231.48441963094,1463.69607219985,1536.02529893268,1172.21030871535,586.274825908487,1258.52092911919,2990.39005145463,111.876391854046,1136.07198093591,1882.88859247862,4202.76236240588,2035.61654624117,2374.75806495547,737.984206961839,3891.00281596863,3352.18595932588,3118.84693629245,581.931335375361,257.975117028978,1434.50660671655,670.369684848852,1296.5042039666,7308.30894112601,3021.95785121094,1234.20798699125,238.885342501875,3680.28741501693,146.703072472215,1412.563866036,5036.35177923366,1814.92732596049,896.584391004164,2882.83861462016,2998.44370278725,3214.8994205231,1300.2090954825,2529.03186053076,1463.02537016571,7089.4921565854,977.340304044694,3792.30663320922,832.095109880905,3276.37733766112,1751.88782221536,1008.4404263578,3706.80755149264,1226.9295268367,1158.1643452112,1707.7414509868,0,612.81203802542,421.993098844086,1748.05974013109,577.238035265113,922.235784673687,1179.78452751382,2232.32180484401,1272.83820040898,2233.40208012614,718.650730145108,477.946627384216,457.21858119388,2696.50394200481,2923.47991718575,608.940958321939,2043.58553785713,3252.83827916518,5263.97083758355,1132.91091159254,1467.13311463835,801.476737383078,2024.98515839274,2450.55616555377,526.310126168735,363.084246400736,1048.45904213991,276.856722813316,780.889190209074,289.028140142581,923.148220224727,1882.91101834712,1172.87440202054,1227.73823705557,711.398654269957,2725.27801932691,1984.95266674254,2483.27535953936,945.946738637914,728.203801147753,1090.73272224889,869.213531478035,891.484940577458,5613.49214013186,4168.04573846575,3107.03545657418,59.3846776700857,3246.18963865981,1346.98465237439,827.581315229788,1409.20852540416,930.765688170708,3066.77834122288
569.02286076497,837.20691833357,225.902534606596,3122.41188473774,1964.32188076314,279.953647712612,947.669137393289,3359.77312768923,457.250616093202,1956.13449191549,692.837236389201,3522.87987708305,1041.12483969274,526.808397277101,2010.66850115556,1289.1439067314,1238.95219529811,1581.18809028393,853.536896705758,1709.65785821486,2771.04716656143,664.226198672383,1034.87447707206,1665.12509873957,3923.38564111362,1710.76680932206,2661.56294671613,568.937463149793,3664.19755716921,3386.34582727484,3281.00353202926,1011.08578605109,594.969391963752,1240.67116441827,565.553910898253,1617.7862300641,7000.00415585528,2921.47960755539,669.308079297676,622.919816855018,3470.25761921647,530.431841381919,1173.69294457538,4770.8617188751,1509.13566334414,483.451958415201,2756.66626795391,3082.58577045677,3306.86531375827,809.357698636539,2257.11181702303,1133.17118045302,6727.50167894107,450.147999424861,3540.99754828473,584.989238698644,3366.75325049907,1646.70068855086,627.433377281297,3437.33303927117,1406.1785686033,948.524511291132,1437.85343431825,612.81203802542,0,758.801155275619,1357.49242448902,731.524752860284,1291.96312159615,738.090321204365,2406.13409624139,819.112325008877,1927.28537806829,245.312401076737,681.389766867066,621.228626108834,2901.24616950741,3083.29029970816,365.608025941836,1877.9838980893,3355.00935013761,4990.78286662557,585.893394620715,869.680221102105,1150.92648622617,1455.63449296477,1844.72668806711,440.368072538766,398.106678647506,541.784201152641,862.912117853917,169.099416798731,891.784267014509,310.467326598236,1829.69397799611,738.399682226753,964.606642473004,1177.48333546575,2908.0260721718,1895.55762587212,2256.69065902333,499.870602672288,349.831036243298,1463.09946359696,270.244517394501,420.086603438453,5314.44255951342,3928.49378911086,3164.99007240895,656.700888323808,3077.38600279577,1753.29083956944,498.18588255107,861.952998174203,708.668075958897,2711.80003464998
962.383338078548,1506.30772318732,635.349962945532,2594.22150375864,1238.68381224201,1034.21540961667,1117.0182534021,3237.11509016978,336.450492009264,1903.25488010403,101.818260382615,3093.11992445156,547.837556232544,244.174923991455,1881.42426235528,1122.01803360831,1253.64967131512,829.104021876154,164.936582190205,951.268933242354,2627.46920185577,525.292808948116,786.900101437032,1541.41355572019,3854.2222622015,1743.98812136552,1981.3139469932,521.521161889546,3523.20908165266,2931.38584683745,2701.44193647284,255.07310836916,195.798640672631,1103.86794178301,1043.44675251336,905.542699296496,6959.92504621233,2621.87715460065,1427.79411379275,659.983020123287,3307.82813381014,329.207046417989,1106.69631464426,4677.45825015609,1521.45822770705,789.834262331458,2490.29796114289,2576.45063241602,2793.01427327608,1182.48469584771,2195.84296070069,1206.41156710246,6768.65622544892,1201.6307208611,3434.73577150501,630.990373467383,2854.48430057214,1370.39418666791,849.89336256538,3357.57063043194,805.110805329982,862.271622479292,1399.62824408973,421.993098844086,758.801155275619,0,1512.20913512608,210.870814956219,547.968219337527,1462.17233804808,1814.02137859279,1126.08816612723,1924.76433400414,720.701331833927,138.599187697751,180.133415330836,2284.18031980058,2505.43111989876,522.924227270395,1675.7872275529,2831.22052646985,4907.25693370462,1092.52293138663,1610.40215665148,411.651895687193,1951.26858875799,2448.08425632202,395.41310928773,714.509359910536,1288.62985851681,357.023706600953,913.023452297469,417.879427902852,1035.66735096445,1483.35632884364,1024.24433495865,954.018730907382,424.385337231134,2309.58767276858,1593.25471576355,2130.53432378021,1217.41452506173,660.920188455108,721.724131207452,937.402360278291,829.974932258386,5266.53255157991,3803.34406273993,2685.41256734504,380.9566161224,2863.18621328568,1003.75969367455,1142.60503747863,1339.3881499545,683.92697136914,2768.61704855867
792.610283717321,1108.44600795319,1527.94147936875,2362.54644030123,2024.2511801684,1457.09942151468,423.649586395856,2047.73730006411,1290.49766894764,679.785802781537,1415.27173419573,2536.86924394889,1152.75647368661,1484.32939924963,811.42247047891,603.795815591277,315.325247842185,1907.10639827066,1427.10236463085,2080.83299398925,1497.16534312617,1850.14784462001,820.221709659293,578.649003262741,2579.2255000667,392.565309270851,2381.17669364447,1018.17868659697,2355.57713268951,2455.13396019556,2616.6051908735,1674.43314436261,1533.99107349629,566.181202569246,1917.32089241242,1743.7332139723,5642.94645048119,1802.44865410833,1521.93922806691,1890.47102280024,2180.42436822123,1602.77701088323,483.279679534495,3428.02616735127,288.291432970923,888.025085696145,1612.61813210195,2282.48060690475,2494.73273168292,586.040900649575,953.879103978566,310.305848670273,5375.08308355546,1545.58439940052,2216.29497707618,917.342929461264,2544.80063475812,835.557695930946,752.995081074032,2102.53689506574,1367.44955413739,667.074425583095,361.424347862333,1748.05974013109,1357.49242448902,1512.20913512608,0,1305.62160427632,1682.68101540637,1823.47292013081,1925.48338945344,544.808578620207,609.796041048943,1122.01209508625,1377.07744435076,1356.16352453153,2386.33508478936,2440.75742636146,1146.89909065523,823.371460446029,2557.78012349788,3644.03307708142,839.921087970796,1425.04494477661,1595.11950738849,819.43465052797,1405.22809428383,1222.41736087774,1726.16838197231,1617.22128003379,1848.56635584242,1299.85503845715,1905.96004408449,1240.09816331869,1043.58463934943,619.096458275593,563.59495416511,1803.47283833992,2343.02197465062,1001.08417453564,1012.12702028061,1684.72237093732,1054.14401314274,1767.35197575332,1154.90468432515,937.85464615031,3959.80361780017,2606.47323162122,2302.60617563534,1752.66502743648,1848.14928164866,2006.61079763589,1783.53847986268,678.694138849623,833.346122879055,1354.32870290675
807.416161554292,1393.31601278585,670.374187823462,2476.21319456718,1234.07205055159,1010.95949331972,918.119674853709,3038.05979283043,274.745413277866,1694.87771995146,130.035005731568,2946.84547788473,380.027986770296,321.640529719546,1677.83729591845,914.893021395741,1043.16751572719,872.505458021589,151.408289632415,1019.01202576326,2428.65170313793,688.036552437254,580.016497871013,1335.23482146385,3651.63130992885,1533.12895724253,1936.26365223177,344.608889705547,3326.72893929895,2791.3971184716,2603.97402348445,394.052644350133,319.55188314586,894.839719689808,1121.83259983705,886.567132400879,6758.04922181615,2444.76861105631,1382.42945326248,802.742218221124,3113.20938963351,449.862221990001,895.864495254884,4478.17001121684,1310.58976486059,637.576651871064,2306.84914436409,2450.70393874294,2670.84095093707,1009.27612408125,1988.9079491729,998.337098600704,6561.29041764972,1181.25354499145,3234.57590251125,450.561741609069,2732.0207512228,1178.71633786777,673.284806836682,3154.94813180224,700.621947745225,651.826516806947,1189.0796321589,577.238035265113,731.524752860284,210.870814956219,1305.62160427632,0,579.863747064102,1465.55034110927,1717.82175939879,944.647042384295,1714.63812369558,626.500359493403,99.3578113232794,133.683923334892,2202.5046485855,2406.48593217844,415.965406723216,1477.83715928008,2712.64613293509,4707.33699636071,951.601407029195,1534.43275558759,440.541317130341,1780.82937486671,2297.68165274193,299.86946421201,798.184539684422,1273.30040648432,565.475887492064,863.127920412879,626.046352369674,967.248006638071,1305.67294736178,844.828824087909,745.167989046345,553.242361809139,2218.99730689484,1408.72970575404,1927.99160595725,1222.68751951076,539.938715492422,744.044510120397,854.301580894743,694.742542225297,5063.95782708943,3605.78971160078,2551.64503484531,549.896285782815,2673.66561768472,1038.20163569552,1177.21686781185,1179.32571684939,484.62784928232,2558.21632753204
1359.38837320834,1967.28704866261,1183.17624312142,2159.27873832271,693.090911982312,1571.13557327659,1367.95803993125,3081.86696073123,840.276043340839,1880.69568443347,599.456900389089,2717.29572281205,530.312559838635,791.992237374459,1803.25211455483,1141.87419485829,1376.35503118349,292.697452949671,440.418122827593,444.702079227243,2483.16020324555,1003.13622180619,862.514865453544,1510.15611133637,3718.90073533688,1801.68429535659,1452.92457364396,896.382984892493,3345.23843599511,2541.33748337205,2228.05583004286,341.756610087953,740.886130007516,1152.64086400351,1579.86375249191,376.948549204272,6795.32100182746,2359.34162953663,1954.83026325843,1155.06794365242,3121.01712752059,866.074376715693,1207.08285633387,4506.59805608358,1594.23452325656,1197.31993652534,2259.80064727204,2158.22320676497,2363.77088208394,1529.0318638561,2140.99405202006,1378.3994278132,6663.41244859989,1740.4660963043,3284.77083659266,987.834872126808,2425.02641816875,1242.45178268248,1201.36857147891,3229.46727485676,468.520573053461,1029.51639186738,1456.25772867409,922.235784673687,1291.96312159615,547.968219337527,1682.68101540637,579.863747064102,0,2008.47517663959,1354.1240558092,1449.65600449339,1937.09293191802,1206.32115493372,611.306243828454,671.757870900225,1792.37407097967,2036.7807954582,995.817701137562,1563.57247421104,2394.09295382041,4739.29978994811,1513.18852255112,2114.12749418225,141.240218600194,2289.09931252496,2834.78527080167,877.20500935934,1253.50852862231,1829.63421288798,718.070611716329,1435.14772719816,761.657473465432,1545.10644231699,1274.69063194634,1358.76739439363,1139.36180109593,272.443129909147,1830.36050943862,1408.14742083331,2031.95938348547,1763.60224932347,1117.63556073231,173.759190119505,1433.88880931064,1264.66926992614,5117.89824592596,3628.98710734313,2283.85197769859,867.716255550622,2654.70815420943,461.553072219847,1690.28857208571,1716.02027845236,972.904177240769,2764.37883134733
1092.22593447704,828.61746033871,828.833554255152,3835.84971111216,2692.04773027368,468.863781328586,1487.71994789056,3870.44973760434,1190.94386680055,2490.05541363764,1412.20014258726,4197.15103198634,1776.79563223064,1218.34639230064,2584.33776828454,1937.34965918512,1810.74870656407,2291.03569263606,1577.96456401757,2405.05496262702,3315.32415936332,1166.40961448618,1733.18001336953,2260.59861668479,4380.76981630965,2212.85217364394,3399.26605478312,1289.75223265047,4178.34093855718,4072.35599017155,4006.98314101155,1701.25632039171,1275.82301027454,1882.17091813667,593.53540167948,2348.49017371857,7378.57333565462,3546.59547816305,335.643621588853,1038.35453765614,4003.47582715635,1169.15553656717,1794.38903062161,5226.6425666485,2046.41170783958,1108.79611818944,3369.63354403978,3789.64979041755,4014.52885111659,1241.14916646705,2775.8253822842,1690.27063705779,7041.10338682293,310.726149422877,4035.24079108471,1279.73398336771,4073.44909848105,2309.0211948446,1236.0933804382,3916.48260435895,2143.89913320139,1609.79486554396,2011.66113402728,1179.78452751382,738.090321204365,1462.17233804808,1823.47292013081,1465.55034110927,2008.47517663959,0,3138.35043266593,1302.39868546403,2432.25354629354,922.613959577522,1406.50570743434,1347.82299653328,3635.41747459694,3809.73171458582,1096.83710729973,2496.30869468053,4065.45537988157,5434.98341913968,992.878232651677,584.812946101782,1869.21680468837,1561.17520338874,1712.78315362676,1178.39283991061,819.602430641602,219.543740448009,1456.51778966927,646.121749815476,1461.87156410452,622.545470535099,2508.22582615881,1266.34558747409,1593.94694515051,1857.83990456731,3639.24184074533,2555.41449437802,2814.31348689978,244.87411820713,1041.8003968426,2181.79700387411,742.914083170352,1016.66666266945,5725.28032489686,4425.28784003964,3862.42922255299,1237.96873166953,3652.85775061747,2465.91665617907,360.607442745284,1164.53441435632,1394.42720831261,3121.53888748392
2165.87597186754,2782.5490445341,2385.90552233137,809.441434176989,844.066913535742,2669.58722311706,1904.33203091147,2194.44656045831,1977.00429888693,1601.24846321015,1813.0796036253,1417.58790544027,1366.28546533837,2028.26929761578,1418.30535611487,1386.41222747431,1664.72786785674,1227.15557549397,1654.77203875511,1287.42241638771,1715.25965404191,2327.72893595833,1441.80614812861,1391.63487252357,2815.79370356179,1745.67040721477,510.517432998264,1849.66575556479,2380.48614208406,1228.27744567546,887.767286901591,1681.38161119897,2002.47597186887,1443.54755971168,2838.86787407773,994.249367295287,5720.11434095127,1321.20030749522,2976.45439336232,2471.19310010905,2158.07212033205,2139.6601592221,1555.49595048531,3485.07884578747,1665.03483467317,2074.61202614122,1321.7856555663,822.494847820213,1015.40951003008,2186.03012710456,1688.13274306147,1761.52165336288,5695.9111735912,2833.46174659485,2387.46276597584,1872.90986184048,1076.0376461247,1090.32446319469,1984.27641123107,2387.53050914703,1017.68192876534,1613.3076755801,1564.43812807544,2232.32180484401,2406.13409624139,1814.02137859279,1925.48338945344,1717.82175939879,1354.1240558092,3138.35043266593,0,2088.78423436981,1720.57688460874,2220.36215156267,1802.09663297866,1850.33250688637,500.599973851059,691.411411783916,2042.3991450525,1216.42409889262,1041.80713335822,3713.74077075522,2323.22176126242,3035.84902130328,1445.69796194574,2740.89073285785,3329.88883245314,1973.00996036365,2512.59978244192,2928.01126278157,2065.48448301861,2495.81307637787,2112.76069247807,2553.75938922371,892.273164137402,2051.27515431551,1680.64146553448,1622.58726401444,502.347635617256,975.947635753254,1503.99347977711,2905.48849135407,2102.33786264831,1222.39103347174,2426.41558944282,2168.39828066746,4114.80043212071,2649.39028517399,964.467825602108,2184.82273640312,1699.37064932104,1121.34772027781,2885.0032367135,2382.41345821424,1772.26862313922,2287.33074347229
250.243181122404,702.665318203089,1003.81314782593,2666.16953822519,1954.81007179035,914.302991682697,200.0206507408,2582.90945440747,839.511079560837,1189.83561600907,1024.27039334117,2942.34061778104,952.953344874027,1033.34141340352,1282.95672766442,720.559206075008,519.909644372951,1719.96596193252,1090.14373852337,1887.78863679296,2015.68971998401,1365.75386554766,690.298883084828,969.202405971706,3123.43800483782,920.045374145041,2474.94808271755,605.043361026576,2890.21828614522,2835.75751491779,2884.15310548117,1338.50340068542,1094.22094038223,660.99377803518,1374.31879214886,1625.43811722386,6185.58644680651,2256.06687819659,1024.11935477328,1384.42184745845,2708.20484014443,1134.19807883867,552.895648998176,3972.21844764291,744.129330225367,377.018044988441,2074.71104513731,2602.09852788547,2824.11950833842,97.4754778958374,1480.98319627933,396.998295563143,5908.3888934715,1012.22133519326,2755.70657705766,495.9682882862,2879.4109013797,1083.39825380565,276.975831826285,2644.58466893797,1279.73577371593,495.033185557329,715.621834580687,1272.83820040898,819.112325008877,1126.08816612723,544.808578620207,944.647042384295,1449.65600449339,1302.39868546403,2088.78423436981,0,1140.19966427039,593.186247884325,988.041897450593,950.020119018612,2582.54905251119,2694.57589162429,665.378094289523,1213.71655302458,2881.87488121925,4188.69285821694,309.760313300149,989.032015917105,1331.23682492011,841.610264825343,1389.92984063024,768.264220422243,1200.02127436861,1089.46199412754,1422.00373141972,755.04699776204,1474.01915694292,700.488707949935,1299.84225074898,102.600024786162,410.288346041926,1493.21059669706,2559.97230647387,1313.57645077385,1512.06063472723,1146.98517512894,547.434348780181,1577.21759918833,610.400372911535,404.964085382556,4504.0948342173,3145.55383506749,2650.29511029768,1288.32064497795,2350.45889273077,1855.88708468438,1239.63556162594,298.63265605206,477.699437622154,1895.96803912246
1378.85844363621,1707.64275866145,2074.40040273031,1959.71771157007,2077.05594684015,2053.59913838016,981.13334102422,1442.71008211939,1775.30306509965,126.221348980071,1839.70803782629,2014.73450257536,1448.60058279358,1957.43615313988,320.43044884657,813.593779578815,702.416800705622,2094.83527283886,1803.36305398845,2260.93597002278,888.452225756479,2342.11757669284,1142.88411153673,432.138342884304,1996.79446578936,220.199150391469,2223.08456851889,1498.60216753123,1750.07400498648,1961.37696355206,2245.04949477872,2028.28480457209,1993.98669041857,822.8965020375,2492.59824899211,1876.03009704837,5087.56014154796,1245.98233834975,2131.61758988632,2406.59170720265,1571.22304858221,2086.95032777121,822.992132816098,2843.66938015035,422.799113160056,1444.93792818198,1052.14136245164,1864.38200989048,2057.04064620283,1192.01893300836,344.090451829427,796.095820226746,4856.22806927354,2150.41575070958,1617.08123570025,1415.55018559911,2099.54146738079,752.17412716329,1301.79723979619,1510.24185526429,1519.55001226075,1076.37107037609,527.162070899191,2233.40208012614,1927.28537806829,1924.76433400414,609.796041048943,1714.63812369558,1937.09293191802,2432.25354629354,1720.57688460874,1140.19966427039,0,1684.05459592967,1802.99924052462,1798.37507433636,2108.63429029507,2092.66459247564,1665.97985251393,508.118785263433,2123.95025412422,3064.42145018193,1444.1751356937,2026.00794873565,1887.90860251012,1270.62910843991,1794.06074611709,1714.5150811161,2271.60736355351,2224.28258741068,2279.90369122966,1888.95325215876,2340.27951285632,1840.63116881028,866.968784519557,1199.39668084251,1007.88510793673,2122.91989938003,2043.34901731861,753.093659776683,428.297213307727,2286.96648036514,1598.64021692384,1970.88011221553,1747.6316392735,1509.72234619942,3395.61303473582,2006.40700494772,1850.86309155721,2226.51006874545,1246.30646001349,2148.02127045939,2376.90331851934,1285.89605423166,1305.60548176523,844.542496136133
348.887218068429,786.077430693384,410.657811094426,2914.1440887168,1846.96698404583,455.813301860536,706.706990893989,3114.82750192326,384.364149067626,1711.28805262747,632.350462543031,3295.01340436707,871.104463165413,535.720513011942,1765.55472848,1050.00323343441,993.782240638389,1498.99158401049,769.925035459339,1643.22744038118,2525.73487214945,797.898875136401,813.666627989391,1420.56652629491,3680.67804668461,1468.42294242053,2507.76204399175,371.695734690239,3419.08375984834,3162.77211316485,3084.91850956747,973.390599438643,606.76921293355,1000.01635403375,810.188240848764,1497.52617735393,6761.52293887266,2681.63459441145,772.871942881522,797.436800047705,3224.94732813265,597.254164201302,929.936196377317,4527.7082365792,1264.8757919921,239.133880877525,2515.0274584537,2869.76247176108,3094.53575216137,599.015480891695,2012.5529286209,888.952221988406,6496.40146876909,614.212445356186,3296.5422376217,358.792864722341,3153.81961389172,1412.31952011134,382.774315320922,3193.67467560574,1244.29557130597,710.650513158393,1192.54234142902,718.650730145108,245.312401076737,720.701331833927,1122.01209508625,626.500359493403,1206.32115493372,922.613959577522,2220.36215156267,593.186247884325,1684.05459592967,0,608.673595432837,550.602649922178,2719.24914279911,2887.84211113771,210.566517754223,1635.76240713751,3144.59755248519,4748.23533347213,414.349160651993,908.000332931556,1066.5303259863,1306.4713899326,1752.54369801776,332.442706378594,607.07330730461,708.554105363007,922.140777351085,276.589086564546,963.891781363292,347.541113931364,1601.1483517442,504.876591357024,720.898689967078,1142.98384854975,2719.85914440051,1661.14362827086,2011.39684412486,702.08631150672,119.205645642257,1369.71011053238,228.422751849851,188.36636914677,5074.20741806709,3683.77960463816,2946.58761928202,747.111974721666,2832.92654942427,1664.14168594856,732.032491404146,690.919212749521,478.113207279823,2475.61867495795
829.478603902418,1389.57385450075,595.687848428201,2566.71130066872,1285.81107214316,961.092192703667,979.140070691617,3134.8783927251,230.175473362678,1786.29090916139,38.1943636391564,3043.17908121945,477.363386341294,228.02945541879,1773.06342524654,1008.24412176911,1124.24079021761,902.204342025549,172.255103791509,1038.52972465069,2525.63086297061,588.683084181487,674.225201297306,1428.9826351431,3746.97787115263,1617.8814988675,2004.60909844559,383.180191806964,3424.25648174023,2886.61960841739,2689.29296240951,370.089692585945,220.468385183703,986.027492774282,1037.05144513786,942.243998640232,6853.54651782309,2544.10938660795,1343.76168582776,704.644984308291,3211.18031564475,352.476491669563,981.68356591515,4574.79125068039,1395.17731525525,657.091023297803,2406.13111345788,2542.95457289775,2762.38098056059,1045.71605757639,2081.71997162653,1072.78790832539,6653.16834275564,1130.9270787073,3330.99065000471,492.602326736132,2823.64826537714,1277.50709418607,712.205927899289,3250.33455865448,784.541561520657,733.400173820435,1276.399520746,477.946627384216,681.389766867066,138.599187697751,1377.07744435076,99.3578113232794,611.306243828454,1406.50570743434,1802.09663297866,988.041897450593,1802.99924052462,608.673595432837,0,60.4768504677913,2283.03202540845,2492.09677929654,402.869022370421,1575.30975824031,2803.37477581574,4803.72297700922,964.236096796075,1510.89229163196,470.086807622571,1815.5302542485,2318.14671051159,276.554598038051,710.606298716952,1221.19290914189,478.289255086195,824.346431639618,538.104150150042,938.097887196915,1404.97890001878,886.372371985893,821.665454574015,538.118854534317,2302.15042330225,1508.02423557091,2023.65257986471,1162.18353922963,537.397570296086,781.772476491604,832.122748492553,702.626773657868,5159.2065623043,3703.00827003031,2645.61465023826,450.759803824598,2772.47620998766,1072.85926438475,1105.93369479774,1205.77722417269,546.644867331703,2645.47725122763
782.267314428849,1333.30145950493,541.238734537746,2609.89683879847,1345.00644535923,901.021578196865,951.647249316825,3144.22442989259,170.028590333956,1785.94717422403,82.5248924130598,3078.35518334656,511.561461626859,190.504246292483,1779.38366025635,1012.29194971216,1112.53753622832,962.676053762995,232.310779911744,1098.55877828221,2535.60602112495,569.033693501781,681.154786944923,1432.86938978622,3752.71263207891,1609.12076523029,2060.29348754581,348.358555861583,3435.54652828252,2923.80630052077,2736.86287749965,424.532360807353,201.105782233769,986.758026281695,988.758317967942,1000.67121440803,6859.20731809696,2567.56029871594,1283.28516812329,675.541889695348,3223.97554102091,322.46213663045,975.51814864678,4583.34504461791,1386.57385931918,609.722698192068,2426.4489268847,2584.24223285883,2804.46971269841,1004.03465010601,2083.35185369834,1055.12877137019,6652.18214535522,1070.94354510302,3339.258255161,457.461461150052,2865.63975682494,1294.7587746883,673.201213563089,3256.27414097512,832.756468792146,723.909023457873,1271.2225163053,457.21858119388,621.228626108834,180.133415330836,1356.16352453153,133.683923334892,671.757870900225,1347.82299653328,1850.33250688637,950.020119018612,1798.37507433636,550.602649922178,60.4768504677913,0,2333.59548798269,2539.44770300847,346.895037962627,1587.26883755529,2846.3252617639,4811.65462984768,913.157742615473,1451.23642535589,530.531210657993,1771.81131290225,2268.38230997742,219.611703800356,664.556076009845,1161.41599448986,492.607431353331,763.887223094088,550.721184504059,878.099624781265,1429.64422894174,847.777873117546,806.854918076369,593.579426870678,2351.15878059486,1528.96355282401,2030.70393038933,1103.71802459102,483.261257886437,842.073832052325,772.971180511298,650.821176807566,5164.50495280761,3713.32234293029,2684.7086611027,436.96147270184,2788.97209425848,1133.31035387056,1050.49103682333,1159.3143529451,522.947495122197,2638.85804791133
2665.4923229043,3279.18518600346,2872.61886029357,541.839734652446,1181.77330295119,3166.92974229634,2395.039742224,2285.10666602424,2466.42867054753,1983.94503768352,2291.36491218709,1211.1129850507,1860.18386405796,2506.69941048051,1791.7648998417,1872.65166533907,2142.09249552795,1617.90275994897,2129.21853794912,1638.20558322928,1910.50437222671,2786.97747240693,1942.06361469351,1829.54793887274,2861.97468133266,2167.20323756811,471.000627053039,2348.08470098332,2413.24154275324,1016.44626296755,454.569286916444,2130.01125920363,2476.27072807205,1930.85321040742,3319.48097288813,1417.84408474818,5594.31252456198,1407.40384762847,3476.89464512711,2934.50149119124,2206.53834143467,2612.59865981597,2042.70770847805,3435.52957279032,2114.30858237328,2575.21178955201,1475.6573279666,620.338219246133,721.526821409028,2679.49153661739,2012.08363202645,2244.24258995506,5634.18667968195,3331.63109905995,2459.76165190486,2373.0789365732,771.218768704467,1553.8336735425,2484.26458984366,2490.19038819776,1502.56590397674,2111.69761674428,2025.47275013004,2696.50394200481,2901.24616950741,2284.18031980058,2386.33508478936,2202.5046485855,1792.37407097967,3635.41747459694,500.599973851059,2582.54905251119,2108.63429029507,2719.24914279911,2283.03202540845,2333.59548798269,0,297.557686302489,2538.73899357238,1625.10165667878,716.987424381669,3655.23876390679,2822.15505801449,3535.46980734329,1898.385984647,3205.5811740317,3790.49524509324,2465.63124417374,2991.42951933315,3426.19981244912,2510.41052646744,2994.21952362831,2553.45645780778,3053.85188333591,1342.76199839868,2548.1042192616,2176.23485185503,2050.8423818586,104.347155561196,1400.49183917875,1822.4242770931,3401.02257384279,2601.5239935712,1642.9539983956,2926.53779355364,2668.98827877971,4060.38670792505,2658.23334864394,779.00909055299,2646.2932136355,1792.81479749039,1480.83057395049,3375.58449892676,2873.9739173013,2272.86218772757,2555.71576777307
2801.53268225366,3396.80786834154,3072.52188593421,268.472749645437,1458.0981688434,3341.12047406687,2500.4590275615,2081.87822233658,2662.17862559684,1966.44678051092,2503.74644112195,924.746791974282,2048.43010781788,2718.76187121605,1772.2415986217,1974.78891540656,2224.20353372281,1882.86813682143,2346.05948718049,1915.25150775734,1768.93785198845,3018.26374341282,2089.11108213012,1867.28694351391,2632.74454757907,2180.68029285176,768.51944659238,2520.29759065904,2183.48165428099,732.936881218042,197.868292438975,2368.67661146152,2693.71648074831,2034.21898431196,3528.20625635366,1668.19050706367,5307.38433145464,1227.31766818934,3630.30107789715,3162.32553430664,1986.1354828655,2830.94029701811,2144.26612384205,3170.19950404149,2158.52749046685,2726.35337201873,1327.71292113268,368.713107244273,427.368373215351,2789.89915950084,1948.72472828649,2334.36485813492,5360.2909681555,3502.04696793182,2245.77082186257,2534.14863176795,474.761807512813,1628.42085277371,2624.4466173949,2289.30122174093,1707.58791388088,2244.55794072795,2085.81382751772,2923.47991718575,3083.29029970816,2505.43111989876,2440.75742636146,2406.48593217844,2036.7807954582,3809.73171458582,691.411411783916,2694.57589162429,2092.66459247564,2887.84211113771,2492.09677929654,2539.44770300847,297.557686302489,0,2718.02303144957,1640.90442942415,419.543565675084,3386.60412510023,2952.85953482159,3667.71950940207,2133.85813204038,3257.10227087589,3832.31516858453,2654.90617572438,3202.70285425496,3596.32728233713,2752.07357773637,3164.36492142136,2797.89320047963,3213.02458526103,1410.09254197677,2670.67720976987,2297.53699323816,2301.46478342512,217.358926482762,1439.76497884128,1760.81306731679,3580.86990958599,2768.8910095185,1895.95274344163,3085.8254609207,2820.88101476191,3791.56889618379,2416.71825589992,516.384350267488,2875.64052318528,1601.66623568146,1754.56869774603,3567.70291743525,2977.74304725564,2426.56165180791,2443.47202961459
458.743742294085,986.724163211576,421.810537948358,2757.28334004533,1639.30344790055,629.079644384329,723.512333341259,3073.18994814831,191.030895969349,1677.56363234641,429.398964741677,3166.81103236637,680.335070037903,373.409498466012,1708.84848977834,959.638820675226,963.725691343164,1288.47047568074,560.381185444583,1433.46267384505,2473.8540841315,706.025053688177,679.599021907962,1358.22604242746,3657.36339267529,1458.3625483266,2311.49222184651,207.505905752795,3373.64740558902,3026.94303263898,2915.69205029744,771.427155839486,439.382576907113,916.953715543322,881.105025668788,1289.97631390125,6753.52429842622,2585.63891028424,976.081514692379,745.624550006142,3172.26608612972,468.849965632186,867.030393244279,4500.09799924067,1243.22868645224,292.64993689794,2427.07948937075,2718.41634473992,2942.50348385479,699.922519097626,1980.42309732611,876.005503054942,6511.09181155553,796.276232899286,3260.67625863073,254.290333750856,3002.53271884689,1302.96051981071,399.892419073367,3165.10028522154,1050.13075912616,622.253945246335,1151.49221923656,608.940958321939,365.608025941836,522.924227270395,1146.89909065523,415.965406723216,995.817701137562,1096.83710729973,2042.3991450525,665.378094289523,1665.97985251393,210.566517754223,402.869022370421,346.895037962627,2538.73899357238,2718.02303144957,0,1554.24956005795,2990.20765819285,4724.05602527222,573.547353185512,1118.56472602077,856.17480942943,1451.30919136336,1928.91106965317,127.605028039607,612.406461323191,890.594096974549,766.801678323181,463.253271699436,815.433396666873,554.569288776275,1476.86976416805,564.558963038268,663.67206672366,940.371387773321,2543.92424099137,1550.67716880382,1959.32311323189,863.307814828438,139.260295046824,1159.21540954808,438.705045652987,311.659976834999,5061.04396722702,3644.13090053005,2802.80051304109,622.943542362569,2762.70214600937,1453.62053174142,859.074054270523,832.896224538737,375.571450517163,2484.06342357921
1404.14649149102,1887.52955863084,1975.90226441987,1543.94018309591,1600.01680473985,2064.56306640063,1016.88306295341,1561.34973567783,1612.24408053539,396.582993796848,1607.87212714313,1733.59416701545,1142.87596947284,1768.38902963712,249.867863100062,594.74080535297,693.807088859049,1675.22553150553,1530.0653192245,1832.17645221239,951.703834073133,2155.44346508104,908.134067141649,250.77471441769,2182.77249009315,542.873650297441,1716.08565036855,1356.20333193075,1848.94708819901,1639.19981863128,1808.31202460554,1721.98868924399,1788.28841592539,638.588454860836,2431.20082347424,1436.63487851435,5285.68320761775,1050.9631885012,2235.75642299699,2248.37560630206,1636.73267384651,1903.09495481371,707.842282003936,3001.6821096739,535.08294542858,1408.89919138959,879.535870831387,1460.87071830665,1671.6235546911,1294.66426344976,588.223941396256,816.725455996452,5115.23762448777,2192.46656269036,1759.49774080658,1303.42820350115,1721.45266468357,321.596454673081,1270.03981151195,1687.03543099296,1110.03106292456,933.403097227268,504.202782529096,2043.58553785713,1877.9838980893,1675.7872275529,823.371460446029,1477.83715928008,1563.57247421104,2496.30869468053,1216.42409889262,1213.71655302458,508.118785263433,1635.76240713751,1575.30975824031,1587.26883755529,1625.10165667878,1640.90442942415,1554.24956005795,0,1735.0039871545,3231.63483468615,1517.75449468342,2192.70239987021,1543.25522865442,1624.65730732219,2192.87745701545,1564.8725786219,2162.37229186933,2278.00925402267,2029.95904051283,1885.39765826503,2090.67067667893,1875.51921867631,366.042046575371,1232.78308679137,915.771944535581,1785.27817061593,1567.68328978361,245.023939406672,468.996923025168,2311.82497206666,1528.6362078966,1564.78621771659,1761.75454291133,1493.44465162449,3593.93049981637,2128.04915072775,1479.4379836779,2023.72811150744,1210.04273372113,1703.93281018236,2366.09810127878,1448.50427511829,1179.56790697767,1227.90086237042
3018.01978112622,3581.66558636685,3366.92415497754,236.999177528989,1854.51406030067,3600.41058012446,2682.83439481215,1824.90407107762,2955.37411364537,2000.26886345392,2818.89381444064,534.069060433716,2341.33416749695,3031.40215614608,1811.64522494134,2165.95754613408,2382.94163876614,2264.31671697438,2668.24430976209,2309.83036386904,1625.05393352123,3352.34712989578,2332.27758020711,1979.97897673233,2323.19387194411,2249.72696202727,1187.98802241612,2786.33418082307,1879.12651280102,362.015902327842,329.141637598365,2716.38244285092,3013.16722700379,2225.16014455681,3830.53738230156,2035.96714398328,4900.36702717664,1050.88019685226,3859.99231095946,3491.19464502722,1701.83921298739,3150.32868539966,2329.90509115414,2798.40690551983,2269.61488960222,2963.13613624199,1199.59321340577,279.777899948276,68.3749622256805,2973.51006308961,1917.56303729558,2500.6718386288,4971.4234753724,3755.06227120877,1967.16720736253,2786.19889989043,64.2126316605862,1798.47723051795,2848.90721223879,2031.78386433091,2026.15995395007,2466.90714231261,2220.33570138927,3252.83827916518,3355.00935013761,2831.22052646985,2557.78012349788,2712.64613293509,2394.09295382041,4065.45537988157,1041.80713335822,2881.87488121925,2123.95025412422,3144.59755248519,2803.37477581574,2846.3252617639,716.987424381669,419.543565675084,2990.20765819285,1735.0039871545,0,3008.90099462304,3160.34726025164,3869.1515832522,2480.04414621307,3355.07775317145,3909.72512727765,2940.21466534816,3510.44657945775,3848.1918566035,3100.60074048775,3420.11517078232,3149.52930113887,3454.17487820903,1582.84589530206,2871.95540436975,2504.32401312257,2663.68453449826,630.493170737699,1575.91313163694,1740.6053982998,3845.51041594992,3025.54787740788,2264.16910174387,3328.48136180654,3057.31419169442,3412.53326271724,2089.11290985227,280.862933274329,3208.2596499122,1381.51932783913,2146.37044402262,3848.35129823535,3149.76480457592,2671.21094014271,2323.27913536768
4434.61343291531,4633.65432245009,5137.27979863264,3120.43286908819,4511.47611123434,5100.10739593729,4043.24634349707,1670.41921063124,4816.59505005898,3046.50609724862,4837.23319030822,2474.94926613747,4372.02422235477,4986.55812833365,3032.58030444846,3800.34464555932,3762.46940895447,4770.1566276639,4761.15294048942,4891.74935813307,2279.97823460792,5375.24540142598,4130.69233362746,3381.33741696111,1067.63313483892,3280.025375068,4091.36892107785,4545.22283385403,1394.23881053004,2657.91755012898,3338.04256280542,4943.27589556397,5012.51921144824,3830.1638557924,5555.45196953313,4508.5810113712,2057.39389653287,2420.04621900929,5110.49542353811,5454.88109447489,1618.41361312595,5120.13515575052,3861.44139630631,232.907847749233,3485.59384057017,4509.18050580046,2487.53245224941,3034.94042108603,2975.98008885824,4225.61382078122,2743.6775778111,3860.43636957422,1984.24144175095,5178.26132556688,1472.76043152717,4470.80286210422,2944.99018882361,3542.45880687736,4366.19557177331,1559.28409601111,4270.82767124985,4114.04913558135,3572.65142550228,5263.97083758355,4990.78286662557,4907.25693370462,3644.03307708142,4707.33699636071,4739.29978994811,5434.98341913968,3713.74077075522,4188.69285821694,3064.42145018193,4748.23533347213,4803.72297700922,4811.65462984768,3655.23876390679,3386.60412510023,4724.05602527222,3231.63483468615,3008.90099462304,0,4479.35414285762,4939.64569548763,4746.4884767323,3969.0542469795,4187.35580197018,4760.99068828531,5333.64474903192,5242.04026129693,5261.55472536675,4943.60672153292,5322.23773418491,4881.12503690108,3468.26998073185,4257.31259871722,4060.69053379384,4986.78599382944,3552.00492953114,3340.28594771329,2780.99663323747,5321.61883193184,4662.54898372449,4694.58044615178,4798.93819941322,4571.86538340082,405.154552640156,1110.59981614931,2876.92702936318,5248.46939726786,2087.85015509595,4732.90736007102,5427.22629752133,4272.09511024601,4354.95855176432,2313.5200786122
163.543303821526,473.485901188136,799.28414108951,2940.00773400378,2091.90279124574,622.138477977032,501.084042435878,2886.12125417428,764.576349435012,1497.89202212957,994.970609398112,3240.63614795668,1075.82791457596,938.652194082851,1592.66016959629,994.95108193017,825.200107232837,1799.77493292684,1102.95946425335,1957.87053628169,2323.60063826458,1209.91816701204,885.443854979542,1275.81517535315,3416.63102725007,1224.08194337961,2676.18179631689,616.903242425625,3193.77764455439,3128.93542636986,3145.49112116888,1333.78914550938,1007.84097411837,936.120996602065,1108.96632748078,1748.48975208506,6462.47565177287,2563.40122685206,718.03780387329,1197.32691890664,3014.39230230956,1010.37699593978,835.247189710139,4265.22969253529,1053.53995270025,316.033443868581,2383.09575706857,2880.85711653094,3104.35368887714,254.164234160709,1786.53978408137,702.911429212001,6168.35829403571,706.30941188288,3056.12795344831,529.546815597553,3160.81225628027,1366.30448226572,346.626490283411,2942.23524592948,1436.13776825843,710.713490678904,1023.52596962577,1132.91091159254,585.893394620715,1092.52293138663,839.921087970796,951.601407029195,1513.18852255112,992.878232651677,2323.22176126242,309.760313300149,1444.1751356937,414.349160651993,964.236096796075,913.157742615473,2822.15505801449,2952.85953482159,573.547353185512,1517.75449468342,3160.34726025164,4479.35414285762,0,714.978386942079,1380.96878634937,892.12318139256,1355.86549318928,699.001723880749,983.535107590424,781.065758948307,1330.42739575908,481.91656891268,1374.58906577202,401.804212682441,1578.43214185088,289.833004560212,657.279078838879,1500.01713047711,2807.10788427734,1603.97086095561,1821.43520773839,844.832943715559,434.317148279384,1661.33031544838,334.610570970498,262.654904735799,4787.47248854505,3446.27665774601,2936.23178284865,1161.18684656812,2660.06187050138,1952.15932253986,950.120946751403,279.174153963834,582.800717991768,2175.64648134922
869.989681940912,318.643931926333,1067.36820580729,3651.153462493,2747.86146311298,639.813227750257,1188.98951065877,3431.98217145712,1281.41676054292,2104.47441357272,1530.78201129501,3925.85215998319,1747.22818703178,1391.307120462,2230.29595516831,1703.71448284033,1502.65342939473,2406.82359689379,1676.26197680682,2549.00719352935,2913.08920884209,1496.08728312362,1594.82318699699,1943.7173029367,3901.36503883921,1815.0369428405,3374.1394744687,1251.07496772503,3738.08645833243,3823.3594041915,3860.09486081862,1865.4634938024,1461.26518524407,1644.34073689888,1068.89422071979,2398.89305417704,6844.71911568834,3219.01901678165,279.22351397361,1408.90587202455,3579.93617148227,1399.09655256898,1539.33706328897,4739.0386103587,1687.62081455761,975.601225174068,3032.02933437256,3589.40841844022,3812.01883232695,900.962998841711,2367.39821958294,1380.57253697958,6486.78330166622,530.461032442993,3582.98461475531,1192.64736379247,3867.67337263952,2071.24835711162,1051.96404632619,3455.90780589856,2118.34028502416,1425.20187323337,1688.84158764864,1467.13311463835,869.680221102105,1610.40215665148,1425.04494477661,1534.43275558759,2114.12749418225,584.812946101782,3035.84902130328,989.032015917105,2026.00794873565,908.000332931556,1510.89229163196,1451.23642535589,3535.46980734329,3667.71950940207,1118.56472602077,2192.70239987021,3869.1515832522,4939.64569548763,714.978386942079,0,1974.02719085083,1000.42324397165,1134.85445909271,1237.77200676838,1160.91045079622,507.448196517744,1729.01522586932,703.518676930638,1753.51773699453,574.737627417295,2286.32065349487,998.888455057983,1370.90447498313,2034.46043813467,3521.67158562862,2302.56358774716,2437.10361510334,643.231868997709,1004.06401925252,2277.61015473687,680.261532917812,886.949269219797,5211.7181514896,3970.01196271604,3639.29823188671,1516.55361618853,3271.19855434841,2572.08000963784,819.105677799427,750.043076991297,1274.3293635433,2633.38390529504
1229.4356713655,1831.30475614132,1045.51657410205,2243.9248291297,827.052205736433,1430.22759112078,1261.26689579305,3082.17517793274,699.062844410975,1839.78414288885,458.737256324627,2782.79490618707,448.232196620153,654.719528734506,1776.1202554121,1080.45829910088,1295.48933737142,433.254892103455,299.252190548237,579.268644065856,2478.2419254624,888.788940738419,779.804399432603,1467.69209962478,3715.39407844901,1740.41991219819,1575.58069530659,764.307414516125,3352.58094868812,2611.18130067179,2327.32357512701,236.362402420783,606.463296918272,1084.534097091,1450.55276234589,497.060471923744,6803.81727221839,2387.99433337239,1813.59512556437,1037.78761385516,3130.23751743588,735.105659575469,1128.29847910131,4514.24270051217,1527.37936842921,1064.94236786493,2278.43690037118,2236.85100056675,2446.8228115781,1407.5261329426,2110.2544838088,1287.14575614648,6655.88973627843,1599.67560344214,3284.20302376781,859.338822648889,2508.282827985,1222.02088109971,1076.33824397457,3222.78733597231,492.687785363156,932.80746440856,1391.48423026974,801.476737383078,1150.92648622617,411.651895687193,1595.11950738849,440.541317130341,141.240218600194,1869.21680468837,1445.69796194574,1331.23682492011,1887.90860251012,1066.5303259863,470.086807622571,530.531210657993,1898.385984647,2133.85813204038,856.17480942943,1543.25522865442,2480.04414621307,4746.4884767323,1380.96878634937,1974.02719085083,0,2172.54779916201,2711.0513080664,736.630844902928,1122.7135711695,1689.07505853578,620.568462565803,1293.92718357109,670.103602850659,1404.33348642028,1278.50626127256,1237.81476587938,1041.53381691898,242.161715951221,1931.23346062714,1406.72805959577,2012.0561077091,1624.35508636362,979.732817669625,312.835643409204,1293.76795565989,1129.63436482286,5120.32351971831,3635.99295654434,2356.97738463659,749.308568492834,2668.58749655448,602.782073436172,1554.02808113349,1590.8861285057,853.543675206439,2723.86025303759
993.475234803193,736.443284023965,1678.49244808038,3168.48517272256,2754.48980602319,1392.38702155283,936.653067851491,2543.46978513184,1639.88738267656,1382.2963626849,1850.09549618915,3284.18958060627,1780.64730324916,1823.3607089003,1556.64593439129,1378.06864167962,1084.56541773471,2554.11301790536,1928.63189243196,2723.92093792769,2098.10160997395,2100.22835069514,1483.93558966346,1390.05850010391,2952.99778051216,1109.73171708381,3184.64992283965,1437.04515604873,2841.07127588028,3223.06188487212,3430.13427394561,2174.6648562773,1890.57198561991,1327.72064882445,1904.96346128196,2440.25971894175,5846.94349571297,2515.86037177972,1226.19963140225,2077.77751973861,2709.69012282146,1901.58808144009,1221.7944170773,3776.46975366822,1098.57476396846,1164.54852234379,2321.93842536387,3083.72338353778,3290.35943025747,771.554261522102,1573.97954961433,1007.13423202999,5486.79655126533,1387.62913847336,2672.37353206057,1330.2858254519,3337.71920646747,1653.14555940646,1107.55465721277,2536.30430033605,2077.60862491852,1289.68098539713,1180.12864631015,2024.98515839274,1455.63449296477,1951.26858875799,819.43465052797,1780.82937486671,2289.09931252496,1561.17520338874,2740.89073285785,841.610264825343,1270.62910843991,1306.4713899326,1815.5302542485,1771.81131290225,3205.5811740317,3257.10227087589,1451.30919136336,1624.65730732219,3355.07775317145,3969.0542469795,892.12318139256,1000.42324397165,2172.54779916201,0,590.975282113006,1570.56969279896,1850.03871785772,1416.57336429067,2216.86765598055,1316.68203444665,2263.16353060083,1189.55701780861,1862.91642383664,937.785976472563,1183.95105089492,2332.37276169474,3162.37353858437,1817.7721088536,1697.17373801229,1534.03792794749,1314.92056119696,2410.9527957161,1186.06604652469,1142.88284043303,4225.95787693803,3049.82383022834,3091.75642093694,2053.05221808626,2475.12765885127,2682.68299473822,1690.19219710073,619.048533656004,1319.0885662898,1692.13865745445
1490.58001539986,1013.72972486961,2069.64237641582,3731.77780471694,3332.63994321682,1702.86193253351,1511.6154732866,2918.52221620891,2119.79987680935,1914.1386509323,2349.80509776255,3800.61811965681,2342.33607973596,2287.63490678343,2099.05278253539,1968.64866882986,1675.52676577589,3109.15295629716,2448.59601807702,3275.78150445388,2550.89308900496,2508.87845102993,2059.632034907,1966.53068282068,3235.9464456509,1661.24246195635,3775.62497559461,1954.42137354929,3198.80075859814,3754.91670211014,4001.16507152348,2686.20762536634,2358.16774074134,1917.76409225963,2186.3307044179,3011.21058233831,5942.14809148426,3019.87725799644,1411.31152450581,2456.71927576068,3098.7605586663,2344.23257104208,1810.92438022593,4015.89254883557,1677.52744940852,1661.9576828457,2827.29154072292,3642.91458235112,3843.79243958694,1306.36629347918,2061.96525270132,1596.22725421675,5521.41175858142,1640.73250218391,3018.25488183851,1853.51347889589,3888.62631197507,2240.66800640773,1634.71539451947,2874.44137615825,2654.9151517459,1863.21017791982,1766.65106040906,2450.55616555377,1844.72668806711,2448.08425632202,1405.22809428383,2297.68165274193,2834.78527080167,1712.78315362676,3329.88883245314,1389.92984063024,1794.06074611709,1752.54369801776,2318.14671051159,2268.38230997742,3790.49524509324,3832.31516858453,1928.91106965317,2192.87745701545,3909.72512727765,4187.35580197018,1355.86549318928,1134.85445909271,2711.0513080664,590.975282113006,0,2054.82893264085,2212.80513692832,1635.85542748623,2673.86444129966,1683.77675059905,2713.34948738229,1542.33736286562,2447.99231586757,1476.72892297834,1760.69835365551,2850.24749368232,3744.63109728718,2396.39703691358,2207.97733824585,1769.64266220418,1789.67275397368,2966.64371134235,1581.48069452819,1618.51556281811,4396.91826659941,3373.90569373645,3640.71103991871,2487.75259286703,2929.41766834206,3245.65802579709,1943.29990302354,1120.47171893905,1862.64294994408,2033.12243002208
577.144994527768,1113.69192731117,431.52796721529,2705.6404735479,1532.41646617641,716.959033338265,803.052519514675,3102.37072240218,71.2477771935734,1717.08269113847,302.036061188857,3137.43061049922,606.878423667693,266.323352740691,1734.29016284175,972.194800452933,1013.82804537982,1169.79897219995,438.494540085544,1311.56681662568,2498.49532530748,631.156347247024,666.558929960879,1383.21592690069,3696.22868973475,1512.92955070345,2221.25008310756,216.264987183175,3399.88141187369,2991.95950538196,2852.77313140687,644.073458780981,326.013521131744,935.46802794758,899.974008138039,1183.99265860817,6798.10731631248,2581.07081124725,1082.74031855765,694.148998729194,3194.47180822254,380.450374811812,899.886960947554,4535.27780136077,1293.66811010984,406.513688097375,2428.56268709518,2671.54046493909,2894.58465137214,811.240460729999,2019.03390990046,937.222391621574,6568.40262422731,886.847653107233,3292.90389935225,305.785068696486,2955.12248241454,1296.49349346095,494.209185773219,3201.83633127498,966.984604272095,646.988930634855,1192.08161117007,526.310126168735,440.368072538766,395.41310928773,1222.41736087774,299.86946421201,877.20500935934,1178.39283991061,1973.00996036365,768.264220422243,1714.5150811161,332.442706378594,276.554598038051,219.611703800356,2465.63124417374,2654.90617572438,127.605028039607,1564.8725786219,2940.21466534816,4760.99068828531,699.001723880749,1237.77200676838,736.630844902928,1570.56969279896,2054.82893264085,0,602.426043695924,979.965088261427,654.167674754379,563.889070633376,705.755308989665,668.032232476436,1457.3580708952,665.921053881983,706.648608090199,813.190756956649,2475.33993367849,1540.99712632278,1986.08448865687,938.680279387466,265.726051599484,1043.34216337646,557.735518592898,436.426313046083,5103.99136469841,3673.37071716454,2761.96254638333,530.753272180758,2774.84232853073,1337.1349342404,912.796636539911,953.645985246223,408.917345094904,2543.23652734072
953.151602852112,1199.07706145435,198.373214504721,3274.14886671017,1946.56582484056,523.389145970295,1306.16583837904,3685.36799408687,567.735538708924,2287.82914702547,700.198557663076,3730.85068286839,1171.10023653942,484.797096065097,2321.18687076719,1567.85545348742,1571.23691354809,1518.4992796132,862.882579734269,1614.56544673778,3086.22432985103,350.005381802157,1268.92818889952,1970.43466062674,4266.40027083725,2060.18446493826,2695.79347502912,806.185322925002,3986.03769075596,3580.71712241217,3399.89153877926,922.203076859777,518.930174144311,1527.32996042348,329.125778217316,1619.05787599793,7357.6080981195,3183.44669260816,907.409478398344,248.465050257618,3784.50101489478,387.679427836799,1479.42562217652,5110.48436046087,1849.11301024551,838.182468668588,3030.00840899957,3247.20571251495,3468.05551520308,1199.83588812384,2590.68149092609,1476.61904011643,7101.23272162876,643.975011537796,3872.27104016507,866.682964348497,3529.14125804196,1898.79572465414,976.224960629612,3775.30439506752,1495.14014695366,1233.49334140862,1762.28026738798,363.084246400736,398.106678647506,714.509359910536,1726.16838197231,798.184539684422,1253.50852862231,819.602430641602,2512.59978244192,1200.02127436861,2271.60736355351,607.07330730461,710.606298716952,664.556076009845,2991.42951933315,3202.70285425496,612.406461323191,2162.37229186933,3510.44657945775,5333.64474903192,983.535107590424,1160.91045079622,1122.7135711695,1850.03871785772,2212.80513692832,602.426043695924,0,704.393679838305,638.430206919776,536.378318013853,642.271219607597,673.348207759035,2058.25549348141,1111.51974054298,1275.24641638676,1064.95681577608,3012.22480130646,2143.40644337006,2571.7288166199,591.734788216373,675.029400325379,1425.98484855625,664.542008066816,795.065309438426,5667.01587196319,4256.23561631464,3345.00037598188,422.209704719232,3372.10768826795,1694.27154393602,464.729766978108,1260.05756971237,987.249444307151,3077.27521493131
874.343127341166,681.171863066389,668.773685129234,3619.13850342564,2505.76920705507,263.017446861013,1271.885357924,3664.94617597618,998.982878569053,2278.88155466952,1230.34274541253,3977.61171960715,1570.70196051553,1047.71875042493,2369.38709641331,1717.8131981763,1594.11429547,2116.53136028027,1393.43834650895,2238.50869194854,3104.64400170933,1053.53692073245,1516.06781039512,2043.3842604842,4184.18137580297,2004.39330857527,3200.09434091923,1078.3467164544,3972.76835634257,3853.05093466022,3793.3358971224,1535.01477798519,1109.98061300839,1662.67488869873,563.121515983288,2159.52983784894,7200.01729548656,3328.59014080822,228.591336985164,943.814976762584,3795.09742593608,1015.73315424036,1575.26432197408,5031.45987331167,1833.47302809521,889.551915026604,3152.34711327023,3572.00133828593,3796.89296918969,1032.27211490927,2567.17561005871,1474.23113141115,6875.69474578199,94.5695032830324,3832.35017678402,1063.73047091229,3855.67540390346,2089.48851868809,1016.56585401549,3715.67873201251,1940.50634518935,1390.52276563257,1795.46229293761,1048.45904213991,541.784201152641,1288.62985851681,1617.22128003379,1273.30040648432,1829.63421288798,219.543740448009,2928.01126278157,1089.46199412754,2224.28258741068,708.554105363007,1221.19290914189,1161.41599448986,3426.19981244912,3596.32728233713,890.594096974549,2278.00925402267,3848.1918566035,5242.04026129693,781.065758948307,507.448196517744,1689.07505853578,1416.57336429067,1635.85542748623,979.965088261427,704.393679838305,0,1323.57381960614,432.297226760024,1336.65989253626,403.22666480229,2288.95986166631,1049.75170862991,1374.46676338989,1696.7055646969,3428.05584060595,2335.8740546094,2601.324118994,135.926091649441,827.436767581994,2001.80681100307,523.467261190147,797.221851570549,5538.70849436708,4222.55236800597,3643.79126110481,1104.12358905334,3439.12555182785,2289.99749068904,311.912296928099,970.550281441948,1176.98776750562,2930.04973875425
1225.49962829239,1687.1393162435,665.009854818943,2864.43229173921,1385.38591122186,1100.55118472615,1440.83088458943,3591.17126046189,583.038280311008,2259.96422278315,440.899701912206,3395.09226831326,892.953770863158,393.625491795996,2237.94170922715,1478.98381456314,1602.22135571252,936.441047081623,501.635277944043,1004.34202780362,2981.57549799452,312.084824772318,1143.85249106581,1898.43256041938,4210.09873143353,2096.1309880434,2161.94479720501,834.827634900475,3875.474335947,3226.54488318355,2944.47542934915,384.297041344452,328.388342277951,1460.19220569979,933.238657686918,1094.02645175355,7315.23031245767,2958.34956617373,1504.34258878999,466.117540749295,3658.82032453094,334.174626652938,1459.63789580299,5031.38266517062,1873.43027766251,1058.1693814842,2832.82738416644,2856.31646657596,3067.1380794951,1464.70841396078,2552.85987484091,1547.58691557487,7125.66248390071,1250.3871251283,3789.40277345032,941.530317790205,3128.6148730483,1721.39003790327,1146.53191270876,3713.5115393563,1094.70592612933,1211.63052748979,1753.85393845089,276.856722813316,862.912117853917,357.023706600953,1848.56635584242,565.475887492064,718.070611716329,1456.51778966927,2065.48448301861,1422.00373141972,2279.90369122966,922.140777351085,478.289255086195,492.607431353331,2510.41052646744,2752.07357773637,766.801678323181,2029.95904051283,3100.60074048775,5261.55472536675,1330.42739575908,1729.01522586932,620.568462565803,2216.86765598055,2673.86444129966,654.167674754379,638.430206919776,1323.57381960614,0,1031.90037435389,60.8916719912235,1171.50092852784,1823.88199493631,1319.50656760787,1298.28533257104,472.272073886258,2547.29956284287,1938.6873968998,2486.63883600828,1222.66445368837,901.974014493611,874.551571895434,1102.48258130469,1074.10856113663,5622.29850661795,4156.27699660631,2974.32087056263,219.618521927781,3210.44299213027,1107.33989343447,1103.13956623744,1597.85983663117,1015.22310650879,3123.08413876809
510.199427277271,672.609341920933,387.420067356841,3190.06455841922,2096.2828491816,182.049398731247,910.167198560032,3329.7284458397,594.875634760065,1928.42927182033,839.909157494089,3563.09578336805,1141.03117372991,688.307544535701,1998.86395695963,1309.13436421187,1220.12664031893,1726.53000715283,994.766988775407,1860.47086511011,2751.01176268134,828.04195368978,1088.18446800906,1660.7145548215,3877.96530875847,1669.65151585471,2774.63550337594,646.173743526433,3636.07952873897,3433.67410103965,3361.47200459374,1167.33575800324,757.9249415935,1256.49685515445,627.163504089066,1747.70426680139,6937.89799528406,2935.26275134712,519.838015310479,774.661270339088,3448.2364167186,699.018564437273,1177.62992593597,4726.67170770948,1479.05978513946,477.421179747136,2764.49250638086,3144.82766529059,3369.66086670823,726.512887041863,2225.66288138553,1106.46673141615,6649.43911536484,337.82515628594,3506.03413043996,633.940221146523,3428.78838065902,1676.67103795395,615.563271587237,3397.29731775886,1512.55144980562,974.111496113179,1422.06184665819,780.889190209074,169.099416798731,913.023452297469,1299.85503845715,863.127920412879,1435.14772719816,646.121749815476,2495.81307637787,755.04699776204,1888.95325215876,276.589086564546,824.346431639618,763.887223094088,2994.21952362831,3164.36492142136,463.253271699436,1885.39765826503,3420.11517078232,4943.60672153292,481.91656891268,703.518676930638,1293.92718357109,1316.68203444665,1683.77675059905,563.889070633376,536.378318013853,432.297226760024,1031.90037435389,0,1060.85021957161,142.814666231248,1870.28552914548,689.599939214289,970.956413937835,1335.28294936237,2995.76253573521,1924.86648096653,2239.66915437453,430.916852672549,395.723871381787,1604.00734100107,147.694222210984,392.383151608436,5258.52234698464,3895.26819690374,3219.94377453239,825.549783356998,3070.16868275828,1896.54002036695,488.887021072033,744.551119144788,750.387253754808,2648.63298116931
1273.56842289996,1721.53930358419,686.543481107747,2913.6262047598,1419.65307969966,1120.65791816639,1496.70027035047,3651.84155575534,634.509326707026,2320.68536276809,500.898138501421,3448.65820469663,953.074122610632,442.176962660278,2298.82924528764,1539.79360993681,1661.56532364745,968.631539906717,561.911311424596,1027.59064091453,3042.25944580124,301.673059421688,1204.66051867262,1959.2929981274,4270.94224123825,2155.97311452261,2198.72767481429,890.704325453442,3935.9376111956,3279.18243292855,2989.60015357112,433.941746426535,379.872958744712,1520.83800182553,924.594908967058,1135.87076181934,7376.01409378435,3016.84063476872,1523.11247866904,451.019811511922,3719.13574571144,369.303353416914,1519.69494544613,5092.02527751451,1933.26817044447,1107.64847730887,2892.12607028198,2906.91719779733,3116.78281097016,1514.71325525744,2613.69667054377,1605.84506339163,7186.48713673659,1266.30662620056,3850.1351062359,996.69353314737,3178.22732865277,1781.80612292671,1199.31719207157,3774.36147107361,1148.91067999592,1271.22125385275,1814.09019569942,289.028140142581,891.784267014509,417.879427902852,1905.96004408449,626.046352369674,761.657473465432,1461.87156410452,2112.76069247807,1474.01915694292,2340.27951285632,963.891781363292,538.104150150042,550.721184504059,2553.45645780778,2797.89320047963,815.433396666873,2090.67067667893,3149.52930113887,5322.23773418491,1374.58906577202,1753.51773699453,670.103602850659,2263.16353060083,2713.34948738229,705.755308989665,642.271219607597,1336.65989253626,60.8916719912235,1060.85021957161,0,1201.73582231311,1883.11312203092,1371.65326020308,1357.12090318495,507.545779460746,2591.99954650184,1998.46367318426,2547.50463190747,1231.56642821793,948.994416327143,913.747238174517,1137.58195372706,1120.34728037777,5683.1296303353,4216.81420904702,3026.16388077813,236.993102877972,3270.31284731912,1137.19257293452,1105.44242768574,1644.14355049135,1072.67350023152,3183.30034974394
473.574548957105,530.177227510326,530.174706227828,3226.82641145955,2193.6675712629,222.165907165096,874.622125381786,3283.33072060133,708.078566712306,1888.75690630938,956.902700663419,3575.25815179005,1215.82219916373,818.959767137839,1972.11450522665,1315.17957203267,1194.57219778208,1837.58506471207,1105.48108662424,1976.62472734169,2714.29978868391,970.799288255991,1125.39959012199,1642.49611279882,3818.12606858717,1620.44970224413,2852.96209092014,714.087503453824,3590.68694980177,3452.22640171172,3409.20957557058,1290.72634790223,889.607007976568,1259.75565914835,726.924557605919,1844.27026653866,6862.28125694324,2926.34153216709,426.70646641276,914.742071743445,3408.2011369735,837.796762504724,1172.06261606048,4666.79159810461,1440.80236146726,491.119111073209,2751.0444960976,3176.95456849838,3401.79520827452,655.589261464899,2181.3693251639,1076.03434156917,6561.74422322756,317.205784882188,3455.27478768036,680.869840219512,3460.1413808032,1687.36773128607,613.950163245677,3342.60654540736,1589.49359683347,990.688728046067,1396.49623216325,923.148220224727,310.467326598236,1035.66735096445,1240.09816331869,967.248006638071,1545.10644231699,622.545470535099,2553.75938922371,700.488707949935,1840.63116881028,347.541113931364,938.097887196915,878.099624781265,3053.85188333591,3213.02458526103,554.569288776275,1875.51921867631,3454.17487820903,4881.12503690108,401.804212682441,574.737627417295,1404.33348642028,1189.55701780861,1542.33736286562,668.032232476436,673.348207759035,403.22666480229,1171.50092852784,142.814666231248,1201.73582231311,0,1888.60312188524,651.514607589167,971.501718377766,1459.74114799132,3050.70687816335,1933.26327277712,2207.33739437355,446.610638022906,458.062006401002,1711.22280626626,127.379274289867,397.283688557291,5188.82967311739,3845.28326224835,3245.55636914231,967.088229428774,3043.25146030946,2005.146158129,549.606750759584,640.690450305135,786.694580171871,2576.88365605653
1439.47151873622,2001.26866312096,1886.7244050196,1366.44892365707,1238.67912198989,2052.32384195471,1101.58500430304,1807.25553936242,1491.3541562301,761.060087127475,1432.47630087488,1693.92717037074,935.537917986189,1619.10969074969,610.131757248909,583.496107266466,814.342347360231,1348.67889527193,1324.85003673051,1497.37177216094,1209.96172663964,1993.56941386076,797.270818867435,500.139973765585,2444.39277118535,859.202133773099,1375.5884855011,1269.59653680025,2074.18388519363,1564.15044659088,1593.89564787002,1481.87755101391,1625.12228662707,642.50713950298,2354.09143893764,1099.42556546415,5525.47941397872,1139.38714417026,2283.99792744592,2105.05079198134,1851.75183812582,1752.10635251988,747.263829174677,3235.91402213151,774.505067446968,1399.43131992489,1009.04259743033,1303.12735882032,1526.13471525858,1392.51098479698,939.440250832618,926.460950609996,5389.47507787349,2197.9042534147,2010.09624978449,1245.41803852512,1582.39994847851,218.869613678867,1276.28869906649,1956.37654427097,807.191850288517,898.438429595066,682.997288363086,1882.91101834712,1829.69397799611,1483.35632884364,1043.58463934943,1305.67294736178,1274.69063194634,2508.22582615881,892.273164137402,1299.84225074898,866.968784519557,1601.1483517442,1404.97890001878,1429.64422894174,1342.76199839868,1410.09254197677,1476.86976416805,366.042046575371,1582.84589530206,3468.26998073185,1578.43214185088,2286.32065349487,1278.50626127256,1862.91642383664,2447.99231586757,1457.3580708952,2058.25549348141,2288.95986166631,1823.88199493631,1870.28552914548,1883.11312203092,1888.60312188524,0,1289.48100657949,924.745812966042,1518.51583096133,1300.73433147277,139.999024157594,792.614807840677,2300.94341076262,1484.76783752232,1250.23448595324,1765.5916497718,1491.94815502339,3844.13967600497,2357.69072022206,1359.5802874824,1853.85204735587,1392.15253637231,1360.35613705291,2327.73883611786,1573.83937151459,1123.32773571228,1580.55116048572
180.078707911528,731.274440970952,914.123601143494,2652.67286503669,1881.15540706314,857.091629263035,223.182285570308,2640.32700772921,737.168071159521,1240.42114873594,922.43032876459,2951.73444906773,871.814566650262,931.253161819002,1320.66797138873,706.040428997798,544.430197046459,1632.68025933019,991.398759008028,1799.05953098295,2064.86483430572,1267.03437272945,629.847437231226,994.411081563811,3190.73691191051,980.291711360281,2423.12736199007,503.701576920701,2946.87648867321,2839.19417661803,2862.23054673254,1238.86555718472,991.819348267997,646.980095770731,1299.48865267357,1547.37039839153,6261.78700961324,2281.36846313784,1005.44213105316,1289.63117805888,2760.63762980597,1033.37459271754,545.415411670211,4039.15578336704,791.308295583274,279.534771982299,2103.3903965392,2592.35043549896,2815.59718072816,170.368038607089,1536.40110079069,424.706164072603,5991.8061274603,967.853755393801,2816.47255542255,395.023166062751,2871.85229761499,1076.67852135281,174.583949879644,2708.36478216495,1209.72162274003,441.080982029322,745.736723652581,1172.87440202054,738.399682226753,1024.24433495865,619.096458275593,844.828824087909,1358.76739439363,1266.34558747409,2051.27515431551,102.600024786162,1199.39668084251,504.876591357024,886.372371985893,847.777873117546,2548.1042192616,2670.67720976987,564.558963038268,1232.78308679137,2871.95540436975,4257.31259871722,289.833004560212,998.888455057983,1237.81476587938,937.785976472563,1476.72892297834,665.921053881983,1111.51974054298,1049.75170862991,1319.50656760787,689.599939214289,1371.65326020308,651.514607589167,1289.48100657949,0,373.28652790323,1394.93127970315,2529.53065344686,1314.18753922549,1556.29740404094,1096.66417106198,450.242159288772,1490.40230510275,549.827170779657,318.954714865065,4577.32152474634,3205.66914784281,2646.62568710218,1187.38086157665,2391.7390472901,1772.20165816124,1177.96687228949,365.90906672448,385.992139879676,1973.41923376367
514.726146044569,1103.14999860605,1081.27265979842,2283.00473627089,1572.14160676075,1151.29007241094,249.129224400943,2410.26846979511,768.16474965527,1014.2350776046,859.704042169668,2604.20207218614,611.991879281966,953.774189889664,1049.46876387798,344.34688843958,308.366854727355,1384.99317752942,863.588222035939,1557.63873898628,1813.35408898658,1335.47585067263,299.984549458226,701.307464022645,2994.33166167296,807.922548148719,2065.48204100009,490.925495912789,2711.64943936085,2484.12413415975,2489.36687231147,1110.93034349869,995.296797616604,288.262263336562,1523.84141162953,1256.79385788611,6093.17965742895,1964.48445475689,1359.40350705449,1399.15230014008,2512.53449267324,1081.05597470856,209.091615476122,3836.4939735738,587.389981456919,493.673458067385,1795.30769384666,2225.07956856928,2448.99940893009,507.744948851532,1317.01684937454,253.904214258342,5862.41016212405,1285.91279321444,2597.11558734562,410.116149909055,2505.92867799443,717.620513376464,358.201885664659,2501.58915219888,894.524323741671,109.997419908757,488.060141918088,1227.73823705557,964.606642473004,954.018730907382,563.59495416511,745.167989046345,1139.36180109593,1593.94694515051,1680.64146553448,410.288346041926,1007.88510793673,720.898689967078,821.665454574015,806.854918076369,2176.23485185503,2297.53699323816,663.67206672366,915.771944535581,2504.32401312257,4060.69053379384,657.279078838879,1370.90447498313,1041.53381691898,1183.95105089492,1760.69835365551,706.648608090199,1275.24641638676,1374.46676338989,1298.28533257104,970.956413937835,1357.12090318495,971.501718377766,924.745812966042,373.28652790323,0,1242.41006888368,2156.57990203202,962.065724395511,1298.37046910222,1399.61594287516,617.348792027586,1242.30136695616,852.575139421262,580.594060814273,4399.70981149365,2981.04920182806,2284.28571659287,1223.92326116217,2113.01823288639,1503.86570742684,1450.33787837852,707.997216780907,297.789771142312,1839.20649806398
1359.67030420352,1926.87287013528,1030.71164383564,2429.41086793229,913.179944973399,1448.30372999481,1446.74945667943,3323.48210500808,758.880044497981,2077.88679612033,511.203299506666,2989.69391100969,675.681725714473,651.725476231611,2017.38309333977,1311.96889251471,1512.16011111368,464.80022882976,403.812340129884,549.865691668383,2720.05711697617,776.049838633214,999.896354443742,1705.82140017155,3957.20065535221,1969.63638199108,1691.2043958461,897.773343776313,3592.67893616387,2813.75350834927,2491.09830696026,169.674185204006,586.95709943102,1312.18453137431,1381.46626963772,633.772743406052,7043.97604845541,2620.55106742724,1846.57655543747,930.935415576381,3369.86680439232,689.397027465842,1347.92967153933,4754.42227977843,1753.74108657579,1188.68000703206,2515.02354287281,2429.79351839418,2634.26574645772,1561.11501545974,2350.7318750837,1493.4184256144,6898.01802910164,1612.85266655168,3525.65166590449,1002.62974122159,2695.43929307567,1464.11845762837,1225.18987496014,3464.79895330122,723.230392811516,1136.56912042679,1619.67795459417,711.398654269957,1177.48333546575,424.385337231134,1803.47283833992,553.242361809139,272.443129909147,1857.83990456731,1622.58726401444,1493.21059669706,2122.91989938003,1142.98384854975,538.118854534317,593.579426870678,2050.8423818586,2301.46478342512,940.371387773321,1785.27817061593,2663.68453449826,4986.78599382944,1500.01713047711,2034.46043813467,242.161715951221,2332.37276169474,2850.24749368232,813.190756956649,1064.95681577608,1696.7055646969,472.272073886258,1335.28294936237,507.545779460746,1459.74114799132,1518.51583096133,1394.93127970315,1242.41006888368,0,2092.84947021046,1647.7899376571,2254.00631406619,1615.06504780333,1075.51387814763,408.068804492391,1361.58495871205,1239.57293780726,5361.50564821847,3876.20606522626,2556.10574384071,653.068053276278,2906.85646661578,637.524460248004,1520.73851097904,1732.53840419556,1021.65341813502,2961.38064731499
2652.3933532359,3259.49557166278,2887.73818324465,443.01935767385,1241.5033425323,3170.39232980577,2369.69949352717,2182.91783973198,2479.20226547587,1917.96102562781,2312.17258291389,1113.01819499218,1868.57468517078,2527.54214225736,1724.72874553182,1845.03398797518,2107.81136386549,1669.15034079283,2152.15690476095,1698.70320411193,1816.35062928632,2818.15008419447,1932.33271593054,1779.58092320144,2758.03355743734,2110.54910684753,562.498100490366,2349.86990501371,2309.21890648294,917.698988445955,398.359849230409,2164.90504150158,2499.84969718769,1903.83842922703,3339.19295178169,1459.09079433482,5495.01092465836,1306.89060806556,3471.64676859542,2963.86952178006,2102.96335095849,2636.74824805666,2015.27439291748,3331.97160098869,2067.12987093992,2568.19404768235,1379.66547142855,517.488184525156,629.550051773013,2656.43028284094,1934.30154981847,2213.02506810178,5531.53209499331,3333.54938483651,2356.70540642274,2370.01799081573,681.783942370776,1515.25970247488,2472.60980924073,2388.31762258114,1518.43479111234,2096.49257544957,1983.41683551175,2725.27801932691,2908.0260721718,2309.58767276858,2343.02197465062,2218.99730689484,1830.36050943862,3639.24184074533,502.347635617256,2559.97230647387,2043.34901731861,2719.85914440051,2302.15042330225,2351.15878059486,104.347155561196,217.358926482762,2543.92424099137,1567.68328978361,630.493170737699,3552.00492953114,2807.10788427734,3521.67158562862,1931.23346062714,3162.37353858437,3744.63109728718,2475.33993367849,3012.22480130646,3428.05584060595,2547.29956284287,2995.76253573521,2591.99954650184,3050.70687816335,1300.73433147277,2529.53065344686,2156.57990203202,2092.84947021046,0,1349.42872935169,1744.63643523881,3407.17004557793,2601.47370544973,1686.14432425334,2923.32870912896,2662.39426931224,3957.13929324744,2553.90615610241,676.655036386987,2676.3216914577,1691.54100713915,1538.58777600198,3387.34021493419,2848.66357134217,2266.5126057167,2467.85889846188
1473.3975041959,2008.70478045927,1966.45988450707,1369.79006185748,1375.10424876855,2106.64103979906,1113.58219958861,1675.76869343253,1579.50490866005,640.73164360724,1537.17167010252,1642.1362725116,1046.46535816068,1716.76969434741,478.583291110118,618.087013101557,807.260552042029,1487.97900336736,1437.69896253621,1637.26217183297,1075.02183084318,2096.28269203919,874.884523299467,430.195758274414,2311.09651116712,771.498022712325,1472.47485414188,1344.98505075754,1947.02675576758,1525.0479089022,1616.07176008835,1604.69295684785,1727.01056984964,673.949744779709,2431.35791198857,1239.33289278108,5397.68030768768,1041.05498330562,2317.3461006127,2202.52586405745,1726.19132731354,1850.80955956983,769.039683202494,3108.25961843982,719.510611623352,1449.21473015131,898.13481900405,1296.9827821638,1515.96286037866,1402.60431905449,802.591777918659,926.045941919303,5255.2635419231,2246.49223495885,1878.14496042753,1310.85997167879,1569.73260985801,248.903149869344,1319.35955006665,1821.39386244493,942.114016535887,951.198787123103,649.34436325351,1984.95266674254,1895.55762587212,1593.25471576355,1001.08417453564,1408.72970575404,1408.14742083331,2555.41449437802,975.947635753254,1313.57645077385,753.093659776683,1661.14362827086,1508.02423557091,1528.96355282401,1400.49183917875,1439.76497884128,1550.67716880382,245.023939406672,1575.91313163694,3340.28594771329,1603.97086095561,2302.56358774716,1406.72805959577,1817.7721088536,2396.39703691358,1540.99712632278,2143.40644337006,2335.8740546094,1938.6873968998,1924.86648096653,1998.46367318426,1933.26327277712,139.999024157594,1314.18753922549,962.065724395511,1647.7899376571,1349.42872935169,0,652.887648150864,2355.61703939592,1547.22903425172,1388.06661151174,1812.97186215514,1539.58807842589,3713.71473319741,2230.0986397785,1337.30068003176,1958.51578473579,1271.96703219402,1500.31318359584,2391.98614667095,1574.58795072062,1186.89770392108,1443.08222731348
1735.77637861497,2120.05664519998,2379.15340643571,1597.13648870406,2023.22731489373,2412.106248722,1333.14552411572,1116.4296520358,2039.17915284701,332.937479888858,2057.63830799528,1593.21123858987,1606.10794823857,2206.03764237727,252.015416158866,1019.59856387281,1020.12799532205,2134.72830420795,1989.55881605686,2287.48691289516,515.001439482364,2594.69171742705,1349.93872226696,602.868522790608,1723.76843578146,623.693036487123,2014.32078384499,1771.82157739114,1414.53599778059,1550.60435261505,1895.19935050646,2187.90645809449,2231.53028294641,1051.33840038675,2819.93092545406,1889.94777307723,4830.05595833492,818.697453080717,2525.74104306073,2678.07634969919,1214.31667428149,2339.9173531233,1092.36627771538,2553.07898934666,767.933679509856,1774.95002660882,624.77612548381,1494.77613203406,1672.60928282681,1575.74148220115,189.69586513378,1133.60476191586,4648.61628730197,2522.45836568089,1309.04225955678,1705.06249732078,1710.47713462211,790.584953990381,1631.28127302341,1227.08503972081,1575.41133747554,1340.3197844542,819.251130595354,2483.27535953936,2256.69065902333,2130.53432378021,1012.12702028061,1927.99160595725,2031.95938348547,2814.31348689978,1503.99347977711,1512.06063472723,428.297213307727,2011.39684412486,2023.65257986471,2030.70393038933,1822.4242770931,1760.81306731679,1959.32311323189,468.996923025168,1740.6053982998,2780.99663323747,1821.43520773839,2437.10361510334,2012.0561077091,1697.17373801229,2207.97733824585,1986.08448865687,2571.7288166199,2601.324118994,2486.63883600828,2239.66915437453,2547.50463190747,2207.33739437355,792.614807840677,1556.29740404094,1298.37046910222,2254.00631406619,1744.63643523881,652.887648150864,0,2652.95975527865,1913.8206153615,2028.52853437847,2104.70979126891,1850.16436406318,3136.12216402222,1687.32597648899,1462.11972629409,2467.47735569429,839.294053810453,2152.72992926991,2727.99884298019,1690.06657001095,1585.12464876029,800.200071788491
917.428335242469,802.509676728795,584.915537068687,3614.27987685585,2447.47433074543,248.980370534037,1319.83111066699,3729.60146389673,948.424972785235,2335.25866937267,1167.49777140494,3993.97553688191,1540.97099715828,973.693123551551,2416.22482724768,1739.36443165245,1637.56902706015,2046.371544016,1333.4502571166,2161.43925342757,3160.6772376827,941.625464648404,1515.71950246358,2083.06762376475,4260.38349879956,2066.7693816055,3157.85019521534,1061.4993336496,4037.03990088102,3863.93659227418,3778.44464032779,1457.413679996,1031.74270085133,1686.19857769177,427.521794800462,2104.34964625356,7291.86067702218,3362.53275457479,364.513573246024,823.93301483501,3854.80721838758,927.465793618014,1604.86123763233,5108.71160907779,1887.04503258469,907.072952181346,3189.84776684389,3571.26097915392,3795.95582036862,1098.92429325301,2627.93962724915,1520.36561294425,6976.90103584889,148.687376832508,3900.75472596161,1060.83609069074,3855.38166574986,2107.51858223836,1042.32832073337,3787.04988945158,1905.49651014798,1405.01553383945,1839.76612475039,945.946738637914,499.870602672288,1217.41452506173,1684.72237093732,1222.68751951076,1763.60224932347,244.87411820713,2905.48849135407,1146.98517512894,2286.96648036514,702.08631150672,1162.18353922963,1103.71802459102,3401.02257384279,3580.86990958599,863.307814828438,2311.82497206666,3845.51041594992,5321.61883193184,844.832943715559,643.231868997709,1624.35508636362,1534.03792794749,1769.64266220418,938.680279387466,591.734788216373,135.926091649441,1222.66445368837,430.916852672549,1231.56642821793,446.610638022906,2300.94341076262,1096.66417106198,1399.61594287516,1615.06504780333,3407.17004557793,2355.61703939592,2652.95975527865,0,820.634002419724,1936.92413186503,550.841590492091,819.134209456968,5624.41473181938,4290.85695366302,3648.66799146703,1003.22167796572,3487.79394343095,2221.17367613901,175.986210153667,1058.31927218838,1179.55813018751,3013.09395705075
325.440062765528,854.256350687282,476.857305794503,2794.99907116025,1744.46374839601,574.906341931295,632.073131072383,3021.83664861347,330.269431172759,1619.82131583046,565.718012836876,3178.68623870069,757.766139354458,508.441461530628,1666.09198466819,939.323579846045,901.455668448578,1409.5103649304,688.448597730692,1558.75813300516,2428.73025433826,818.70281925033,695.16259576134,1318.64786215528,3594.9639305156,1385.83337029133,2394.90211331684,256.115532324352,3324.87596464448,3045.34129036574,2965.92031891086,907.228916541708,576.081664611468,890.945843411944,906.60762812894,1395.24154545203,6682.9607727697,2571.65830947248,884.761889479934,840.137343961215,3128.10626724762,593.896606933033,826.13128178919,4440.60142435075,1176.95595350874,170.739262067568,2407.01596541282,2750.84641370852,2975.59759856918,572.204342661572,1922.15331079791,802.715223731461,6427.93294421673,733.176288674145,3205.78401153828,240.383870944694,3034.92760135222,1298.32606099488,301.698845419169,3105.64852800913,1131.45812058954,598.774706266092,1097.07582447676,728.203801147753,349.831036243298,660.920188455108,1054.14401314274,539.938715492422,1117.63556073231,1041.8003968426,2102.33786264831,547.434348780181,1598.64021692384,119.205645642257,537.397570296086,483.261257886437,2601.5239935712,2768.8910095185,139.260295046824,1528.6362078966,3025.54787740788,4662.54898372449,434.317148279384,1004.06401925252,979.732817669625,1314.92056119696,1789.67275397368,265.726051599484,675.029400325379,827.436767581994,901.974014493611,395.723871381787,948.994416327143,458.062006401002,1484.76783752232,450.242159288772,617.348792027586,1075.51387814763,2601.47370544973,1547.22903425172,1913.8206153615,820.634002419724,0,1276.99194895941,333.467379307803,172.940022630094,4993.10645778849,3591.79146837932,2828.24703117064,747.85838477478,2730.17265022058,1571.38797866857,844.75859358494,695.984643885563,361.482809280721,2402.6985709498
1504.35462945982,2121.36420162164,1356.89255984861,2031.42321317687,520.923245358214,1742.62528555299,1480.06710682109,3048.83055363104,1009.41227311035,1904.50845593681,771.477674040282,2609.01459870534,631.890592271433,965.722610634611,1810.52851497888,1199.83448967311,1455.12533299862,143.194741902779,609.890220258819,315.389865075808,2458.74144023739,1167.90634202929,952.041524352871,1539.39645844984,3688.85808188558,1851.73677412878,1288.29235469209,1046.91905974114,3302.96289488748,2428.68098423658,2084.49468069887,508.801576395226,914.499080122857,1218.59963886338,1751.61429812978,228.333925012062,6746.86969400705,2295.00174683927,2123.84509985194,1321.09582158008,3077.09835044757,1038.85395672146,1285.35396159737,4461.67301113862,1653.11006017317,1346.75444442327,2207.93082512949,2036.99686137232,2237.05840280987,1660.62586626639,2150.31376256806,1470.34850248522,6634.31596934232,1912.22145644995,3252.21365138486,1132.53266235578,2297.93244153384,1248.38268103738,1339.71820853176,3204.50678845084,455.697778279169,1132.58587720538,1513.91847490526,1090.73272224889,1463.09946359696,721.724131207452,1767.35197575332,744.044510120397,173.759190119505,2181.79700387411,1222.39103347174,1577.21759918833,1970.88011221553,1369.71011053238,781.772476491604,842.073832052325,1642.9539983956,1895.95274344163,1159.21540954808,1564.78621771659,2264.16910174387,4694.58044615178,1661.33031544838,2277.61015473687,312.835643409204,2410.9527957161,2966.64371134235,1043.34216337646,1425.98484855625,2001.80681100307,874.551571895434,1604.00734100107,913.747238174517,1711.22280626626,1250.23448595324,1490.40230510275,1242.30136695616,408.068804492391,1686.14432425334,1388.06661151174,2028.52853437847,1936.92413186503,1276.99194895941,0,1597.90713641739,1418.31141298303,5078.38755296866,3586.43691445457,2168.32514804867,1035.19489313509,2606.76477890905,294.512892972083,1864.01757580433,1852.32416826079,1105.29578332399,2783.0065447756
369.749630419131,584.718676017285,495.369368084102,3100.72431973635,2074.65731448717,307.445739813321,772.239226471234,3189.5581769565,603.945041722483,1790.23942010855,853.572364115372,3454.38992127312,1090.79644695681,733.123281778157,1866.33240240561,1195.07010838894,1087.3524187208,1726.58626903504,996.199312695826,1869.27878178738,2614.38724057512,929.449266463926,998.657263061229,1532.22663232497,3733.83607298035,1527.90101704019,2727.75583997821,588.84481059502,3496.32333845902,3329.62926192511,3282.07037365647,1191.97090431331,804.658546989156,1140.46226883239,774.798119349913,1725.22519041408,6790.95806973505,2812.6724987656,552.659267369342,893.162426471725,3310.45396659172,768.900326899948,1055.77769867376,4582.61866026644,1341.05442113235,366.416777061429,2639.24269957756,3051.52774631547,3276.39740532031,579.114712180897,2085.90050191669,971.208044848036,6501.74536129256,433.534312636032,3364.44098325778,553.511536528451,3334.8803063456,1566.23465735062,494.374947234542,3254.49017514233,1464.53340707881,867.191895222341,1289.57953346187,869.213531478035,270.244517394501,937.402360278291,1154.90468432515,854.301580894743,1433.88880931064,742.914083170352,2426.41558944282,610.400372911535,1747.6316392735,228.422751849851,832.122748492553,772.971180511298,2926.53779355364,3085.8254609207,438.705045652987,1761.75454291133,3328.48136180654,4798.93819941322,334.610570970498,680.261532917812,1293.76795565989,1186.06604652469,1581.48069452819,557.735518592898,664.542008066816,523.467261190147,1102.48258130469,147.694222210984,1137.58195372706,127.379274289867,1765.5916497718,549.827170779657,852.575139421262,1361.58495871205,2923.32870912896,1812.97186215514,2104.70979126891,550.841590492091,333.467379307803,1597.90713641739,0,273.756306770867,5112.4037477147,3753.987301128,3121.33084335439,907.827598867064,2938.01272595419,1892.28587411084,629.553340483114,601.231814096057,659.725613273139,2501.9685495074
162.061356209577,703.104671301951,599.006808517001,2830.47944988867,1868.11381642929,571.199397740286,528.78854837314,2946.24508705966,502.584613715034,1542.95716275741,732.81544832896,3180.75129148187,860.741095837877,680.82715444172,1607.83368379008,921.920430503205,830.038964927977,1554.27411529162,845.584871801449,1708.497588377,2362.80253660594,976.788642838325,731.77350657242,1268.45464962216,3504.69405620679,1292.23341878857,2488.92144947805,372.458380773157,3251.70091459182,3055.92351531122,3016.4901563591,1072.56991038242,748.861008512855,867.827627222547,983.588126015729,1520.79352122377,6579.96459637247,2543.76068271596,809.592282103405,983.89351585778,3061.05392760197,761.492204327915,785.943256339579,4352.58400512456,1094.26224920504,94.5769624744759,2372.30428414665,2779.89721276936,3004.71437471153,413.005449807962,1842.40618161847,719.168527631808,6310.50091997995,707.016917060441,3125.41034384066,305.702252945774,3062.98792690928,1292.61261058489,223.406845954196,3019.95006835479,1231.39119267015,593.655942249138,1031.44807298556,891.484940577458,420.086603438453,829.974932258386,937.85464615031,694.742542225297,1264.66926992614,1016.66666266945,2168.39828066746,404.964085382556,1509.72234619942,188.36636914677,702.626773657868,650.821176807566,2668.98827877971,2820.88101476191,311.659976834999,1493.44465162449,3057.31419169442,4571.86538340082,262.654904735799,886.949269219797,1129.63436482286,1142.88284043303,1618.51556281811,436.426313046083,795.065309438426,797.221851570549,1074.10856113663,392.383151608436,1120.34728037777,397.283688557291,1491.94815502339,318.954714865065,580.594060814273,1239.57293780726,2662.39426931224,1539.58807842589,1850.16436406318,819.134209456968,172.940022630094,1418.31141298303,273.756306770867,0,4894.43807559311,3513.71527516546,2848.32405058325,914.636654567281,2678.66773833773,1711.45430206095,878.37650970478,523.834515222483,396.137154324893,2292.15843849821
4752.39725840797,4912.3449216579,5469.51931752598,3525.50808162036,4907.42851973893,5409.59203069382,4367.5487811041,2038.21861860484,5161.66179632359,3386.91777194234,5193.47416307664,2878.75545553531,4736.63204992812,5335.88530080722,3386.17314499631,4152.22372089314,4097.37246004142,5157.3399718296,5123.67224415805,5282.02627918041,2644.82798116075,5724.17462095905,4485.04132637706,3731.68291867873,1412.3547087987,3607.30551668991,4495.95825273708,4887.76304724962,1775.5821292984,3062.44478345658,3741.65154659461,5312.30398486142,5364.74652280912,4179.19094840754,5876.75597251748,4896.23014404772,1694.82875214262,2815.00784478362,5396.26247403785,5798.02024266565,2001.96116105587,5468.54189407543,4204.38848245649,629.793777313962,3818.35356104262,4835.85594561364,2875.05129589523,3440.09242913497,3380.22414423698,4535.17075899954,3085.33829202655,4190.53514924998,1581.32013633418,5479.05570251687,1836.72352917761,4809.31323316535,3348.697411314,3908.65695065332,4694.07940161955,1909.04325195151,4649.46466751091,4458.29210428448,3912.26271739804,5613.49214013186,5314.44255951342,5266.53255157991,3959.80361780017,5063.95782708943,5117.89824592596,5725.28032489686,4114.80043212071,4504.0948342173,3395.61303473582,5074.20741806709,5159.2065623043,5164.50495280761,4060.38670792505,3791.56889618379,5061.04396722702,3593.93049981637,3412.53326271724,405.154552640156,4787.47248854505,5211.7181514896,5120.32351971831,4225.95787693803,4396.91826659941,5103.99136469841,5667.01587196319,5538.70849436708,5622.29850661795,5258.52234698464,5683.1296303353,5188.82967311739,3844.13967600497,4577.32152474634,4399.70981149365,5361.50564821847,3957.13929324744,3713.71473319741,3136.12216402222,5624.41473181938,4993.10645778849,5078.38755296866,5112.4037477147,4894.43807559311,0,1492.48062736677,3282.07799675135,5600.42699101471,2474.23321315025,5124.40934890556,5737.53189233823,4568.51570455702,4696.02976881551,2611.97002943035
3385.24463744834,3654.85026562602,4062.0849492924,2148.97387447889,3422.44098977284,4059.63773397227,2986.25643407739,571.07934687261,3726.40208888975,1972.54707252424,3735.81862483219,1574.66573241178,3265.05041016132,3891.35661508644,1939.24255461553,2705.54985102762,2690.75344539997,3664.8667323256,3655.13674630427,3790.35669728154,1177.72591448596,4279.70856761032,3032.32407701566,2290.17479196716,272.189417196542,2226.09775296385,3064.36359883878,3458.86816277445,283.754812022186,1727.2023770109,2409.03761879779,3833.88765330659,3914.422293103,2738.57612795605,4493.93614419591,3403.80539155434,3167.82270491536,1333.17355297665,4112.17724454868,4365.28219670118,509.492851263142,4025.60580531824,2777.46691331828,878.249592319441,2419.69589858181,3445.04742189449,1382.97652350238,2049.9142512708,2042.23684921409,3192.51336160009,1671.47861298515,2795.5139086086,3061.79378230146,4152.02940641165,390.212240414516,3389.90157531171,2025.73832805935,2435.36376498471,3301.10355905902,514.884414124505,3160.48041622757,3027.20864091552,2495.19529319216,4168.04573846575,3928.49378911086,3803.34406273993,2606.47323162122,3605.78971160078,3628.98710734313,4425.28784003964,2649.39028517399,3145.55383506749,2006.40700494772,3683.77960463816,3703.00827003031,3713.32234293029,2658.23334864394,2416.71825589992,3644.13090053005,2128.04915072775,2089.11290985227,1110.59981614931,3446.27665774601,3970.01196271604,3635.99295654434,3049.82383022834,3373.90569373645,3673.37071716454,4256.23561631464,4222.55236800597,4156.27699660631,3895.26819690374,4216.81420904702,3845.28326224835,2357.69072022206,3205.66914784281,2981.04920182806,3876.20606522626,2553.90615610241,2230.0986397785,1687.32597648899,4290.85695366302,3591.79146837932,3586.43691445457,3753.987301128,3513.71527516546,1492.48062736677,0,1901.02718966736,4150.23885128228,981.99564021368,3633.54217169217,4383.31039425573,3263.11442698326,3271.18312773288,1358.89119610486
2799.00525280792,3345.80202571194,3192.26883449122,248.065257573877,1806.50285712862,3401.43859506736,2450.41733033579,1587.71133282505,2782.59205552242,1728.16126158585,2664.14486549139,456.01869763771,2174.28957693934,2872.90890050923,1541.66180574888,1941.92262294541,2143.18413678464,2186.01014443442,2520.79334754823,2251.84369782037,1349.85612286686,3210.2249631623,2133.09778532832,1727.58137230665,2120.45033485422,1983.52273731741,1229.9285345336,2596.5567977543,1671.75899977507,263.872564465857,529.571123980066,2592.42538209751,2860.43187931107,2000.3740243381,3659.32374919842,1942.99540125237,4822.40914820892,778.412410720378,3643.57671581128,3343.49683832229,1480.05255803328,2996.54822475953,2101.69900389617,2658.35029257935,2014.39106120083,2754.93934769495,920.520074288884,159.816833713721,212.499866494103,2739.85380135507,1637.78937761244,2262.96956859089,4855.18131469228,3551.71242414845,1742.61599076936,2587.90800034722,248.867150794411,1569.94790716288,2634.98230080838,1795.5746216135,1883.93790805551,2254.9740671424,1973.05282111351,3107.03545657418,3164.99007240895,2685.41256734504,2302.60617563534,2551.64503484531,2283.85197769859,3862.42922255299,964.467825602108,2650.29511029768,1850.86309155721,2946.58761928202,2645.61465023826,2684.7086611027,779.00909055299,516.384350267488,2802.80051304109,1479.4379836779,280.862933274329,2876.92702936318,2936.23178284865,3639.29823188671,2356.97738463659,3091.75642093694,3640.71103991871,2761.96254638333,3345.00037598188,3643.79126110481,2974.32087056263,3219.94377453239,3026.16388077813,3245.55636914231,1359.5802874824,2646.62568710218,2284.28571659287,2556.10574384071,676.655036386987,1337.30068003176,1462.11972629409,3648.66799146703,2828.24703117064,2168.32514804867,3121.33084335439,2848.32405058325,3282.07799675135,1901.02718966736,0,3065.71598885274,1125.37242038289,2085.67734458885,3661.70407897754,2910.55636829015,2469.57348936721,2046.4011475796
1072.81994896428,1489.97232711705,449.5763588631,2971.29931592481,1554.70227525589,884.087294294504,1333.79344884376,3581.18599644301,462.169166737064,2218.79972269188,421.525122302039,3474.05581374637,920.653521818559,270.253843699223,2216.03059258919,1448.56968465128,1532.22341163271,1114.72916274143,545.892945981215,1199.60315155218,2972.53352138011,144.509322547147,1118.11357265364,1868.79789619037,4188.92785809756,2031.54152516087,2320.60673471766,737.252142393433,3872.30469425896,3312.21718521669,3070.61391241762,526.577520602816,235.953723089542,1421.49922525733,729.228071973366,1242.92384530061,7295.22003534342,2993.23701317655,1287.0833959729,288.483281755389,3660.27838967416,154.235707771648,1404.13418724676,5020.25421155186,1810.02446877264,913.878253066427,2856.65058424637,2955.45515217448,3171.05669037866,1319.79018365281,2517.58879865445,1463.23571746593,7082.57352754404,1031.67614564329,3776.15573888701,835.335813470886,3232.55996279582,1728.12637986559,1020.05943762484,3692.61163198568,1183.43228037072,1150.18039805614,1699.87656753365,59.3846776700857,656.700888323808,380.9566161224,1752.66502743648,549.896285782815,867.716255550622,1237.96873166953,2184.82273640312,1288.32064497795,2226.51006874545,747.111974721666,450.759803824598,436.96147270184,2646.2932136355,2875.64052318528,622.943542362569,2023.72811150744,3208.2596499122,5248.46939726786,1161.18684656812,1516.55361618853,749.308568492834,2053.05221808626,2487.75259286703,530.753272180758,422.209704719232,1104.12358905334,219.618521927781,825.549783356998,236.993102877972,967.088229428774,1853.85204735587,1187.38086157665,1223.92326116217,653.068053276278,2676.3216914577,1958.51578473579,2467.47735569429,1003.22167796572,747.85838477478,1035.19489313509,907.827598867064,914.636654567281,5600.42699101471,4150.23885128228,3065.71598885274,0,3223.06576657122,1289.25768447976,886.514775249662,1435.58523478509,928.643468511866,3062.84522487501
2570.43382349118,2953.17499134361,3184.51278436077,1352.9102486149,2445.74825715124,3244.94680011849,2168.64587821211,497.800084195186,2821.46481620648,1168.85753730889,2803.15498196014,1006.24049342735,2317.74057628139,2973.25470107166,1071.68114899366,1804.25477045066,1850.72588223308,2683.2651852684,2709.15390218872,2808.41914334542,379.047647792655,3358.00034137971,2114.967333953,1412.36487483413,1119.40165591611,1456.45720014621,2150.18572678424,2566.046661248,700.32316661387,1063.09987906958,1653.26874523971,2873.99416722521,2989.14196609913,1845.75776310927,3636.0064175403,2422.03311229549,4141.31686003345,387.499451953739,3364.92547095327,3455.84143607375,473.205667635714,3108.00061546442,1904.06422334627,1854.94299116849,1606.60561917918,2599.7571509874,401.020532658166,1241.47033784323,1318.68531533346,2415.01301804704,910.559297082399,1967.46401783741,4042.21560046226,3359.22010230907,688.096850151934,2510.44984991373,1327.81548188447,1494.96925166778,2457.24185817935,698.938613962793,2186.84877380793,2140.63714748826,1648.52486624165,3246.18963865981,3077.38600279577,2863.18621328568,1848.14928164866,2673.66561768472,2654.70815420943,3652.85775061747,1699.37064932104,2350.45889273077,1246.30646001349,2832.92654942427,2772.47620998766,2788.97209425848,1792.81479749039,1601.66623568146,2762.70214600937,1210.04273372113,1381.51932783913,2087.85015509595,2660.06187050138,3271.19855434841,2668.58749655448,2475.12765885127,2929.41766834206,2774.84232853073,3372.10768826795,3439.12555182785,3210.44299213027,3070.16868275828,3270.31284731912,3043.25146030946,1392.15253637231,2391.7390472901,2113.01823288639,2906.85646661578,1691.54100713915,1271.96703219402,839.294053810453,3487.79394343095,2730.17265022058,2606.76477890905,2938.01272595419,2678.66773833773,2474.23321315025,981.99564021368,1125.37242038289,3223.06576657122,0,2651.97108757259,3556.9211369556,2526.83378326555,2387.31998017178,1019.18580463389
1793.89783404122,2414.28172060747,1638.2248645328,1921.5768284644,299.800962479865,2032.21996170008,1747.26271786554,3115.59987419297,1301.67370928964,2069.2026640104,1060.52804582969,2537.50584977946,903.488173554832,1247.62567291238,1953.66900548709,1418.61788011429,1691.51285645154,175.887184964071,901.780164127891,166.508133680051,2544.97992213279,1413.52909594491,1206.71233219052,1717.10862205271,3756.59437265689,2050.91103865206,1078.99848612971,1339.51310833258,3352.27888034129,2349.38762979814,1933.25672970387,772.33848107471,1192.29473538647,1445.48735633191,2015.4167941737,272.312611866106,6772.98838031183,2314.52338927075,2416.2874281944,1568.4448025562,3125.17124924764,1310.45447192927,1523.61983751785,4500.52433936766,1865.22580847543,1638.50821409714,2251.02135760972,1942.99095608223,2127.39088959638,1941.84195042325,2291.62833449772,1719.61314904636,6693.96284928411,2201.3089924787,3318.34880485586,1422.72846651916,2186.66174993037,1402.4406878898,1626.1398044252,3283.52863837591,644.281281192575,1395.5406581537,1726.58914623135,1346.98465237439,1753.29083956944,1003.75969367455,2006.61079763589,1038.20163569552,461.553072219847,2465.91665617907,1121.34772027781,1855.88708468438,2148.02127045939,1664.14168594856,1072.85926438475,1133.31035387056,1480.83057395049,1754.56869774603,1453.62053174142,1703.93281018236,2146.37044402262,4732.90736007102,1952.15932253986,2572.08000963784,602.782073436172,2682.68299473822,3245.65802579709,1337.1349342404,1694.27154393602,2289.99749068904,1107.33989343447,1896.54002036695,1137.19257293452,2005.146158129,1360.35613705291,1772.20165816124,1503.86570742684,637.524460248004,1538.58777600198,1500.31318359584,2152.72992926991,2221.17367613901,1571.38797866857,294.512892972083,1892.28587411084,1711.45430206095,5124.40934890556,3633.54217169217,2085.67734458885,1289.25768447976,2651.97108757259,0,2141.27529489256,2136.2254518211,1389.26530348041,2931.82234007249
998.148925492747,965.396364392844,510.740167715876,3614.81248282293,2381.00581427641,327.996865966599,1399.0075254056,3818.29307571725,909.217165856749,2417.3105457509,1105.65170508378,4021.05671832817,1519.49304333125,899.454410304077,2486.20939708087,1782.0345382903,1708.06346432666,1965.49521865133,1273.05612046774,2070.3658616201,3239.74418184522,807.707434480364,1532.99934448559,2145.82451553141,4362.75981524193,2157.30424617519,3110.52774019424,1065.18791307428,4124.77840409614,3884.24151045019,3765.5697461505,1370.31699720642,949.84385252613,1731.80099451427,252.487511293166,2043.79213850432,7411.87461165233,3413.38116157435,540.497915378978,677.756641272218,3937.10748311516,832.383238292919,1658.7475827804,5211.56148987666,1967.93912135652,958.220339875929,3245.62644923735,3577.22639651011,3801.1588304538,1202.56812557961,2714.31576001194,1595.16731425537,7108.95648110544,306.679591447049,3993.86154993227,1082.55778934063,3861.29115860221,2143.08351071513,1099.85641490036,3884.02371190618,1873.54050227574,1442.47097877846,1909.72136651926,827.581315229788,498.18588255107,1142.60503747863,1783.53847986268,1177.21686781185,1690.28857208571,360.607442745284,2885.0032367135,1239.63556162594,2376.90331851934,732.032491404146,1105.93369479774,1050.49103682333,3375.58449892676,3567.70291743525,859.074054270523,2366.09810127878,3848.35129823535,5427.22629752133,950.120946751403,819.105677799427,1554.02808113349,1690.19219710073,1943.29990302354,912.796636539911,464.729766978108,311.912296928099,1103.13956623744,488.887021072033,1105.44242768574,549.606750759584,2327.73883611786,1177.96687228949,1450.33787837852,1520.73851097904,3387.34021493419,2391.98614667095,2727.99884298019,175.986210153667,844.75859358494,1864.01757580433,629.553340483114,878.37650970478,5737.53189233823,4383.31039425573,3661.70407897754,886.514775249662,3556.9211369556,2141.27529489256,0,1185.45912565365,1205.66036179469,3125.76371400441
377.2254681279,439.187349785851,1077.90800508819,2938.72601992681,2246.76651728544,861.546270474903,479.044889175253,2712.53940418236,1022.29794227047,1358.25036471929,1239.12762971691,3181.87993484718,1237.39189399149,1204.41219120403,1480.3320755292,1004.05228117704,767.476010911003,1993.99833634153,1329.67549021316,2158.58857093279,2174.32155392277,1488.16262509399,987.898788414931,1198.26700267944,3216.3145576791,1070.90725939597,2773.30607321546,835.096943375723,3020.21017410254,3085.2040082722,3165.24284176839,1570.5376621052,1271.88550806306,944.992770581188,1365.72593888018,1913.23459061093,6233.5617889234,2469.0750744327,849.749265207712,1476.33040863257,2852.0288262644,1283.46390690217,833.987741616155,4062.60459941204,937.629788415737,549.654459076565,2281.98976688516,2870.34801206477,3090.37193047645,202.287177688169,1629.51268480459,649.141692236872,5923.52315022456,911.503809876562,2873.42230520843,733.1135624044,3144.31948002739,1355.31691135349,514.753965480892,2752.95368483507,1574.05799378566,793.408477951077,944.465531454502,1409.20852540416,861.952998174203,1339.3881499545,678.694138849623,1179.32571684939,1716.02027845236,1164.53441435632,2382.41345821424,298.63265605206,1285.89605423166,690.919212749521,1205.77722417269,1159.3143529451,2873.9739173013,2977.74304725564,832.896224538737,1448.50427511829,3149.76480457592,4272.09511024601,279.174153963834,750.043076991297,1590.8861285057,619.048533656004,1120.47171893905,953.645985246223,1260.05756971237,970.550281441948,1597.85983663117,744.551119144788,1644.14355049135,640.690450305135,1573.83937151459,365.90906672448,707.997216780907,1732.53840419556,2848.66357134217,1574.58795072062,1690.06657001095,1058.31927218838,695.984643885563,1852.32416826079,601.231814096057,523.834515222483,4568.51570455702,3263.11442698326,2910.55636829015,1435.58523478509,2526.83378326555,2136.2254518211,1185.45912565365,0,747.232011129963,1959.56598160749
419.318579783722,1056.22063690285,797.296356414561,2442.32273559666,1512.16608175529,931.893969365609,433.764414685743,2700.11995857308,470.652275183131,1309.43692006527,584.729221633297,2817.25501157818,495.943189445535,658.415862593859,1334.18870003104,585.587559598184,605.542611229426,1247.26709534233,622.165634072427,1413.15050814861,2099.26670285145,1038.00541422406,339.262790435891,983.262872711616,3289.33764329907,1105.04881124435,2100.37729302385,193.180809376561,2999.65470270347,2684.69202896172,2622.60163736504,873.006122589863,703.336477359749,541.594806060276,1252.35591742054,1172.10563111528,6389.86707639699,2215.80528988964,1205.14716925421,1102.11802733371,2797.29532163709,784.064704379692,493.948675803621,4129.98556956513,885.072721516087,302.467952064802,2054.51066038357,2395.22272264407,2620.10312544485,556.346803850131,1611.8257010073,535.542442815704,6160.07306018338,1083.89607041314,2888.90838320353,124.525143604297,2679.03257377591,938.059245872989,239.970852845916,2795.67439990963,853.411824708166,246.7112045704,783.772337515199,930.765688170708,708.668075958897,683.92697136914,833.346122879055,484.62784928232,972.904177240769,1394.42720831261,1772.26862313922,477.699437622154,1305.60548176523,478.113207279823,546.644867331703,522.947495122197,2272.86218772757,2426.56165180791,375.571450517163,1179.56790697767,2671.21094014271,4354.95855176432,582.800717991768,1274.3293635433,853.543675206439,1319.0885662898,1862.64294994408,408.917345094904,987.249444307151,1176.98776750562,1015.22310650879,750.387253754808,1072.67350023152,786.694580171871,1123.32773571228,385.992139879676,297.789771142312,1021.65341813502,2266.5126057167,1186.89770392108,1585.12464876029,1179.55813018751,361.482809280721,1105.29578332399,659.725613273139,396.137154324893,4696.02976881551,3271.18312773288,2469.57348936721,928.643468511866,2387.31998017178,1389.26530348041,1205.66036179469,747.232011129963,0,2136.05188659374
2145.55020000242,2323.54389696179,2878.90483644021,2235.27854531771,2818.0986660115,2797.78495542069,1771.12786507476,887.81883743548,2606.63411083805,884.316104017504,2682.45194477175,2016.50665228584,2289.51108125315,2792.8458660697,978.165455924602,1656.89797316866,1530.84309279935,2898.80153943319,2647.85912826807,3058.42163120374,699.841945997577,3173.89102143767,1987.39007314819,1256.24647783358,1268.20490263843,1031.32551328898,2794.77186124643,2329.04165949248,1166.33759575047,2046.57408097822,2544.3159610966,2871.26890857966,2832.36831488379,1667.43385008479,3270.27906115089,2664.01993942968,4289.6483720178,1274.92811369309,2797.24063674796,3229.35288739914,1073.10621575862,2920.07587165486,1663.90723490093,2107.54940036618,1253.00713553623,2239.76084453914,1127.97990646208,2124.0562332354,2255.9764988836,1923.80236428177,641.345522334084,1608.40436791713,4027.02695446439,2868.33660093878,988.627928655748,2239.65450404537,2278.44261354437,1535.86307275561,2101.1364967059,848.013521071811,2327.42494781192,1915.10264856351,1369.23237771677,3066.77834122288,2711.80003464998,2768.61704855867,1354.32870290675,2558.21632753204,2764.37883134733,3121.53888748392,2287.33074347229,1895.96803912246,844.542496136133,2475.61867495795,2645.47725122763,2638.85804791133,2555.71576777307,2443.47202961459,2484.06342357921,1227.90086237042,2323.27913536768,2313.5200786122,2175.64648134922,2633.38390529504,2723.86025303759,1692.13865745445,2033.12243002208,2543.23652734072,3077.27521493131,2930.04973875425,3123.08413876809,2648.63298116931,3183.30034974394,2576.88365605653,1580.55116048572,1973.41923376367,1839.20649806398,2961.38064731499,2467.85889846188,1443.08222731348,800.200071788491,3013.09395705075,2402.6985709498,2783.0065447756,2501.9685495074,2292.15843849821,2611.97002943035,1358.89119610486,2046.4011475796,3062.84522487501,1019.18580463389,2931.82234007249,3125.76371400441,1959.56598160749,2136.05188659374,0
