0,2340.96252882882,2255.65425127513,729.313216253739,526.385692119976,2955.02464554437,3011.69964985686,2911.56221486092,3114.08411889917,2983.68769528515,3153.46410813085,2811.88199127452,2820.99165598936,3240.77191266701,3193.44201176704,3028.71727967254,3261.45559741144,3139.96649276772,2971.32609625768,1718.55678188855,1759.33048605147,1473.19243105418,1542.53466012252,1499.79926815167,1063.84172408214,728.441881587923,900.86758750301,603.009208520332,764.896087975564,841.925785252834,1068.22793109341,758.47153517482,344.437844601264,929.589516304612,799.388601902395,743.083083265129,225.042178994553,445.346756391156,2779.15771237501,926.144612345692,697.905090972286,1077.7421264267,1058.66859037425,541.951972919044,530.702297113279,531.762769859124,615.027525056532,499.657776503675,660.648118435331,1822.87152357128,1115.95867784854,1688.03792086999,1573.14405431175,1634.42867727327,1036.03282004729,1089.34374448889,1052.22281120968,1039.31952072621,1385.77308845188,344.183720410574,928.379948047001,644.907928082918,715.235155069371,1182.17870072838,2605.33410056442,3012.50049545202,1827.57101131018,1524.76255516286,1251.8037625465,1393.42060640641,1336.90338172783,1407.71897742848,452.291439821866,581.06406852744,773.402580713339,699.66969251038,790.385389238473,664.011965435338,959.835098574166,656.229761870917,992.904315969943,794.240746354241,730.599977857027,947.510548485109,1001.68238377333,1007.78588170495,882.934617259639,3321.29871271051,1276.12298003388,1158.29110264217,1182.88117708529,1263.72102795968,978.870947560436,1316.34015998475,1148.29255129991,1636.68502577734,641.905379100182,540.142225342778,433.533249784619,220.686468100918,377.912413808091,340.125174877811,291.814210628794,1093.57367463346,1199.52650220718,933.538622506858,1846.9643102385,913.261061606428,1367.51644026027,1198.94930273628,2375.29940396583,2328.01201618751,2358.39173300233,1030.0060996358,957.229760094185,3350.57062741233,2999.6392773025,1083.70475627122,1062.26272951159
2340.96252882882,0,181.600542677536,1661.09171696245,1823.31119470124,670.457644792732,789.897342378623,586.482199921035,928.601850419404,661.540542233417,1012.8438676585,487.446588333104,480.170235699919,1048.39703620025,982.730776605279,712.620617819611,1101.94055031623,968.588390948448,729.601814746859,882.42934700197,936.132734116328,3516.65428265257,3560.69393131351,3539.80275110618,3188.43308544289,2980.14366818383,3000.22117409696,2888.05653701748,2935.33969065196,3055.69984783563,3186.84163801144,2971.67571384456,2369.26971716303,3113.10707045809,2908.92461379917,2891.09853060202,2559.53953971162,2783.42726659451,1176.40447699321,2330.90193520635,2410.32526901801,1854.43396867038,1411.1886209322,2533.49717161443,2425.0956591822,2003.95801746666,1928.9840045868,2118.78609239778,1712.5279387628,3767.5821633115,3222.73679062639,3694.87643027657,3573.7618683451,3635.78943977334,2713.08890951552,2681.35774942443,2524.48925767144,2604.84473895155,2052.37001968604,2046.33749274182,1686.30867934894,2040.79962434949,1752.29152209285,1657.18834463062,412.508619392709,960.67395801714,532.751372677282,3475.64332417672,3066.51911174607,3454.86344056787,3170.53911557627,3287.31009501713,2708.82452765,2868.48504996117,3034.45937698935,2951.71287617292,3059.67729227599,2911.90908850411,2819.12120857882,2541.86140122577,2812.72711670037,2680.85462081848,2575.55652329645,2659.27858619108,2891.87460717597,1351.57018661358,1502.43839038052,1608.83953396073,3322.74546001116,3202.88910803889,3250.7399286014,3349.64037199392,2941.06573489475,3310.81181174033,3214.35480431001,3666.09315417509,2982.65796805582,2866.99040200317,2730.90154710199,2466.71517013784,2581.34552580693,2037.85824592909,2326.91859555159,1400.38713215292,1544.05546891272,1427.16730509247,564.161431362769,1635.45275903943,1561.32751893626,1364.36716169877,854.584179538142,746.242642624181,802.155231075604,3263.41430872288,3152.69448371441,1786.6284778853,1633.32539420858,2238.96510213296,2348.49679804626
2255.65425127513,181.600542677536,0,1601.39162214955,1747.52915908881,827.980019995662,958.970366837752,725.867906410287,1100.12545402413,800.860128675825,1187.72399154994,631.250222375414,588.577744113267,1217.06930493402,1149.81114847084,854.620824972359,1273.78468568261,1141.09941821416,896.515188571695,922.980757973422,990.887469781676,3484.50754188296,3531.83193634919,3508.3253082199,3142.89794234273,2872.37463591566,2877.75902993828,2785.82705267909,2819.91232149028,2942.65915816013,3063.11118327341,2859.75483497035,2260.58056965496,2996.23273000335,2788.89311742582,2774.51215899871,2477.38889256484,2700.48793749195,1348.19671790371,2316.94151107615,2376.6602819483,1854.32559449772,1379.37374351869,2484.06353057194,2378.07453340635,1889.57602890545,1811.15440445883,2002.45117266074,1612.7595011636,3749.00590398896,3179.66761645803,3668.8812925223,3546.92535555933,3609.6633911821,2695.92537767122,2669.81487041297,2515.73665711634,2592.31052101285,2081.36892325027,1948.58558018846,1662.4978196702,2002.44832895797,1704.08775418779,1663.31445721044,593.332685695105,1141.14439410301,512.59686484035,3452.5212114041,3048.29422455838,3419.96107693989,3152.97149594905,3267.88698463655,2640.5642064044,2798.10598957886,2969.85825621337,2887.48768487072,2994.05488868828,2847.74636891741,2790.54362711368,2501.19890129672,2787.25636367901,2645.53966156208,2539.56533591453,2637.30604373122,2862.72725272257,1289.32263093084,1446.11470436387,1789.56595733363,3287.5892133304,3166.05721407054,3212.26640957285,3310.65223102936,2906.84074410432,3280.79516660056,3175.50133131798,3637.30621219758,2897.10054249188,2788.56839711439,2657.45956696389,2393.92036919573,2515.82147232171,1965.45023275678,2263.10203427116,1271.45450489376,1394.09249520196,1328.48182419899,427.296303848021,1507.10100571683,1399.4438091999,1224.90877416703,1004.54488021451,893.527253612171,951.698757780188,3205.14987692543,3098.34591024459,1965.0889342743,1802.27638949524,2239.43008881391,2345.22371313492
729.313216253739,1661.09171696245,1601.39162214955,0,223.016802440042,2245.71541126452,2292.87933638753,2213.63350368491,2390.8973271403,2283.71408367623,2427.22713430634,2115.0699988518,2139.01043335146,2516.96856483806,2471.53632550437,2326.07963655497,2535.43167874994,2415.56455832223,2255.30587356213,989.274752224835,1032.10824830512,1906.14345422992,1960.00347392711,1931.10790865668,1546.2589384088,1445.83693339187,1568.16572137319,1327.45858119012,1454.45259417718,1549.96907411076,1750.16633476851,1463.94775509791,899.928056761651,1629.88468516176,1465.34041736329,1422.35390384544,927.477591026654,1148.56871888399,2058.22285696077,851.000677548683,815.751472964482,613.979629403818,334.858802402008,886.248043499794,784.121024073848,683.623616257875,679.871540963836,777.663909719654,401.875794435118,2200.93454994211,1585.5957891749,2102.24204988443,1979.63486892221,2043.36446968262,1182.63315441599,1183.64090058701,1056.59636348533,1106.97009235226,989.863083341312,553.565559325241,334.777558261593,447.900860175131,146.735449969453,597.590900169644,1892.00433636425,2284.11141607208,1132.47815972872,1896.08197320675,1516.32416488886,1836.85731209572,1620.22512388899,1725.99561867166,1049.44741854883,1210.33723876575,1373.3922088749,1290.63156986676,1398.74149009471,1250.82855651928,1231.80695401331,917.305606774091,1238.49683678863,1071.46575333618,966.207129161476,1107.25030875797,1300.51688375227,312.086561734292,160.072112922899,2604.38140734861,1705.08522123347,1581.51002421707,1624.53458097553,1721.47513421293,1330.65663848712,1709.19020994574,1587.41316287166,2064.60348689143,1351.46556196568,1220.31475140442,1076.93118196507,814.079838414509,920.721828260939,394.274270223693,666.02121433139,722.487674372297,973.409344219772,436.296666215887,1228.18691200317,709.442821254938,1159.90510503037,840.013750585518,1647.92373427436,1598.84858236311,1629.88988085666,1604.32217287967,1496.98910954304,2646.9101259804,2305.99348092212,877.921117419026,939.676898851259
526.385692119976,1823.31119470124,1747.52915908881,223.016802440042,0,2429.63789147797,2485.31387208704,2388.88077765036,2588.08169004168,2460.48647398237,2628.53168022764,2289.44127342595,2303.40067739516,2714.88856655538,2667.22167929535,2504.84069251525,2736.38018919783,2614.26693357749,2445.04385364591,1201.36724559735,1248.90257820031,1822.66511852063,1882.2463237155,1848.5015075915,1440.92843352721,1229.77803994522,1345.46656069914,1114.90202001595,1233.36793253873,1331.20664431783,1527.93362011747,1244.96268891477,676.936822443649,1409.62481196062,1242.72191230611,1200.50634049055,738.074324298442,961.919404751566,2277.83165238597,887.091773466126,784.179767216476,769.223728968549,556.556733858673,792.051563053723,705.448114112361,487.394316718389,502.284702220606,569.817226755288,284.847348953847,2138.79028438651,1485.09584855065,2027.31018785834,1905.6686802594,1969.43071742099,1168.32788167465,1185.59592536383,1080.43132221728,1113.50168481597,1138.50385440018,332.858180985663,520.817390334755,470.443987812425,286.130963721668,792.91640824912,2079.24178339521,2489.60772650749,1304.25206028175,1832.12783653094,1477.77154566365,1749.00841849547,1578.48320362786,1675.6994394709,895.182346107829,1051.06234676998,1226.91941194429,1145.39294287027,1249.93603595273,1105.95076047962,1181.31607073144,850.797376025937,1196.32108297399,1011.26497670543,911.497479689941,1085.06922505685,1244.6258147233,481.529489570511,362.171287435922,2825.01246314399,1619.71202019955,1495.52452292661,1533.64158325197,1627.21833390665,1259.7736787038,1635.28302668626,1496.5696751818,1984.77981708526,1163.04542116183,1043.68549483274,909.942197691378,646.479854381139,774.484619568883,219.742211761616,529.455144457015,707.51177245056,913.176315806784,465.257040106179,1351.77620556703,621.876458515659,1101.06952101711,826.594815763525,1863.67385633425,1810.92429498321,1843.9324107017,1470.11470434116,1372.40496002577,2869.53530601086,2529.00987595352,959.93207124896,997.810770224304
2955.02464554437,670.457644792732,827.980019995662,2245.71541126452,2429.63789147797,0,172.245580201727,153.26819595154,310.300028458907,130.085825859425,416.013834638636,209.506149059348,334.71310375552,404.967066344037,334.238604708481,120.708779305483,474.09983249116,354.344599421474,110.129004298766,1322.48105043629,1332.47829891391,4015.79349414686,4051.54489564498,4037.10480536046,3721.33638131925,3620.80683740913,3656.56285360197,3522.11394096903,3584.87372528415,3702.28590601904,3843.99642450475,3617.24966115822,3013.55658064193,3763.70862865032,3563.18173740377,3541.96718183949,3166.8374754918,3390.14466619507,947.510966675704,2807.25565555483,2929.38543354315,2313.07544506799,1955.82614936661,3082.98309042918,2971.51409418964,2655.89237761865,2584.38307145484,2772.01896507619,2351.46653753744,4230.65323340614,3749.93019288099,4177.26850965003,4059.58862892824,4119.17239472403,3188.56683613751,3143.75538152621,2983.47461224128,3071.31672784108,2426.07746772335,2679.85910697322,2204.30187978459,2577.6198360814,2315.02480058636,2109.79145887581,356.725571733928,468.043412842642,1130.30373851721,3953.62004263276,3538.31275478671,3961.11435844679,3639.07655399584,3758.71218800897,3291.49793883943,3453.36081849962,3607.25291499586,3524.59051837413,3634.15035010777,3485.0622778936,3319.51300677186,3073.35139684249,3306.05508542276,3198.59799792271,3096.55368391357,3147.22678789009,3392.39982084892,1948.48450784163,2085.82464055854,1169.29126896551,3831.11748848861,3716.52196114194,3767.47143017557,3866.37482625291,3452.36370858437,3807.42596193008,3732.37028415383,4155.57366876629,3592.12119084503,3465.71141623529,3322.39255288147,3059.79385434524,3160.54225762611,2635.74244781098,2906.32667113016,2065.65096495946,2214.43146874434,2068.22034269456,1234.55998842562,2299.60522908792,2227.10599208093,2033.79047036815,897.817875340139,845.397508549712,866.306733635805,3821.84127211964,3704.33465520414,1389.92006561242,1374.48262418232,2682.58776627029,2798.33089300104
3011.69964985686,789.897342378623,958.970366837752,2292.87933638753,2485.31387208704,172.245580201727,0,325.513751900532,144.654699475576,292.663484838179,246.275502427174,371.504274853149,505.663658942806,258.515029509446,193.960882683317,261.471287689709,316.765911774648,188.194150229437,66.7870872010597,1339.13232346883,1336.53858138168,4018.50611760153,4051.12912096646,4039.06663978371,3738.0062799593,3691.60201206804,3740.35271037946,3588.61018673688,3662.6219475519,3777.37283316977,3928.2797305193,3691.73082977623,3088.71963302933,3841.99034138235,3645.14394328445,3620.94170456389,3219.00565651068,3441.12633180213,816.568495141199,2808.78231802544,2945.01706607368,2313.67750220381,1990.44142176927,3109.3853809297,2997.34815721311,2738.27977884977,2670.03833242054,2855.10623626453,2425.7797516104,4219.88737166829,3764.2512673795,4173.3688054996,4057.35581546626,4115.84398749303,3187.08795165771,3138.18188444313,2977.8905935137,3067.58167802575,2399.72074707378,2749.04000384016,2226.08466936392,2602.55395910132,2352.4137524176,2111.19856762155,414.612306325622,304.769516238766,1202.71547678409,3949.07100993626,3533.58193419021,3966.6503876527,3632.72909492255,3752.76342202881,3331.1101294448,3493.30817223964,3641.06283334513,3558.76939135327,3668.60956142824,3519.52745462187,3325.94383447017,3092.73394355865,3310.04886262115,3212.05125557523,3111.82589790937,3150.29071238032,3398.47935030708,2004.09554120213,2134.05164178192,999.630891155477,3837.97167218887,3725.82785161214,3777.71941033101,3876.21058693787,3462.05336590725,3810.09041362973,3743.25438240263,4154.26677327924,3643.85353323624,3512.31299548534,3366.01522803254,3105.36453685764,3199.18197098409,2685.9559460845,2946.40463177137,2163.94594953648,2327.81886633226,2145.68851370724,1348.05583950431,2395.54827303255,2350.97958215155,2139.90668721758,838.324163247556,806.189262746387,815.48560666204,3848.55682492106,3728.64643068755,1222.5795575264,1225.55861432365,2674.52589661427,2791.23186547291
2911.56221486092,586.482199921035,725.867906410287,2213.63350368491,2388.88077765036,153.26819595154,325.513751900532,0,461.787229445756,75.2965443762265,568.331239209017,100.025991198958,184.597416269096,548.069548329668,477.035894469946,128.885990014389,620.813560201378,505.644756972218,262.369149298202,1326.03880388136,1347.10870317288,4018.62622855136,4057.09700409075,4040.56803552429,3712.26843747284,3562.87171926329,3586.60196277618,3468.30937864449,3520.60801168919,3640.26514222051,3773.28589288288,3555.93390174824,2952.88072962647,3698.64837706192,3495.06692249977,3476.64763722434,3126.93859074424,3350.80029983287,1073.75131102433,2814.07369289865,2923.22346328851,2322.70803607556,1936.90490019508,3066.6886753778,2956.0550896669,2589.46445549155,2515.10598192543,2704.59821931187,2293.67852989481,4245.08725155639,3742.9067193434,4185.70222816678,4066.74108685293,4127.19583065905,3196.91298750419,3155.85131495329,2996.03715326092,3081.98579515124,2458.86270878016,2625.67965111133,2195.55285455598,2564.32412613183,2291.56402514335,2119.78541434853,370.509781541156,617.413321980373,1084.64013017901,3963.01604794203,3548.69783657142,3961.53110518752,3650.67841136153,3769.71777891148,3262.71782122708,3423.90139527181,3583.01236092644,3500.19229624461,3609.26820184282,3460.4919462511,3320.48887369926,3063.39770610677,3309.23488057242,3193.61384692516,3090.21972455224,3151.6483030415,3393.51167441208,1910.23844027236,2053.60558979813,1320.79962479945,3830.60186933603,3714.04559366229,3764.05241602796,3863.13284102661,3450.11540260517,3810.68716593274,3728.45321696842,4161.74069181706,3551.66725471663,3430.18711487305,3289.89899537153,3026.19516599038,3132.97404349303,2599.22415259442,2878.17111744486,1986.25533738837,2119.83493541911,2008.74227599024,1145.68414227105,2221.53329776391,2122.22802293209,1946.94479661065,973.352778587909,906.508291367668,935.938356250359,3803.56447221311,3688.4477624058,1539.69682659784,1511.0628331199,2698.33246166018,2812.82055868086
3114.08411889917,928.601850419404,1100.12545402413,2390.8973271403,2588.08169004168,310.300028458907,144.654699475576,461.787229445756,0,418.308342811628,107.614580124842,514.92764997364,644.907339236857,127.691841180034,87.2156838800357,377.103618549666,173.663221942805,44.0820653691257,211.147636055468,1422.40546409302,1411.23467351262,4082.5397855125,4112.76721683279,4102.50996367475,3812.64809861573,3801.61531826473,3857.69938276854,3696.18767360149,3776.66537985393,3889.79747308018,4045.75572585184,3803.88366231813,3201.90087073738,3956.18322280903,3761.56094379372,3735.71369208442,3318.27748733982,3539.34080193426,773.51456436969,2874.20112840945,3020.34111063245,2379.94521744063,2081.50825785344,3191.89567339166,3079.68784388319,2855.90623404258,2789.4991180831,2972.9545221649,2539.50148570769,4273.36106837159,3837.16867440932,4232.19749411755,4117.60988401756,4175.18519337478,3249.38396941059,3197.48644704749,3037.55370885451,3128.43680190785,2444.89725202406,2859.28816844308,2307.7180361072,2685.18916292747,2444.04142151868,2178.87180587103,539.355277093394,230.924464037114,1319.8426939427,4007.71517696306,3592.75266857518,4032.85807034753,3690.49406948199,3810.63652334934,3422.13405954285,3584.3147479057,3727.76434828799,3645.83485725881,3755.71201410791,3606.84207955649,3393.84320336256,3170.39699562563,3376.18104004011,3285.26767355545,3186.54098226865,3216.05375253805,3465.9868911053,2108.13967551554,2233.20354095973,883.814919498527,3905.33719166646,3795.16114084396,3847.66336014595,3945.71112902308,3532.09281660792,3874.38758707336,3813.71317031087,4215.0921668683,3742.28937931207,3607.63468110644,3459.61206576772,3200.62517008859,3289.77503188586,2784.93051732827,3038.39019619904,2290.48226117167,2460.86445376123,2261.72065579407,1482.72626381154,2520.60876946333,2488.1128839328,2270.05323481346,871.975619758076,857.86738064289,857.317526415434,3930.12265381734,3808.70167929358,1112.35044854824,1150.00763082522,2733.10903386351,2850.21898580239
2983.68769528515,661.540542233417,800.860128675825,2283.71408367623,2460.48647398237,130.085825859425,292.663484838179,75.2965443762265,418.308342811628,0,525.91114088257,174.350404040661,245.607155235191,492.838744170992,422.438208167338,55.4258419457173,568.40093559153,461.190363289908,236.899410504162,1387.1923922852,1405.03586993298,4081.22144100082,4118.95116803105,4102.99530099437,3777.85514387211,3636.85342414337,3661.51681551677,3541.84698633011,3595.14234380833,3714.62605648991,3848.24824868073,3630.22890441674,3027.0692261784,3773.25238530647,3569.86845143617,3551.25828519921,3198.55958092764,3422.36771957983,1076.56893185562,2875.28826817415,2987.92699533857,2382.92270045361,2004.21789953924,3133.81735793779,3022.97070317033,2664.08853908385,2589.91562397359,2779.30290885718,2367.49558089001,4304.39502688918,3808.00218118022,4246.76403406504,4128.14790612011,4188.3653781667,3257.8018030917,3215.63578355105,3055.63815594307,3142.17080790658,2511.69104985382,2699.15822975912,2260.63538845151,2630.63402414398,2360.0000237922,2179.79013459811,423.584790571646,594.881277523986,1156.29998545128,4023.76437246064,3609.07919229444,4024.76460539465,3710.72426259514,3829.96247639734,3332.44698012245,3493.78431121079,3651.9156397201,3569.11370520269,3678.30304523966,3529.44105250756,3383.44888207865,3129.06329848707,3371.59697396872,3258.09110763664,3155.00964765152,3213.63065616497,3456.45170209791,1981.27852065166,2123.65081850352,1292.17787291856,3894.05898498766,3777.99190038689,3828.24934101284,3927.30173123085,3513.95136279717,3873.12998374105,3792.77051651325,4223.44004373781,3623.43368508354,3501.1438706697,3360.31054618433,3096.75499300325,3202.44952259632,2670.19401153234,2947.70579566569,2061.47541805893,2194.90276150374,2082.67486498092,1220.97903364293,2296.72910389783,2196.47760103857,2022.23565734031,1006.86534081265,946.376711481578,972.11213628646,3871.26428489205,3755.60659331476,1515.09393971826,1504.54978703118,2756.87397137966,2871.78473554068
3153.46410813085,1012.8438676585,1187.72399154994,2427.22713430634,2628.53168022764,416.013834638636,246.275502427174,568.331239209017,107.614580124842,525.91114088257,0,617.693575171546,750.690361035776,122.497419378398,143.381589420379,484.471011856624,108.443597777132,66.0379832824598,312.917029367707,1448.94304056506,1430.65923059069,4087.05120746419,4115.28826466375,4106.51847416784,3826.2924507206,3847.89790891711,3911.61431699638,3740.09816323801,3827.12149538019,3938.49090509103,4099.69732746852,3852.3550456265,3251.92075606613,4006.67749162051,3814.53918478123,3786.96355615439,3354.471517587,3574.31862996517,712.952466430409,2881.30187103959,3035.49881341544,2388.71693946473,2112.22294027871,3213.01914538948,3100.80905370658,2910.93805178199,2846.57630854998,3028.10348032447,2590.8390716522,4269.16225320334,3849.32361923526,4232.33198485976,4118.99897906013,4175.78324342687,3253.370559929,3199.11345523264,3039.70156704649,3131.41706553536,2436.69189345555,2906.68262878533,2329.5931538298,2707.17331083686,2474.43225974899,2189.31266122633,612.045682671529,178.788133440004,1377.72783025641,4007.89768819769,3593.78162385832,4039.20904940102,3690.28122567021,3810.38627895262,3450.57849597558,3612.57897396077,3752.01048281733,3670.48441746702,3780.2908158268,3631.75275586251,3402.26189214755,3187.34669637862,3383.15627675845,3298.27933583612,3200.95068639836,3222.92949809018,3473.9943937117,2150.71920066975,2270.90784333227,779.936241992804,3912.76658245461,3804.33836995887,3857.3011792007,3954.88510086473,3542.13720074193,3879.3078210309,3823.81600461899,4216.86252423499,3777.29519621946,3639.8428494176,3490.3697741209,3233.19775009113,3317.97370885845,2821.49638261859,3068.15834539549,2356.10264144921,2534.36997296277,2315.87190081277,1559.76484301037,2584.23656709482,2567.37199009848,2340.03974975212,865.042259961528,864.896318836925,856.835218790041,3949.64211551607,3827.01246690806,1010.1565495476,1065.04321635894,2734.89414077381,2852.12178386351
2811.88199127452,487.446588333104,631.250222375414,2115.0699988518,2289.44127342595,209.506149059348,371.504274853149,100.025991198958,514.92764997364,174.350404040661,617.693575171546,0,150.35026509984,614.378455187989,543.72335848986,225.340768530073,682.399623427501,558.914450237182,304.783392750602,1235.64407081778,1260.10272109804,3925.92332710313,3965.0720469071,3948.01638017084,3616.9694340322,3462.87509660163,3487.20916200738,3368.28508758384,3420.82680769065,3540.3863476745,3673.96923052809,3456.02619488954,2852.93351641162,3598.91736844354,3395.52360548363,3376.92161265101,3027.47247232963,3251.35500634935,1056.83758134984,2722.85614882545,2828.77050526269,2232.61492814459,1840.41985292931,2970.18955473829,2859.73655857895,2489.74827284546,2415.57321305406,2604.95298758442,2193.65908137831,4155.46025744175,3648.0201695239,4094.40349599895,3975.13214285677,4035.80250215004,3105.92585948863,3065.94266995307,2906.34544167672,2991.70232794725,2376.40110815097,2525.65912003999,2100.90699795357,2468.55030800269,2194.14109354574,2029.98728527846,296.754547689019,639.9898182722,985.274496873917,3872.04139755659,3458.13525386327,3868.25585925618,3560.42269567635,3679.25176790368,3164.31847046964,3325.39702668711,3485.15427297437,3402.32549901054,3511.31781654059,3362.60780088555,3227.53969547682,2968.09737125706,3216.83806832854,3099.32158910431,2995.66761870581,3059.63211676525,3300.57031278017,1811.11902104066,1955.07925677825,1344.50984258568,3737.13961488789,3620.16029057717,3669.94119512282,3769.0365400626,3356.35806465829,3718.14732298009,3634.24010422979,4069.84786500654,3452.12786180604,3331.04953438738,3191.0747436737,2927.29288863977,3034.74750678399,2500.10566596059,2779.91899322582,1887.69089059072,2024.24399118106,1908.73487429708,1048.28638650084,2122.84681018641,2029.76525432357,1849.57903908857,917.104354645066,842.586044834434,876.535296975278,3706.57065128312,3591.87660940196,1557.01873996664,1504.1256767698,2609.78032162658,2723.80921538041
2820.99165598936,480.170235699919,588.577744113267,2139.01043335146,2303.40067739516,334.71310375552,505.663658942806,184.597416269096,644.907339236857,245.607155235191,750.690361035776,150.35026509984,0,732.567742357996,661.557678552541,300.216117359472,805.384981444949,688.907774679217,440.365146814727,1302.85373180176,1336.88180287417,3978.3070874488,4019.9110822534,4000.94651612425,3658.69964339765,3454.78020893917,3465.68795617325,3364.88002820679,3405.82265472094,3527.65076320239,3651.28788009511,3444.22764615167,2843.22487284979,3582.70401781183,3376.25366928488,3360.82545741491,3039.70650208338,3263.58982546373,1205.22596574621,2782.04935726835,2875.40936374496,2296.49474891156,1879.5149828599,3006.54902245243,2897.26522596468,2474.66656723384,2397.47992831328,2588.36622790579,2189.50928812672,4218.09658144854,3691.64619377744,4151.6696626837,4031.43223018456,4092.79500997304,3165.30327910072,3128.85843179317,2970.16732663342,3053.53889993641,2459.91257440072,2524.16117070974,2148.27400480046,2509.66303282252,2226.46978043767,2095.3354930242,417.972926501036,786.375045698303,1007.19414296791,3930.59919830574,3518.475008503,3918.48837909363,3621.6398157881,3739.6690894202,3187.64893451347,3347.63064037252,3512.27964349623,3429.48333305423,3537.74176791307,3389.68730816545,3279.74551815348,3010.64326531193,3271.13207008956,3146.24729757454,3041.60930331077,3115.51934520389,3352.71362666436,1830.5221373471,1979.83157077791,1491.403296361,3786.75673616988,3668.17378751363,3716.95520000276,3816.01355323954,3405.19804912949,3771.34078411523,3680.85760470819,4125.06647689893,3462.74378019697,3347.05837277858,3210.54642585961,2946.36170801261,3059.66365106,2517.62182083605,2805.0286885061,1859.86476023063,1976.89543185729,1904.16890690609,1015.60811284752,2095.53647191614,1968.98715314763,1812.7624880116,1044.48182879212,962.646653477544,1001.15351011103,3739.1442690118,3627.03977546349,1705.69283360756,1653.97317259901,2677.50422060809,2789.98488960356
3240.77191266701,1048.39703620025,1217.06930493402,2516.96856483806,2714.88856655538,404.967066344037,258.515029509446,548.069548329668,127.691841180034,492.838744170992,122.497419378398,614.378455187989,732.567742357996,0,71.0659391645307,443.805483803456,79.9613186548762,102.828943299314,320.795816077,1545.69941361403,1532.08049482509,4197.44658384072,4226.63887444878,4217.1599817538,3931.80686595085,3929.12416986023,3985.34765739495,3823.49159471835,3904.35010381849,4017.43751548651,4173.40083558289,3931.51385130526,3329.57311246369,4083.86927069282,3889.23681755305,3863.40520542741,3444.42165339041,3665.25904369506,834.478993820361,2990.23889822065,3140.02821341901,2496.67587686592,2206.23679385252,3313.88761338671,3201.66334028699,2983.52703921141,2916.99817851535,3100.56678652178,2667.18949157676,4383.46535963075,3955.68652736092,4344.78625194395,4230.87486961528,4288.02422365942,3363.91948973417,3310.76791765907,3151.08906001835,3242.42855946303,2552.28561242708,2986.84264674273,2429.81298148313,2807.40183892941,2568.76088430144,2296.32099556988,665.324400203534,300.537405834611,1447.40741809719,4120.30868830791,3705.76433174335,4148.68591582601,3802.8334963628,3922.96884548709,3546.46084127059,3708.60716693767,3850.86751532538,3769.0582942404,3878.92368589177,3730.14379178141,3510.59857344132,3290.82833367468,3492.23812585065,3404.09048757607,3305.94353814545,3332.03893445031,3582.5557487127,2235.18701861558,2359.51173317096,862.399976452892,4021.67969023771,3912.32379112041,3965.04625978544,4062.88852224668,3649.62634782828,3989.48129786125,3931.30680610485,4328.57234370988,3868.22772479387,3732.94525431881,3584.55524911232,3325.98499211986,3414.01944586402,2911.09711506404,3163.03321557887,2416.80555680378,2584.79554433034,2389.38828054165,1605.64155256542,2647.29272451185,2609.3671387943,2395.25023727991,979.123456026806,972.672166361365,968.190495574529,4051.62097448574,3929.73683916193,1096.0802600157,1175.07949350055,2846.39345541942,2963.58967866547
3193.44201176704,982.730776605279,1149.81114847084,2471.53632550437,2667.22167929535,334.238604708481,193.960882683317,477.035894469946,87.2156838800357,422.438208167338,143.381589420379,543.72335848986,661.557678552541,71.0659391645307,0,374.134986349196,146.614030907944,90.018608594821,253.410622643501,1506.26652198647,1496.5056132855,4169.29498428802,4199.67117020763,4189.30506678348,3898.35727293442,3878.08250460393,3930.55757368561,3773.67014061186,3851.25178158713,3965.17681911403,4118.55442044991,3879.38370704676,3276.85489656694,4030.70895572533,3834.91969998335,3809.93049466198,3398.68504035219,3620.09963802899,847.675952233202,2960.788662919,3105.89367501944,2466.41350192655,2163.95413946746,3276.34573393166,3164.15522269236,2928.51842630037,2861.05103606763,3045.45620120427,2614.10237040068,4360.55322450999,3923.09113207924,4319.23999898784,4204.58583670593,4262.20466584329,3336.21501376307,3284.47641292387,3124.51935656447,3215.34520872633,2532.0885009064,2935.54655838753,2392.18764273605,2769.54882349504,2526.43988014741,2265.18500718438,606.422123338569,304.902348560774,1392.328271175,4094.75992894913,3679.76328455939,4119.450944424,3777.56498257657,3897.70647810511,3504.82975616759,3667.03194788549,3811.45940693261,3729.44621800224,3839.32577207126,3690.39702634453,3480.258255466,3255.63597024329,3462.74643239824,3371.11395862061,3272.19062253862,3302.63871495658,3552.44150172843,2186.71431978842,2313.45643918614,915.066506820055,3991.82823830692,3881.46594770584,3933.91071396369,4032.00782285502,3618.31121819309,3961.11642325059,3899.90602924863,4302.04238971977,3823.00175485851,3689.2391632117,3541.66518826907,3282.19935855492,3372.5585639911,2865.35423036248,3120.80235323088,2357.21095424488,2521.75039476616,2335.10184393559,1541.8781819889,2588.46179483995,2544.0448692254,2333.77188165244,959.081127014468,944.852173318149,944.531685503579,4014.80670699227,3893.62797638815,1147.25828783172,1208.32859497537,2820.1098532755,2937.20753939529
3028.71727967254,712.620617819611,854.620824972359,2326.07963655497,2504.84069251525,120.708779305483,261.471287689709,128.885990014389,377.103618549666,55.4258419457173,484.471011856624,225.340768530073,300.216117359472,443.805483803456,374.134986349196,0,520.660596502749,418.930582896149,213.832063543558,1420.27900329432,1435.01193079933,4114.80504659027,4151.76175580181,4136.40115833916,3814.68702662211,3684.90670672969,3711.74356124033,3589.08502244801,3644.36758467764,3763.45436977102,3898.61840410983,3678.91856240196,3075.56775270738,3822.63751103061,3619.77039893982,3600.66774729754,3242.84168085326,3466.55322729917,1063.24831866525,2907.6749438497,3023.9220509421,2414.46374720258,2043.3610109079,3172.47733880822,3061.40590654836,2713.57492709445,2639.88435723878,2828.98308311158,2415.330038135,4334.60690278161,3844.28969817913,4278.7464997471,4160.49809617989,4220.46525991776,3289.7710056516,3246.50900579917,3086.36695407158,3173.45916148316,2536.17676358056,2746.35546247278,2297.22861715209,2668.46661871433,2400.33637082702,2211.20843683185,453.1261213093,566.215322164606,1201.15611495018,4055.45922147216,3640.4703446665,4059.02494143549,3741.76164408823,3861.17931959094,3374.19913597102,3535.71373619108,3692.60602806622,3609.8352806425,3719.15198792786,3570.20095783069,3417.51939483215,3166.07991591852,3405.04821677178,3293.79134183032,3191.06554684372,3246.72140420265,3490.48858030163,2024.96165828261,2166.01026323837,1257.04140606394,3928.57290346101,3813.04175669803,3863.56057824574,3962.56980936877,3548.92305629773,3906.58343321968,3828.21590890646,4256.07770619392,3667.88501887072,3544.48026934779,3402.93638398603,3139.60521184623,3243.89906348048,2713.64627362411,2989.26421994484,2112.96565811939,2248.46792262697,2130.75900033364,1273.48423265961,2348.07249760603,2251.07283643009,2074.78895550218,1016.89323828199,961.69836718876,984.373072531991,3910.49031507263,3794.21610658532,1482.21678392877,1483.73592759678,2786.64594211536,2901.93530020197
3261.45559741144,1101.94055031623,1273.78468568261,2535.43167874994,2736.38018919783,474.09983249116,316.765911774648,620.813560201378,173.663221942805,568.40093559153,108.443597777132,682.399623427501,805.384981444949,79.9613186548762,146.614030907944,520.660596502749,0,133.680488891724,382.199418249583,1557.37964650239,1538.79211356898,4192.37222073385,4220.11527308202,4211.71655793735,3933.43256793838,3955.0030633875,4017.05464427056,3847.57308019254,3933.40329520997,4045.15214255619,4205.1420502402,3959.05575293937,3358.25833940392,4112.96131878725,3920.21793668912,3893.06208730319,3462.7238738539,3682.6441264515,789.942519586,2987.37454803091,3142.93056872384,2495.22025661212,2220.65237901382,3321.09287873332,3208.88874952866,3015.98616217747,2951.0076118195,3133.13091393052,2696.8089921939,4372.04943964029,3956.22103517995,4336.5085416029,4223.53079760073,4280.09473128284,3358.68596784328,3303.85604082032,3144.60938091235,3236.51264744387,2538.75188442447,3013.52313826552,2437.78152316846,2815.3428381458,2582.87099616205,2296.16025822345,708.578141429831,276.967009908562,1481.54207079715,4112.1186033779,3698.29587505551,4144.95735179017,3794.44248558901,3914.51745817775,3559.00961225306,3721.00571205712,3860.28307752092,3778.78136568419,3888.58120850048,3740.06416462458,3508.52055375866,3294.99509356246,3489.1213123758,3405.36861792054,3308.26074470192,3328.89728953397,3580.16109970908,2258.2555580391,2378.99594048943,785.804832158508,4018.76159347916,3910.6993789185,3963.74559728535,4061.23024888161,3648.69135580325,3984.75011342899,3930.35150587689,4321.48239947473,3885.62339951649,3748.26528389548,3598.81106889388,3341.60707093554,3426.4019358977,2929.70497558421,3176.60195793009,2457.25159342743,2631.47707509689,2421.08309617911,1654.46257078754,2686.27278612955,2660.66999615286,2439.08177280811,969.187572538773,971.960873856934,962.547669309287,4057.53046372557,3934.77715419596,1020.04450060932,1111.18965395597,2839.78230668069,2957.01033175208
3139.96649276772,968.588390948448,1141.09941821416,2415.56455832223,2614.26693357749,354.344599421474,188.194150229437,505.644756972218,44.0820653691257,461.190363289908,66.0379832824598,558.914450237182,688.907774679217,102.828943299314,90.018608594821,418.930582896149,133.680488891724,0,254.854580458872,1443.11427672846,1429.25225411055,4095.4576200757,4124.90645570802,4115.23258499874,3829.07731920728,3830.00167584675,3888.70588910302,3723.73605667974,3806.4901908195,3919.02566718496,4076.78436809871,3833.02852418812,3231.5231137105,3986.0347684562,3792.24357538664,3765.80655628612,3343.04174646393,3563.69044462946,757.68852029733,2887.97467542033,3037.24802954149,2394.26439491791,2104.04929500357,3211.09002102476,3098.86525925499,2887.1948743592,2821.46602384083,3004.29650347208,2569.48905477661,4282.84930835644,3853.02875640705,4243.40583495706,4129.30350513777,4186.57172116131,3261.99953310381,3209.16615225699,3049.41412880873,3140.63921624928,2452.51081159877,2887.96147828151,2327.02999033288,2704.62493747535,2466.55415405629,2193.78313594856,575.365027276131,214.922482863847,1351.71262606421,4018.9214179716,3604.24861696658,4046.49009798818,3701.51018370437,3821.65112139245,3444.08483083834,3606.21730039393,3748.19223373512,3666.40444562779,3776.26671491827,3627.50466899928,3408.20820689456,3188.00953018442,3389.98240058271,3301.39146367854,3203.18686713719,3229.79426247467,3480.20142282978,2134.98052625408,2258.3311299039,845.62173307464,3919.37659607234,3809.86754138762,3862.55359774353,3960.43176837646,3547.10498588692,3887.44483165632,3828.77968045619,4226.94513589222,3766.66941058558,3630.98583213309,3482.41719564868,3224.06224740733,3311.61907771983,2809.75597417463,3060.77850890303,2325.17977219251,2498.0481593872,2292.619702703,1520.8092206579,2554.69690107775,2527.0004956519,2306.12994131919,879.053783444953,870.471747819467,866.950669598886,3948.79780101431,3826.90786964566,1075.39327261006,1122.92439647657,2744.77215546325,2861.95068490784
2971.32609625768,729.601814746859,896.515188571695,2255.30587356213,2445.04385364591,110.129004298766,66.7870872010597,262.369149298202,211.147636055468,236.899410504162,312.917029367707,304.783392750602,440.365146814727,320.795816077,253.410622643501,213.832063543558,382.199418249583,254.854580458872,0,1311.00654542278,1312.95137538459,3997.21813224178,4031.00504491367,4018.06045119233,3711.57427776445,3646.88949225914,3691.63730495653,3545.23619815988,3615.73569286797,3731.3350368376,3879.45030001702,3645.86350918365,3042.48755659265,3794.97634876771,3596.96352662828,3573.66914160156,3180.18182028626,3402.76214399396,850.65836732385,2787.52487638044,2918.68910181049,2292.48349688508,1956.88539884438,3079.30308179135,2967.42198575052,2689.72592596618,2620.48103672307,2806.38090819275,2379.56183983414,4203.67691683857,3738.66994604528,4154.5691259265,4037.90786091692,4096.81787740739,3167.10038087642,3119.70222756816,2959.35065311447,3048.3876907744,2388.82218572321,2704.56009503126,2197.17556000301,2572.76368007445,2318.17065333858,2089.55810235607,367.391274776462,358.385306738145,1155.91940331572,3930.45965036065,3514.9226193982,3944.31231922757,3614.70459224967,3734.62371087616,3296.53687633548,3458.66967039877,3608.57176849369,3526.12791386012,3635.90178361809,3486.7758964632,3303.09171039699,3065.12529364825,3288.08428381644,3186.61036900202,3085.69368854069,3128.61032226294,3375.77995318516,1963.54568770413,2096.02014998944,1059.1819540161,3815.11829094036,3702.05048865612,3753.61402380764,3852.28091304013,3438.05847124852,3788.76678700237,3718.90888603699,4134.4976582868,3605.29484957294,3475.43022238018,3330.09239914847,3068.70067364439,3164.89715674426,2647.57722512449,2911.53722577122,2110.52244803878,2270.37607044036,2098.3560016762,1290.03841938729,2342.88944365845,2290.91528740704,2084.31912802184,838.391123366608,797.615521998475,811.767317429263,3818.59124181585,3699.49525932779,1279.91679120536,1270.26446387129,2656.77460369657,2773.17641535111
1718.55678188855,882.42934700197,922.980757973422,989.274752224835,1201.36724559735,1322.48105043629,1339.13232346883,1326.03880388136,1422.40546409302,1387.1923922852,1448.94304056506,1235.64407081778,1302.85373180176,1545.69941361403,1506.26652198647,1420.27900329432,1557.37964650239,1443.11427672846,1311.00654542278,0,96.9578348289457,2694.52564081805,2731.78173322551,2716.13575756598,2400.71752264789,2431.09499861064,2530.28882262471,2315.49106697446,2428.56540756834,2530.84755095161,2716.34984152882,2444.44532574058,1858.48112265001,2606.61551314955,2429.18440111219,2392.77667743181,1911.87196166473,2129.44418813417,1093.57151627825,1488.16351253207,1607.9989492051,996.971233768327,665.08357893165,1770.66221111152,1658.54473964081,1557.59505946132,1511.65458166989,1671.80634270647,1222.92787831777,2919.83964465757,2428.32951983196,2859.74806484435,2740.9844414755,2801.29017004226,1870.89000174047,1830.2992937721,1670.74338867936,1756.11715851954,1169.99127390509,1505.54752628032,886.973250668482,1263.76989353164,1026.27027439045,794.425393836327,967.695408688319,1298.97608154619,446.789870507077,2636.98109584834,2222.70680652177,2639.00556279951,2324.83960033969,2443.76740832668,2001.65100050415,2163.67895073632,2305.36120199755,2223.45788113169,2333.33216919418,2184.49807974701,1997.42575803371,1754.14636762325,1984.77115569338,1876.57686656778,1775.09151010345,1826.54346194421,2070.3665106211,745.409875700021,839.202759309564,1644.43899767336,2508.79902672851,2394.04077739575,2445.02938792579,2543.91378392273,2129.88296521408,2486.30947218297,2409.98352063848,2836.24835559379,2332.1903241803,2192.0648177571,2041.83047320927,1786.01140820269,1869.06554922816,1381.45823213151,1619.37917414427,1148.06980399463,1411.15069466205,987.053387558681,798.610386942685,1328.4545696016,1530.62588710823,1193.05331712579,665.473215346061,609.763926546414,643.049310936672,2509.64513616365,2389.51667257563,1719.1300032322,1413.45255832771,1375.36240322545,1488.70993854073
1759.33048605147,936.132734116328,990.887469781676,1032.10824830512,1248.90257820031,1332.47829891391,1336.53858138168,1347.10870317288,1411.23467351262,1405.03586993298,1430.65923059069,1260.10272109804,1336.88180287417,1532.08049482509,1496.5056132855,1435.01193079933,1538.79211356898,1429.25225411055,1312.95137538459,96.9578348289457,0,2684.64208504543,2719.4218539249,2705.66648100814,2402.36882352656,2477.67441653552,2586.22577719857,2359.44208422493,2480.63593451163,2580.10401039437,2771.34724401092,2493.84194437337,1913.9060427416,2657.81824495085,2484.50722675995,2446.07990970201,1946.71788994457,2161.65162708561,1032.09049423359,1475.28317364198,1609.60151609685,980.695043610295,700.813214769319,1782.39576471715,1670.17868632913,1623.38609236652,1580.94192043844,1736.33095379878,1288.49994803423,2899.63703832907,2427.97335599444,2844.7896977105,2727.18424647083,2786.70123107681,1856.13910439506,1811.61545560722,1651.41949564557,1738.90113849877,1124.22240844111,1560.69541958053,899.059687711871,1276.56765730478,1056.49171627417,777.454289848051,982.129532891093,1274.25075427235,532.520152562689,2621.16769020921,2205.92049394395,2631.37193589713,2306.91792818631,2426.44583748879,2024.57807575757,2186.0795262188,2321.86665045216,2240.57089399839,2350.29944791422,2202.00750314463,1990.1494924914,1759.16647652362,1975.26491735251,1875.7779304642,1776.11323495462,1815.94734629303,2062.82890459401,807.222700965784,887.780698333243,1582.07879988701,2502.18532275159,2389.44961239637,2441.2371270753,2539.78157028509,2125.58996469333,2476.1993476536,2406.72853085935,2823.29993724132,2363.81056431286,2220.10418432354,2068.12221227476,1815.84043820936,1891.86198256127,1420.19391560499,1645.30978574959,1234.89903523353,1501.21292665779,1062.48099140077,890.32945242023,1409.36658185038,1623.72174247255,1283.45592655624,615.995604454707,574.60761852077,600.241899311817,2519.59623238641,2397.67806613685,1647.16207954026,1333.43407394162,1351.85950567523,1466.9552425599
1473.19243105418,3516.65428265257,3484.50754188296,1906.14345422992,1822.66511852063,4015.79349414686,4018.50611760153,4018.62622855136,4082.5397855125,4081.22144100082,4087.05120746419,3925.92332710313,3978.3070874488,4197.44658384072,4169.29498428802,4114.80504659027,4192.37222073385,4095.4576200757,3997.21813224178,2694.52564081805,2684.64208504543,0,76.5451180615206,26.606839390627,412.129340260101,1507.34160648823,1800.08462711103,1426.74018089509,1663.08761523533,1600.94719507655,1827.15477118253,1588.91804603129,1735.59162325426,1676.79539086845,1758.29012925622,1692.62103275984,1287.49985703919,1161.89617193166,3514.00407168787,1209.76835418165,1107.90792288962,1704.88654861481,2107.09922035593,1030.80651936691,1124.38558493464,2004.93281292316,2087.17903645223,1964.69410019406,2067.65313842179,365.589896367408,358.19186508333,215.713481312766,115.955549644835,166.763850493541,833.689083955044,891.344976753775,1048.88304017167,956.20762150843,1682.80180879821,1804.67473810565,1830.7887235935,1482.56915943484,1786.88408746069,1907.66865807006,3662.09659027567,3917.12781145707,2985.9738242533,170.475179473962,505.242843833803,81.1751314465718,425.718672791294,319.433935927572,1026.78831791725,941.53629736753,761.729397089724,808.349502485296,762.007171553488,834.314250641892,698.635639414521,989.071892623179,709.782637014519,839.392146035239,945.515489123736,868.700778111708,625.632220592214,2211.85789750611,2050.74029821096,3973.39727697114,202.990653935135,327.140614623283,292.32258105876,211.403275160345,577.975285430377,208.451397479829,328.563708394426,164.019271310064,1110.13104247421,1052.5031536147,1069.88644998192,1257.33205698765,1099.66377126937,1613.79601043477,1304.18723765093,2515.38354145453,2663.08258608332,2287.55030517777,3132.03961045679,2368.65144853842,2836.91520620467,2630.49504057367,3223.68441623816,3225.06733498917,3230.22736957789,546.31254457351,547.005148533195,3911.21234919621,3543.19050738507,1353.4031896703,1236.3108871928
1542.53466012252,3560.69393131351,3531.83193634919,1960.00347392711,1882.2463237155,4051.54489564498,4051.12912096646,4057.09700409075,4112.76721683279,4118.95116803105,4115.28826466375,3965.0720469071,4019.9110822534,4226.63887444878,4199.67117020763,4151.76175580181,4220.11527308202,4124.90645570802,4031.00504491367,2731.78173322551,2719.4218539249,76.5451180615206,0,53.8207352548523,484.76458765816,1583.79683615564,1876.40114250006,1503.25934737579,1739.58889150648,1677.08297324279,1902.47188706462,1665.36583207142,1808.70548271915,1752.59134611915,1834.81200046129,1769.16247507082,1359.531309058,1236.975836123,3533.75113796929,1244.29231319925,1155.82299505315,1738.79090811703,2153.09935471547,1090.25713483762,1180.92806204656,2074.08870912083,2155.73896720995,2035.56603317172,2130.59847044116,289.720437424126,430.114254057769,146.262170074838,40.5844792099806,92.3777967130001,864.041166766861,916.284274864738,1075.60075911671,984.330518882308,1700.71876826682,1872.00662181289,1874.38918049401,1531.7851700993,1838.22227742463,1941.97556012357,3698.77274604434,3944.33915139364,3031.05438563226,134.444931812341,523.22621458909,156.319676091743,433.760915807872,318.22866368956,1098.01007285877,1015.92213054506,837.391974651371,882.770585845244,838.055439230414,908.050171974854,741.771338405159,1042.82393213163,748.781662274953,889.888894220813,995.918363827801,905.459733300547,669.266306829517,2263.90902950208,2102.61493905206,3986.61184792029,267.130130281198,389.19568867787,359.702138551174,285.034937256529,629.406335678665,251.431626390107,394.821186650607,105.48281107051,1186.64750767744,1127.97786377811,1142.78852084854,1325.6266430253,1167.63758702384,1675.30849927697,1367.14971944382,2577.91863292682,2729.54081720341,2346.55769777552,3183.85230058745,2434.39798520685,2904.35512962649,2693.57895841649,3250.9929850359,3254.94185201576,3258.73866522029,622.737733670209,622.501006673669,3919.80067519036,3552.65245050017,1380.39419040183,1263.16767543212
1499.79926815167,3539.80275110618,3508.3253082199,1931.10790865668,1848.5015075915,4037.10480536046,4039.06663978371,4040.56803552429,4102.50996367475,4102.99530099437,4106.51847416784,3948.01638017084,4000.94651612425,4217.1599817538,4189.30506678348,4136.40115833916,4211.71655793735,4115.23258499874,4018.06045119233,2716.13575756598,2705.66648100814,26.606839390627,53.8207352548523,0,438.612712164268,1530.7665733916,1823.12417879451,1451.05544505965,1686.69382442246,1623.62860208042,1848.69584672663,1612.31580363119,1761.93588100254,1698.94374012363,1782.00793255052,1716.51912042978,1313.99257182503,1187.71778677767,3531.19741730789,1230.53521259046,1131.66601379639,1725.60519052869,2130.59207026602,1056.56898374478,1149.7237295092,2031.53958226364,2113.78055287912,1991.26263746874,2093.89484746377,340.529636420512,384.74747993159,189.247727574988,94.3277098000155,141.320472227068,853.24009742656,909.502468256358,1067.60015612393,975.250127868895,1699.30888037846,1831.23909842476,1853.75443074165,1506.64799373487,1811.39373579225,1928.51245359654,3683.61380474527,3936.32618345362,3009.32194614235,165.825052267876,520.999003589826,107.45173719292,438.289558814314,328.593518083084,1053.34840513302,967.621544738248,787.268377380705,834.434401492954,787.234113920989,860.571779455174,721.205443255527,1013.91651511998,731.398615609592,863.588565608049,969.726742204833,889.878196622893,648.259998127872,2236.5224212493,2075.36475441645,3988.77333841881,229.005021828998,353.027003934131,318.795640357919,237.822883452418,602.22555286641,229.880755551427,354.95773148682,137.524066529892,1134.47449313856,1078.13304814971,1096.28044331211,1283.92431141495,1126.24445705795,1639.86701924443,1330.40618911252,2541.59068240096,2689.61061272429,2313.32461973666,3156.6935752298,2395.13464272898,2863.48890554006,2656.75962585223,3242.87821140116,3244.91531223396,3249.73006668805,569.702825588962,572.681100904487,3925.23222494859,3557.45137216273,1372.29820509901,1255.13604607515
1063.84172408214,3188.43308544289,3142.89794234273,1546.2589384088,1440.92843352721,3721.33638131925,3738.0062799593,3712.26843747284,3812.64809861573,3777.85514387211,3826.2924507206,3616.9694340322,3658.69964339765,3931.80686595085,3898.35727293442,3814.68702662211,3933.43256793838,3829.07731920728,3711.57427776445,2400.71752264789,2402.36882352656,412.129340260101,484.76458765816,438.612712164268,0,1138.62857834304,1435.0780568858,1043.89773313721,1289.96807921718,1243.70652432775,1486.35904900895,1219.84719624427,1323.94105136323,1327.60901090976,1382.70754510287,1314.59148903538,875.380784713652,756.581883963287,3296.86839234413,961.529756876088,792.992385659076,1441.46623048605,1779.19107640833,660.017377516727,764.827394174071,1595.46751837546,1678.68578319748,1553.09874348544,1673.44654474992,772.559805480612,55.5962644103522,627.842206747929,518.914615417628,577.115321788281,643.176290824667,724.125400181324,854.911654238748,763.268846213088,1502.53258158496,1399.00550436749,1517.46688960041,1149.15148817147,1438.9551318305,1637.81193815664,3365.02094053978,3661.94076942279,2655.68639290876,497.385581614035,469.406016165826,331.29549297728,474.864596669638,464.799643108485,615.19068488679,533.16508381517,365.311550660634,400.569189902692,372.617797830199,423.913935278754,453.223437372332,648.878597233704,488.297821175314,528.139557055965,626.258042459732,635.929670242959,393.801449882427,1857.06163264152,1697.8931224945,3785.42460909526,229.017210320006,151.036684880504,139.122768486043,200.878357331568,305.655697016304,300.024049338834,119.033185302722,574.17829273227,730.557648957937,650.687127077235,658.031928014803,850.56795623868,694.326329662035,1226.33839333238,913.862255874317,2121.38760538243,2258.47127492224,1905.702220199,2773.86433220693,1966.01340446001,2430.111323076,2234.68072277031,2972.21246959824,2961.47602252082,2973.01285514099,234.630033659613,157.621840389319,3746.83454045574,3377.03207791569,1138.21325046893,1028.09531066593
728.441881587923,2980.14366818383,2872.37463591566,1445.83693339187,1229.77803994522,3620.80683740913,3691.60201206804,3562.87171926329,3801.61531826473,3636.85342414337,3847.89790891711,3462.87509660163,3454.78020893917,3929.12416986023,3878.08250460393,3684.90670672969,3955.0030633875,3830.00167584675,3646.88949225914,2431.09499861064,2477.67441653552,1507.34160648823,1583.79683615564,1530.7665733916,1138.62857834304,0,296.588437111083,137.172556358339,157.523745862608,127.397307729839,387.369007248218,81.6311595569783,611.796219985665,224.304050410075,254.029569479602,195.586941533391,597.402706031049,477.819994896961,3503.09969066797,1524.39485586198,1263.77271387799,1783.18980209662,1779.57824073325,1029.54460597112,1091.36897948169,985.813649353462,1068.99947450554,877.845703367866,1269.68049883077,1868.76807592691,1191.70355186013,1707.93003427388,1623.14427922512,1670.28730854184,1474.13023976187,1551.84542874042,1581.11991775554,1531.91533666096,2053.93223529198,942.583984661269,1655.69453907552,1346.14518518453,1443.18029045045,1904.13111402901,3279.50214626009,3714.2416225793,2491.64150530459,1628.38420584157,1532.47207840131,1430.41738036768,1578.84464362852,1596.83938930896,720.937395567559,665.6266062526,778.117636033848,770.666535395623,766.827686911192,768.16373740501,1317.18013530462,1146.51126641037,1363.09882084364,1209.40929154102,1206.11417647504,1401.1477625895,1319.49673793325,1698.79529726461,1591.94110020924,4047.2468301889,1361.63775318867,1284.63973908908,1277.16335698709,1312.62651379329,1250.0470285143,1438.53047563068,1256.50766271249,1646.77732409501,409.630660511335,533.321006175264,637.885288111103,760.311139047705,798.174325579854,1066.65256164481,938.61657720999,1619.25886859738,1609.35908748818,1554.18614582543,2448.16987901334,1391.6800592648,1726.52959990233,1695.92180792246,3093.09058458057,3040.49362411559,3073.70425111457,961.072532044454,981.890483280407,4078.92169805184,3727.9483738812,1710.54686940262,1656.15557598148
900.86758750301,3000.22117409696,2877.75902993828,1568.16572137319,1345.46656069914,3656.56285360197,3740.35271037946,3586.60196277618,3857.69938276854,3661.51681551677,3911.61431699638,3487.20916200738,3465.68795617325,3985.34765739495,3930.55757368561,3711.74356124033,4017.05464427056,3888.70588910302,3691.63730495653,2530.28882262471,2586.22577719857,1800.08462711103,1876.40114250006,1823.12417879451,1435.0780568858,296.588437111083,0,409.149881311921,156.51034346169,204.211098733105,188.087329937942,216.031302533798,672.321339547577,165.33805372604,103.16910389078,160.111792637464,827.228785856421,754.144318876667,3618.13624990082,1769.1712138246,1512.78010527497,1978.45718120709,1901.8812526854,1287.95431308555,1336.78328997015,1002.07783215157,1072.22983926202,885.275409371037,1322.2623849873,2159.74649582829,1488.01061772075,1998.05752934194,1916.0086742692,1961.90022129216,1751.50392066571,1826.58252761976,1844.05959723043,1801.30340995517,2275.35134135293,1025.53147628805,1817.53632236303,1543.92758294668,1591.31793999862,2078.64599432201,3325.84233465673,3787.92213718952,2538.24807336878,1923.7499237015,1825.84343827147,1723.92628764209,1874.19132563944,1893.35577641519,994.330498971974,955.799395188092,1074.61789994152,1065.28698983633,1063.40954931935,1060.99865839676,1602.18363945305,1408.53346639675,1647.40946144705,1485.2977994478,1472.44808628398,1675.09565049141,1608.28454047072,1785.80308376119,1700.60424021106,4167.21255839361,1657.51241868258,1581.22760310867,1573.50757129357,1607.55595070003,1541.53307525175,1734.91097545672,1553.04594708488,1936.6307193322,706.109422606147,822.759071946341,911.897359192394,988.009750166481,1054.47338523395,1218.44084151186,1153.89100820954,1606.85912179741,1544.21721775176,1596.08615209607,2450.46854568773,1371.63756744602,1633.45977626087,1665.63091263879,3195.76189705321,3134.14732924171,3171.90356245244,1253.91424613668,1278.19173875941,4215.00211019681,3873.07655437046,1947.96528657396,1903.78377621286
603.009208520332,2888.05653701748,2785.82705267909,1327.45858119012,1114.90202001595,3522.11394096903,3588.61018673688,3468.30937864449,3696.18767360149,3541.84698633011,3740.09816323801,3368.28508758384,3364.88002820679,3823.49159471835,3773.67014061186,3589.08502244801,3847.57308019254,3723.73605667974,3545.23619815988,2315.49106697446,2359.44208422493,1426.74018089509,1503.25934737579,1451.05544505965,1043.89773313721,137.172556358339,409.149881311921,0,254.178043896844,263.986867549253,521.654014107951,199.865882680294,533.493206497076,360.580584266062,341.377595146022,271.82169945873,461.087180774336,346.976472657384,3381.76685738942,1387.68269549314,1127.30420215382,1648.44689305243,1659.65454256301,894.168476718809,954.499237977133,910.98904076703,997.537597663132,809.926813713696,1175.54893687121,1791.10503456284,1098.24399222686,1632.57233815812,1541.79443455347,1591.83986043286,1345.3133804698,1421.81765712653,1447.1861908186,1399.80595315903,1916.89464001655,842.729323861773,1526.80373595934,1211.67893900067,1318.08049994279,1772.34505334194,3177.94779431433,3603.67614347195,2391.88637610436,1538.92340117112,1418.83063076063,1348.02998850383,1470.22728403852,1495.06347703636,589.381671468794,547.615026899184,679.095793926752,661.492878650346,671.676142058465,654.53846703277,1193.25405377334,1012.01008229945,1238.6254643419,1079.67794266084,1072.78802331281,1270.68366868309,1199.2175375001,1589.39879027759,1476.6319846981,3924.29710869807,1270.5185645738,1186.13159790765,1183.01837538885,1226.04537178246,1133.32319582586,1343.50904635934,1159.9160464644,1572.20753528209,316.615156393294,414.583826816437,506.398996211053,623.697562711771,662.117305431082,942.919158095181,802.814497345637,1546.05266020803,1558.41414881498,1460.93261061254,2364.17584040988,1324.1830086297,1686.94659675073,1629.26278690149,2975.35138141977,2925.24438094552,2957.17593139961,883.709292694656,889.602687801739,3952.42451860117,3599.83712086868,1573.48436787868,1519.74193747611
764.896087975564,2935.33969065196,2819.91232149028,1454.45259417718,1233.36793253873,3584.87372528415,3662.6219475519,3520.60801168919,3776.66537985393,3595.14234380833,3827.12149538019,3420.82680769065,3405.82265472094,3904.35010381849,3851.25178158713,3644.36758467764,3933.40329520997,3806.4901908195,3615.73569286797,2428.56540756834,2480.63593451163,1663.08761523533,1739.58889150648,1686.69382442246,1289.96807921718,157.523745862608,156.51034346169,254.178043896844,0,130.692502807985,303.37680092823,79.0520409832436,575.243579637991,179.558029645392,96.5280735207516,50.3423675026235,675.597340791444,597.822015761421,3510.9697799108,1616.63666790126,1359.1907337912,1839.47649077943,1789.26230581606,1132.67826596966,1183.63861313777,931.448182988141,1008.79102992026,817.506711837838,1237.1915673995,2025.1607673232,1343.58588387137,1864.61341759901,1778.78990184641,1826.49284590684,1594.99548850192,1670.10341495812,1688.52868925403,1645.10644823141,2128.92779392664,924.552271794015,1689.60150114587,1403.2927740458,1467.74472840765,1946.75487281492,3248.83771852573,3698.82018608435,2460.03242717978,1781.93820135852,1672.76127517885,1585.75167776178,1723.04861847873,1745.24142370992,837.820155845616,801.747869510704,927.082171195053,913.926209350967,917.436199358543,908.157137707305,1446.25532462524,1252.90747409537,1491.36701837052,1328.78774211407,1316.41230982544,1518.62875592745,1453.18591115799,1687.57049748381,1592.92641864782,4058.37886715035,1514.4951582857,1434.4840765302,1428.85633233056,1466.84638855081,1387.48861746109,1589.98992522412,1407.18510680598,1803.54516032302,559.418006795138,668.694127204829,755.398142193156,837.598185724031,899.196522344814,1091.8632828404,1007.10300729707,1554.79883300015,1519.85276401395,1517.42700620806,2393.44476212788,1322.31378182581,1625.14117388852,1623.05385535164,3093.42357544757,3035.61523128753,3071.45270633265,1117.03075558924,1133.96909183163,4099.62752997621,3753.91673271593,1797.18685035068,1750.7818253003
841.925785252834,3055.69984783563,2942.65915816013,1549.96907411076,1331.20664431783,3702.28590601904,3777.37283316977,3640.26514222051,3889.79747308018,3714.62605648991,3938.49090509103,3540.3863476745,3527.65076320239,4017.43751548651,3965.17681911403,3763.45436977102,4045.15214255619,3919.02566718496,3731.3350368376,2530.84755095161,2580.10401039437,1600.94719507655,1677.08297324279,1623.62860208042,1243.70652432775,127.397307729839,204.211098733105,263.986867549253,130.692502807985,0,261.036076888008,86.4424161110893,688.892218061063,96.9288212422616,206.530321039332,180.902466280788,722.001067920846,604.424232711836,3608.18934159043,1651.61649735937,1391.09028574398,1904.74631712915,1884.59528986017,1156.92332037407,1218.4809753328,1053.12388634792,1132.38983512922,940.666606074676,1351.77295147204,1959.04194068048,1295.6883554299,1796.91941475615,1716.90227958643,1761.72968832206,1599.14079751129,1677.39562448514,1708.18106794337,1658.35514020123,2179.47618351729,1032.18090702983,1770.305754766,1467.55321474128,1554.05324518698,2021.86646347879,3364.1479159412,3807.77819819266,2575.41670303363,1728.05834525022,1648.78761050528,1525.62503932541,1691.86102332947,1705.24240029706,847.474266885153,786.617086131478,888.111252205408,886.533196003068,874.601958105665,886.452821299113,1439.79075487631,1273.74856674322,1485.96262325599,1334.95578594439,1333.03527606625,1526.93850975644,1440.08542312539,1793.54139147864,1692.71084301299,4153.92166064731,1463.33200425705,1391.66129350346,1381.26264559856,1411.32694497773,1368.68011328478,1542.68414811975,1362.342591817,1735.37380202632,521.887428489108,655.369726648202,764.46964196454,885.198083257816,925.556386769123,1177.07717029759,1062.1250019879,1680.22655439867,1649.81947610374,1634.07158582929,2516.70877161429,1448.71873404906,1755.82837920929,1750.45246079684,3194.53054273177,3139.3484211191,3173.87791501256,1055.50846026528,1086.21158211901,4189.62007818925,3840.62151901933,1837.41503085296,1783.49226173128
1068.22793109341,3186.84163801144,3063.11118327341,1750.16633476851,1527.93362011747,3843.99642450475,3928.2797305193,3773.28589288288,4045.75572585184,3848.24824868073,4099.69732746852,3673.96923052809,3651.28788009511,4173.40083558289,4118.55442044991,3898.61840410983,4205.1420502402,4076.78436809871,3879.45030001702,2716.34984152882,2771.34724401092,1827.15477118253,1902.47188706462,1848.69584672663,1486.35904900895,387.369007248218,188.087329937942,521.654014107951,303.37680092823,261.036076888008,0,324.955219245764,857.875410512248,165.390933198904,287.223389607295,328.730748060513,971.423948540868,865.148217538134,3802.97528908589,1907.76042619361,1648.09301196029,2142.53103692923,2084.4845744873,1415.82110266684,1474.26056934548,1190.04201852139,1259.6160805081,1073.173287773,1510.17198762807,2178.90758183839,1536.80125128038,2015.64814211449,1942.76056199233,1984.13209570372,1860.08555763934,1938.42713141451,1968.34242946254,1919.21260346059,2428.32285563824,1210.9702448584,1991.85424129819,1706.08543537959,1768.43234174671,2249.88782918081,3513.74898805887,3975.84563589617,2726.26019573285,1961.9337870444,1902.96123602196,1754.39908526177,1942.41252270464,1950.35280119517,1108.25587873262,1045.87932960023,1137.92645326616,1141.75028013846,1122.30655177264,1143.64439931232,1699.60121054452,1533.46794404787,1745.91919008201,1595.98938791766,1593.44920442808,1787.97136954207,1698.41566048701,1972.35605874473,1884.82080596132,4351.59688286494,1700.87000122715,1635.99844062276,1622.13484069493,1645.29397148623,1625.40293561336,1783.00764888289,1605.38119681199,1953.84920087781,776.41481988388,915.397923151131,1025.21660418429,1134.48452259123,1183.57502142522,1393.43330678985,1307.26404058181,1791.78954667357,1720.74299556859,1784.16600293452,2635.82450869105,1556.29685750544,1802.49490517502,1848.09900244567,3381.79717405766,3320.93288234788,3358.33558674632,1286.68689946717,1328.83770442541,4396.92011327514,4053.15478416676,2091.54475641891,2040.51918568033
758.47153517482,2971.67571384456,2859.75483497035,1463.94775509791,1244.96268891477,3617.24966115822,3691.73082977623,3555.93390174824,3803.88366231813,3630.22890441674,3852.3550456265,3456.02619488954,3444.22764615167,3931.51385130526,3879.38370704676,3678.91856240196,3959.05575293937,3833.02852418812,3645.86350918365,2444.44532574058,2493.84194437337,1588.91804603129,1665.36583207142,1612.31580363119,1219.84719624427,81.6311595569783,216.031302533798,199.865882680294,79.0520409832436,86.4424161110893,324.955219245764,0,603.693277598369,171.827433344894,174.917799691117,123.711337652431,647.255919578377,546.72821036554,3522.14119135954,1582.88001325376,1323.4342904361,1825.1584201533,1798.63604732453,1092.35773698194,1149.368366012,970.237713628732,1050.52855156591,858.725419415484,1266.34117533292,1950.20335948478,1273.02669162279,1789.26234571798,1704.73117535579,1751.77745884631,1544.95622012432,1621.64167871689,1646.34673598897,1599.5827029935,2104.89808394137,945.907829817782,1686.68361683015,1388.04261130513,1469.28123103158,1939.61321283687,3278.63206809693,3721.4455983221,2489.96439387087,1709.95360919083,1610.65489122378,1512.03344406206,1658.28482993014,1677.44788673718,789.247436678573,741.816582391076,858.719485779183,849.540823926189,847.830360464383,845.906175399209,1391.19979978508,1210.92568338638,1436.8273763624,1279.44827938623,1272.29425984643,1470.535006416,1395.27384862382,1707.12177843011,1606.38578049093,4068.06206048146,1443.12102472213,1365.55912235306,1358.45964658918,1394.24000156056,1327.16182798697,1519.79555058819,1337.60540421892,1728.07221941858,490.231633971667,608.985631775802,706.260152979269,810.488392961228,859.579498249811,1092.33889843096,985.147118602648,1599.37499106597,1575.61280938719,1549.04656588138,2434.15056383549,1368.85276603259,1686.09186756041,1671.51419570894,3108.18910501313,3052.91680391341,3087.48032762483,1042.63300036253,1063.22819440626,4104.52168471022,3756.07272844939,1766.63905833113,1715.81174858049
344.437844601264,2369.26971716303,2260.58056965496,899.928056761651,676.936822443649,3013.55658064193,3088.71963302933,2952.88072962647,3201.90087073738,3027.0692261784,3251.92075606613,2852.93351641162,2843.22487284979,3329.57311246369,3276.85489656694,3075.56775270738,3358.25833940392,3231.5231137105,3042.48755659265,1858.48112265001,1913.9060427416,1735.59162325426,1808.70548271915,1761.93588100254,1323.94105136323,611.796219985665,672.321339547577,533.493206497076,575.243579637991,688.892218061063,857.875410512248,603.693277598369,0,754.783374632413,570.759955554391,536.202208427714,453.709585873427,592.295737176939,2945.82340958556,1266.0949523968,1042.24580310615,1364.91873273863,1231.90661108088,878.459074062152,874.689367838922,377.557879223997,464.171176340945,279.169487938618,662.960899528435,2095.79460464475,1378.74099429233,1951.10878467193,1842.51267239515,1901.05087636733,1375.81624147599,1431.70909168407,1396.60421698944,1383.14359931946,1697.38302693095,353.219655597014,1169.89517560579,950.174715214345,936.752144841057,1438.57465279389,2675.3396332818,3123.76468648073,1886.56912072232,1807.84319883036,1570.5210559899,1654.48454312835,1649.31223602246,1709.73067854648,717.001089752329,797.631558285551,988.328455601636,929.925099092574,996.809875698307,901.70110371374,1286.73243949705,996.199956146974,1322.77000931402,1126.8883635596,1070.27769558852,1287.9127207999,1322.11001025057,1114.89766023912,1028.718177761,3495.00144896123,1547.74297114944,1437.39551499943,1453.80677163246,1524.21798286344,1288.53009492142,1599.32018730773,1421.91369498867,1895.80289338647,733.114710861193,706.146578624623,665.956646094486,542.49037251555,685.26566243367,579.900265620279,635.534828925329,1012.73672504788,1035.79019180437,945.364195069548,1836.57476034467,791.23670472264,1177.42538482311,1096.22022521906,2523.9225597843,2463.59074263751,2500.60458140684,1240.74832364815,1195.24915204451,3544.92667150647,3205.84549903643,1415.82933415104,1401.53943010866
929.589516304612,3113.10707045809,2996.23273000335,1629.88468516176,1409.62481196062,3763.70862865032,3841.99034138235,3698.64837706192,3956.18322280903,3773.25238530647,4006.67749162051,3598.91736844354,3582.70401781183,4083.86927069282,4030.70895572533,3822.63751103061,4112.96131878725,3986.0347684562,3794.97634876771,2606.61551314955,2657.81824495085,1676.79539086845,1752.59134611915,1698.94374012363,1327.60901090976,224.304050410075,165.33805372604,360.580584266062,179.558029645392,96.9288212422616,165.390933198904,171.827433344894,754.783374632413,0,215.919407389615,222.008910269845,816.882551524235,701.142946630594,3687.45399285444,1748.26066368846,1487.84440546038,1996.90974564059,1964.73824319255,1253.84548616356,1315.03207700817,1109.19124272833,1185.23230940754,994.499697386751,1416.69133878802,2032.11291669979,1378.80829202425,1869.35102031986,1792.66325047436,1835.87021231317,1694.93120342301,1773.48012772254,1805.03025960313,1754.91552427481,2274.65591139111,1103.52267751033,1857.45479331371,1559.76887179025,1638.71941435107,2111.16014396423,3428.13787718946,3878.24025693703,2639.35479945881,1807.735925282,1739.29588173815,1602.66503064754,1780.25417874671,1790.65897402873,944.131984042859,880.552179280874,975.775799372945,977.537402263557,961.02660684916,978.804219328429,1534.22734031366,1370.6606593765,1580.53463792436,1431.07156725475,1429.8322616263,1623.16613785583,1533.32325299769,1866.41859861824,1770.03874198086,4234.24995706549,1544.70425327989,1476.54523451085,1464.30813281702,1490.85627257862,1460.77980340319,1625.52943357542,1446.51912099573,1807.6405880939,612.228241976844,750.007156303987,861.156923717028,980.158527632807,1022.40518642752,1261.96470775948,1156.03898127006,1729.03396354037,1683.75217687265,1696.62462086887,2569.44838634636,1495.48679268719,1781.13754754991,1794.36998135851,3271.19416193144,3214.09993582096,3249.60117900684,1133.27013409958,1169.98719231494,4273.02253652455,3925.60372649078,1933.72014412825,1880.26585063163
799.388601902395,2908.92461379917,2788.89311742582,1465.34041736329,1242.72191230611,3563.18173740377,3645.14394328445,3495.06692249977,3761.56094379372,3569.86845143617,3814.53918478123,3395.52360548363,3376.25366928488,3889.23681755305,3834.91969998335,3619.77039893982,3920.21793668912,3792.24357538664,3596.96352662828,2429.18440111219,2484.50722675995,1758.29012925622,1834.81200046129,1782.00793255052,1382.70754510287,254.029569479602,103.16910389078,341.377595146022,96.5280735207516,206.530321039332,287.223389607295,174.917799691117,570.759955554391,215.919407389615,0,70.5601562525262,734.150076738329,677.597014578474,3516.28802480583,1675.85241675751,1421.09741960879,1877.12885886991,1799.20515200389,1199.85323380723,1244.62259265735,907.405419228642,979.961551857617,791.168765190025,1224.14337072657,2120.75220940993,1436.60108612499,1960.40956087947,1873.91646321886,1921.97336742491,1670.44257706286,1743.93979396037,1756.18424637073,1716.13237218062,2176.84023730633,923.934696043169,1714.53218836241,1443.23520263574,1488.15920073405,1975.97193001486,3230.77468961894,3689.65531828146,2442.63252141504,1875.78341203052,1759.01740104958,1680.70958067396,1811.48833231428,1836.07703067896,913.930979208651,887.529322935602,1018.88509274507,1002.86952137719,1010.09081474037,995.475938178859,1526.55480966318,1321.31140582671,1571.13736321143,1404.03290727817,1386.71929380048,1592.34357896187,1536.0206403793,1685.13290208597,1598.42761743022,4065.16431923427,1607.99940287837,1526.30341632752,1521.72454760371,1561.16012476855,1472.48877714648,1682.65766541828,1499.48894038769,1899.4021175031,652.376733880028,754.798762737213,832.445697288065,893.304046912893,966.751190496481,1115.43497286886,1056.24214398281,1519.39419682127,1468.26699664249,1499.8806773256,2361.74060290008,1284.91849936608,1565.36781937994,1581.93298052632,3094.64290370414,3033.72031002682,3071.11842070404,1212.4482000564,1227.21025534733,4112.23061276583,3770.03721680404,1852.67728516355,1810.99074612625
743.083083265129,2891.09853060202,2774.51215899871,1422.35390384544,1200.50634049055,3541.96718183949,3620.94170456389,3476.64763722434,3735.71369208442,3551.25828519921,3786.96355615439,3376.92161265101,3360.82545741491,3863.40520542741,3809.93049466198,3600.66774729754,3893.06208730319,3765.80655628612,3573.66914160156,2392.77667743181,2446.07990970201,1692.62103275984,1769.16247507082,1716.51912042978,1314.59148903538,195.586941533391,160.111792637464,271.82169945873,50.3423675026235,180.902466280788,328.730748060513,123.711337652431,536.202208427714,222.008910269845,70.5601562525262,0,667.968638096417,607.067898945925,3477.11137447476,1609.9824359396,1354.29600399518,1820.07613115384,1756.92293937396,1131.49935684386,1178.04458536373,887.18611921656,963.404561879971,772.535631477708,1196.32152074457,2055.72532319724,1368.66750768235,1895.85509716044,1808.10783130132,1856.75880543041,1600.47512871542,1674.24396866569,1687.83576491457,1646.98517826398,2115.31969384025,887.573723954178,1663.79083743589,1384.95974022511,1439.75494811431,1923.08617473833,3206.94755030692,3659.76268753089,2418.23915680774,1808.45564438295,1688.66568106589,1614.68598358064,1741.51845083565,1766.86822667091,843.75829610941,817.200772645317,950.307848723741,933.14550761491,942.038416151426,925.368912700055,1456.06025314853,1252.68988821202,1500.67780072195,1334.06755354855,1317.67398880729,1522.65278798836,1465.46165024419,1650.47072922546,1558.74355724157,4025.14255529548,1540.41420718515,1457.60219111483,1453.66792559738,1494.35919223234,1402.02300811372,1614.43668198568,1431.06861839889,1835.00662617155,584.814397131712,684.549036622041,762.145668069996,828.254362871135,898.206688658466,1065.06463981546,993.791826125509,1508.19003654711,1470.4977352528,1475.34400050421,2347.83177252775,1275.21612340481,1575.03153855062,1575.32813976052,3057.95984715002,2999.00408543932,3035.41265542237,1147.29858888662,1159.50395515772,4068.7556433473,3724.50976778506,1788.14372699509,1744.82397523277
225.042178994553,2559.53953971162,2477.38889256484,927.477591026654,738.074324298442,3166.8374754918,3219.00565651068,3126.93859074424,3318.27748733982,3198.55958092764,3354.471517587,3027.47247232963,3039.70650208338,3444.42165339041,3398.68504035219,3242.84168085326,3462.7238738539,3343.04174646393,3180.18182028626,1911.87196166473,1946.71788994457,1287.49985703919,1359.531309058,1313.99257182503,875.380784713652,597.402706031049,827.228785856421,461.087180774336,675.597340791444,722.001067920846,971.423948540868,647.255919578377,453.709585873427,816.882551524235,734.150076738329,667.968638096417,0,223.951905592895,2955.47304635772,942.016810105185,687.171201949837,1188.85574278343,1247.37315928693,473.876829593886,510.544310490954,733.453391101896,820.637239534635,680.052848283667,885.66486953083,1645.10665957373,929.519719372888,1503.21257509778,1392.44469845852,1451.9005179487,964.399761119273,1030.65852711688,1027.1896368895,994.457331728789,1457.80495647038,564.816424802651,1083.87231739955,753.100458217941,891.229177254855,1319.5469714533,2815.29650667204,3209.81545319171,2042.32104440798,1354.81498976192,1124.63973182834,1206.66012301915,1199.63309420369,1256.83195080128,263.518368306919,365.436814258639,559.918002454808,491.539787138342,574.289784308575,459.094294732483,850.807548485448,596.706098790657,890.338921230727,702.746993961481,666.456043986268,880.542878753997,879.215831185351,1218.40042687605,1085.24128562308,3492.34251601441,1096.52634251477,984.504768624883,1002.5439585152,1076.22853954794,839.167266246429,1146.11743030746,969.969987185515,1449.22801716873,425.28915499778,315.100633510377,221.311961143332,163.28280189454,249.140516196537,533.34928060031,342.082195741212,1316.40969330496,1410.46251993522,1157.85717982345,2070.61966885465,1129.85304920482,1572.82619688537,1420.06702434756,2561.23586336992,2519.24104936609,2546.95613229581,817.267029273468,755.287790393673,3510.68174414619,3154.18423096974,1121.60353439641,1076.91371894818
445.346756391156,2783.42726659451,2700.48793749195,1148.56871888399,961.919404751566,3390.14466619507,3441.12633180213,3350.80029983287,3539.34080193426,3422.36771957983,3574.31862996517,3251.35500634935,3263.58982546373,3665.25904369506,3620.09963802899,3466.55322729917,3682.6441264515,3563.69044462946,3402.76214399396,2129.44418813417,2161.65162708561,1161.89617193166,1236.975836123,1187.71778677767,756.581883963287,477.819994896961,754.144318876667,346.976472657384,597.822015761421,604.424232711836,865.148217538134,546.72821036554,592.295737176939,701.142946630594,677.597014578474,607.067898945925,223.951905592895,0,3163.41751551016,1057.71980185784,795.983742409549,1365.67596791357,1464.38601466629,556.826050223215,629.590409384226,922.645301266137,1011.8830095673,852.668595997171,1103.2050499683,1526.5032442028,812.178035131087,1375.56682486542,1272.96636468757,1328.60967718431,998.352420283167,1074.93802162216,1104.15419225272,1054.09669103092,1603.71355405681,775.394484345426,1287.02289320047,938.020970797931,1105.1620540374,1510.64242819253,3038.21969795024,3428.17480475144,2266.16819464613,1252.40489443221,1087.23934443689,1080.9029706974,1146.67530267226,1183.92440326064,243.1175708211,225.32624448794,402.176578247866,356.166075099601,407.329024748601,337.187349818321,849.077070992469,670.84715325734,893.884195673766,732.721136910552,728.768323276855,923.913425297066,859.105912207671,1441.87116789394,1307.07613520363,3696.67676640594,985.278468188539,886.312129121256,893.013797242998,952.356012486564,798.72416069186,1048.22144431792,864.947973607624,1318.11812934358,202.98667473708,113.921514766011,160.068522824403,348.339356770424,332.124007094465,755.211169550472,528.407202914983,1526.41007685431,1602.15027182792,1378.66681736867,2292.29357724474,1330.52378957033,1756.58462327587,1626.51789814149,2774.70058438392,2735.2815795668,2761.71819579474,649.650148788797,615.220633213573,3708.23773338138,3348.67161379997,1248.50180068515,1186.57353112556
2779.15771237501,1176.40447699321,1348.19671790371,2058.22285696077,2277.83165238597,947.510966675704,816.568495141199,1073.75131102433,773.51456436969,1076.56893185562,712.952466430409,1056.83758134984,1205.22596574621,834.478993820361,847.675952233202,1063.24831866525,789.942519586,757.68852029733,850.65836732385,1093.57151627825,1032.09049423359,3514.00407168787,3533.75113796929,3531.19741730789,3296.86839234413,3503.09969066797,3618.13624990082,3381.76685738942,3510.9697799108,3608.18934159043,3802.97528908589,3522.14119135954,2945.82340958556,3687.45399285444,3516.28802480583,3477.11137447476,2955.47304635772,3163.41751551016,0,2335.64758677699,2526.00044457338,1863.7305760636,1723.74070641191,2730.89320213194,2621.00907787407,2651.16491040861,2604.32211131242,2765.31144184763,2316.48502753161,3660.39505842407,3312.60301122235,3640.3182739342,3532.84069766874,3586.0218145521,2687.31302569874,2623.60342751813,2468.80942344372,2562.73739057073,1833.28100636097,2592.64630787649,1877.25177388984,2242.07566399534,2066.34215776698,1680.19998529103,828.370387682891,543.355916966373,1255.06793131207,3417.80777840397,3010.97201624794,3474.42752045884,3101.43322783254,3220.26642483152,3003.99233357732,3162.03733525034,3277.1938425717,3199.09836431073,3306.83264934575,3162.40189784086,2853.97503121414,2683.94912059705,2828.57360223397,2773.27497893269,2684.50150557314,2670.23631324822,2922.84777650172,1837.59224136209,1918.37292674098,550.867673918098,3353.91737109704,3254.44636902897,3308.9047069568,3403.35436957682,2999.42353703704,3309.91655958117,3277.90937941719,3631.47451414985,3362.87732520254,3211.36083023898,3056.24539742555,2815.11115081307,2872.62613279891,2439.0364420153,2637.51390115338,2203.00475921732,2439.67042522398,2075.49432772132,1569.4410826354,2403.62013692946,2524.38116055699,2224.46416693061,440.495684840899,532.903735007804,479.142226400852,3447.50687709702,3320.37558937504,651.467837077964,460.357800809866,2167.85938196228,2283.35345426939
926.144612345692,2330.90193520635,2316.94151107615,851.000677548683,887.091773466126,2807.25565555483,2808.78231802544,2814.07369289865,2874.20112840945,2875.28826817415,2881.30187103959,2722.85614882545,2782.04935726835,2990.23889822065,2960.788662919,2907.6749438497,2987.37454803091,2887.97467542033,2787.52487638044,1488.16351253207,1475.28317364198,1209.76835418165,1244.29231319925,1230.53521259046,961.529756876088,1524.39485586198,1769.1712138246,1387.68269549314,1616.63666790126,1651.61649735937,1907.76042619361,1582.88001325376,1266.0949523968,1748.26066368846,1675.85241675751,1609.9824359396,942.016810105185,1057.71980185784,2335.64758677699,0,261.737459221722,495.119798640342,946.363002826253,503.058828216967,433.514806664795,1300.563779198,1347.86836696235,1334.10165282161,1171.73280196881,1436.93665177917,977.181739234396,1371.62992450658,1252.87295869299,1313.13287806177,383.294177880517,353.400614690311,207.738480204993,275.499445382748,570.219814699286,1080.0068630868,658.785193495783,418.127111003497,705.709172822342,697.984558527111,2454.62162692481,2713.38623060215,1807.81609810517,1149.23721551573,736.465576567566,1158.66179373281,839.96750867715,957.635886182029,825.235684611747,947.495028534187,999.481019740721,933.635653500703,1029.65835246292,904.359328208861,521.688886701988,403.312262430372,502.009833292971,445.119692792904,373.606140234084,341.852538141932,592.885219493951,1109.56308818098,955.024497612417,2825.73337676945,1031.49157012509,924.15647354899,977.765303049624,1074.49394940195,664.785151714546,1001.3314712387,945.313220387961,1348.43570897921,1212.96284560712,1046.98044627181,903.609952345818,783.05346685789,727.415325677972,772.5706290614,636.191646138202,1566.62918698252,1796.49579606118,1286.22011775107,2003.19373802751,1508.62065016121,1984.82884648733,1685.71806617869,2020.75686945866,2017.56811264976,2024.85255440822,1126.07877498936,997.226237017671,2794.24784029696,2425.00820235126,196.706445073443,136.484966036903
697.905090972286,2410.32526901801,2376.6602819483,815.751472964482,784.179767216476,2929.38543354315,2945.01706607368,2923.22346328851,3020.34111063245,2987.92699533857,3035.49881341544,2828.77050526269,2875.40936374496,3140.02821341901,3105.89367501944,3023.9220509421,3142.93056872384,3037.24802954149,2918.68910181049,1607.9989492051,1609.60151609685,1107.90792288962,1155.82299505315,1131.66601379639,792.992385659076,1263.77271387799,1512.78010527497,1127.30420215382,1359.1907337912,1391.09028574398,1648.09301196029,1323.4342904361,1042.24580310615,1487.84440546038,1421.09741960879,1354.29600399518,687.171201949837,795.983742409549,2526.00044457338,261.737459221722,0,662.294440783912,999.613730788704,242.454440494639,176.811027321009,1130.49237330295,1189.71768046385,1146.0768544609,1062.6723129264,1386.84786481376,820.547023715539,1294.82925767578,1172.37541064832,1235.64285477075,385.417299998163,413.845915704935,354.386461254632,351.358358448182,820.456452583567,905.661496537732,727.924238556176,376.490754257201,685.924712444025,851.218310233743,2573.35417402186,2872.69156531054,1878.8262404021,1083.55907930081,701.527069496347,1044.63670864792,804.921248211081,910.336562760935,564.532241977995,692.535730703692,763.632908376018,691.905632341475,793.880677188972,659.545118855121,417.790890479234,159.105964315181,422.745355915157,270.839530151648,167.172237648055,300.914597555306,488.373707530738,1111.9016663641,950.64666559148,3031.60344554633,912.447756171955,792.846543363529,841.619986831549,940.706991674843,530.841429822142,904.501464915452,805.673859989955,1261.22473461115,953.356991771776,787.175664459215,642.190473357035,532.40956756833,466.047188161297,619.116833902031,407.188240368769,1490.30083665119,1691.83916105937,1229.3699141967,2030.18164105342,1395.46024244983,1878.24393072658,1609.76582577291,2185.60424331509,2171.14621802757,2184.44419753141,922.017987326547,795.869944290509,3012.81645233929,2645.24788565366,454.514108813255,392.451310685593
1077.7421264267,1854.43396867038,1854.32559449772,613.979629403818,769.223728968549,2313.07544506799,2313.67750220381,2322.70803607556,2379.94521744063,2382.92270045361,2388.71693946473,2232.61492814459,2296.49474891156,2496.67587686592,2466.41350192655,2414.46374720258,2495.22025661212,2394.26439491791,2292.48349688508,996.971233768327,980.695043610295,1704.88654861481,1738.79090811703,1725.60519052869,1441.46623048605,1783.18980209662,1978.45718120709,1648.44689305243,1839.47649077943,1904.74631712915,2142.53103692923,1825.1584201533,1364.91873273863,1996.90974564059,1877.12885886991,1820.07613115384,1188.85574278343,1365.67596791357,1863.7305760636,495.119798640342,662.294440783912,0,537.848092025866,875.169195319167,769.186290583043,1255.22498374614,1270.46725225163,1328.38544181832,1012.54900989085,1922.92276978325,1462.06196965232,1864.35043844924,1746.51447299915,1806.16090905426,875.49703572837,833.336637268253,673.950166301815,759.292881561959,375.886737455994,1072.61769296842,290.297896070944,437.194005027273,488.893748754501,203.294190430153,1961.3375896452,2222.24443215713,1341.82597698978,1640.99667895829,1226.15624653368,1653.33661781602,1327.9700109781,1447.07010037401,1170.95128593787,1320.98622544053,1419.01869660851,1343.24217803421,1449.01243742631,1308.05630310093,1013.95414703598,820.525887300504,996.58776135127,913.952404122309,821.749601022641,836.671933548481,1086.04198219528,758.914330611749,638.502258578506,2371.59565687177,1525.41730995079,1415.70283472023,1468.58774462756,1566.26414220162,1153.47478695711,1496.45118876115,1435.13077618623,1842.60904339727,1552.20773798492,1390.32712983996,1234.71251379709,1029.34413227665,1045.90464405745,786.020339480811,847.060299380549,1306.48774352625,1574.412697588,1015.17242998915,1575.28742068159,1321.95644662295,1757.28906830574,1417.42655887636,1531.12317685007,1524.21119771957,1533.21368842613,1583.90228550141,1457.08334603309,2360.4623929453,1995.40127758374,385.265620844563,494.256354576699
1058.66859037425,1411.1886209322,1379.37374351869,334.858802402008,556.556733858673,1955.82614936661,1990.44142176927,1936.90490019508,2081.50825785344,2004.21789953924,2112.22294027871,1840.41985292931,1879.5149828599,2206.23679385252,2163.95413946746,2043.3610109079,2220.65237901382,2104.04929500357,1956.88539884438,665.08357893165,700.813214769319,2107.09922035593,2153.09935471547,2130.59207026602,1779.19107640833,1779.57824073325,1901.8812526854,1659.65454256301,1789.26230581606,1884.59528986017,2084.4845744873,1798.63604732453,1231.90661108088,1964.73824319255,1799.20515200389,1756.92293937396,1247.37315928693,1464.38601466629,1723.74070641191,946.363002826253,999.613730788704,537.848092025866,0,1129.7952563518,1019.35081792681,984.519532508122,962.940765062188,1088.34562563017,664.089295154171,2370.66090896771,1812.34774909089,2289.59926466278,2167.73684796774,2230.38811535738,1319.8942565233,1299.47165508953,1150.67472044614,1221.28407199888,876.570337626195,881.806228505761,287.650132798034,630.195842807887,362.535950979321,412.548900641434,1599.4184403935,1963.99494562101,879.255508579827,2073.22514803974,1670.80859775034,2044.2357014263,1775.68183200876,1889.58896825219,1340.97357129557,1503.18690137335,1651.94358278083,1569.40746807704,1679.12845303031,1529.99720802732,1411.48360233798,1131.29525458647,1407.88783660971,1269.86506384848,1164.43221403843,1258.70553617786,1483.84165985838,245.506512950836,213.110635473769,2269.54907837792,1912.00893873373,1791.80112003306,1839.55120180514,1938.45459349925,1530.45415519163,1902.36100881646,1803.17129172941,2258.58178295792,1667.11020391909,1527.64804706858,1378.39260386405,1121.20644529079,1208.8555464215,719.380769520248,956.885090543561,820.421718722128,1103.04011941474,544.744549662184,1057.69617476199,897.509843972923,1274.99761828814,920.131433368347,1316.6890388031,1271.92441000908,1300.54415457994,1867.1448168071,1751.5425695791,2313.23172451499,1974.84783756435,900.586830450725,993.634700172435
541.951972919044,2533.49717161443,2484.06353057194,886.248043499794,792.051563053723,3082.98309042918,3109.3853809297,3066.6886753778,3191.89567339166,3133.81735793779,3213.01914538948,2970.18955473829,3006.54902245243,3313.88761338671,3276.34573393166,3172.47733880822,3321.09287873332,3211.09002102476,3079.30308179135,1770.66221111152,1782.39576471715,1030.80651936691,1090.25713483762,1056.56898374478,660.017377516727,1029.54460597112,1287.95431308555,894.168476718809,1132.67826596966,1156.92332037407,1415.82110266684,1092.35773698194,878.459074062152,1253.84548616356,1199.85323380723,1131.49935684386,473.876829593886,556.826050223215,2730.89320213194,503.058828216967,242.454440494639,875.169195319167,1129.7952563518,0,112.226072456249,1038.63434455626,1110.30866609396,1030.46215592404,1044.79289695015,1350.48976336993,699.865019596388,1235.49819961517,1114.11847129816,1177.81156679372,498.135350406956,559.123960280835,556.344692164047,520.589281218387,1061.72408195474,819.203094404464,884.178226698997,506.892287825326,781.437632085822,1050.71756436055,2726.2647792028,3054.56923465932,2000.96822930667,1044.2345932993,722.324319437751,957.886887395253,814.746768677142,899.703032253427,322.228850150564,453.364507299419,546.315558896135,468.693223574904,575.941577905362,432.975131721485,423.782552993077,122.836242253007,453.32775249653,253.573928110762,194.125018810627,411.307661044304,474.37094874814,1197.13671057808,1038.31372537967,3245.61200996026,827.937245698001,703.708348361054,743.101313984073,838.293259359926,472.981425071928,844.262848135696,705.938460190067,1192.73572272422,710.918212695701,544.727603526877,400.849395136474,338.297734561236,233.49097915502,586.950185348354,289.685030777981,1490.22230498601,1658.17726386539,1256.75555246407,2114.05237558174,1360.17304863963,1839.11550315842,1607.05984368001,2374.58312377646,2352.33172849575,2369.77423369209,739.287929126709,621.789122890825,3235.05869741478,2869.06710433133,696.934882158971,629.967332575026
530.702297113279,2425.0956591822,2378.07453340635,784.121024073848,705.448114112361,2971.51409418964,2997.34815721311,2956.0550896669,3079.68784388319,3022.97070317033,3100.80905370658,2859.73655857895,2897.26522596468,3201.66334028699,3164.15522269236,3061.40590654836,3208.88874952866,3098.86525925499,2967.42198575052,1658.54473964081,1670.17868632913,1124.38558493464,1180.92806204656,1149.7237295092,764.827394174071,1091.36897948169,1336.78328997015,954.499237977133,1183.63861313777,1218.4809753328,1474.26056934548,1149.368366012,874.689367838922,1315.03207700817,1244.62259265735,1178.04458536373,510.544310490954,629.590409384226,2621.00907787407,433.514806664795,176.811027321009,769.186290583043,1019.35081792681,112.226072456249,0,994.04128278461,1060.13626031009,998.084829116714,968.902313064297,1433.50866581615,802.318020710202,1324.97852668653,1202.80574483511,1266.64287658904,513.574938303256,560.49454714093,525.488363464002,508.622532439629,975.094937841911,770.449526179511,771.975141796016,394.797920730093,674.176395998536,941.144518086336,2614.78894846554,2942.45635829614,1892.40861713586,1126.86307145494,781.188416332332,1053.66331270705,878.829482947235,971.885089283136,409.136653520604,552.727411746811,656.817057611809,578.100201080424,686.220606494854,541.494591655076,481.171238870047,148.006584897357,502.251753961025,308.395409864288,217.001070057875,424.396160815885,541.045958247797,1093.42609981356,933.604184970745,3137.55367742249,922.369583606046,798.408047682426,840.578611658048,937.358131354578,554.823600521215,931.962646800579,803.432487780228,1284.6335665472,798.12608390692,632.574609964057,481.389711670881,355.888869709935,297.469940957091,511.385790725365,247.110811295331,1410.08003315356,1590.57753858752,1167.23885510455,2012.23331386421,1292.29993357562,1774.05355397516,1528.12793192375,2262.90022489188,2240.24452327097,2257.86528398838,851.227757724945,732.872974635258,3129.64601505876,2764.41631549071,620.012883793106,567.143355017377
531.762769859124,2003.95801746666,1889.57602890545,683.623616257875,487.394316718389,2655.89237761865,2738.27977884977,2589.46445549155,2855.90623404258,2664.08853908385,2910.93805178199,2489.74827284546,2474.66656723384,2983.52703921141,2928.51842630037,2713.57492709445,3015.98616217747,2887.1948743592,2689.72592596618,1557.59505946132,1623.38609236652,2004.93281292316,2074.08870912083,2031.53958226364,1595.46751837546,985.813649353462,1002.07783215157,910.98904076703,931.448182988141,1053.12388634792,1190.04201852139,970.237713628732,377.557879223997,1109.19124272833,907.405419228642,887.18611921656,733.453391101896,922.645301266137,2651.16491040861,1300.563779198,1130.49237330295,1255.22498374614,984.519532508122,1038.63434455626,994.04128278461,0,89.6815290971343,117.177559794225,334.912740908849,2353.41998116343,1647.70380139299,2219.69238767597,2104.41340344744,2165.89367371343,1505.53144192855,1543.70202576886,1470.4746391589,1481.378147157,1620.84552466278,224.855273495521,1005.67656417061,910.007782202009,773.157108938712,1276.2708012019,2323.78569673881,2790.28183755686,1536.2536835628,2053.66190710239,1760.77584628624,1925.18340230482,1851.34064922721,1929.22307069719,982.162936669202,1098.85027659317,1293.36549591492,1223.97248832738,1307.28656189524,1190.09110882491,1462.26436869669,1137.49565501785,1489.83837336143,1290.41684506246,1209.94857814002,1416.68589191815,1511.80036252563,816.842018814893,771.454765351734,3202.03127585294,1807.478560473,1688.9102040822,1714.39432421,1795.46354067185,1498.75977458225,1845.79507687774,1679.62463346358,2168.44691188692,1088.76744283509,1032.40929399692,954.010589058251,749.197001631933,907.428343428794,528.186346876073,751.738464577489,635.198586702852,679.624621076485,595.201541089072,1463.93889104597,416.101902869425,839.396190622855,720.217488392034,2219.43067900007,2150.39433494527,2191.68631884343,1550.69234965023,1485.46845927995,3269.5082136096,2944.30804212258,1408.6767461125,1425.95273220454
615.027525056532,1928.9840045868,1811.15440445883,679.871540963836,502.284702220606,2584.38307145484,2670.03833242054,2515.10598192543,2789.4991180831,2589.91562397359,2846.57630854998,2415.57321305406,2397.47992831328,2916.99817851535,2861.05103606763,2639.88435723878,2951.0076118195,2821.46602384083,2620.48103672307,1511.65458166989,1580.94192043844,2087.17903645223,2155.73896720995,2113.78055287912,1678.68578319748,1068.99947450554,1072.22983926202,997.537597663132,1008.79102992026,1132.38983512922,1259.6160805081,1050.52855156591,464.171176340945,1185.23230940754,979.961551857617,963.404561879971,820.637239534635,1011.8830095673,2604.32211131242,1347.86836696235,1189.71768046385,1270.46725225163,962.940765062188,1110.30866609396,1060.13626031009,89.6815290971343,0,191.803195308353,299.879086064552,2433.68180866052,1730.51807949443,2301.55947604649,2185.57320678461,2247.34883994362,1568.68995968816,1603.55749614598,1523.88633064917,1539.19219269195,1640.77898541746,291.119270567171,1009.93369940437,947.634076891315,783.034233175384,1277.1524452669,2255.42595422147,2729.04941527626,1469.76407642548,2132.76230115954,1832.53370880276,2007.71449316391,1924.60170837767,2004.86580154906,1066.75071420848,1186.06360576425,1380.48111003601,1310.30048273619,1394.81241595013,1276.00508514489,1533.05075019335,1205.36637144025,1559.17340788577,1360.42589028457,1276.89856022084,1480.260320612,1584.47021483081,778.80366134074,750.525888605346,3154.94785497322,1888.85783861137,1769.50807935024,1796.06702397473,1878.26983544125,1574.44731589974,1925.3868863465,1761.01895314124,2250.88844138637,1178.44226519285,1121.33276744177,1040.66487955148,830.121700295712,988.212907869779,577.005361012687,821.519221827288,550.294979069401,590.798853163321,535.127821498526,1384.66694794914,327.460126748981,753.114028129583,632.179870247037,2169.99233549994,2097.92087622601,2140.70161839438,1637.85714990635,1570.89867124118,3228.10417865334,2907.82305038778,1446.29351186294,1470.03274056641
499.657776503675,2118.78609239778,2002.45117266074,777.663909719654,569.817226755288,2772.01896507619,2855.10623626453,2704.59821931187,2972.9545221649,2779.30290885718,3028.10348032447,2604.95298758442,2588.36622790579,3100.56678652178,3045.45620120427,2828.98308311158,3133.13091393052,3004.29650347208,2806.38090819275,1671.80634270647,1736.33095379878,1964.69410019406,2035.56603317172,1991.26263746874,1553.09874348544,877.845703367866,885.275409371037,809.926813713696,817.506711837838,940.666606074676,1073.173287773,858.725419415484,279.169487938618,994.499697386751,791.168765190025,772.535631477708,680.052848283667,852.668595997171,2765.31144184763,1334.10165282161,1146.0768544609,1328.38544181832,1088.34562563017,1030.46215592404,998.084829116714,117.177559794225,191.803195308353,0,448.989613456383,2318.5044408611,1606.52534333135,2180.23176296486,2067.31586294558,2127.78997989305,1511.65052983207,1555.65472020782,1493.64584522228,1497.1819493109,1687.57930470723,260.663628154316,1090.59704940413,960.238172047216,855.096496436026,1362.72945347073,2440.57837891348,2907.39725717257,1653.24302951451,2022.55940365915,1748.43498876086,1884.20675738453,1835.32980145392,1907.35530847254,937.944218598002,1042.20244156455,1236.30978189968,1170.98914281532,1248.02078465285,1139.11034796584,1453.23745596824,1136.63893077199,1483.78910386706,1283.99948562085,1210.42051249478,1422.4667658387,1498.35650785485,929.189378563231,875.902929702927,3316.16584130011,1770.39381077283,1654.50020573036,1676.66633499819,1753.90097163481,1478.22307544641,1813.82733512296,1642.85600339384,2127.27189120453,1007.23901408007,964.95345344987,901.121615516196,720.32689803759,876.935286562166,570.583621656575,751.443447681744,741.53952820955,757.702028461362,712.378111098494,1576.17077037486,514.867462105595,904.690842587466,819.857439687699,2334.47901672267,2266.24643320603,2307.16363083577,1492.5406795576,1435.29595700668,3381.45109967461,3054.07745751699,1455.1296539981,1463.46730115492
660.648118435331,1712.5279387628,1612.7595011636,401.875794435118,284.847348953847,2351.46653753744,2425.7797516104,2293.67852989481,2539.50148570769,2367.49558089001,2590.8390716522,2193.65908137831,2189.50928812672,2667.18949157676,2614.10237040068,2415.330038135,2696.8089921939,2569.48905477661,2379.56183983414,1222.92787831777,1288.49994803423,2067.65313842179,2130.59847044116,2093.89484746377,1673.44654474992,1269.68049883077,1322.2623849873,1175.54893687121,1237.1915673995,1351.77295147204,1510.17198762807,1266.34117533292,662.960899528435,1416.69133878802,1224.14337072657,1196.32152074457,885.66486953083,1103.2050499683,2316.48502753161,1171.73280196881,1062.6723129264,1012.54900989085,664.089295154171,1044.79289695015,968.902313064297,334.912740908849,299.879086064552,448.989613456383,0,2395.12555485599,1720.88185532459,2276.5971262141,2156.26246681675,2219.6691579663,1447.93301423924,1468.12934238908,1365.14616142557,1396.84517179769,1387.93880886877,335.961717704135,736.642647217786,754.435129282187,526.286836961768,995.919682344015,2012.38688173696,2465.67329826963,1223.64476345714,2089.00333558582,1748.44954017055,1991.54496091465,1847.35603268647,1940.35005631665,1091.05267878062,1234.80639994091,1422.44189966761,1344.3431498446,1442.07547276463,1306.34649812777,1449.47491975813,1116.52704253565,1467.57295235635,1277.2330796056,1181.11347922671,1363.2860885287,1509.87027040047,482.38555994779,452.620788841387,2867.35118310119,1865.03805819141,1741.61519870772,1775.98347739149,1866.21089004722,1517.46896200516,1887.76185256223,1739.33151534462,2231.14786125276,1293.18578292547,1200.75386040133,1087.78627964253,837.76907435533,984.979353528687,458.405825587873,763.523624906088,448.04610839938,629.831772341534,285.386121923096,1195.52255134154,337.029119172319,817.22340660293,562.984224578411,1885.53093035755,1818.00166102864,1858.46074752652,1675.11342914134,1588.85502547543,2934.8515472413,2611.13126742646,1238.30896217854,1280.81513917511
1822.87152357128,3767.5821633115,3749.00590398896,2200.93454994211,2138.79028438651,4230.65323340614,4219.88737166829,4245.08725155639,4273.36106837159,4304.39502688918,4269.16225320334,4155.46025744175,4218.09658144854,4383.46535963075,4360.55322450999,4334.60690278161,4372.04943964029,4282.84930835644,4203.67691683857,2919.83964465757,2899.63703832907,365.589896367408,289.720437424126,340.529636420512,772.559805480612,1868.76807592691,2159.74649582829,1791.10503456284,2025.1607673232,1959.04194068048,2178.90758183839,1950.20335948478,2095.79460464475,2032.11291669979,2120.75220940993,2055.72532319724,1645.10665957373,1526.5032442028,3660.39505842407,1436.93665177917,1386.84786481376,1922.92276978325,2370.66090896771,1350.48976336993,1433.50866581615,2353.41998116343,2433.68180866052,2318.5044408611,2395.12555485599,0,717.389251658981,163.550257359993,253.737150784173,199.335113998127,1054.51804190829,1089.618107829,1249.11893769038,1164.56368639764,1834.37019835004,2147.53041416431,2086.51656251512,1762.42965032827,2072.74197781886,2125.47950184486,3881.76277433608,4095.19783171653,3242.52653817545,306.66245113527,701.189170887067,446.032705118406,597.045770751874,481.125821392206,1382.53508479415,1304.9258068815,1127.11023635779,1171.85364037684,1127.59687718889,1196.4193533246,969.357726082428,1290.02227210684,966.03610966021,1131.5172826473,1235.5551663109,1111.9553239999,900.48745790573,2498.57468444869,2337.40159726134,4088.7665653914,548.630785740267,664.590296101774,642.594851276562,574.199774023926,879.092593476087,509.143936355145,675.76896193494,225.30439023569,1474.60339591522,1417.68085903241,1429.90286896395,1604.22293431005,1445.99170808736,1937.43229172592,1633.91196967489,2840.61959162892,3002.01999173754,2600.31881921355,3415.3351482658,2705.43576433021,3179.08237349986,2957.54946130846,3404.46179182423,3416.94957150825,3416.19776288697,908.427231229277,912.218030626474,4005.65258261734,3643.04909115993,1548.09096420017,1432.6815920478
1115.95867784854,3222.73679062639,3179.66761645803,1585.5957891749,1485.09584855065,3749.93019288099,3764.2512673795,3742.9067193434,3837.16867440932,3808.00218118022,3849.32361923526,3648.0201695239,3691.64619377744,3955.68652736092,3923.09113207924,3844.28969817913,3956.22103517995,3853.02875640705,3738.66994604528,2428.32951983196,2427.97335599444,358.19186508333,430.114254057769,384.74747993159,55.5962644103522,1191.70355186013,1488.01061772075,1098.24399222686,1343.58588387137,1295.6883554299,1536.80125128038,1273.02669162279,1378.74099429233,1378.80829202425,1436.60108612499,1368.66750768235,929.519719372888,812.178035131087,3312.60301122235,977.181739234396,820.547023715539,1462.06196965232,1812.34774909089,699.865019596388,802.318020710202,1647.70380139299,1730.51807949443,1606.52534333135,1720.88185532459,717.389251658981,0,573.835693808363,463.844406759277,522.491435498262,644.735384788415,723.029528046467,860.045778149457,767.138324899764,1509.46531117974,1449.7423597735,1547.39552642637,1182.17669166858,1475.61869461173,1660.06193679171,3393.89167693395,3683.97874030734,2690.08892456446,442.100643068376,441.219980775185,277.73732238352,436.443461458181,417.128149200399,668.601460011376,588.702704813018,420.167689606737,456.154581333813,426.646629179992,479.267404712768,460.980219619046,681.052500906431,492.130683264355,552.204693375096,653.376745918626,645.179782586837,396.541396843593,1895.65105635943,1735.92130809518,3797.01586752066,173.545463745267,109.066617486231,85.5756278897476,147.763530255333,313.78305894278,247.022307664408,73.3166017935494,520.975687188186,784.277536785525,706.197523305944,712.785703796031,901.520744455497,744.618821053983,1271.73191085037,959.646988739883,2168.91918837801,2309.00087939169,1950.20315842892,2813.69774675075,2015.89087187941,2481.38186328338,2282.71064981739,2993.17833668518,2984.42884321847,2994.92119562719,270.681407351155,209.819675435157,3754.86257244516,3385.04368282489,1149.17960539393,1037.16991679415
1688.03792086999,3694.87643027657,3668.8812925223,2102.24204988443,2027.31018785834,4177.26850965003,4173.3688054996,4185.70222816678,4232.19749411755,4246.76403406504,4232.33198485976,4094.40349599895,4151.6696626837,4344.78625194395,4319.23999898784,4278.7464997471,4336.5085416029,4243.40583495706,4154.5691259265,2859.74806484435,2844.7896977105,215.713481312766,146.262170074838,189.247727574988,627.842206747929,1707.93003427388,1998.05752934194,1632.57233815812,1864.61341759901,1796.91941475615,2015.64814211449,1789.26234571798,1951.10878467193,1869.35102031986,1960.40956087947,1895.85509716044,1503.21257509778,1375.56682486542,3640.3182739342,1371.62992450658,1294.82925767578,1864.35043844924,2289.59926466278,1235.49819961517,1324.97852668653,2219.69238767597,2301.55947604649,2180.23176296486,2276.5971262141,163.550257359993,573.835693808363,0,122.632832212935,59.225944446121,988.989314745322,1035.21257093417,1195.47944959706,1106.22965391737,1807.58511954992,2018.11712891756,2009.07810416083,1671.23925552406,1978.9180751944,2067.63937520775,3825.62608067113,4060.21381697152,3166.3430125729,224.48676345826,639.790323817781,296.674678658541,542.065807410831,422.010028991846,1242.38328978521,1156.28857730323,974.324463529379,1023.12127470806,973.181693954958,1049.62768506782,878.536155705365,1185.62167359593,882.309078000857,1031.0879762996,1136.85342539935,1036.22142563988,806.768692508592,2404.88854954019,2243.54009492956,4083.80845577209,413.317781014504,535.403377898292,505.523313283922,427.070427416662,771.825857740662,393.288826116841,540.89320151841,61.8053218926043,1316.41038969733,1265.35766263328,1285.50991939036,1471.48912122311,1313.57396590886,1821.01722451923,1513.20707012497,2723.80988234619,2875.77292476434,2491.32664358118,3324.41858100962,2580.65933722423,3050.46618982782,2839.58143187801,3367.406412763,3374.41492325398,3376.59528127443,748.974720846692,760.346800652607,4010.27712648902,3644.74329033837,1499.29383552236,1382.34352725657
1573.14405431175,3573.7618683451,3546.92535555933,1979.63486892221,1905.6686802594,4059.58862892824,4057.35581546626,4066.74108685293,4117.60988401756,4128.14790612011,4118.99897906013,3975.13214285677,4031.43223018456,4230.87486961528,4204.58583670593,4160.49809617989,4223.53079760073,4129.30350513777,4037.90786091692,2740.9844414755,2727.18424647083,115.955549644835,40.5844792099806,94.3277098000155,518.914615417628,1623.14427922512,1916.0086742692,1541.79443455347,1778.78990184641,1716.90227958643,1942.76056199233,1704.73117535579,1842.51267239515,1792.66325047436,1873.91646321886,1808.10783130132,1392.44469845852,1272.96636468757,3532.84069766874,1252.87295869299,1172.37541064832,1746.51447299915,2167.73684796774,1114.11847129816,1202.80574483511,2104.41340344744,2185.57320678461,2067.31586294558,2156.26246681675,253.737150784173,463.844406759277,122.632832212935,0,63.8401931463669,871.050209482502,920.148206445687,1080.07455379198,989.781033084394,1699.5595202134,1900.95244426858,1887.71069565743,1548.7467693963,1856.31076179005,1949.79661708107,3707.4152008505,3947.49771088171,3044.86108973548,118.41152862,525.234648586611,193.87651512217,431.417080337203,312.974519062448,1130.33842666657,1051.19656965806,874.233461271726,918.138264684933,875.477315538456,942.718298152193,756.414178486419,1063.1125577182,761.034637041345,908.455465828522,1014.22314368273,915.959152804269,684.475945222978,2282.26965964443,2120.92267327778,3982.08382294032,297.055324976597,416.714443101956,390.651289151209,320.611565735551,649.308788611732,270.890115896124,424.854020417418,98.6432561111444,1225.1830566756,1164.48804710041,1176.5632503714,1355.50677843015,1197.36301508609,1700.1331745737,1393.14037190744,2603.19072453153,2757.65593338086,2369.44382617282,3201.83327475871,2462.02554769672,2933.20075220749,2719.22030177363,3254.3427638932,3259.74333545328,3262.76565199269,662.179016250121,659.226974219954,3912.83216984527,3546.21271696486,1384.54786869123,1267.4015047847
1634.42867727327,3635.78943977334,3609.6633911821,2043.36446968262,1969.43071742099,4119.17239472403,4115.84398749303,4127.19583065905,4175.18519337478,4188.3653781667,4175.78324342687,4035.80250215004,4092.79500997304,4288.02422365942,4262.20466584329,4220.46525991776,4280.09473128284,4186.57172116131,4096.81787740739,2801.29017004226,2786.70123107681,166.763850493541,92.3777967130001,141.320472227068,577.115321788281,1670.28730854184,1961.90022129216,1591.83986043286,1826.49284590684,1761.72968832206,1984.13209570372,1751.77745884631,1901.05087636733,1835.87021231317,1921.97336742491,1856.75880543041,1451.9005179487,1328.60967718431,3586.0218145521,1313.13287806177,1235.64285477075,1806.16090905426,2230.38811535738,1177.81156679372,1266.64287658904,2165.89367371343,2247.34883994362,2127.78997989305,2219.6691579663,199.335113998127,522.491435498262,59.225944446121,63.8401931463669,0,930.702905028359,977.86113178575,1138.04138611742,1048.43035790492,1752.94771828846,1963.19201275872,1949.93558539883,1612.06501427161,1919.83050370191,2009.4549231953,3767.35316224213,4003.89347919215,3107.18501289974,168.340456692468,582.462741525062,247.713609989282,485.94082363737,366.195167112001,1190.31705866106,1107.93820968642,928.474410774318,974.765371765482,928.553012063466,1000.27063131775,819.310394895248,1126.91908933169,823.166240759046,972.112371686651,1077.83249723454,977.296338979625,747.553713487147,2345.82165070945,2184.47034021742,4031.86544949022,358.491490156746,479.358517913334,451.552841530217,377.165682253336,713.116395169445,334.729260126119,486.332684773816,58.6915581943364,1275.313064993,1219.26650278917,1235.14554867751,1417.22906057384,1259.16349256251,1763.70116848089,1456.44332014681,2666.68997656104,2820.28841949658,2433.25116797355,3265.30014255273,2524.84607186101,2995.50872791024,2782.64113308898,3310.94000418279,3317.35681046618,3319.84496728821,709.53118528598,713.768944436726,3960.11614890502,3594.10773847571,1442.12118321247,1325.08945065418
1036.03282004729,2713.08890951552,2695.92537767122,1182.63315441599,1168.32788167465,3188.56683613751,3187.08795165771,3196.91298750419,3249.38396941059,3257.8018030917,3253.370559929,3105.92585948863,3165.30327910072,3363.91948973417,3336.21501376307,3289.7710056516,3358.68596784328,3261.99953310381,3167.10038087642,1870.89000174047,1856.13910439506,833.689083955044,864.041166766861,853.24009742656,643.176290824667,1474.13023976187,1751.50392066571,1345.3133804698,1594.99548850192,1599.14079751129,1860.08555763934,1544.95622012432,1375.81624147599,1694.93120342301,1670.44257706286,1600.47512871542,964.399761119273,998.352420283167,2687.31302569874,383.294177880517,385.417299998163,875.49703572837,1319.8942565233,498.135350406956,513.574938303256,1505.53144192855,1568.68995968816,1511.65052983207,1447.93301423924,1054.51804190829,644.735384788415,988.989314745322,871.050209482502,930.702905028359,0,86.0739428609211,218.945321132839,124.794550155284,867.612696433573,1281.0803343767,1033.93300711954,734.785649199058,1044.38123413688,1078.7888735991,2836.6553353051,3083.49720519362,2188.3495470164,766.124486031345,353.463099389078,788.371964487488,457.526141874863,574.497784881633,757.198040001693,821.07726582719,797.225668942659,755.275915093717,824.57665166235,739.456710080948,196.673746991234,379.878374270298,155.635312903164,266.410104021103,305.609135273068,89.1857498205984,249.393389120104,1464.44840140982,1305.28229319827,3160.28773475134,666.622226287198,571.693905087054,626.643553686079,718.01269911844,339.035561108419,626.23368925461,598.626937050536,967.400868015392,1100.02359201538,946.892154144405,839.641922044924,836.382436466683,715.785120012912,1003.09544531368,760.37604665167,1872.69612396356,2077.23567085187,1606.51004433208,2372.1033584775,1780.85980559939,2263.65887544317,1992.31494675657,2390.06775660872,2391.71610266798,2396.55450993203,846.856724719888,722.255257578972,3112.58591420208,2742.86632166425,520.797853083591,404.27882668283
1089.34374448889,2681.35774942443,2669.81487041297,1183.64090058701,1185.59592536383,3143.75538152621,3138.18188444313,3155.85131495329,3197.48644704749,3215.63578355105,3199.11345523264,3065.94266995307,3128.85843179317,3310.76791765907,3284.47641292387,3246.50900579917,3303.85604082032,3209.16615225699,3119.70222756816,1830.2992937721,1811.61545560722,891.344976753775,916.284274864738,909.502468256358,724.125400181324,1551.84542874042,1826.58252761976,1421.81765712653,1670.10341495812,1677.39562448514,1938.42713141451,1621.64167871689,1431.70909168407,1773.48012772254,1743.93979396037,1674.24396866569,1030.65852711688,1074.93802162216,2623.60342751813,353.400614690311,413.845915704935,833.336637268253,1299.47165508953,559.123960280835,560.49454714093,1543.70202576886,1603.55749614598,1555.65472020782,1468.12934238908,1089.618107829,723.029528046467,1035.21257093417,920.148206445687,977.86113178575,86.0739428609211,0,160.354649794897,78.3215506644434,796.996721487412,1318.84916605774,1012.00708795443,737.072661583634,1041.98223759864,1036.06998810732,2793.4616341791,3028.05448638257,2160.0649472497,810.889329556291,395.430094874492,851.088444326141,495.322599191517,615.023232320892,832.64763787428,902.708597082512,882.919257910751,839.938864175876,910.382809616545,823.311936682982,282.07796495537,437.47608237532,239.496659689892,342.448005039768,365.031508166325,151.59637258939,330.909884389225,1456.01460027973,1298.82114203257,3090.9577890215,733.570261723884,645.034405485001,699.921628463365,788.510230753811,421.956692973529,686.318599911187,673.618209726172,1017.80960795383,1181.92052979712,1027.07684963156,915.492191901491,896.511421300955,783.54652954134,1031.8661554946,807.137163470265,1884.96572975998,2097.94323091629,1613.16940924736,2355.65441569995,1803.33627867687,2285.27198236719,2004.63775177897,2334.71601308633,2339.62591556904,2342.70942696743,931.203829236609,807.244668328516,3039.53292502946,2670.00709721993,464.399755997028,347.268878207363
1052.22281120968,2524.48925767144,2515.73665711634,1056.59636348533,1080.43132221728,2983.47461224128,2977.8905935137,2996.03715326092,3037.55370885451,3055.63815594307,3039.70156704649,2906.34544167672,2970.16732663342,3151.08906001835,3124.51935656447,3086.36695407158,3144.60938091235,3049.41412880873,2959.35065311447,1670.74338867936,1651.41949564557,1048.88304017167,1075.60075911671,1067.60015612393,854.911654238748,1581.11991775554,1844.05959723043,1447.1861908186,1688.52868925403,1708.18106794337,1968.34242946254,1646.34673598897,1396.60421698944,1805.03025960313,1756.18424637073,1687.83576491457,1027.1896368895,1104.15419225272,2468.80942344372,207.738480204993,354.386461254632,673.950166301815,1150.67472044614,556.344692164047,525.488363464002,1470.4746391589,1523.88633064917,1493.64584522228,1365.14616142557,1249.11893769038,860.045778149457,1195.47944959706,1080.07455379198,1138.04138611742,218.945321132839,160.354649794897,0,94.1521731859767,649.756200063862,1246.72185885276,863.082753529143,617.21225333947,912.014279172478,876.360785431175,2633.34710295766,2868.98104435652,2005.06156137369,971.19815292522,555.691138567332,1005.98346902749,655.613714210546,775.365984646251,861.86197538638,956.371064994695,967.04340041379,913.59489407482,996.067123964208,891.19405957939,401.86589004272,435.662653533649,367.915509747432,398.041008669554,375.600002764775,223.985213914113,463.513963406114,1317.26433042313,1162.71097230428,2941.52342118385,885.336915863266,790.166609521817,845.081489023265,936.918389287459,549.25817030224,842.556446485047,816.436158696497,1177.55732581956,1233.55326409834,1071.9216544688,944.469364721243,879.348601567793,789.680558714002,947.051694319924,761.523088440492,1768.79118687298,1992.9555297264,1490.74308543853,2208.23058667917,1702.07240514669,2181.10170135084,1888.1639897737,2175.56627411546,2179.68622257278,2183.1402728371,1047.86815662448,920.525979170341,2895.20781321845,2525.42129851338,304.827463274369,187.602383801488
1039.31952072621,2604.84473895155,2592.31052101285,1106.97009235226,1113.50168481597,3071.31672784108,3067.58167802575,3081.98579515124,3128.43680190785,3142.17080790658,3131.41706553536,2991.70232794725,3053.53889993641,3242.42855946303,3215.34520872633,3173.45916148316,3236.51264744387,3140.63921624928,3048.3876907744,1756.11715851954,1738.90113849877,956.20762150843,984.330518882308,975.250127868895,763.268846213088,1531.91533666096,1801.30340995517,1399.80595315903,1645.10644823141,1658.35514020123,1919.21260346059,1599.5827029935,1383.14359931946,1754.91552427481,1716.13237218062,1646.98517826398,994.457331728789,1054.09669103092,2562.73739057073,275.499445382748,351.358358448182,759.292881561959,1221.28407199888,520.589281218387,508.622532439629,1481.378147157,1539.19219269195,1497.1819493109,1396.84517179769,1164.56368639764,767.138324899764,1106.22965391737,989.781033084394,1048.43035790492,124.794550155284,78.3215506644434,94.1521731859767,0,743.400438982572,1256.62190928557,933.869050955882,661.174175091918,964.799011547836,962.381371202534,2720.35061077933,2961.07623101799,2082.85313258836,882.333016867416,467.027679487125,912.369783226102,568.723136182517,687.791522249283,810.979432063627,893.864542828164,891.17214605468,841.94802980339,919.636844128218,821.983922171023,311.221574828298,397.754051141554,275.272847245996,329.982033092612,329.537848849106,142.12252753165,370.674038742232,1377.97047664589,1220.99035479941,3035.6098667759,791.286542075885,696.157723186493,751.086772991397,842.774451249903,457.756585796209,749.405100398395,722.651449641371,1086.87104774475,1172.72167666127,1013.97758913749,894.03796691833,853.946120408332,750.673619969293,965.149770102145,752.919542962246,1810.68674399999,2026.45546859155,1537.49897533837,2277.35613455988,1732.71477606173,2214.06103173182,1930.32879307035,2267.62892986197,2270.6126717713,2274.70281857503,960.324617995432,833.844901101622,2988.70585768259,2618.94421019044,397.237497435482,280.29225568761
1385.77308845188,2052.37001968604,2081.36892325027,989.863083341312,1138.50385440018,2426.07746772335,2399.72074707378,2458.86270878016,2444.89725202406,2511.69104985382,2436.69189345555,2376.40110815097,2459.91257440072,2552.28561242708,2532.0885009064,2536.17676358056,2538.75188442447,2452.51081159877,2388.82218572321,1169.99127390509,1124.22240844111,1682.80180879821,1700.71876826682,1699.30888037846,1502.53258158496,2053.93223529198,2275.35134135293,1916.89464001655,2128.92779392664,2179.47618351729,2428.32285563824,2104.89808394137,1697.38302693095,2274.65591139111,2176.84023730633,2115.31969384025,1457.80495647038,1603.71355405681,1833.28100636097,570.219814699286,820.456452583567,375.886737455994,876.570337626195,1061.72408195474,975.094937841911,1620.84552466278,1640.77898541746,1687.57930470723,1387.93880886877,1834.37019835004,1509.46531117974,1807.58511954992,1699.5595202134,1752.94771828846,867.612696433573,796.996721487412,649.756200063862,743.400438982572,0,1428.4415511811,662.632724360128,747.243799283569,862.841863195617,468.157786764934,2089.00094323862,2261.79567760398,1575.20813261864,1584.67324674374,1178.47139527273,1646.73967723445,1268.15266381776,1387.04132847858,1381.73611567626,1512.91255867873,1569.53936060034,1503.76563558644,1599.68677941747,1474.1055918329,1049.55244962519,971.391684020311,1017.44699458361,1008.47272423672,943.630971636361,866.766794788231,1113.07249185113,1113.33590488218,1006.45000208218,2293.96608345755,1530.56490839933,1439.29221536733,1494.24649487988,1584.800471138,1197.34965899582,1480.92558305877,1466.04999126139,1798.19308939991,1771.47210616535,1605.34159029694,1456.23913083625,1294.52223052594,1271.92846388344,1128.74429283716,1121.86933748916,1674.19459715936,1946.04074219779,1384.20037890392,1854.96426433547,1697.3812306063,2127.2892186794,1782.48799100649,1573.46720334582,1593.56319881689,1588.17458458042,1685.14148498582,1556.39781158937,2245.48166364514,1875.6834707645,374.831270905191,475.934053843128
344.183720410574,2046.33749274182,1948.58558018846,553.565559325241,332.858180985663,2679.85910697322,2749.04000384016,2625.67965111133,2859.28816844308,2699.15822975912,2906.68262878533,2525.65912003999,2524.16117070974,2986.84264674273,2935.54655838753,2746.35546247278,3013.52313826552,2887.96147828151,2704.56009503126,1505.54752628032,1560.69541958053,1804.67473810565,1872.00662181289,1831.23909842476,1399.00550436749,942.583984661269,1025.53147628805,842.729323861773,924.552271794015,1032.18090702983,1210.9702448584,945.907829817782,353.219655597014,1103.52267751033,923.934696043169,887.573723954178,564.816424802651,775.394484345426,2592.64630787649,1080.0068630868,905.661496537732,1072.61769296842,881.806228505761,819.203094404464,770.449526179511,224.855273495521,291.119270567171,260.663628154316,335.961717704135,2147.53041416431,1449.7423597735,2018.11712891756,1900.95244426858,1963.19201275872,1281.0803343767,1318.84916605774,1246.72185885276,1256.62190928557,1428.4415511811,0,846.44870152664,699.803713245831,609.86191400103,1118.72424952461,2337.17038268726,2775.66601614695,1549.91092477758,1845.2903119131,1541.41443086718,1725.9026071609,1633.60786072391,1714.65770757258,793.755572734755,925.173692697875,1117.54925515627,1043.30222513529,1134.54376473876,1007.16970431376,1241.96943928648,914.919319187331,1268.34267181892,1069.42965371251,986.86014877123,1192.32249527219,1293.41538797171,763.044219074661,676.31498060767,3141.9413850323,1604.88527597977,1484.34288821665,1512.7497501446,1597.24601805339,1284.40127819858,1638.64006351234,1477.22393190479,1968.63921271887,960.719223636433,877.600732815629,777.691200556636,548.461419674917,705.211932515185,310.981864271391,530.454546647878,751.937552854107,859.530059894715,620.391246600527,1531.31614945407,569.810970301759,1032.34972308859,855.395306275049,2170.92828948296,2111.43548332941,2147.95029150552,1373.9820311074,1298.64525521753,3193.54432099475,2856.6507630122,1195.74866812702,1207.40234102043
928.379948047001,1686.30867934894,1662.4978196702,334.777558261593,520.817390334755,2204.30187978459,2226.08466936392,2195.55285455598,2307.7180361072,2260.63538845151,2329.5931538298,2100.90699795357,2148.27400480046,2429.81298148313,2392.18764273605,2297.22861715209,2437.78152316846,2327.02999033288,2197.17556000301,886.973250668482,899.059687711871,1830.7887235935,1874.38918049401,1853.75443074165,1517.46688960041,1655.69453907552,1817.53632236303,1526.80373595934,1689.60150114587,1770.305754766,1991.85424129819,1686.68361683015,1169.89517560579,1857.45479331371,1714.53218836241,1663.79083743589,1083.87231739955,1287.02289320047,1877.25177388984,658.785193495783,727.924238556176,290.297896070944,287.650132798034,884.178226698997,771.975141796016,1005.67656417061,1009.93369940437,1090.59704940413,736.642647217786,2086.51656251512,1547.39552642637,2009.07810416083,1887.71069565743,1949.93558539883,1033.93300711954,1012.00708795443,863.082753529143,933.869050955882,662.632724360128,846.44870152664,0,377.622235491183,236.602760213974,272.452010295313,1847.80330355248,2172.80937044901,1157.32538647949,1791.01525756296,1385.84975539325,1770.24623231048,1490.58424021541,1605.40637454884,1130.98184725824,1291.3033466312,1422.91822121588,1341.79333456618,1451.44607650937,1303.38107896891,1132.84422787868,869.073002247538,1126.76996449649,998.628980192504,894.761435292921,975.042795760836,1205.64232443573,478.390684082348,348.888271806094,2409.83469803765,1638.48241409691,1520.15742501756,1569.41546938539,1668.51510362392,1256.94621606021,1624.5797705016,1533.56015357749,1979.79659246502,1485.74429106122,1334.53382430926,1179.9254864114,938.740935208304,998.63701757419,599.097735248529,760.267648437639,1016.33850363046,1284.41309426784,724.921408083643,1345.16587899791,1035.93557030793,1467.02331069167,1127.8167266234,1499.5391826946,1471.32402327562,1491.49766423475,1622.79196764788,1502.57021601305,2427.40711167305,2073.10414109535,620.447640208112,708.597396352048
644.907928082918,2040.79962434949,2002.44832895797,447.900860175131,470.443987812425,2577.6198360814,2602.55395910132,2564.32412613183,2685.18916292747,2630.63402414398,2707.17331083686,2468.55030800269,2509.66303282252,2807.40183892941,2769.54882349504,2668.46661871433,2815.3428381458,2704.62493747535,2572.76368007445,1263.76989353164,1276.56765730478,1482.56915943484,1531.7851700993,1506.64799373487,1149.15148817147,1346.14518518453,1543.92758294668,1211.67893900067,1403.2927740458,1467.55321474128,1706.08543537959,1388.04261130513,950.174715214345,1559.76887179025,1443.23520263574,1384.95974022511,753.100458217941,938.020970797931,2242.07566399534,418.127111003497,376.490754257201,437.194005027273,630.195842807887,506.892287825326,394.797920730093,910.007782202009,947.634076891315,960.238172047216,754.435129282187,1762.42965032827,1182.17669166858,1671.23925552406,1548.7467693963,1612.06501427161,734.785649199058,737.072661583634,617.21225333947,661.174175091918,747.243799283569,699.803713245831,377.622235491183,0,311.279427820807,573.082435869798,2220.90854085874,2549.94094373232,1508.32211175535,1459.81467230039,1071.57085028614,1417.51251646767,1176.00345164416,1284.29753282565,762.075511612471,920.099502645001,1045.91698533129,965.159824066301,1074.63143997674,927.034168524952,794.068204638461,501.138039690287,796.742317180737,643.234229686525,537.17819297789,660.443335486903,864.861961330938,736.253838651123,575.27825924118,2767.16056946701,1285.14065370471,1163.79321086717,1210.65073661451,1309.36291988413,904.638862494831,1280.37204328552,1174.07975967167,1637.11286831024,1130.67736666938,973.389858605378,817.348752189981,595.654392565475,631.347168057015,390.317894220526,412.645121851788,1151.73762251154,1378.37495169659,876.332791188242,1653.74120985019,1091.03134617565,1566.70528487022,1271.19492622116,1873.83088744294,1848.1065065404,1867.18570434368,1246.00719117184,1126.9165108773,2771.80621669258,2411.05423953076,498.979597514322,527.783494363222
715.235155069371,1752.29152209285,1704.08775418779,146.735449969453,286.130963721668,2315.02480058636,2352.4137524176,2291.56402514335,2444.04142151868,2360.0000237922,2474.43225974899,2194.14109354574,2226.46978043767,2568.76088430144,2526.43988014741,2400.33637082702,2582.87099616205,2466.55415405629,2318.17065333858,1026.27027439045,1056.49171627417,1786.88408746069,1838.22227742463,1811.39373579225,1438.9551318305,1443.18029045045,1591.31793999862,1318.08049994279,1467.74472840765,1554.05324518698,1768.43234174671,1469.28123103158,936.752144841057,1638.71941435107,1488.15920073405,1439.75494811431,891.229177254855,1105.1620540374,2066.34215776698,705.709172822342,685.924712444025,488.893748754501,362.535950979321,781.437632085822,674.176395998536,773.157108938712,783.034233175384,855.096496436026,526.286836961768,2072.74197781886,1475.61869461173,1978.9180751944,1856.31076179005,1919.83050370191,1044.38123413688,1041.98223759864,912.014279172478,964.799011547836,862.841863195617,609.86191400103,236.602760213974,311.279427820807,0,508.992028749845,1959.09826004841,2325.12067666066,1220.00617467808,1769.34402283062,1382.8494483215,1719.73744545609,1487.27723006361,1595.27058719246,978.709633550412,1140.91675142517,1292.39624357959,1209.67468194542,1319.15996759619,1170.10198613328,1103.66207016039,798.913111939233,1107.57251109394,948.339742288288,842.310084113078,971.423579348371,1173.75163885898,426.108194481934,264.774499005109,2606.71220831942,1587.48676472463,1464.82865116995,1509.79560276104,1607.76145873193,1209.31276058857,1586.85995782618,1472.86457046471,1943.30949575081,1307.40773937828,1165.79456347645,1015.97314679635,760.004310954653,846.799120713917,376.976080715736,594.365300775839,869.009761461763,1117.00477482334,582.937356403757,1345.6338744508,846.991466006916,1304.11002635255,986.692809785263,1670.17190649258,1630.26537115655,1656.60653591278,1513.08916953632,1400.65346319643,2635.88405119827,2286.89125755474,732.042831900251,792.952674069169
1182.17870072838,1657.18834463062,1663.31445721044,597.590900169644,792.91640824912,2109.79145887581,2111.19856762155,2119.78541434853,2178.87180587103,2179.79013459811,2189.31266122633,2029.98728527846,2095.3354930242,2296.32099556988,2265.18500718438,2211.20843683185,2296.16025822345,2193.78313594856,2089.55810235607,794.425393836327,777.454289848051,1907.66865807006,1941.97556012357,1928.51245359654,1637.81193815664,1904.13111402901,2078.64599432201,1772.34505334194,1946.75487281492,2021.86646347879,2249.88782918081,1939.61321283687,1438.57465279389,2111.16014396423,1975.97193001486,1923.08617473833,1319.5469714533,1510.64242819253,1680.19998529103,697.984558527111,851.218310233743,203.294190430153,412.548900641434,1050.71756436055,941.144518086336,1276.2708012019,1277.1524452669,1362.72945347073,995.919682344015,2125.47950184486,1660.06193679171,2067.63937520775,1949.79661708107,2009.4549231953,1078.7888735991,1036.06998810732,876.360785431175,962.381371202534,468.157786764934,1118.72424952461,272.452010295313,573.082435869798,508.992028749845,0,1758.08346778505,2024.16123396279,1150.92067846587,1844.25233028432,1429.32605732081,1855.47711968845,1530.96852668397,1650.17225108134,1331.53773470845,1486.62194843331,1597.00020461541,1519.09976072783,1626.65814976717,1482.63910144384,1215.23221772736,1007.17182504136,1198.85115999138,1109.67932848432,1014.3568404178,1039.15618350323,1287.58227374196,655.015863472575,569.433390529983,2197.88599573627,1727.08765936933,1616.28976643054,1668.82681123652,1766.83879393445,1353.32699728849,1699.21870005423,1634.99693507909,2045.85000910477,1703.73427973443,1545.75281798221,1389.60842816474,1165.99128249948,1202.42118634388,862.716851955866,983.311444552286,1226.07629725562,1504.92032590551,941.504710656291,1402.71973713499,1276.94865010135,1681.21825050005,1329.5730479865,1334.9628930669,1324.44626719249,1335.20116055098,1772.58104030045,1646.97807647262,2198.81303971635,1838.073400474,582.624698145688,694.674418262438
2605.33410056442,412.508619392709,593.332685695105,1892.00433636425,2079.24178339521,356.725571733928,414.612306325622,370.509781541156,539.355277093394,423.584790571646,612.045682671529,296.754547689019,417.972926501036,665.324400203534,606.422123338569,453.1261213093,708.578141429831,575.365027276131,367.391274776462,967.695408688319,982.129532891093,3662.09659027567,3698.77274604434,3683.61380474527,3365.02094053978,3279.50214626009,3325.84233465673,3177.94779431433,3248.83771852573,3364.1479159412,3513.74898805887,3278.63206809693,2675.3396332818,3428.13787718946,3230.77468961894,3206.94755030692,2815.29650667204,3038.21969795024,828.370387682891,2454.62162692481,2573.35417402186,1961.3375896452,1599.4184403935,2726.2647792028,2614.78894846554,2323.78569673881,2255.42595422147,2440.57837891348,2012.38688173696,3881.76277433608,3393.89167693395,3825.62608067113,3707.4152008505,3767.35316224213,2836.6553353051,2793.4616341791,2633.34710295766,2720.35061077933,2089.00094323862,2337.17038268726,1847.80330355248,2220.90854085874,1959.09826004841,1758.08346778505,0,548.206149468706,788.823154097275,3602.33319345485,3187.35660884578,3606.69443434972,3288.69175954383,3408.08481888398,2936.25358204853,3098.22225984434,3251.10463464616,3168.47821545334,3278.09089335705,3128.9820859907,2965.12017406963,2716.87495372179,2952.31653101647,2842.81322958453,2740.52633278622,2793.85100688645,3038.06211623575,1597.72057209493,1732.34477952731,1208.8954957861,3476.42606185772,3361.33548009415,3412.08735455915,3511.04345820064,3097.18176553656,3453.82603959864,3376.87797618754,3803.04540125721,3240.54021365893,3112.30894477996,2968.09722973206,2705.96235934024,2805.07562154351,2283.25325390911,2551.07939684535,1751.49310858224,1923.01371468572,1731.6074805485,947.809640935922,1982.24468596617,1955.76011324023,1730.84440044409,626.513287871689,547.041324957757,583.576320420751,3465.15247534066,3347.60920414899,1398.68785127572,1287.73472817186,2333.94298073103,2449.08169840683
3012.50049545202,960.67395801714,1141.14439410301,2284.11141607208,2489.60772650749,468.043412842642,304.769516238766,617.413321980373,230.924464037114,594.881277523986,178.788133440004,639.9898182722,786.375045698303,300.537405834611,304.902348560774,566.215322164606,276.967009908562,214.922482863847,358.385306738145,1298.97608154619,1274.25075427235,3917.12781145707,3944.33915139364,3936.32618345362,3661.94076942279,3714.2416225793,3787.92213718952,3603.67614347195,3698.82018608435,3807.77819819266,3975.84563589617,3721.4455983221,3123.76468648073,3878.24025693703,3689.65531828146,3659.76268753089,3209.81545319171,3428.17480475144,543.355916966373,2713.38623060215,2872.69156531054,2222.24443215713,1963.99494562101,3054.56923465932,2942.45635829614,2790.28183755686,2729.04941527626,2907.39725717257,2465.67329826963,4095.19783171653,3683.97874030734,4060.21381697152,3947.49771088171,4003.89347919215,3083.49720519362,3028.05448638257,2868.98104435652,2961.07623101799,2261.79567760398,2775.66601614695,2172.80937044901,2549.94094373232,2325.12067666066,2024.16123396279,548.206149468706,0,1267.8963181897,3835.86071231899,3422.27246259882,3870.29665218368,3518.15681556486,3638.20763528746,3298.20453472402,3459.90375975657,3595.71325376773,3514.58539665613,3624.25501948178,3476.1043897687,3234.8129989537,3025.71344278066,3214.8714346146,3133.80110279529,3037.49247148766,3054.67165885806,3306.26513719977,2015.44600799382,2129.65329713036,705.037339495541,3744.50943296429,3637.15307026066,3690.37186426388,3787.63499625386,3375.60494420737,3709.67177544068,3657.18600893773,4045.51763237803,3630.99775936595,3490.8655895583,3340.12413505599,3084.97416638292,3165.4960252879,2677.92724875391,2917.40156057385,2253.60379718634,2445.89188238437,2195.38768191135,1483.5405221539,2477.66752284576,2490.84569679373,2245.43797798443,693.448456308823,702.332924583352,689.061699821114,3789.43499458624,3665.96332883562,922.307589358498,925.669416710905,2564.16353864594,2681.37986970487
1827.57101131018,532.751372677282,512.59686484035,1132.47815972872,1304.25206028175,1130.30373851721,1202.71547678409,1084.64013017901,1319.8426939427,1156.29998545128,1377.72783025641,985.274496873917,1007.19414296791,1447.40741809719,1392.328271175,1201.15611495018,1481.54207079715,1351.71262606421,1155.91940331572,446.789870507077,532.520152562689,2985.9738242533,3031.05438563226,3009.32194614235,2655.68639290876,2491.64150530459,2538.24807336878,2391.88637610436,2460.03242717978,2575.41670303363,2726.26019573285,2489.96439387087,1886.56912072232,2639.35479945881,2442.63252141504,2418.23915680774,2042.32104440798,2266.16819464613,1255.06793131207,1807.81609810517,1878.8262404021,1341.82597698978,879.255508579827,2000.96822930667,1892.40861713586,1536.2536835628,1469.76407642548,1653.24302951451,1223.64476345714,3242.52653817545,2690.08892456446,3166.3430125729,3044.86108973548,3107.18501289974,2188.3495470164,2160.0649472497,2005.06156137369,2082.85313258836,1575.20813261864,1549.91092477758,1157.32538647949,1508.32211175535,1220.00617467808,1150.92067846587,788.823154097275,1267.8963181897,0,2948.25163381128,2541.37965339747,2923.46265770161,2645.80613785,2761.63382698135,2181.76980369002,2342.28730303124,2505.3508687677,2422.53645236214,2530.96021708909,2382.74830816907,2289.28596124858,2009.29818695043,2284.04184746584,2149.11913587828,2043.6482047928,2132.02739556892,2361.88257514801,826.177542775604,972.973589412457,1781.01121133022,2791.25218647347,2671.02181696238,2718.60292676335,2817.44561301088,2409.66446829057,2780.70549161832,2682.15244714634,3136.51239958859,2467.1388772431,2345.91929719443,2206.73787557101,1942.75024111117,2053.17841617988,1515.05383002669,1798.41307296623,986.816400752386,1196.29623236847,942.979283479507,368.696036791792,1209.7879830727,1270.20308022246,987.101432963133,824.78402399302,723.031110583916,779.473903229941,2732.11525956498,2620.62833685057,1906.53290927986,1658.49924863231,1726.99542210788,1833.27598988181
1524.76255516286,3475.64332417672,3452.5212114041,1896.08197320675,1832.12783653094,3953.62004263276,3949.07100993626,3963.01604794203,4007.71517696306,4023.76437246064,4007.89768819769,3872.04139755659,3930.59919830574,4120.30868830791,4094.75992894913,4055.45922147216,4112.1186033779,4018.9214179716,3930.45965036065,2636.98109584834,2621.16769020921,170.475179473962,134.444931812341,165.825052267876,497.385581614035,1628.38420584157,1923.7499237015,1538.92340117112,1781.93820135852,1728.05834525022,1961.9337870444,1709.95360919083,1807.84319883036,1807.735925282,1875.78341203052,1808.45564438295,1354.81498976192,1252.40489443221,3417.80777840397,1149.23721551573,1083.55907930081,1640.99667895829,2073.22514803974,1044.2345932993,1126.86307145494,2053.66190710239,2132.76230115954,2022.55940365915,2089.00333558582,306.66245113527,442.100643068376,224.48676345826,118.41152862,168.340456692468,766.124486031345,810.889329556291,971.19815292522,882.333016867416,1584.67324674374,1845.2903119131,1791.01525756296,1459.81467230039,1769.34402283062,1844.25233028432,3602.33319345485,3835.86071231899,2948.25163381128,0,415.538441813153,217.501819604317,317.73171572042,197.866670043157,1091.3164126043,1027.7248465545,862.096450996881,896.330732660968,867.435754193951,916.753791546987,665.778196248865,983.622685530815,665.537207060845,825.577986802748,930.08491662557,816.391366277369,595.762199263328,2195.40975204231,2034.11194289058,3864.96061214466,268.734048101213,370.465002573931,359.475735953653,316.882248716549,572.452343543684,208.900601291945,388.034474000971,215.732130678132,1223.64124206522,1147.82453654804,1144.20203127175,1304.98533793474,1146.97543637578,1631.11303611708,1328.64141315241,2534.18788338218,2697.8070728901,2293.77266023224,3113.49483530681,2400.79897726109,2875.80387289936,2651.24445390884,3142.99516182487,3149.93917651844,3152.11805516179,675.268924598086,649.345532532426,3794.86011545933,3428.39707236405,1274.85930173116,1157.94423422244
1251.8037625465,3066.51911174607,3048.29422455838,1516.32416488886,1477.77154566365,3538.31275478671,3533.58193419021,3548.69783657142,3592.75266857518,3609.07919229444,3593.78162385832,3458.13525386327,3518.475008503,3705.76433174335,3679.76328455939,3640.4703446665,3698.29587505551,3604.24861696658,3514.9226193982,2222.70680652177,2205.92049394395,505.242843833803,523.22621458909,520.999003589826,469.406016165826,1532.47207840131,1825.84343827147,1418.83063076063,1672.76127517885,1648.78761050528,1902.96123602196,1610.65489122378,1570.5210559899,1739.29588173815,1759.01740104958,1688.66568106589,1124.63973182834,1087.23934443689,3010.97201624794,736.465576567566,701.527069496347,1226.15624653368,1670.80859775034,722.324319437751,781.188416332332,1760.77584628624,1832.53370880276,1748.43498876086,1748.44954017055,701.189170887067,441.219980775185,639.790323817781,525.234648586611,582.462741525062,353.463099389078,395.430094874492,555.691138567332,467.027679487125,1178.47139527273,1541.41443086718,1385.84975539325,1071.57085028614,1382.8494483215,1429.32605732081,3187.35660884578,3422.27246259882,2541.37965339747,415.538441813153,0,477.045017207826,104.960242941131,221.208647471529,873.646133451576,871.4932375648,767.868375414936,762.294164301451,786.891259165272,764.844835688447,300.437200594805,633.190523359799,281.451919566029,473.8127730999,567.357075790306,413.303662164422,250.154538489608,1806.82123678599,1646.36873834565,3468.15449491377,379.521961727899,335.724744043032,382.617311114322,447.161052033307,289.251692459684,310.928081717625,371.718269137459,623.286242744185,1127.17429825065,1004.34688329284,945.716712379648,1033.91645857484,885.291469191779,1292.2429675699,1011.19010532844,2185.24884541235,2371.75957471318,1929.84667234288,2719.59192793978,2073.4877571306,2555.12450910219,2304.16210522816,2729.10796896376,2734.91217915116,2737.61975181472,703.939757572826,607.445974751795,3407.00601441444,3038.67047425828,859.66277488363,742.628679001223
1393.42060640641,3454.86344056787,3419.96107693989,1836.85731209572,1749.00841849547,3961.11435844679,3966.6503876527,3961.53110518752,4032.85807034753,4024.76460539465,4039.20904940102,3868.25585925618,3918.48837909363,4148.68591582601,4119.450944424,4059.02494143549,4144.95735179017,4046.49009798818,3944.31231922757,2639.00556279951,2631.37193589713,81.1751314465718,156.319676091743,107.45173719292,331.29549297728,1430.41738036768,1723.92628764209,1348.02998850383,1585.75167776178,1525.62503932541,1754.39908526177,1512.03344406206,1654.48454312835,1602.66503064754,1680.70958067396,1614.68598358064,1206.66012301915,1080.9029706974,3474.42752045884,1158.66179373281,1044.63670864792,1653.33661781602,2044.2357014263,957.886887395253,1053.66331270705,1925.18340230482,2007.71449316391,1884.20675738453,1991.54496091465,446.032705118406,277.73732238352,296.674678658541,193.87651512217,247.713609989282,788.371964487488,851.088444326141,1005.98346902749,912.369783226102,1646.73967723445,1725.9026071609,1770.24623231048,1417.51251646767,1719.73744545609,1855.47711968845,3606.69443434972,3870.29665218368,2923.46265770161,217.501819604317,477.045017207826,0,410.497871391793,319.136899652086,946.263489434331,860.377907119771,681.077816039991,727.192305518983,681.814593555874,753.151948663725,641.603559327331,920.947556068196,656.755628760743,774.606542479012,880.451706872973,816.8129877627,568.723029689694,2143.86833493977,1982.97842780736,3939.99867617714,132.37497502484,255.349553996684,215.676753342258,130.432485720635,513.809502841533,166.675735531352,252.578669491496,243.283471225884,1031.43144694545,971.711970928345,988.837078522043,1178.15361185309,1020.72369578125,1538.8359497315,1228.37291771824,2439.45577094209,2584.69376230436,2214.14728147078,3063.92504665572,2290.71040466519,2757.96984799956,2554.18547481477,3177.04320196281,3176.02977860114,3182.4567327531,470.148780201931,466.214936747043,3882.43933965359,3513.71476512669,1309.1695974445,1192.55403644468
1336.90338172783,3170.53911557627,3152.97149594905,1620.22512388899,1578.48320362786,3639.07655399584,3632.72909492255,3650.67841136153,3690.49406948199,3710.72426259514,3690.28122567021,3560.42269567635,3621.6398157881,3802.8334963628,3777.56498257657,3741.76164408823,3794.44248558901,3701.51018370437,3614.70459224967,2324.83960033969,2306.91792818631,425.718672791294,433.760915807872,438.289558814314,474.864596669638,1578.84464362852,1874.19132563944,1470.22728403852,1723.04861847873,1691.86102332947,1942.41252270464,1658.28482993014,1649.31223602246,1780.25417874671,1811.48833231428,1741.51845083565,1199.63309420369,1146.67530267226,3101.43322783254,839.96750867715,804.921248211081,1327.9700109781,1775.68183200876,814.746768677142,878.829482947235,1851.34064922721,1924.60170837767,1835.32980145392,1847.35603268647,597.045770751874,436.443461458181,542.065807410831,431.417080337203,485.94082363737,457.526141874863,495.322599191517,655.613714210546,568.723136182517,1268.15266381776,1633.60786072391,1490.58424021541,1176.00345164416,1487.27723006361,1530.96852668397,3288.69175954383,3518.15681556486,2645.80613785,317.73171572042,104.960242941131,410.497871391793,0,120.143882018492,943.37059209438,926.033442282417,804.537569577515,809.138752420118,820.478555461576,816.350596569179,397.884480974594,730.943573357914,383.15632500927,570.500666639873,667.110429749262,518.238999822173,340.415375540291,1911.485423227,1750.95326829984,3552.88349729811,335.336694013494,327.396760702353,363.840194755593,407.476599656889,360.794941822588,252.38623851409,363.268718767476,530.04364745841,1170.33546540502,1057.59334724008,1011.65948259419,1117.45871902752,965.572776304082,1390.215261362,1104.37044822187,2285.7503867039,2468.90962604635,2032.19648810953,2824.52409349547,2170.59456001196,2651.53470039146,2404.46812982115,2825.34347173492,2832.8053427669,2834.64740684954,706.731452056349,624.982856591699,3487.3027200593,3119.7660368328,958.20577148648,841.560591911239
1407.71897742848,3287.31009501713,3267.88698463655,1725.99561867166,1675.6994394709,3758.71218800897,3752.76342202881,3769.71777891148,3810.63652334934,3829.96247639734,3810.38627895262,3679.25176790368,3739.6690894202,3922.96884548709,3897.70647810511,3861.17931959094,3914.51745817775,3821.65112139245,3734.62371087616,2443.76740832668,2426.44583748879,319.433935927572,318.22866368956,328.593518083084,464.799643108485,1596.83938930896,1893.35577641519,1495.06347703636,1745.24142370992,1705.24240029706,1950.35280119517,1677.44788673718,1709.73067854648,1790.65897402873,1836.07703067896,1766.86822667091,1256.83195080128,1183.92440326064,3220.26642483152,957.635886182029,910.336562760935,1447.07010037401,1889.58896825219,899.703032253427,971.885089283136,1929.22307069719,2004.86580154906,1907.35530847254,1940.35005631665,481.125821392206,417.128149200399,422.010028991846,312.974519062448,366.195167112001,574.497784881633,615.023232320892,775.365984646251,687.791522249283,1387.04132847858,1714.65770757258,1605.40637454884,1284.29753282565,1595.27058719246,1650.17225108134,3408.08481888398,3638.20763528746,2761.63382698135,197.866670043157,221.208647471529,319.136899652086,120.143882018492,0,995.771497382277,959.596431061315,818.738161482893,835.28331165689,830.749293885006,847.944544096235,495.739741812324,825.11894429557,487.756819445176,664.463500256441,765.280094721374,630.903027464519,431.11064408464,2020.49414817635,1859.57539347725,3669.40002136093,277.184926049513,314.398407567811,334.244674460436,348.744633629727,430.486156534902,185.970857238063,345.9921535137,411.57318187303,1187.24645825485,1087.97072813153,1058.46870769585,1187.11941731686,1031.77346930368,1482.1142331458,1188.76025867496,2381.78403569376,2557.74996809438,2132.95493910207,2935.70311790923,2259.62722422054,2738.79205496835,2499.97395241745,2945.43482608841,2952.94263474636,2954.78412621734,684.175653041139,621.820027504545,3601.6174333745,3234.5684005935,1078.25896705168,961.549607445581
452.291439821866,2708.82452765,2640.5642064044,1049.44741854883,895.182346107829,3291.49793883943,3331.1101294448,3262.71782122708,3422.13405954285,3332.44698012245,3450.57849597558,3164.31847046964,3187.64893451347,3546.46084127059,3504.82975616759,3374.19913597102,3559.00961225306,3444.08483083834,3296.53687633548,2001.65100050415,2024.57807575757,1026.78831791725,1098.01007285877,1053.34840513302,615.19068488679,720.937395567559,994.330498971974,589.381671468794,837.820155845616,847.474266885153,1108.25587873262,789.247436678573,717.001089752329,944.131984042859,913.930979208651,843.75829610941,263.518368306919,243.1175708211,3003.99233357732,825.235684611747,564.532241977995,1170.95128593787,1340.97357129557,322.228850150564,409.136653520604,982.162936669202,1066.75071420848,937.944218598002,1091.05267878062,1382.53508479415,668.601460011376,1242.38328978521,1130.33842666657,1190.31705866106,757.198040001693,832.64763787428,861.86197538638,810.979432063627,1381.73611567626,793.755572734755,1130.98184725824,762.075511612471,978.709633550412,1331.53773470845,2936.25358204853,3298.20453472402,2181.76980369002,1091.3164126043,873.646133451576,946.263489434331,943.37059209438,995.771497382277,0,162.21378615626,332.951751454994,253.390103855307,354.95132839451,215.325470085849,616.478561430085,430.71944360785,659.744414616365,490.972506898038,486.277684688203,681.376904831578,634.572841006979,1357.25892836486,1209.3144186427,3528.61695635732,833.910884999617,721.060668895128,739.970199426065,815.961421183318,585.13071563132,882.601246268966,706.988794767879,1189.34218365838,389.741836614649,223.705396154729,83.0671441394179,253.595610721963,132.717471680278,675.830361167522,385.179130825457,1534.37444065502,1651.62088872288,1346.25681574854,2246.83559952485,1363.54153599889,1819.62867102698,1643.41917748669,2630.26357528404,2598.94776076376,2621.17206458969,584.116820175218,505.092903186743,3528.52820947498,3165.12624598235,1019.04173053491,950.848829067715
581.06406852744,2868.48504996117,2798.10598957886,1210.33723876575,1051.06234676998,3453.36081849962,3493.30817223964,3423.90139527181,3584.3147479057,3493.78431121079,3612.57897396077,3325.39702668711,3347.63064037252,3708.60716693767,3667.03194788549,3535.71373619108,3721.00571205712,3606.21730039393,3458.66967039877,2163.67895073632,2186.0795262188,941.53629736753,1015.92213054506,967.621544738248,533.16508381517,665.6266062526,955.799395188092,547.615026899184,801.747869510704,786.617086131478,1045.87932960023,741.816582391076,797.631558285551,880.552179280874,887.529322935602,817.200772645317,365.436814258639,225.32624448794,3162.03733525034,947.495028534187,692.535730703692,1320.98622544053,1503.18690137335,453.364507299419,552.727411746811,1098.85027659317,1186.06360576425,1042.20244156455,1234.80639994091,1304.9258068815,588.702704813018,1156.28857730323,1051.19656965806,1107.93820968642,821.07726582719,902.708597082512,956.371064994695,893.864542828164,1512.91255867873,925.173692697875,1291.3033466312,920.099502645001,1140.91675142517,1486.62194843331,3098.22225984434,3459.90375975657,2342.28730303124,1027.7248465545,871.4932375648,860.377907119771,926.033442282417,959.596431061315,162.21378615626,0,194.556608464827,133.187567947364,209.469277157995,111.919446760186,653.909601097776,544.485858811065,700.416892052004,564.064263085977,586.68494442824,755.840048898902,653.879161773947,1517.10877281859,1370.31828544483,3684.46716444408,761.272730553545,661.017908884248,668.557712832903,730.900681225838,585.781472652924,823.023663796241,639.97586766874,1099.900697849,279.275165027347,133.067219792911,147.612331805297,404.879962668708,294.616524723429,832.65719718269,547.179343135689,1673.56967838895,1775.65739094893,1496.48108450482,2401.46664575894,1493.2460606741,1938.17765829993,1779.89024718798,2790.8228479399,2760.3229751314,2782.15842736722,451.842277137215,397.748248801769,3680.91673240939,3316.36670811286,1143.80071595912,1065.97694837811
773.402580713339,3034.45937698935,2969.85825621337,1373.3922088749,1226.91941194429,3607.25291499586,3641.06283334513,3583.01236092644,3727.76434828799,3651.9156397201,3752.01048281733,3485.15427297437,3512.27964349623,3850.86751532538,3811.45940693261,3692.60602806622,3860.28307752092,3748.19223373512,3608.57176849369,2305.36120199755,2321.86665045216,761.729397089724,837.391974651371,787.268377380705,365.311550660634,778.117636033848,1074.61789994152,679.095793926752,927.082171195053,888.111252205408,1137.92645326616,858.719485779183,988.328455601636,975.775799372945,1018.88509274507,950.307848723741,559.918002454808,402.176578247866,3277.1938425717,999.481019740721,763.632908376018,1419.01869660851,1651.94358278083,546.315558896135,656.817057611809,1293.36549591492,1380.48111003601,1236.30978189968,1422.44189966761,1127.11023635779,420.167689606737,974.324463529379,874.233461271726,928.474410774318,797.225668942659,882.919257910751,967.04340041379,891.17214605468,1569.53936060034,1117.54925515627,1422.91822121588,1045.91698533129,1292.39624357959,1597.00020461541,3251.10463464616,3595.71325376773,2505.3508687677,862.096450996881,767.868375414936,681.077816039991,804.537569577515,818.738161482893,332.951751454994,194.556608464827,0,82.8365801920533,30.2797989449607,122.604854586649,608.513298765703,605.173580379293,655.35417813028,570.785346350522,625.916101842318,749.049948989703,586.937116435415,1683.51986701112,1532.45207220451,3790.54019289025,593.364613577389,507.450186693442,504.366140229659,554.194376800735,503.058782742378,664.476260802339,480.821704100551,916.412436078728,368.50847897276,291.039798255829,340.437468320501,586.223825911273,454.036733664242,1007.25790910184,707.638701681592,1863.76768291576,1969.8196872733,1679.20592503757,2578.68413329484,1686.42007904623,2132.71451847724,1971.23089518932,2918.81298178345,2894.00643948524,2912.90794423365,257.380226754543,215.020798116979,3775.89047968535,3408.65304273521,1194.93086659232,1103.44694554072
699.66969251038,2951.71287617292,2887.48768487072,1290.63156986676,1145.39294287027,3524.59051837413,3558.76939135327,3500.19229624461,3645.83485725881,3569.11370520269,3670.48441746702,3402.32549901054,3429.48333305423,3769.0582942404,3729.44621800224,3609.8352806425,3778.78136568419,3666.40444562779,3526.12791386012,2223.45788113169,2240.57089399839,808.349502485296,882.770585845244,834.434401492954,400.569189902692,770.666535395623,1065.28698983633,661.492878650346,913.926209350967,886.533196003068,1141.75028013846,849.540823926189,929.925099092574,977.537402263557,1002.86952137719,933.14550761491,491.539787138342,356.166075099601,3199.09836431073,933.635653500703,691.905632341475,1343.24217803421,1569.40746807704,468.693223574904,578.100201080424,1223.97248832738,1310.30048273619,1170.98914281532,1344.3431498446,1171.85364037684,456.154581333813,1023.12127470806,918.138264684933,974.765371765482,755.275915093717,839.938864175876,913.59489407482,841.94802980339,1503.76563558644,1043.30222513529,1341.79333456618,965.159824066301,1209.67468194542,1519.09976072783,3168.47821545334,3514.58539665613,2422.53645236214,896.330732660968,762.294164301451,727.192305518983,809.138752420118,835.28331165689,253.390103855307,133.187567947364,82.8365801920533,0,109.879510551683,39.8041721713518,573.681399604301,534.742774169283,620.867811498394,515.563403655241,561.300026696357,700.360112336693,561.529022630347,1600.86541960554,1449.65235823141,3714.22856229618,629.127219276706,531.741500718681,536.889171934958,597.763643248575,484.339957577631,692.958884440211,509.257079826834,966.828074847465,365.34881066482,253.340856703686,270.25221756835,506.975933750526,371.759753886317,925.67070439828,624.975158950654,1787.03841059685,1898.30939535626,1599.0458704134,2497.06273965074,1612.87025862404,2063.24010277398,1895.40408313986,2838.61878605666,2813.05629249836,2832.33597213004,331.245961668827,265.439572160624,3701.88508925221,3335.15940253259,1129.92782572161,1042.0822153147
790.385389238473,3059.67729227599,2994.05488868828,1398.74149009471,1249.93603595273,3634.15035010777,3668.60956142824,3609.26820184282,3755.71201410791,3678.30304523966,3780.2908158268,3511.31781654059,3537.74176791307,3878.92368589177,3839.32577207126,3719.15198792786,3888.58120850048,3776.26671491827,3635.90178361809,2333.33216919418,2350.29944791422,762.007171553488,838.055439230414,787.234113920989,372.617797830199,766.827686911192,1063.40954931935,671.676142058465,917.436199358543,874.601958105665,1122.30655177264,847.830360464383,996.809875698307,961.02660684916,1010.09081474037,942.038416151426,574.289784308575,407.329024748601,3306.83264934575,1029.65835246292,793.880677188972,1449.01243742631,1679.12845303031,575.941577905362,686.220606494854,1307.28656189524,1394.81241595013,1248.02078465285,1442.07547276463,1127.59687718889,426.646629179992,973.181693954958,875.477315538456,928.553012063466,824.57665166235,910.382809616545,996.067123964208,919.636844128218,1599.68677941747,1134.54376473876,1451.44607650937,1074.63143997674,1319.15996759619,1626.65814976717,3278.09089335705,3624.25501948178,2530.96021708909,867.435754193951,786.891259165272,681.814593555874,820.478555461576,830.749293885006,354.95132839451,209.469277157995,30.2797989449607,109.879510551683,0,149.131242520455,634.80535825504,635.443797184278,681.499057939548,600.221979879756,656.077540097987,777.521835251204,611.348298839728,1708.46223156174,1557.994519801,3820.49442576219,598.890868117385,517.842211723651,511.647184183027,556.572231620813,526.222906210786,672.60012561514,489.834432781088,914.605600833086,358.026747471142,294.434873603795,356.853783099004,607.342601431302,478.522118444762,1030.41272587468,732.764598821141,1882.23158442596,1984.74574611141,1700.61218248661,2601.6793082757,1702.7138766166,2146.37788985473,1989.01227005539,2947.81297751755,2922.6471217023,2941.74123223639,244.599277913723,218.156331125031,3806.07049791023,3438.86207932154,1225.05126229416,1133.31102182996
664.011965435338,2911.90908850411,2847.74636891741,1250.82855651928,1105.95076047962,3485.0622778936,3519.52745462187,3460.4919462511,3606.84207955649,3529.44105250756,3631.75275586251,3362.60780088555,3389.68730816545,3730.14379178141,3690.39702634453,3570.20095783069,3740.06416462458,3627.50466899928,3486.7758964632,2184.49807974701,2202.00750314463,834.314250641892,908.050171974854,860.571779455174,423.913935278754,768.16373740501,1060.99865839676,654.53846703277,908.157137707305,886.452821299113,1143.64439931232,845.906175399209,901.70110371374,978.804219328429,995.475938178859,925.368912700055,459.094294732483,337.187349818321,3162.40189784086,904.359328208861,659.545118855121,1308.05630310093,1529.99720802732,432.975131721485,541.494591655076,1190.09110882491,1276.00508514489,1139.11034796584,1306.34649812777,1196.4193533246,479.267404712768,1049.62768506782,942.718298152193,1000.27063131775,739.456710080948,823.311936682982,891.19405957939,821.983922171023,1474.1055918329,1007.16970431376,1303.38107896891,927.034168524952,1170.10198613328,1482.63910144384,3128.9820859907,3476.1043897687,2382.74830816907,916.753791546987,764.844835688447,753.151948663725,816.350596569179,847.944544096235,215.325470085849,111.919446760186,122.604854586649,39.8041721713518,149.131242520455,0,562.508178549626,503.514532370754,609.590620330185,493.506129215767,533.5167175643,681.108516134635,555.354585600019,1561.06666715519,1409.85721564868,3678.51167271813,651.082523054684,549.332781338396,557.971286444868,623.124015400279,482.238819286177,711.493448744061,528.797636475601,994.104372367879,368.430026182971,241.294990720976,238.083500735265,468.695280164756,332.087250380516,886.215938594724,585.177202980527,1749.60443580097,1863.24185865756,1560.13377249607,2457.56130916027,1576.90856355899,2029.08938558289,1858.3640719437,2800.71586662662,2774.6959392419,2794.20613796861,368.791794621095,296.193699976436,3667.43055697841,3301.00173362298,1100.92366098849,1015.17061181669
959.835098574166,2819.12120857882,2790.54362711368,1231.80695401331,1181.31607073144,3319.51300677186,3325.94383447017,3320.48887369926,3393.84320336256,3383.44888207865,3402.26189214755,3227.53969547682,3279.74551815348,3510.59857344132,3480.258255466,3417.51939483215,3508.52055375866,3408.20820689456,3303.09171039699,1997.42575803371,1990.1494924914,698.635639414521,741.771338405159,721.205443255527,453.223437372332,1317.18013530462,1602.18363945305,1193.25405377334,1446.25532462524,1439.79075487631,1699.60121054452,1391.19979978508,1286.73243949705,1534.22734031366,1526.55480966318,1456.06025314853,850.807548485448,849.077070992469,2853.97503121414,521.688886701988,417.790890479234,1013.95414703598,1411.48360233798,423.782552993077,481.171238870047,1462.26436869669,1533.05075019335,1453.23745596824,1449.47491975813,969.357726082428,460.980219619046,878.536155705365,756.414178486419,819.310394895248,196.673746991234,282.07796495537,401.86589004272,311.221574828298,1049.55244962519,1241.96943928648,1132.84422787868,794.068204638461,1103.66207016039,1215.23221772736,2965.12017406963,3234.8129989537,2289.28596124858,665.778196248865,300.437200594805,641.603559327331,397.884480974594,495.739741812324,616.478561430085,653.909601097776,608.513298765703,573.681399604301,634.80535825504,562.508178549626,0,333.19261953278,47.1864813060984,173.375604105224,269.910176579329,184.276725110004,73.0309932726172,1529.68248450031,1368.41010718371,3336.10544745547,512.049065357736,402.468350556528,456.152035939965,552.850282109206,147.800333107564,491.762971731294,424.166685185942,847.236556704483,929.349193614457,784.422086287491,695.561362194295,745.400584232581,604.27743207436,992.505951037714,711.532419084554,1888.29028240625,2071.66670860296,1637.29909065331,2447.79847578873,1773.3667508525,2254.81023113821,2006.88206950677,2542.36467168384,2538.04518694326,2546.09512837732,650.656413949632,525.627318845467,3294.49134064044,2924.66783290169,688.388087508928,576.228154494441
656.229761870917,2541.86140122577,2501.19890129672,917.305606774091,850.797376025937,3073.35139684249,3092.73394355865,3063.39770610677,3170.39699562563,3129.06329848707,3187.34669637862,2968.09737125706,3010.64326531193,3290.82833367468,3255.63597024329,3166.07991591852,3294.99509356246,3188.00953018442,3065.12529364825,1754.14636762325,1759.16647652362,989.071892623179,1042.82393213163,1013.91651511998,648.878597233704,1146.51126641037,1408.53346639675,1012.01008229945,1252.90747409537,1273.74856674322,1533.46794404787,1210.92568338638,996.199956146974,1370.6606593765,1321.31140582671,1252.68988821202,596.706098790657,670.84715325734,2683.94912059705,403.312262430372,159.105964315181,820.525887300504,1131.29525458647,122.836242253007,148.006584897357,1137.49565501785,1205.36637144025,1136.63893077199,1116.52704253565,1290.02227210684,681.052500906431,1185.62167359593,1063.1125577182,1126.91908933169,379.878374270298,437.47608237532,435.662653533649,397.754051141554,971.391684020311,914.919319187331,869.073002247538,501.138039690287,798.913111939233,1007.17182504136,2716.87495372179,3025.71344278066,2009.29818695043,983.622685530815,633.190523359799,920.947556068196,730.943573357914,825.11894429557,430.71944360785,544.485858811065,605.173580379293,534.742774169283,635.443797184278,503.514532370754,333.19261953278,0,354.755547384099,160.797019461376,74.3948010617579,291.713880753721,394.02000165662,1223.00754932424,1062.04723154651,3190.57151976337,788.788613633908,665.925457336347,711.156494996529,809.453541659111,413.803762743774,792.355149885457,674.331413818461,1147.32065331495,813.32817601771,648.240606929602,512.208329604647,459.035493224194,354.568074716469,659.316034104595,386.283664298871,1556.69067166614,1738.58254420837,1310.42741495831,2143.15343073088,1440.30208987593,1921.99663688602,1674.97935779661,2340.22807018975,2323.68869732475,2338.12925035172,765.446336059661,640.476884434556,3171.81369810947,2804.14403248108,599.909296097297,522.656200758086
992.904315969943,2812.72711670037,2787.25636367901,1238.49683678863,1196.32108297399,3306.05508542276,3310.04886262115,3309.23488057242,3376.18104004011,3371.59697396872,3383.15627675845,3216.83806832854,3271.13207008956,3492.23812585065,3462.74643239824,3405.04821677178,3489.1213123758,3389.98240058271,3288.08428381644,1984.77115569338,1975.26491735251,709.782637014519,748.781662274953,731.398615609592,488.297821175314,1363.09882084364,1647.40946144705,1238.6254643419,1491.36701837052,1485.96262325599,1745.91919008201,1436.8273763624,1322.77000931402,1580.53463792436,1571.13736321143,1500.67780072195,890.338921230727,893.884195673766,2828.57360223397,502.009833292971,422.745355915157,996.58776135127,1407.88783660971,453.32775249653,502.251753961025,1489.83837336143,1559.17340788577,1483.78910386706,1467.57295235635,966.03610966021,492.130683264355,882.309078000857,761.034637041345,823.166240759046,155.635312903164,239.496659689892,367.915509747432,275.272847245996,1017.44699458361,1268.34267181892,1126.76996449649,796.742317180737,1107.57251109394,1198.85115999138,2952.31653101647,3214.8714346146,2284.04184746584,665.537207060845,281.451919566029,656.755628760743,383.15632500927,487.756819445176,659.744414616365,700.416892052004,655.35417813028,620.867811498394,681.499057939548,609.590620330185,47.1864813060984,354.755547384099,0,199.833800098189,286.646456600455,160.22683349172,95.6255623193855,1532.99564789163,1371.98083794588,3307.18513237774,529.647428627555,425.879307141191,480.421994175755,575.076847862532,183.462440486932,501.544278962031,450.233574110222,853.95142828754,976.231020973031,830.609736387826,739.478469368523,780.597126496851,642.668197817985,1012.20416087853,738.176168939473,1903.80444618776,2092.0184566482,1649.04507398439,2449.30815102278,1793.86097580395,2276.00013884936,2022.73714842666,2521.9308531855,2519.56579128356,2526.57382014152,691.719857342046,567.923300631616,3262.92007062381,2893.11351456634,661.038794456237,546.996112825442
794.240746354241,2680.85462081848,2645.53966156208,1071.46575333618,1011.26497670543,3198.59799792271,3212.05125557523,3193.61384692516,3285.26767355545,3258.09110763664,3298.27933583612,3099.32158910431,3146.24729757454,3404.09048757607,3371.11395862061,3293.79134183032,3405.36861792054,3301.39146367854,3186.61036900202,1876.57686656778,1875.7779304642,839.392146035239,889.888894220813,863.588565608049,528.139557055965,1209.40929154102,1485.2977994478,1079.67794266084,1328.78774211407,1334.95578594439,1595.98938791766,1279.44827938623,1126.8883635596,1431.07156725475,1404.03290727817,1334.06755354855,702.746993961481,732.721136910552,2773.27497893269,445.119692792904,270.839530151648,913.952404122309,1269.86506384848,253.573928110762,308.395409864288,1290.41684506246,1360.42589028457,1283.99948562085,1277.2330796056,1131.5172826473,552.204693375096,1031.0879762996,908.455465828522,972.112371686651,266.410104021103,342.448005039768,398.041008669554,329.982033092612,1008.47272423672,1069.42965371251,998.628980192504,643.234229686525,948.339742288288,1109.67932848432,2842.81322958453,3133.80110279529,2149.11913587828,825.577986802748,473.8127730999,774.606542479012,570.500666639873,664.463500256441,490.972506898038,564.064263085977,570.785346350522,515.563403655241,600.221979879756,493.506129215767,173.375604105224,160.797019461376,199.833800098189,0,106.139632192761,192.516510170248,233.362808467939,1374.05246354142,1212.74206618219,3268.95388793178,642.286483121088,522.087463216743,570.805913669999,669.90052092335,261.42074653644,638.563135567092,534.940798829943,994.974624413534,843.131381246047,685.829026632871,573.587885511529,584.418213650181,453.611362166055,819.752877047902,539.014424932091,1717.43054599283,1898.53007513888,1469.85160818091,2293.96429640494,1600.21880338729,2081.5166615746,1835.75617126894,2444.22853482282,2433.42629440224,2444.8775763036,680.982931857089,552.165467713997,3239.33356074756,2870.12315662082,634.500565747082,535.917899240256
730.599977857027,2575.55652329645,2539.56533591453,966.207129161476,911.497479689941,3096.55368391357,3111.82589790937,3090.21972455224,3186.54098226865,3155.00964765152,3200.95068639836,2995.66761870581,3041.60930331077,3305.94353814545,3272.19062253862,3191.06554684372,3308.26074470192,3203.18686713719,3085.69368854069,1775.09151010345,1776.11323495462,945.515489123736,995.918363827801,969.726742204833,626.258042459732,1206.11417647504,1472.44808628398,1072.78802331281,1316.41230982544,1333.03527606625,1593.44920442808,1272.29425984643,1070.27769558852,1429.8322616263,1386.71929380048,1317.67398880729,666.456043986268,728.768323276855,2684.50150557314,373.606140234084,167.172237648055,821.749601022641,1164.43221403843,194.125018810627,217.001070057875,1209.94857814002,1276.89856022084,1210.42051249478,1181.11347922671,1235.5551663109,653.376745918626,1136.85342539935,1014.22314368273,1077.83249723454,305.609135273068,365.031508166325,375.600002764775,329.537848849106,943.630971636361,986.86014877123,894.761435292921,537.17819297789,842.310084113078,1014.3568404178,2740.52633278622,3037.49247148766,2043.6482047928,930.08491662557,567.357075790306,880.451706872973,667.110429749262,765.280094721374,486.277684688203,586.68494442824,625.916101842318,561.300026696357,656.077540097987,533.5167175643,269.910176579329,74.3948010617579,286.646456600455,106.139632192761,0,217.746123240306,335.431188680983,1268.11330492002,1106.78502048505,3185.25302233063,748.098295132492,627.373604421217,675.402564555747,774.428807398329,367.540198442266,744.550220844034,639.248338231475,1101.04336952129,861.046255566613,697.875382105948,568.954872810066,532.046722156563,421.246880828767,725.581969278505,459.510180594462,1618.65069915846,1805.40941426155,1367.7018153748,2187.94399137463,1507.28336378313,1989.54093036175,1737.35911374696,2349.30355079949,2336.34292291462,2348.90454983644,763.588851725614,635.956219779169,3160.81741253474,2792.24735557047,569.131642524582,481.836375035133
947.510548485109,2659.27858619108,2637.30604373122,1107.25030875797,1085.06922505685,3147.22678789009,3150.29071238032,3151.6483030415,3216.05375253805,3213.63065616497,3222.92949809018,3059.63211676525,3115.51934520389,3332.03893445031,3302.63871495658,3246.72140420265,3328.89728953397,3229.79426247467,3128.61032226294,1826.54346194421,1815.94734629303,868.700778111708,905.459733300547,889.878196622893,635.929670242959,1401.1477625895,1675.09565049141,1270.68366868309,1518.62875592745,1526.93850975644,1787.97136954207,1470.535006416,1287.9127207999,1623.16613785583,1592.34357896187,1522.65278798836,880.542878753997,923.913425297066,2670.23631324822,341.852538141932,300.914597555306,836.671933548481,1258.70553617786,411.307661044304,424.396160815885,1416.68589191815,1480.260320612,1422.4667658387,1363.2860885287,1111.9553239999,645.179782586837,1036.22142563988,915.959152804269,977.296338979625,89.1857498205984,151.59637258939,223.985213914113,142.12252753165,866.766794788231,1192.32249527219,975.042795760836,660.443335486903,971.423579348371,1039.15618350323,2793.85100688645,3054.67165885806,2132.02739556892,816.391366277369,413.303662164422,816.8129877627,518.238999822173,630.903027464519,681.376904831578,755.840048898902,749.049948989703,700.360112336693,777.521835251204,681.108516134635,184.276725110004,291.713880753721,160.22683349172,192.516510170248,217.746123240306,0,252.783243915067,1394.26031257407,1234.14765849161,3151.85274028678,689.866123484843,584.697362353747,638.902138845351,734.480110711192,331.591936566143,660.268873679274,607.674482686069,1010.22653826973,1035.0689494409,878.328339319243,764.294510000657,749.557759085012,632.776537703229,916.227856521934,671.193905582587,1790.81573160313,1992.08291845115,1527.43046698402,2306.28836293183,1695.263210722,2178.15795685945,1910.34005511658,2361.7689756363,2359.36666524894,2366.35022869779,824.11789995457,696.600330549034,3110.9791995752,2741.16628275284,504.112275814754,392.310695071789
1001.68238377333,2891.87460717597,2862.72725272257,1300.51688375227,1244.6258147233,3392.39982084892,3398.47935030708,3393.51167441208,3465.9868911053,3456.45170209791,3473.9943937117,3300.57031278017,3352.71362666436,3582.5557487127,3552.44150172843,3490.48858030163,3580.16109970908,3480.20142282978,3375.77995318516,2070.3665106211,2062.82890459401,625.632220592214,669.266306829517,648.259998127872,393.801449882427,1319.49673793325,1608.28454047072,1199.2175375001,1453.18591115799,1440.08542312539,1698.41566048701,1395.27384862382,1322.11001025057,1533.32325299769,1536.0206403793,1465.46165024419,879.215831185351,859.105912207671,2922.84777650172,592.885219493951,488.373707530738,1086.04198219528,1483.84165985838,474.37094874814,541.045958247797,1511.80036252563,1584.47021483081,1498.35650785485,1509.87027040047,900.48745790573,396.541396843593,806.768692508592,684.475945222978,747.553713487147,249.393389120104,330.909884389225,463.513963406114,370.674038742232,1113.07249185113,1293.41538797171,1205.64232443573,864.861961330938,1173.75163885898,1287.58227374196,3038.06211623575,3306.26513719977,2361.88257514801,595.762199263328,250.154538489608,568.723029689694,340.415375540291,431.11064408464,634.572841006979,653.879161773947,586.937116435415,561.529022630347,611.348298839728,555.354585600019,73.0309932726172,394.02000165662,95.6255623193855,233.362808467939,335.431188680983,252.783243915067,0,1599.85470122951,1438.52552837575,3402.52576417122,439.513389465346,331.923001924915,386.134198901562,481.867101574144,92.2339105150641,418.940487280635,355.254292427501,774.746839994343,923.771445332066,786.357563262196,710.470880796557,784.103368795896,636.961777718541,1051.928860602,763.962055139007,1950.70801321607,2129.46419596019,1702.72881696928,2518.53574236666,1831.17502470391,2311.64044259884,2068.96077602892,2613.62092900411,2609.94540172756,2617.67169429088,602.404155361128,481.170483990515,3358.5446145935,2988.73744533616,755.807338304527,642.230302563373
1007.78588170495,1351.57018661358,1289.32263093084,312.086561734292,481.529489570511,1948.48450784163,2004.09554120213,1910.23844027236,2108.13967551554,1981.27852065166,2150.71920066975,1811.11902104066,1830.5221373471,2235.18701861558,2186.71431978842,2024.96165828261,2258.2555580391,2134.98052625408,1963.54568770413,745.409875700021,807.222700965784,2211.85789750611,2263.90902950208,2236.5224212493,1857.06163264152,1698.79529726461,1785.80308376119,1589.39879027759,1687.57049748381,1793.54139147864,1972.35605874473,1707.12177843011,1114.89766023912,1866.41859861824,1685.13290208597,1650.47072922546,1218.40042687605,1441.87116789394,1837.59224136209,1109.56308818098,1111.9016663641,758.914330611749,245.506512950836,1197.13671057808,1093.42609981356,816.842018814893,778.80366134074,929.189378563231,482.38555994779,2498.57468444869,1895.65105635943,2404.88854954019,2282.26965964443,2345.82165070945,1464.44840140982,1456.01460027973,1317.26433042313,1377.97047664589,1113.33590488218,763.044219074661,478.390684082348,736.253838651123,426.108194481934,655.015863472575,1597.72057209493,2015.44600799382,826.177542775604,2195.40975204231,1806.82123678599,2143.86833493977,1911.485423227,2020.49414817635,1357.25892836486,1517.10877281859,1683.51986701112,1600.86541960554,1708.46223156174,1561.06666715519,1529.68248450031,1223.00754932424,1532.99564789163,1374.05246354142,1268.11330492002,1394.26031257407,1599.85470122951,0,161.356764248592,2388.25114461165,2011.7757562087,1888.67251319658,1932.71104588059,2030.16304972842,1634.72912896175,2012.61533652858,1895.66330444734,2368.90270444736,1643.66493998978,1519.94859284726,1380.6811153536,1116.62482176261,1229.9894013777,688.989503950273,975.890554239882,575.026361253451,858.254134244155,305.474607934897,920.181998337173,665.590739247944,1029.49203263737,675.06322267815,1410.55416929017,1348.69351528383,1386.10905395207,1916.12309734689,1809.0756958524,2452.67062069675,2129.21146230703,1096.0553466404,1177.30656686946
882.934617259639,1502.43839038052,1446.11470436387,160.072112922899,362.171287435922,2085.82464055854,2134.05164178192,2053.60558979813,2233.20354095973,2123.65081850352,2270.90784333227,1955.07925677825,1979.83157077791,2359.51173317096,2313.45643918614,2166.01026323837,2378.99594048943,2258.3311299039,2096.02014998944,839.202759309564,887.780698333243,2050.74029821096,2102.61493905206,2075.36475441645,1697.8931224945,1591.94110020924,1700.60424021106,1476.6319846981,1592.92641864782,1692.71084301299,1884.82080596132,1606.38578049093,1028.718177761,1770.03874198086,1598.42761743022,1558.74355724157,1085.24128562308,1307.07613520363,1918.37292674098,955.024497612417,950.64666559148,638.502258578506,213.110635473769,1038.31372537967,933.604184970745,771.454765351734,750.525888605346,875.902929702927,452.620788841387,2337.40159726134,1735.92130809518,2243.54009492956,2120.92267327778,2184.47034021742,1305.28229319827,1298.82114203257,1162.71097230428,1220.99035479941,1006.45000208218,676.31498060767,348.888271806094,575.27825924118,264.774499005109,569.433390529983,1732.34477952731,2129.65329713036,972.973589412457,2034.11194289058,1646.36873834565,1982.97842780736,1750.95326829984,1859.57539347725,1209.3144186427,1370.31828544483,1532.45207220451,1449.65235823141,1557.994519801,1409.85721564868,1368.41010718371,1062.04723154651,1371.98083794588,1212.74206618219,1106.78502048505,1234.14765849161,1438.52552837575,161.356764248592,0,2466.78143511514,1850.83575836371,1727.84738432384,1772.14968411313,1869.75902485994,1473.48692789038,1851.30454981134,1735.13136789388,2207.63092101598,1509.83761733982,1379.99856306328,1236.97600211816,973.996239234025,1080.27373911539,551.965002910631,825.468900678087,668.299049531432,940.383578013219,377.750469232983,1081.34062655497,708.179223360762,1120.84378244878,778.991056937158,1501.83557279726,1448.81061745678,1481.79220336405,1761.59786159851,1652.81278384888,2517.45616326444,2182.82917962279,953.268272574359,1028.80933553262
3321.29871271051,1608.83953396073,1789.56595733363,2604.38140734861,2825.01246314399,1169.29126896551,999.630891155477,1320.79962479945,883.814919498527,1292.17787291856,779.936241992804,1344.50984258568,1491.403296361,862.399976452892,915.066506820055,1257.04140606394,785.804832158508,845.62173307464,1059.1819540161,1644.43899767336,1582.07879988701,3973.39727697114,3986.61184792029,3988.77333841881,3785.42460909526,4047.2468301889,4167.21255839361,3924.29710869807,4058.37886715035,4153.92166064731,4351.59688286494,4068.06206048146,3495.00144896123,4234.24995706549,4065.16431923427,4025.14255529548,3492.34251601441,3696.67676640594,550.867673918098,2825.73337676945,3031.60344554633,2371.59565687177,2269.54907837792,3245.61200996026,3137.55367742249,3202.03127585294,3154.94785497322,3316.16584130011,2867.35118310119,4088.7665653914,3797.01586752066,4083.80845577209,3982.08382294032,4031.86544949022,3160.28773475134,3090.9577890215,2941.52342118385,3035.6098667759,2293.96608345755,3141.9413850323,2409.83469803765,2767.16056946701,2606.71220831942,2197.88599573627,1208.8954957861,705.037339495541,1781.01121133022,3864.96061214466,3468.15449491377,3939.99867617714,3552.88349729811,3669.40002136093,3528.61695635732,3684.46716444408,3790.54019289025,3714.22856229618,3820.49442576219,3678.51167271813,3336.10544745547,3190.57151976337,3307.18513237774,3268.95388793178,3185.25302233063,3151.85274028678,3402.52576417122,2388.25114461165,2466.78143511514,0,3824.52833918618,3731.62916981107,3786.51266782405,3878.20805809154,3483.29150833059,3773.7911587074,3757.29284099502,4080.44771870686,3894.36293849634,3739.94980777908,3584.1453981602,3348.50115476812,3398.46995689533,2981.44356882305,3168.94208618869,2745.54935011406,2974.76008644383,2625.33286153954,2069.64252731517,2950.1396078591,3049.94845466097,2761.67313034585,987.127306894246,1070.14479255539,1021.04112548897,3948.40232947848,3820.11989702033,234.992776779364,466.460864830217,2647.86203928579,2760.31594220383
1276.12298003388,3322.74546001116,3287.5892133304,1705.08522123347,1619.71202019955,3831.11748848861,3837.97167218887,3830.60186933603,3905.33719166646,3894.05898498766,3912.76658245461,3737.13961488789,3786.75673616988,4021.67969023771,3991.82823830692,3928.57290346101,4018.76159347916,3919.37659607234,3815.11829094036,2508.79902672851,2502.18532275159,202.990653935135,267.130130281198,229.005021828998,229.017210320006,1361.63775318867,1657.51241868258,1270.5185645738,1514.4951582857,1463.33200425705,1700.87000122715,1443.12102472213,1547.74297114944,1544.70425327989,1607.99940287837,1540.41420718515,1096.52634251477,985.278468188539,3353.91737109704,1031.49157012509,912.447756171955,1525.41730995079,1912.00893873373,827.937245698001,922.369583606046,1807.478560473,1888.85783861137,1770.39381077283,1865.03805819141,548.630785740267,173.545463745267,413.317781014504,297.055324976597,358.491490156746,666.622226287198,733.570261723884,885.336915863266,791.286542075885,1530.56490839933,1604.88527597977,1638.48241409691,1285.14065370471,1587.48676472463,1727.08765936933,3476.42606185772,3744.50943296429,2791.25218647347,268.734048101213,379.521961727899,132.37497502484,335.336694013494,277.184926049513,833.910884999617,761.272730553545,593.364613577389,629.127219276706,598.890868117385,651.082523054684,512.049065357736,788.788613633908,529.647428627555,642.286483121088,748.098295132492,689.866123484843,439.513389465346,2011.7757562087,1850.83575836371,3824.52833918618,0,124.23358970514,93.9840847086779,72.7518074369388,381.702896134122,91.2480583951913,127.855654065378,366.109914236959,955.662962766176,879.704327741573,882.171469522776,1058.73917019686,900.6740544755,1410.86202524287,1101.52199030958,2312.6714462633,2462.46331453484,2084.64310884816,2931.88242806909,2167.46354714834,2637.23172836827,2427.94474964363,3051.52099681041,3049.02032024905,3056.21516810067,418.080808097243,380.948435514005,3771.27509467784,3402.03842786954,1186.63725031511,1070.64602081393
1158.29110264217,3202.88910803889,3166.05721407054,1581.51002421707,1495.52452292661,3716.52196114194,3725.82785161214,3714.04559366229,3795.16114084396,3777.99190038689,3804.33836995887,3620.16029057717,3668.17378751363,3912.32379112041,3881.46594770584,3813.04175669803,3910.6993789185,3809.86754138762,3702.05048865612,2394.04077739575,2389.44961239637,327.140614623283,389.19568867787,353.027003934131,151.036684880504,1284.63973908908,1581.22760310867,1186.13159790765,1434.4840765302,1391.66129350346,1635.99844062276,1365.55912235306,1437.39551499943,1476.54523451085,1526.30341632752,1457.60219111483,984.504768624883,886.312129121256,3254.44636902897,924.15647354899,792.846543363529,1415.70283472023,1791.80112003306,703.708348361054,798.408047682426,1688.9102040822,1769.50807935024,1654.50020573036,1741.61519870772,664.590296101774,109.066617486231,535.403377898292,416.714443101956,479.358517913334,571.693905087054,645.034405485001,790.166609521817,696.157723186493,1439.29221536733,1484.34288821665,1520.15742501756,1163.79321086717,1464.82865116995,1616.28976643054,3361.33548009415,3637.15307026066,2671.02181696238,370.465002573931,335.724744043032,255.349553996684,327.396760702353,314.398407567811,721.060668895128,661.017908884248,507.450186693442,531.741500718681,517.842211723651,549.332781338396,402.468350556528,665.925457336347,425.879307141191,522.087463216743,627.373604421217,584.697362353747,331.923001924915,1888.67251319658,1727.84738432384,3731.62916981107,124.23358970514,0,54.9602956136822,150.564649318184,264.159697054312,162.581251947791,36.3459313497531,489.786883438389,875.438320112577,784.936095624932,773.986941997697,939.732624489915,781.50464517228,1286.97914951057,978.105280061375,2189.10685145194,2340.97189308493,1960.42764614833,2808.67300255734,2045.49172997691,2516.53083475992,2304.57402531879,2944.80253852446,2939.91417779101,2948.35507811482,379.466167584506,307.457347092983,3683.91606353412,3314.25979882267,1086.85711421673,972.338702307866
1182.88117708529,3250.7399286014,3212.26640957285,1624.53458097553,1533.64158325197,3767.47143017557,3777.71941033101,3764.05241602796,3847.66336014595,3828.24934101284,3857.3011792007,3669.94119512282,3716.95520000276,3965.04625978544,3933.91071396369,3863.56057824574,3963.74559728535,3862.55359774353,3753.61402380764,2445.02938792579,2441.2371270753,292.32258105876,359.702138551174,318.795640357919,139.122768486043,1277.16335698709,1573.50757129357,1183.01837538885,1428.85633233056,1381.26264559856,1622.13484069493,1358.45964658918,1453.80677163246,1464.30813281702,1521.72454760371,1453.66792559738,1002.5439585152,893.013797242998,3308.9047069568,977.765303049624,841.619986831549,1468.58774462756,1839.55120180514,743.101313984073,840.578611658048,1714.39432421,1796.06702397473,1676.66633499819,1775.98347739149,642.594851276562,85.5756278897476,505.523313283922,390.651289151209,451.552841530217,626.643553686079,699.921628463365,845.081489023265,751.086772991397,1494.24649487988,1512.7497501446,1569.41546938539,1210.65073661451,1509.79560276104,1668.82681123652,3412.08735455915,3690.37186426388,2718.60292676335,359.475735953653,382.617311114322,215.676753342258,363.840194755593,334.244674460436,739.970199426065,668.557712832903,504.366140229659,536.889171934958,511.647184183027,557.971286444868,456.152035939965,711.156494996529,480.421994175755,570.805913669999,675.402564555747,638.902138845351,386.134198901562,1932.71104588059,1772.14968411313,3786.51266782405,93.9840847086779,54.9602956136822,0,99.1012863668781,315.681889158244,161.453483920911,37.1794715049486,456.318922135862,869.483274673091,788.448446046001,788.321112001063,965.974335622851,808.053257490424,1323.17362895636,1012.72943890754,2223.85759656144,2370.88266349498,1998.83955066381,2852.34766001967,2076.33896703405,2545.07558601985,2338.69474847072,2998.19309915281,2992.75380506898,3001.49667442871,350.147877706642,295.329200006803,3738.87215682486,3369.21785807311,1141.45451116264,1027.07248849059
1263.72102795968,3349.64037199392,3310.65223102936,1721.47513421293,1627.21833390665,3866.37482625291,3876.21058693787,3863.13284102661,3945.71112902308,3927.30173123085,3954.88510086473,3769.0365400626,3816.01355323954,4062.88852224668,4032.00782285502,3962.56980936877,4061.23024888161,3960.43176837646,3852.28091304013,2543.91378392273,2539.78157028509,211.403275160345,285.034937256529,237.822883452418,200.878357331568,1312.62651379329,1607.55595070003,1226.04537178246,1466.84638855081,1411.32694497773,1645.29397148623,1394.24000156056,1524.21798286344,1490.85627257862,1561.16012476855,1494.35919223234,1076.22853954794,952.356012486564,3403.35436957682,1074.49394940195,940.706991674843,1566.26414220162,1938.45459349925,838.293259359926,937.358131354578,1795.46354067185,1878.26983544125,1753.90097163481,1866.21089004722,574.199774023926,147.763530255333,427.070427416662,320.611565735551,377.165682253336,718.01269911844,788.510230753811,936.918389287459,842.774451249903,1584.800471138,1597.24601805339,1668.51510362392,1309.36291988413,1607.76145873193,1766.83879393445,3511.04345820064,3787.63499625386,2817.44561301088,316.882248716549,447.161052033307,130.432485720635,407.476599656889,348.744633629727,815.961421183318,730.900681225838,554.194376800735,597.763643248575,556.572231620813,623.124015400279,552.850282109206,809.453541659111,575.076847862532,669.90052092335,774.428807398329,734.480110711192,481.867101574144,2030.16304972842,1869.75902485994,3878.20805809154,72.7518074369388,150.564649318184,99.1012863668781,0,414.222267631765,162.967905357801,135.293559937423,373.390815284102,909.863602233135,844.029730919943,858.483798862602,1049.1381995513,892.053568788082,1415.31142730722,1103.867333979,2314.24515415429,2456.38136035177,2092.47406799163,2949.51657024927,2162.95930658137,2629.02368594005,2428.45084789905,3095.21364319547,3090.47557525238,3098.86470345688,358.924298049529,339.227577407272,3827.97084055843,3458.4884969286,1235.51071908596,1120.43891638657
978.870947560436,2941.06573489475,2906.84074410432,1330.65663848712,1259.7736787038,3452.36370858437,3462.05336590725,3450.11540260517,3532.09281660792,3513.95136279717,3542.13720074193,3356.35806465829,3405.19804912949,3649.62634782828,3618.31121819309,3548.92305629773,3648.69135580325,3547.10498588692,3438.05847124852,2129.88296521408,2125.58996469333,577.975285430377,629.406335678665,602.22555286641,305.655697016304,1250.0470285143,1541.53307525175,1133.32319582586,1387.48861746109,1368.68011328478,1625.40293561336,1327.16182798697,1288.53009492142,1460.77980340319,1472.48877714648,1402.02300811372,839.167266246429,798.72416069186,2999.42353703704,664.785151714546,530.841429822142,1153.47478695711,1530.45415519163,472.981425071928,554.823600521215,1498.75977458225,1574.44731589974,1478.22307544641,1517.46896200516,879.092593476087,313.78305894278,771.825857740662,649.308788611732,713.116395169445,339.035561108419,421.956692973529,549.25817030224,457.756585796209,1197.34965899582,1284.40127819858,1256.94621606021,904.638862494831,1209.31276058857,1353.32699728849,3097.18176553656,3375.60494420737,2409.66446829057,572.452343543684,289.251692459684,513.809502841533,360.794941822588,430.486156534902,585.13071563132,585.781472652924,503.058782742378,484.339957577631,526.222906210786,482.238819286177,147.800333107564,413.803762743774,183.462440486932,261.42074653644,367.540198442266,331.591936566143,92.2339105150641,1634.72912896175,1473.48692789038,3483.29150833059,381.702896134122,264.159697054312,315.681889158244,414.222267631765,0,378.589165281582,281.689296472889,734.223664490554,849.170557073133,718.848359152202,656.499313616594,758.661771805812,605.331662725372,1059.24547936857,760.282079542057,1961.98326982285,2130.346104126,1722.05533868804,2554.81593799504,1832.57952497428,2310.33057978138,2079.25737166992,2683.81639058933,2677.46835695095,2686.62691790665,510.261875377924,389.030332048581,3442.26333855209,3072.44069069648,835.432358688371,723.835773213099
1316.34015998475,3310.81181174033,3280.79516660056,1709.19020994574,1635.28302668626,3807.42596193008,3810.09041362973,3810.68716593274,3874.38758707336,3873.12998374105,3879.3078210309,3718.14732298009,3771.34078411523,3989.48129786125,3961.11642325059,3906.58343321968,3984.75011342899,3887.44483165632,3788.76678700237,2486.30947218297,2476.1993476536,208.451397479829,251.431626390107,229.880755551427,300.024049338834,1438.53047563068,1734.91097545672,1343.50904635934,1589.98992522412,1542.68414811975,1783.00764888289,1519.79555058819,1599.32018730773,1625.52943357542,1682.65766541828,1614.43668198568,1146.11743030746,1048.22144431792,3309.91655958117,1001.3314712387,904.501464915452,1496.45118876115,1902.36100881646,844.262848135696,931.962646800579,1845.79507687774,1925.3868863465,1813.82733512296,1887.76185256223,509.143936355145,247.022307664408,393.288826116841,270.890115896124,334.729260126119,626.23368925461,686.318599911187,842.556446485047,749.405100398395,1480.92558305877,1638.64006351234,1624.5797705016,1280.37204328552,1586.85995782618,1699.21870005423,3453.82603959864,3709.67177544068,2780.70549161832,208.900601291945,310.928081717625,166.675735531352,252.38623851409,185.970857238063,882.601246268966,823.023663796241,664.476260802339,692.958884440211,672.60012561514,711.493448744061,491.762971731294,792.355149885457,501.544278962031,638.563135567092,744.550220844034,660.268873679274,418.940487280635,2012.61533652858,1851.30454981134,3773.7911587074,91.2480583951913,162.581251947791,161.453483920911,162.967905357801,378.589165281582,0,184.094925075824,356.746889532054,1030.57608158447,945.764136611199,936.464261920523,1096.82475890841,938.705492761527,1430.85951119133,1125.48282660953,2334.1482811363,2492.90564696398,2098.78344804685,2932.49397742811,2196.43567524093,2669.97942455694,2450.5630739285,3016.25899343236,3017.01431716491,3022.4722612284,504.94997147491,456.766629924671,3715.77498789333,3347.07264788796,1146.6180396104,1029.68563893997
1148.29255129991,3214.35480431001,3175.50133131798,1587.41316287166,1496.5696751818,3732.37028415383,3743.25438240263,3728.45321696842,3813.71317031087,3792.77051651325,3823.81600461899,3634.24010422979,3680.85760470819,3931.30680610485,3899.90602924863,3828.21590890646,3930.35150587689,3828.77968045619,3718.90888603699,2409.98352063848,2406.72853085935,328.563708394426,394.821186650607,354.95773148682,119.033185302722,1256.50766271249,1553.04594708488,1159.9160464644,1407.18510680598,1362.342591817,1605.38119681199,1337.60540421892,1421.91369498867,1446.51912099573,1499.48894038769,1431.06861839889,969.969987185515,864.947973607624,3277.90937941719,945.313220387961,805.673859989955,1435.13077618623,1803.17129172941,705.938460190067,803.432487780228,1679.62463346358,1761.01895314124,1642.85600339384,1739.33151534462,675.76896193494,73.3166017935494,540.89320151841,424.854020417418,486.332684773816,598.626937050536,673.618209726172,816.436158696497,722.651449641371,1466.04999126139,1477.22393190479,1533.56015357749,1174.07975967167,1472.86457046471,1634.99693507909,3376.87797618754,3657.18600893773,2682.15244714634,388.034474000971,371.718269137459,252.578669491496,363.268718767476,345.9921535137,706.988794767879,639.97586766874,480.821704100551,509.257079826834,489.834432781088,528.797636475601,424.166685185942,674.331413818461,450.233574110222,534.940798829943,639.248338231475,607.674482686069,355.254292427501,1895.66330444734,1735.13136789388,3757.29284099502,127.855654065378,36.3459313497531,37.1794715049486,135.293559937423,281.689296472889,184.094925075824,0,492.45856207514,847.828747879381,761.814283446082,757.011359106179,930.897849690712,772.85286380769,1286.26862858938,975.992934968582,2187.16421076911,2335.06560146966,1961.75515843038,2815.25933758769,2040.31470854008,2509.57314071125,2302.09631482343,2965.24260958989,2959.15706128216,2968.23579745597,343.993968314055,276.577084394151,3711.21039134272,3341.48334751295,1111.05767668704,997.226318382906
1636.68502577734,3666.09315417509,3637.30621219758,2064.60348689143,1984.77981708526,4155.57366876629,4154.26677327924,4161.74069181706,4215.0921668683,4223.44004373781,4216.86252423499,4069.84786500654,4125.06647689893,4328.57234370988,4302.04238971977,4256.07770619392,4321.48239947473,4226.94513589222,4134.4976582868,2836.24835559379,2823.29993724132,164.019271310064,105.48281107051,137.524066529892,574.17829273227,1646.77732409501,1936.6307193322,1572.20753528209,1803.54516032302,1735.37380202632,1953.84920087781,1728.07221941858,1895.80289338647,1807.6405880939,1899.4021175031,1835.00662617155,1449.22801716873,1318.11812934358,3631.47451414985,1348.43570897921,1261.22473461115,1842.60904339727,2258.58178295792,1192.73572272422,1284.6335665472,2168.44691188692,2250.88844138637,2127.27189120453,2231.14786125276,225.30439023569,520.975687188186,61.8053218926043,98.6432561111444,58.6915581943364,967.400868015392,1017.80960795383,1177.55732581956,1086.87104774475,1798.19308939991,1968.63921271887,1979.79659246502,1637.11286831024,1943.30949575081,2045.85000910477,3803.04540125721,4045.51763237803,3136.51239958859,215.732130678132,623.286242744185,243.283471225884,530.04364745841,411.57318187303,1189.34218365838,1099.900697849,916.412436078728,966.828074847465,914.605600833086,994.104372367879,847.236556704483,1147.32065331495,853.95142828754,994.974624413534,1101.04336952129,1010.22653826973,774.746839994343,2368.90270444736,2207.63092101598,4080.44771870686,366.109914236959,489.786883438389,456.318922135862,373.390815284102,734.223664490554,356.746889532054,492.45856207514,0,1256.22264137841,1207.42645213471,1230.71287408229,1421.16653766408,1263.57424651068,1776.76423070886,1467.63164966622,2678.77010771258,2827.09857213921,2449.3994583597,3288.91691452567,2532.65759966728,3000.84585487801,2794.04993634679,3352.29986772923,3357.22728857875,3360.51763097291,688.504288643641,703.085447239804,4010.57382931763,3644.12916209871,1482.18003003912,1364.99401835687
641.905379100182,2982.65796805582,2897.10054249188,1351.46556196568,1163.04542116183,3592.12119084503,3643.85353323624,3551.66725471663,3742.28937931207,3623.43368508354,3777.29519621946,3452.12786180604,3462.74378019697,3868.22772479387,3823.00175485851,3667.88501887072,3885.62339951649,3766.66941058558,3605.29484957294,2332.1903241803,2363.81056431286,1110.13104247421,1186.64750767744,1134.47449313856,730.557648957937,409.630660511335,706.109422606147,316.615156393294,559.418006795138,521.887428489108,776.41481988388,490.231633971667,733.114710861193,612.228241976844,652.376733880028,584.814397131712,425.28915499778,202.98667473708,3362.87732520254,1212.96284560712,953.356991771776,1552.20773798492,1667.11020391909,710.918212695701,798.12608390692,1088.76744283509,1178.44226519285,1007.23901408007,1293.18578292547,1474.60339591522,784.277536785525,1316.41038969733,1225.1830566756,1275.313064993,1100.02359201538,1181.92052979712,1233.55326409834,1172.72167666127,1771.47210616535,960.719223636433,1485.74429106122,1130.67736666938,1307.40773937828,1703.73427973443,3240.54021365893,3630.99775936595,2467.1388772431,1223.64124206522,1127.17429825065,1031.43144694545,1170.33546540502,1187.24645825485,389.741836614649,279.275165027347,368.50847897276,365.34881066482,358.026747471142,368.430026182971,929.349193614457,813.32817601771,976.231020973031,843.131381246047,861.046255566613,1035.0689494409,923.771445332066,1643.66493998978,1509.83761733982,3894.36293849634,955.662962766176,875.438320112577,869.483274673091,909.863602233135,849.170557073133,1030.57608158447,847.828747879381,1256.22264137841,0,166.213474722566,318.246147043405,548.629926945275,506.939775522556,957.897912107086,725.591576393854,1706.84090604336,1764.17371112054,1572.0674876251,2486.22980035181,1502.60769044644,1910.26146207817,1802.91708457703,2976.33174238673,2937.65819145613,2963.748138845,567.949472717841,574.833858876839,3902.47639272967,3541.42096042032,1407.72789019166,1335.91712122841
540.142225342778,2866.99040200317,2788.56839711439,1220.31475140442,1043.68549483274,3465.71141623529,3512.31299548534,3430.18711487305,3607.63468110644,3501.1438706697,3639.8428494176,3331.04953438738,3347.05837277858,3732.94525431881,3689.2391632117,3544.48026934779,3748.26528389548,3630.98583213309,3475.43022238018,2192.0648177571,2220.10418432354,1052.5031536147,1127.97786377811,1078.13304814971,650.687127077235,533.321006175264,822.759071946341,414.583826816437,668.694127204829,655.369726648202,915.397923151131,608.985631775802,706.146578624623,750.007156303987,754.798762737213,684.549036622041,315.100633510377,113.921514766011,3211.36083023898,1046.98044627181,787.175664459215,1390.32712983996,1527.64804706858,544.727603526877,632.574609964057,1032.40929399692,1121.33276744177,964.95345344987,1200.75386040133,1417.68085903241,706.197523305944,1265.35766263328,1164.48804710041,1219.26650278917,946.892154144405,1027.07684963156,1071.9216544688,1013.97758913749,1605.34159029694,877.600732815629,1334.53382430926,973.389858605378,1165.79456347645,1545.75281798221,3112.30894477996,3490.8655895583,2345.91929719443,1147.82453654804,1004.34688329284,971.711970928345,1057.59334724008,1087.97072813153,223.705396154729,133.067219792911,291.039798255829,253.340856703686,294.434873603795,241.294990720976,784.422086287491,648.240606929602,830.609736387826,685.829026632871,697.875382105948,878.328339319243,786.357563262196,1519.94859284726,1379.99856306328,3739.94980777908,879.704327741573,784.936095624932,788.448446046001,844.029730919943,718.848359152202,945.764136611199,761.814283446082,1207.42645213471,166.213474722566,0,156.156138238324,407.041727872048,344.493293533623,830.965328571804,575.47743768372,1629.52476184416,1712.02468137506,1472.25777924766,2384.11557240983,1437.63420664959,1868.12012912808,1731.48059024467,2830.18489909097,2794.62173871936,2819.08348426645,535.89661543267,505.505257013995,3744.37607406738,3382.20677508647,1241.58702211396,1170.57384191516
433.533249784619,2730.90154710199,2657.45956696389,1076.93118196507,909.942197691378,3322.39255288147,3366.01522803254,3289.89899537153,3459.61206576772,3360.31054618433,3490.3697741209,3191.0747436737,3210.54642585961,3584.55524911232,3541.66518826907,3402.93638398603,3598.81106889388,3482.41719564868,3330.09239914847,2041.83047320927,2068.12221227476,1069.88644998192,1142.78852084854,1096.28044331211,658.031928014803,637.885288111103,911.897359192394,506.398996211053,755.398142193156,764.46964196454,1025.21660418429,706.260152979269,665.956646094486,861.156923717028,832.445697288065,762.145668069996,221.311961143332,160.068522824403,3056.24539742555,903.609952345818,642.190473357035,1234.71251379709,1378.39260386405,400.849395136474,481.389711670881,954.010589058251,1040.66487955148,901.121615516196,1087.78627964253,1429.90286896395,712.785703796031,1285.50991939036,1176.5632503714,1235.14554867751,839.641922044924,915.492191901491,944.469364721243,894.03796691833,1456.23913083625,777.691200556636,1179.9254864114,817.348752189981,1015.97314679635,1389.60842816474,2968.09722973206,3340.12413505599,2206.73787557101,1144.20203127175,945.716712379648,988.837078522043,1011.65948259419,1058.46870769585,83.0671441394179,147.612331805297,340.437468320501,270.25221756835,356.853783099004,238.083500735265,695.561362194295,512.208329604647,739.478469368523,573.587885511529,568.954872810066,764.294510000657,710.470880796557,1380.6811153536,1236.97600211816,3584.1453981602,882.171469522776,773.986941997697,788.321112001063,858.483798862602,656.499313616594,936.464261920523,757.011359106179,1230.71287408229,318.246147043405,156.156138238324,0,264.187784786072,188.866424802045,693.134782154003,422.830771787771,1525.99123957027,1629.53240393851,1351.18462921888,2258.26284129837,1346.11231570754,1793.37967434339,1632.28898303137,2676.95849939857,2642.72825756222,2666.47090739509,597.660231963533,534.203476809093,3588.21991549608,3226.09308501686,1096.29962464191,1030.6423708766
220.686468100918,2466.71517013784,2393.92036919573,814.079838414509,646.479854381139,3059.79385434524,3105.36453685764,3026.19516599038,3200.62517008859,3096.75499300325,3233.19775009113,2927.29288863977,2946.36170801261,3325.98499211986,3282.19935855492,3139.60521184623,3341.60707093554,3224.06224740733,3068.70067364439,1786.01140820269,1815.84043820936,1257.33205698765,1325.6266430253,1283.92431141495,850.56795623868,760.311139047705,988.009750166481,623.697562711771,837.598185724031,885.198083257816,1134.48452259123,810.488392961228,542.49037251555,980.158527632807,893.304046912893,828.254362871135,163.28280189454,348.339356770424,2815.11115081307,783.05346685789,532.40956756833,1029.34413227665,1121.20644529079,338.297734561236,355.888869709935,749.197001631933,830.121700295712,720.32689803759,837.76907435533,1604.22293431005,901.520744455497,1471.48912122311,1355.50677843015,1417.22906057384,836.382436466683,896.511421300955,879.348601567793,853.946120408332,1294.52223052594,548.461419674917,938.740935208304,595.654392565475,760.004310954653,1165.99128249948,2705.96235934024,3084.97416638292,1942.75024111117,1304.98533793474,1033.91645857484,1178.15361185309,1117.45871902752,1187.11941731686,253.595610721963,404.879962668708,586.223825911273,506.975933750526,607.342601431302,468.695280164756,745.400584232581,459.035493224194,780.597126496851,584.418213650181,532.046722156563,749.557759085012,784.103368795896,1116.62482176261,973.996239234025,3348.50115476812,1058.73917019686,939.732624489915,965.974335622851,1049.1381995513,758.661771805812,1096.82475890841,930.897849690712,1421.16653766408,548.629926945275,407.041727872048,264.187784786072,0,158.23198345958,429.01097992447,183.025159025173,1282.11573310545,1407.98027512318,1093.27064754782,1996.60454969129,1116.57743643964,1579.88800079184,1392.16853847534,2427.80751227219,2390.02558426693,2415.54327071893,837.386906923001,753.471391794749,3361.66584811772,3003.20692807139,959.966703001457,918.705860523961
377.912413808091,2581.34552580693,2515.82147232171,920.721828260939,774.484619568883,3160.54225762611,3199.18197098409,3132.97404349303,3289.77503188586,3202.44952259632,3317.97370885845,3034.74750678399,3059.66365106,3414.01944586402,3372.5585639911,3243.89906348048,3426.4019358977,3311.61907771983,3164.89715674426,1869.06554922816,1891.86198256127,1099.66377126937,1167.63758702384,1126.24445705795,694.326329662035,798.174325579854,1054.47338523395,662.117305431082,899.196522344814,925.556386769123,1183.57502142522,859.579498249811,685.26566243367,1022.40518642752,966.751190496481,898.206688658466,249.140516196537,332.124007094465,2872.62613279891,727.415325677972,466.047188161297,1045.90464405745,1208.8555464215,233.49097915502,297.469940957091,907.428343428794,988.212907869779,876.935286562166,984.979353528687,1445.99170808736,744.618821053983,1313.57396590886,1197.36301508609,1259.16349256251,715.785120012912,783.54652954134,789.680558714002,750.673619969293,1271.92846388344,705.211932515185,998.63701757419,631.347168057015,846.799120713917,1202.42118634388,2805.07562154351,3165.4960252879,2053.17841617988,1146.97543637578,885.291469191779,1020.72369578125,965.572776304082,1031.77346930368,132.717471680278,294.616524723429,454.036733664242,371.759753886317,478.522118444762,332.087250380516,604.27743207436,354.568074716469,642.668197817985,453.611362166055,421.246880828767,632.776537703229,636.961777718541,1229.9894013777,1080.27373911539,3398.46995689533,900.6740544755,781.50464517228,808.053257490424,892.053568788082,605.331662725372,938.705492761527,772.85286380769,1263.57424651068,506.939775522556,344.493293533623,188.866424802045,158.23198345958,0,554.775330427794,254.846477951292,1431.63371964606,1564.38275284759,1231.51270180731,2125.75322610216,1271.70950447884,1737.27559346298,1543.27874531132,2497.75037668797,2466.2399767116,2488.53396609273,696.095809445476,604.056241781506,3400.56421150289,3037.98915828114,916.833800720545,858.160406487714
340.125174877811,2037.85824592909,1965.45023275678,394.274270223693,219.742211761616,2635.74244781098,2685.9559460845,2599.22415259442,2784.93051732827,2670.19401153234,2821.49638261859,2500.10566596059,2517.62182083605,2911.09711506404,2865.35423036248,2713.64627362411,2929.70497558421,2809.75597417463,2647.57722512449,1381.45823213151,1420.19391560499,1613.79601043477,1675.30849927697,1639.86701924443,1226.33839333238,1066.65256164481,1218.44084151186,942.919158095181,1091.8632828404,1177.07717029759,1393.43330678985,1092.33889843096,579.900265620279,1261.96470775948,1115.43497286886,1065.06463981546,533.34928060031,755.211169550472,2439.0364420153,772.5706290614,619.116833902031,786.020339480811,719.380769520248,586.950185348354,511.385790725365,528.186346876073,577.005361012687,570.583621656575,458.405825587873,1937.43229172592,1271.73191085037,1821.01722451923,1700.1331745737,1763.70116848089,1003.09544531368,1031.8661554946,947.051694319924,965.149770102145,1128.74429283716,310.981864271391,599.097735248529,390.317894220526,376.976080715736,862.716851955866,2283.25325390911,2677.92724875391,1515.05383002669,1631.11303611708,1292.2429675699,1538.8359497315,1390.215261362,1482.1142331458,675.830361167522,832.65719718269,1007.25790910184,925.67070439828,1030.41272587468,886.215938594724,992.505951037714,659.316034104595,1012.20416087853,819.752877047902,725.581969278505,916.227856521934,1051.928860602,688.989503950273,551.965002910631,2981.44356882305,1410.86202524287,1286.97914951057,1323.17362895636,1415.31142730722,1059.24547936857,1430.85951119133,1286.26862858938,1776.76423070886,957.897912107086,830.965328571804,693.134782154003,429.01097992447,554.775330427794,0,312.594837237954,903.319421445657,1079.8298325511,680.248600840452,1571.42999219553,781.751629709913,1264.26307292489,1020.13213628924,2036.0277650114,1990.27888154584,2019.77525468884,1250.56474211152,1153.92323448593,3012.75805540076,2663.75456668715,884.802119363284,897.91661597247
291.814210628794,2326.91859555159,2263.10203427116,666.02121433139,529.455144457015,2906.32667113016,2946.40463177137,2878.17111744486,3038.39019619904,2947.70579566569,3068.15834539549,2779.91899322582,2805.0286885061,3163.03321557887,3120.80235323088,2989.26421994484,3176.60195793009,3060.77850890303,2911.53722577122,1619.37917414427,1645.30978574959,1304.18723765093,1367.14971944382,1330.40618911252,913.862255874317,938.61657720999,1153.89100820954,802.814497345637,1007.10300729707,1062.1250019879,1307.26404058181,985.147118602648,635.534828925329,1156.03898127006,1056.24214398281,993.791826125509,342.082195741212,528.407202914983,2637.51390115338,636.191646138202,407.188240368769,847.060299380549,956.885090543561,289.685030777981,247.110811295331,751.738464577489,821.519221827288,751.443447681744,763.523624906088,1633.91196967489,959.646988739883,1513.20707012497,1393.14037190744,1456.44332014681,760.37604665167,807.137163470265,761.523088440492,752.919542962246,1121.86933748916,530.454546647878,760.267648437639,412.645121851788,594.365300775839,983.311444552286,2551.07939684535,2917.40156057385,1798.41307296623,1328.64141315241,1011.19010532844,1228.37291771824,1104.37044822187,1188.76025867496,385.179130825457,547.179343135689,707.638701681592,624.975158950654,732.764598821141,585.177202980527,711.532419084554,386.283664298871,738.176168939473,539.014424932091,459.510180594462,671.193905582587,763.962055139007,975.890554239882,825.468900678087,3168.94208618869,1101.52199030958,978.105280061375,1012.72943890754,1103.867333979,760.282079542057,1125.48282660953,975.992934968582,1467.63164966622,725.591576393854,575.47743768372,422.830771787771,183.025159025173,254.846477951292,312.594837237954,0,1211.20024762253,1370.12258026464,992.675623458165,1876.64685612579,1072.53721000455,1550.1826748221,1326.46923434123,2254.72632935516,2219.91235406932,2243.85083971475,943.669469520167,843.238170398355,3179.95167322593,2820.91391705521,800.740221217766,772.605625313477
1093.57367463346,1400.38713215292,1271.45450489376,722.487674372297,707.51177245056,2065.65096495946,2163.94594953648,1986.25533738837,2290.48226117167,2061.47541805893,2356.10264144921,1887.69089059072,1859.86476023063,2416.80555680378,2357.21095424488,2112.96565811939,2457.25159342743,2325.17977219251,2110.52244803878,1148.06980399463,1234.89903523353,2515.38354145453,2577.91863292682,2541.59068240096,2121.38760538243,1619.25886859738,1606.85912179741,1546.05266020803,1554.79883300015,1680.22655439867,1791.78954667357,1599.37499106597,1012.73672504788,1729.03396354037,1519.39419682127,1508.19003654711,1316.40969330496,1526.41007685431,2203.00475921732,1566.62918698252,1490.30083665119,1306.48774352625,820.421718722128,1490.22230498601,1410.08003315356,635.198586702852,550.294979069401,741.53952820955,448.04610839938,2840.61959162892,2168.91918837801,2723.80988234619,2603.19072453153,2666.68997656104,1872.69612396356,1884.96572975998,1768.79118687298,1810.68674399999,1674.19459715936,751.937552854107,1016.33850363046,1151.73762251154,869.009761461763,1226.07629725562,1751.49310858224,2253.60379718634,986.816400752386,2534.18788338218,2185.24884541235,2439.45577094209,2285.7503867039,2381.78403569376,1534.37444065502,1673.56967838895,1863.76768291576,1787.03841059685,1882.23158442596,1749.60443580097,1888.29028240625,1556.69067166614,1903.80444618776,1717.43054599283,1618.65069915846,1790.81573160313,1950.70801321607,575.026361253451,668.299049531432,2745.54935011406,2312.6714462633,2189.10685145194,2223.85759656144,2314.24515415429,1961.98326982285,2334.1482811363,2187.16421076911,2678.77010771258,1706.84090604336,1629.52476184416,1525.99123957027,1282.11573310545,1431.63371964606,903.319421445657,1211.20024762253,0,285.466135331981,291.69947418027,844.25668505374,235.680869495226,455.165359580117,119.68117428565,1762.52487952342,1675.40449268714,1725.3886113126,2118.25390232274,2034.89738292295,2847.69126066788,2558.22653593611,1600.09588496556,1661.14398165581
1199.52650220718,1544.05546891272,1394.09249520196,973.409344219772,913.176315806784,2214.43146874434,2327.81886633226,2119.83493541911,2460.86445376123,2194.90276150374,2534.36997296277,2024.24399118106,1976.89543185729,2584.79554433034,2521.75039476616,2248.46792262697,2631.47707509689,2498.0481593872,2270.37607044036,1411.15069466205,1501.21292665779,2663.08258608332,2729.54081720341,2689.61061272429,2258.47127492224,1609.35908748818,1544.21721775176,1558.41414881498,1519.85276401395,1649.81947610374,1720.74299556859,1575.61280938719,1035.79019180437,1683.75217687265,1468.26699664249,1470.4977352528,1410.46251993522,1602.15027182792,2439.67042522398,1796.49579606118,1691.83916105937,1574.412697588,1103.04011941474,1658.17726386539,1590.57753858752,679.624621076485,590.798853163321,757.702028461362,629.831772341534,3002.01999173754,2309.00087939169,2875.77292476434,2757.65593338086,2820.28841949658,2077.23567085187,2097.94323091629,1992.9555297264,2026.45546859155,1946.04074219779,859.530059894715,1284.41309426784,1378.37495169659,1117.00477482334,1504.92032590551,1923.01371468572,2445.89188238437,1196.29623236847,2697.8070728901,2371.75957471318,2584.69376230436,2468.90962604635,2557.74996809438,1651.62088872288,1775.65739094893,1969.8196872733,1898.30939535626,1984.74574611141,1863.24185865756,2071.66670860296,1738.58254420837,2092.0184566482,1898.53007513888,1805.40941426155,1992.08291845115,2129.46419596019,858.254134244155,940.383578013219,2974.76008644383,2462.46331453484,2340.97189308493,2370.88266349498,2456.38136035177,2130.346104126,2492.90564696398,2335.06560146966,2827.09857213921,1764.17371112054,1712.02468137506,1629.53240393851,1407.98027512318,1564.38275284759,1079.8298325511,1370.12258026464,285.466135331981,0,563.680274761975,980.538647721079,298.315159129259,188.344892717274,218.320903366125,2000.79507437066,1907.72075021163,1960.52824515397,2227.15761311294,2156.69142119519,3088.88863303334,2811.79093135399,1847.79620421811,1899.97314843131
933.538622506858,1427.16730509247,1328.48182419899,436.296666215887,465.257040106179,2068.22034269456,2145.68851370724,2008.74227599024,2261.72065579407,2082.67486498092,2315.87190081277,1908.73487429708,1904.16890690609,2389.38828054165,2335.10184393559,2130.75900033364,2421.08309617911,2292.619702703,2098.3560016762,987.053387558681,1062.48099140077,2287.55030517777,2346.55769777552,2313.32461973666,1905.702220199,1554.18614582543,1596.08615209607,1460.93261061254,1517.42700620806,1634.07158582929,1784.16600293452,1549.04656588138,945.364195069548,1696.62462086887,1499.8806773256,1475.34400050421,1157.85717982345,1378.66681736867,2075.49432772132,1286.22011775107,1229.3699141967,1015.17242998915,544.744549662184,1256.75555246407,1167.23885510455,595.201541089072,535.127821498526,712.378111098494,285.386121923096,2600.31881921355,1950.20315842892,2491.32664358118,2369.44382617282,2433.25116797355,1606.51004433208,1613.16940924736,1490.74308543853,1537.49897533837,1384.20037890392,620.391246600527,724.921408083643,876.332791188242,582.937356403757,941.504710656291,1731.6074805485,2195.38768191135,942.979283479507,2293.77266023224,1929.84667234288,2214.14728147078,2032.19648810953,2132.95493910207,1346.25681574854,1496.48108450482,1679.20592503757,1599.0458704134,1700.61218248661,1560.13377249607,1637.29909065331,1310.42741495831,1649.04507398439,1469.85160818091,1367.7018153748,1527.43046698402,1702.72881696928,305.474607934897,377.750469232983,2625.33286153954,2084.64310884816,1960.42764614833,1998.83955066381,2092.47406799163,1722.05533868804,2098.78344804685,1961.75515843038,2449.3994583597,1572.0674876251,1472.25777924766,1351.18462921888,1093.27064754782,1231.51270180731,680.248600840452,992.675623458165,291.69947418027,563.680274761975,0,914.163052525345,362.246000705255,743.100281544841,406.027398644261,1638.81986721791,1564.3019696193,1608.1443659632,1927.26295583272,1833.51896027311,2706.17103718402,2395.63750157949,1311.34187843136,1375.83755376445
1846.9643102385,564.161431362769,427.296303848021,1228.18691200317,1351.77620556703,1234.55998842562,1348.05583950431,1145.68414227105,1482.72626381154,1220.97903364293,1559.76484301037,1048.28638650084,1015.60811284752,1605.64155256542,1541.8781819889,1273.48423265961,1654.46257078754,1520.8092206579,1290.03841938729,798.610386942685,890.32945242023,3132.03961045679,3183.85230058745,3156.6935752298,2773.86433220693,2448.16987901334,2450.46854568773,2364.17584040988,2393.44476212788,2516.70877161429,2635.82450869105,2434.15056383549,1836.57476034467,2569.44838634636,2361.74060290008,2347.83177252775,2070.61966885465,2292.29357724474,1569.4410826354,2003.19373802751,2030.18164105342,1575.28742068159,1057.69617476199,2114.05237558174,2012.23331386421,1463.93889104597,1384.66694794914,1576.17077037486,1195.52255134154,3415.3351482658,2813.69774675075,3324.41858100962,3201.83327475871,3265.30014255273,2372.1033584775,2355.65441569995,2208.23058667917,2277.35613455988,1854.96426433547,1531.31614945407,1345.16587899791,1653.74120985019,1345.6338744508,1402.71973713499,947.809640935922,1483.5405221539,368.696036791792,3113.49483530681,2719.59192793978,3063.92504665572,2824.52409349547,2935.70311790923,2246.83559952485,2401.46664575894,2578.68413329484,2497.06273965074,2601.6793082757,2457.56130916027,2447.79847578873,2143.15343073088,2449.30815102278,2293.96429640494,2187.94399137463,2306.28836293183,2518.53574236666,920.181998337173,1081.34062655497,2069.64252731517,2931.88242806909,2808.67300255734,2852.34766001967,2949.51657024927,2554.81593799504,2932.49397742811,2815.25933758769,3288.91691452567,2486.22980035181,2384.11557240983,2258.26284129837,1996.60454969129,2125.75322610216,1571.42999219553,1876.64685612579,844.25668505374,980.538647721079,914.163052525345,0,1079.92891402321,1008.34681446467,801.304687009367,1158.17389717995,1049.67230780761,1108.90922935476,2820.1776515865,2718.43799302657,2216.22277505403,1994.62000578073,1952.79325211729,2049.91559537369
913.261061606428,1635.45275903943,1507.10100571683,709.442821254938,621.876458515659,2299.60522908792,2395.54827303255,2221.53329776391,2520.60876946333,2296.72910389783,2584.23656709482,2122.84681018641,2095.53647191614,2647.29272451185,2588.46179483995,2348.07249760603,2686.27278612955,2554.69690107775,2342.88944365845,1328.4545696016,1409.36658185038,2368.65144853842,2434.39798520685,2395.13464272898,1966.01340446001,1391.6800592648,1371.63756744602,1324.1830086297,1322.31378182581,1448.71873404906,1556.29685750544,1368.85276603259,791.23670472264,1495.48679268719,1284.91849936608,1275.21612340481,1129.85304920482,1330.52378957033,2403.62013692946,1508.62065016121,1395.46024244983,1321.95644662295,897.509843972923,1360.17304863963,1292.29993357562,416.101902869425,327.460126748981,514.867462105595,337.029119172319,2705.43576433021,2015.89087187941,2580.65933722423,2462.02554769672,2524.84607186101,1780.85980559939,1803.33627867687,1702.07240514669,1732.71477606173,1697.3812306063,569.810970301759,1035.93557030793,1091.03134617565,846.991466006916,1276.94865010135,1982.24468596617,2477.66752284576,1209.7879830727,2400.79897726109,2073.4877571306,2290.71040466519,2170.59456001196,2259.62722422054,1363.54153599889,1493.2460606741,1686.42007904623,1612.87025862404,1702.7138766166,1576.90856355899,1773.3667508525,1440.30208987593,1793.86097580395,1600.21880338729,1507.28336378313,1695.263210722,1831.17502470391,665.590739247944,708.179223360762,2950.1396078591,2167.46354714834,2045.49172997691,2076.33896703405,2162.95930658137,1832.57952497428,2196.43567524093,2040.31470854008,2532.65759966728,1502.60769044644,1437.63420664959,1346.11231570754,1116.57743643964,1271.70950447884,781.751629709913,1072.53721000455,235.680869495226,298.315159129259,362.246000705255,1079.92891402321,0,482.912898068618,305.085315920243,1963.72300807878,1881.45760874823,1929.16292475185,1943.23467023907,1868.31707425923,3042.74112320875,2741.73373268376,1570.67032671105,1616.50086833663
1367.51644026027,1561.32751893626,1399.4438091999,1159.90510503037,1101.06952101711,2227.10599208093,2350.97958215155,2122.22802293209,2488.1128839328,2196.47760103857,2567.37199009848,2029.76525432357,1968.98715314763,2609.3671387943,2544.0448692254,2251.07283643009,2660.66999615286,2527.0004956519,2290.91528740704,1530.62588710823,1623.72174247255,2836.91520620467,2904.35512962649,2863.48890554006,2430.111323076,1726.52959990233,1633.45977626087,1686.94659675073,1625.14117388852,1755.82837920929,1802.49490517502,1686.09186756041,1177.42538482311,1781.13754754991,1565.36781937994,1575.03153855062,1572.82619688537,1756.58462327587,2524.38116055699,1984.82884648733,1878.24393072658,1757.28906830574,1274.99761828814,1839.11550315842,1774.05355397516,839.396190622855,753.114028129583,904.690842587466,817.22340660293,3179.08237349986,2481.38186328338,3050.46618982782,2933.20075220749,2995.50872791024,2263.65887544317,2285.27198236719,2181.10170135084,2214.06103173182,2127.2892186794,1032.34972308859,1467.02331069167,1566.70528487022,1304.11002635255,1681.21825050005,1955.76011324023,2490.84569679373,1270.20308022246,2875.80387289936,2555.12450910219,2757.96984799956,2651.53470039146,2738.79205496835,1819.62867102698,1938.17765829993,2132.71451847724,2063.24010277398,2146.37788985473,2029.08938558289,2254.81023113821,1921.99663688602,2276.00013884936,2081.5166615746,1989.54093036175,2178.15795685945,2311.64044259884,1029.49203263737,1120.84378244878,3049.94845466097,2637.23172836827,2516.53083475992,2545.07558601985,2629.02368594005,2310.33057978138,2669.97942455694,2509.57314071125,3000.84585487801,1910.26146207817,1868.12012912808,1793.37967434339,1579.88800079184,1737.27559346298,1264.26307292489,1550.1826748221,455.165359580117,188.344892717274,743.100281544841,1008.34681446467,482.912898068618,0,359.554937095485,2089.62420687618,1991.56660204868,2046.63217310983,2390.00630825977,2323.99384970007,3175.70529802056,2912.89755371875,2035.38525205788,2088.19986865535
1198.94930273628,1364.36716169877,1224.90877416703,840.013750585518,826.594815763525,2033.79047036815,2139.90668721758,1946.94479661065,2270.05323481346,2022.23565734031,2340.03974975212,1849.57903908857,1812.7624880116,2395.25023727991,2333.77188165244,2074.78895550218,2439.08177280811,2306.12994131919,2084.31912802184,1193.05331712579,1283.45592655624,2630.49504057367,2693.57895841649,2656.75962585223,2234.68072277031,1695.92180792246,1665.63091263879,1629.26278690149,1623.05385535164,1750.45246079684,1848.09900244567,1671.51419570894,1096.22022521906,1794.36998135851,1581.93298052632,1575.32813976052,1420.06702434756,1626.51789814149,2224.46416693061,1685.71806617869,1609.76582577291,1417.42655887636,920.131433368347,1607.05984368001,1528.12793192375,720.217488392034,632.179870247037,819.857439687699,562.984224578411,2957.54946130846,2282.71064981739,2839.58143187801,2719.22030177363,2782.64113308898,1992.31494675657,2004.63775177897,1888.1639897737,1930.32879307035,1782.48799100649,855.395306275049,1127.8167266234,1271.19492622116,986.692809785263,1329.5730479865,1730.84440044409,2245.43797798443,987.101432963133,2651.24445390884,2304.16210522816,2554.18547481477,2404.46812982115,2499.97395241745,1643.41917748669,1779.89024718798,1971.23089518932,1895.40408313986,1989.01227005539,1858.3640719437,2006.88206950677,1674.97935779661,2022.73714842666,1835.75617126894,1737.35911374696,1910.34005511658,2068.96077602892,675.06322267815,778.991056937158,2761.67313034585,2427.94474964363,2304.57402531879,2338.69474847072,2428.45084789905,2079.25737166992,2450.5630739285,2302.09631482343,2794.04993634679,1802.91708457703,1731.48059024467,1632.28898303137,1392.16853847534,1543.27874531132,1020.13213628924,1326.46923434123,119.68117428565,218.320903366125,406.027398644261,801.304687009367,305.085315920243,359.554937095485,0,1785.01143499391,1693.22677612245,1745.405928288,2226.62520078279,2145.55795718552,2872.89961427358,2593.82963054512,1716.91487335229,1779.30804199848
2375.29940396583,854.584179538142,1004.54488021451,1647.92373427436,1863.67385633425,897.817875340139,838.324163247556,973.352778587909,871.975619758076,1006.86534081265,865.042259961528,917.104354645066,1044.48182879212,979.123456026806,959.081127014468,1016.89323828199,969.187572538773,879.053783444953,838.391123366608,665.473215346061,615.995604454707,3223.68441623816,3250.9929850359,3242.87821140116,2972.21246959824,3093.09058458057,3195.76189705321,2975.35138141977,3093.42357544757,3194.53054273177,3381.79717405766,3108.18910501313,2523.9225597843,3271.19416193144,3094.64290370414,3057.95984715002,2561.23586336992,2774.70058438392,440.495684840899,2020.75686945866,2185.60424331509,1531.12317685007,1316.6890388031,2374.58312377646,2262.90022489188,2219.43067900007,2169.99233549994,2334.47901672267,1885.53093035755,3404.46179182423,2993.17833668518,3367.406412763,3254.3427638932,3310.94000418279,2390.06775660872,2334.71601308633,2175.56627411546,2267.62892986197,1573.46720334582,2170.92828948296,1499.5391826946,1873.83088744294,1670.17190649258,1334.9628930669,626.513287871689,693.448456308823,824.78402399302,3142.99516182487,2729.10796896376,3177.04320196281,2825.34347173492,2945.43482608841,2630.26357528404,2790.8228479399,2918.81298178345,2838.61878605666,2947.81297751755,2800.71586662662,2542.36467168384,2340.22807018975,2521.9308531855,2444.22853482282,2349.30355079949,2361.7689756363,2613.62092900411,1410.55416929017,1501.83557279726,987.127306894246,3051.52099681041,2944.80253852446,2998.19309915281,3095.21364319547,2683.81639058933,3016.25899343236,2965.24260958989,3352.29986772923,2976.33174238673,2830.18489909097,2676.95849939857,2427.80751227219,2497.75037668797,2036.0277650114,2254.72632935516,1762.52487952342,2000.79507437066,1638.81986721791,1158.17389717995,1963.72300807878,2089.62420687618,1785.01143499391,0,112.106852532014,52.8497120638797,3105.33851433046,2980.67164514752,1088.11607758286,836.832279047757,1870.74297603022,1987.96391771839
2328.01201618751,746.242642624181,893.527253612171,1598.84858236311,1810.92429498321,845.397508549712,806.189262746387,906.508291367668,857.86738064289,946.376711481578,864.896318836925,842.586044834434,962.646653477544,972.672166361365,944.852173318149,961.69836718876,971.960873856934,870.471747819467,797.615521998475,609.763926546414,574.60761852077,3225.06733498917,3254.94185201576,3244.91531223396,2961.47602252082,3040.49362411559,3134.14732924171,2925.24438094552,3035.61523128753,3139.3484211191,3320.93288234788,3052.91680391341,2463.59074263751,3214.09993582096,3033.72031002682,2999.00408543932,2519.24104936609,2735.2815795668,532.903735007804,2017.56811264976,2171.14621802757,1524.21119771957,1271.92441000908,2352.33172849575,2240.24452327097,2150.39433494527,2097.92087622601,2266.24643320603,1818.00166102864,3416.94957150825,2984.42884321847,3374.41492325398,3259.74333545328,3317.35681046618,2391.71610266798,2339.62591556904,2179.68622257278,2270.6126717713,1593.56319881689,2111.43548332941,1471.32402327562,1848.1065065404,1630.26537115655,1324.44626719249,547.041324957757,702.332924583352,723.031110583916,3149.93917651844,2734.91217915116,3176.02977860114,2832.8053427669,2952.94263474636,2598.94776076376,2760.3229751314,2894.00643948524,2813.05629249836,2922.6471217023,2774.6959392419,2538.04518694326,2323.68869732475,2519.56579128356,2433.42629440224,2336.34292291462,2359.36666524894,2609.94540172756,1348.69351528383,1448.81061745678,1070.14479255539,3049.02032024905,2939.91417779101,2992.75380506898,3090.47557525238,2677.46835695095,3017.01431716491,2959.15706128216,3357.22728857875,2937.65819145613,2794.62173871936,2642.72825756222,2390.02558426693,2466.2399767116,1990.27888154584,2219.91235406932,1675.40449268714,1907.72075021163,1564.3019696193,1049.67230780761,1881.45760874823,1991.56660204868,1693.22677612245,112.106852532014,0,59.9746488599258,3087.14643239969,2963.81467837562,1184.13937267881,945.032423727914,1875.25754063853,1992.35743699742
2358.39173300233,802.155231075604,951.698757780188,1629.88988085666,1843.9324107017,866.306733635805,815.48560666204,935.938356250359,857.317526415434,972.11213628646,856.835218790041,876.535296975278,1001.15351011103,968.190495574529,944.531685503579,984.373072531991,962.547669309287,866.950669598886,811.767317429263,643.049310936672,600.241899311817,3230.22736957789,3258.73866522029,3249.73006668805,2973.01285514099,3073.70425111457,3171.90356245244,2957.17593139961,3071.45270633265,3173.87791501256,3358.33558674632,3087.48032762483,2500.60458140684,3249.60117900684,3071.11842070404,3035.41265542237,2546.95613229581,2761.71819579474,479.142226400852,2024.85255440822,2184.44419753141,1533.21368842613,1300.54415457994,2369.77423369209,2257.86528398838,2191.68631884343,2140.70161839438,2307.16363083577,1858.46074752652,3416.19776288697,2994.92119562719,3376.59528127443,3262.76565199269,3319.84496728821,2396.55450993203,2342.70942696743,2183.1402728371,2274.70281857503,1588.17458458042,2147.95029150552,1491.49766423475,1867.18570434368,1656.60653591278,1335.20116055098,583.576320420751,689.061699821114,779.473903229941,3152.11805516179,2737.61975181472,3182.4567327531,2834.64740684954,2954.78412621734,2621.17206458969,2782.15842736722,2912.90794423365,2832.33597213004,2941.74123223639,2794.20613796861,2546.09512837732,2338.12925035172,2526.57382014152,2444.8775763036,2348.90454983644,2366.35022869779,2617.67169429088,1386.10905395207,1481.79220336405,1021.04112548897,3056.21516810067,2948.35507811482,3001.49667442871,3098.86470345688,2686.62691790665,3022.4722612284,2968.23579745597,3360.51763097291,2963.748138845,2819.08348426645,2666.47090739509,2415.54327071893,2488.53396609273,2019.77525468884,2243.85083971475,1725.3886113126,1960.52824515397,1608.1443659632,1108.90922935476,1929.16292475185,2046.63217310983,1745.405928288,52.8497120638797,59.9746488599258,0,3102.62589590529,2978.57187946705,1129.4282701282,885.710771648579,1878.38036148345,1995.59548156559
1030.0060996358,3263.41430872288,3205.14987692543,1604.32217287967,1470.11470434116,3821.84127211964,3848.55682492106,3803.56447221311,3930.12265381734,3871.26428489205,3949.64211551607,3706.57065128312,3739.1442690118,4051.62097448574,4014.80670699227,3910.49031507263,4057.53046372557,3948.79780101431,3818.59124181585,2509.64513616365,2519.59623238641,546.31254457351,622.737733670209,569.702825588962,234.630033659613,961.072532044454,1253.91424613668,883.709292694656,1117.03075558924,1055.50846026528,1286.68689946717,1042.63300036253,1240.74832364815,1133.27013409958,1212.4482000564,1147.29858888662,817.267029273468,649.650148788797,3447.50687709702,1126.07877498936,922.017987326547,1583.90228550141,1867.1448168071,739.287929126709,851.227757724945,1550.69234965023,1637.85714990635,1492.5406795576,1675.11342914134,908.427231229277,270.681407351155,748.974720846692,662.179016250121,709.53118528598,846.856724719888,931.203829236609,1047.86815662448,960.324617995432,1685.14148498582,1373.9820311074,1622.79196764788,1246.00719117184,1513.08916953632,1772.58104030045,3465.15247534066,3789.43499458624,2732.11525956498,675.268924598086,703.939757572826,470.148780201931,706.731452056349,684.175653041139,584.116820175218,451.842277137215,257.380226754543,331.245961668827,244.599277913723,368.791794621095,650.656413949632,765.446336059661,691.719857342046,680.982931857089,763.588851725614,824.11789995457,602.404155361128,1916.12309734689,1761.59786159851,3948.40232947848,418.080808097243,379.466167584506,350.147877706642,358.924298049529,510.261875377924,504.94997147491,343.993968314055,688.504288643641,567.949472717841,535.89661543267,597.660231963533,837.386906923001,696.095809445476,1250.56474211152,943.669469520167,2118.25390232274,2227.15761311294,1927.26295583272,2820.1776515865,1943.23467023907,2390.00630825977,2226.62520078279,3105.33851433046,3087.14643239969,3102.62589590529,0,128.923752625131,3920.31589769615,3551.08368218304,1313.35992755948,1209.46203541201
957.229760094185,3152.69448371441,3098.34591024459,1496.98910954304,1372.40496002577,3704.33465520414,3728.64643068755,3688.4477624058,3808.70167929358,3755.60659331476,3827.01246690806,3591.87660940196,3627.03977546349,3929.73683916193,3893.62797638815,3794.21610658532,3934.77715419596,3826.90786964566,3699.49525932779,2389.51667257563,2397.67806613685,547.005148533195,622.501006673669,572.681100904487,157.621840389319,981.890483280407,1278.19173875941,889.602687801739,1133.96909183163,1086.21158211901,1328.83770442541,1063.22819440626,1195.24915204451,1169.98719231494,1227.21025534733,1159.50395515772,755.287790393673,615.220633213573,3320.37558937504,997.226237017671,795.869944290509,1457.08334603309,1751.5425695791,621.789122890825,732.872974635258,1485.46845927995,1570.89867124118,1435.29595700668,1588.85502547543,912.218030626474,209.819675435157,760.346800652607,659.226974219954,713.768944436726,722.255257578972,807.244668328516,920.525979170341,833.844901101622,1556.39781158937,1298.64525521753,1502.57021601305,1126.9165108773,1400.65346319643,1646.97807647262,3347.60920414899,3665.96332883562,2620.62833685057,649.345532532426,607.445974751795,466.214936747043,624.982856591699,621.820027504545,505.092903186743,397.748248801769,215.020798116979,265.439572160624,218.156331125031,296.193699976436,525.627318845467,640.476884434556,567.923300631616,552.165467713997,635.956219779169,696.600330549034,481.170483990515,1809.0756958524,1652.81278384888,3820.11989702033,380.948435514005,307.457347092983,295.329200006803,339.227577407272,389.030332048581,456.766629924671,276.577084394151,703.085447239804,574.833858876839,505.505257013995,534.203476809093,753.471391794749,604.056241781506,1153.92323448593,843.238170398355,2034.89738292295,2156.69142119519,1833.51896027311,2718.43799302657,1868.31707425923,2323.99384970007,2145.55795718552,2980.67164514752,2963.81467837562,2978.57187946705,128.923752625131,0,3791.47392823447,3422.21660680545,1184.4605359817,1080.81373969949
3350.57062741233,1786.6284778853,1965.0889342743,2646.9101259804,2869.53530601086,1389.92006561242,1222.5795575264,1539.69682659784,1112.35044854824,1515.09393971826,1010.1565495476,1557.01873996664,1705.69283360756,1096.0802600157,1147.25828783172,1482.21678392877,1020.04450060932,1075.39327261006,1279.91679120536,1719.1300032322,1647.16207954026,3911.21234919621,3919.80067519036,3925.23222494859,3746.83454045574,4078.92169805184,4215.00211019681,3952.42451860117,4099.62752997621,4189.62007818925,4396.92011327514,4104.52168471022,3544.92667150647,4273.02253652455,4112.23061276583,4068.7556433473,3510.68174414619,3708.23773338138,651.467837077964,2794.24784029696,3012.81645233929,2360.4623929453,2313.23172451499,3235.05869741478,3129.64601505876,3269.5082136096,3228.10417865334,3381.45109967461,2934.8515472413,4005.65258261734,3754.86257244516,4010.27712648902,3912.83216984527,3960.11614890502,3112.58591420208,3039.53292502946,2895.20781321845,2988.70585768259,2245.48166364514,3193.54432099475,2427.40711167305,2771.80621669258,2635.88405119827,2198.81303971635,1398.68785127572,922.307589358498,1906.53290927986,3794.86011545933,3407.00601441444,3882.43933965359,3487.3027200593,3601.6174333745,3528.52820947498,3680.91673240939,3775.89047968535,3701.88508925221,3806.07049791023,3667.43055697841,3294.49134064044,3171.81369810947,3262.92007062381,3239.33356074756,3160.81741253474,3110.9791995752,3358.5446145935,2452.67062069675,2517.45616326444,234.992776779364,3771.27509467784,3683.91606353412,3738.87215682486,3827.97084055843,3442.26333855209,3715.77498789333,3711.21039134272,4010.57382931763,3902.47639272967,3744.37607406738,3588.21991549608,3361.66584811772,3400.56421150289,3012.75805540076,3179.95167322593,2847.69126066788,3088.88863303334,2706.17103718402,2216.22277505403,3042.74112320875,3175.70529802056,2872.89961427358,1088.11607758286,1184.13937267881,1129.4282701282,3920.31589769615,3791.47392823447,0,369.824145741946,2609.67087971906,2718.73940601114
2999.6392773025,1633.32539420858,1802.27638949524,2305.99348092212,2529.00987595352,1374.48262418232,1225.55861432365,1511.0628331199,1150.00763082522,1504.54978703118,1065.04321635894,1504.1256767698,1653.97317259901,1175.07949350055,1208.32859497537,1483.73592759678,1111.18965395597,1122.92439647657,1270.26446387129,1413.45255832771,1333.43407394162,3543.19050738507,3552.65245050017,3557.45137216273,3377.03207791569,3727.9483738812,3873.07655437046,3599.83712086868,3753.91673271593,3840.62151901933,4053.15478416676,3756.07272844939,3205.84549903643,3925.60372649078,3770.03721680404,3724.50976778506,3154.18423096974,3348.67161379997,460.357800809866,2425.00820235126,2645.24788565366,1995.40127758374,1974.84783756435,2869.06710433133,2764.41631549071,2944.30804212258,2907.82305038778,3054.07745751699,2611.13126742646,3643.04909115993,3385.04368282489,3644.74329033837,3546.21271696486,3594.10773847571,2742.86632166425,2670.00709721993,2525.42129851338,2618.94421019044,1875.6834707645,2856.6507630122,2073.10414109535,2411.05423953076,2286.89125755474,1838.073400474,1287.73472817186,925.669416710905,1658.49924863231,3428.39707236405,3038.67047425828,3513.71476512669,3119.7660368328,3234.5684005935,3165.12624598235,3316.36670811286,3408.65304273521,3335.15940253259,3438.86207932154,3301.00173362298,2924.66783290169,2804.14403248108,2893.11351456634,2870.12315662082,2792.24735557047,2741.16628275284,2988.73744533616,2129.21146230703,2182.82917962279,466.460864830217,3402.03842786954,3314.25979882267,3369.21785807311,3458.4884969286,3072.44069069648,3347.07264788796,3341.48334751295,3644.12916209871,3541.42096042032,3382.20677508647,3226.09308501686,3003.20692807139,3037.98915828114,2663.75456668715,2820.91391705521,2558.22653593611,2811.79093135399,2395.63750157949,1994.62000578073,2741.73373268376,2912.89755371875,2593.82963054512,836.832279047757,945.032423727914,885.710771648579,3551.08368218304,3422.21660680545,369.824145741946,0,2239.99850073414,2348.93658647304
1083.70475627122,2238.96510213296,2239.43008881391,877.921117419026,959.93207124896,2682.58776627029,2674.52589661427,2698.33246166018,2733.10903386351,2756.87397137966,2734.89414077381,2609.78032162658,2677.50422060809,2846.39345541942,2820.1098532755,2786.64594211536,2839.78230668069,2744.77215546325,2656.77460369657,1375.36240322545,1351.85950567523,1353.4031896703,1380.39419040183,1372.29820509901,1138.21325046893,1710.54686940262,1947.96528657396,1573.48436787868,1797.18685035068,1837.41503085296,2091.54475641891,1766.63905833113,1415.82933415104,1933.72014412825,1852.67728516355,1788.14372699509,1121.60353439641,1248.50180068515,2167.85938196228,196.706445073443,454.514108813255,385.265620844563,900.586830450725,696.934882158971,620.012883793106,1408.6767461125,1446.29351186294,1455.1296539981,1238.30896217854,1548.09096420017,1149.17960539393,1499.29383552236,1384.54786869123,1442.12118321247,520.797853083591,464.399755997028,304.827463274369,397.237497435482,374.831270905191,1195.74866812702,620.447640208112,498.979597514322,732.042831900251,582.624698145688,2333.94298073103,2564.16353864594,1726.99542210788,1274.85930173116,859.66277488363,1309.1695974445,958.20577148648,1078.25896705168,1019.04173053491,1143.80071595912,1194.93086659232,1129.92782572161,1225.05126229416,1100.92366098849,688.388087508928,599.909296097297,661.038794456237,634.500565747082,569.131642524582,504.112275814754,755.807338304527,1096.0553466404,953.268272574359,2647.86203928579,1186.63725031511,1086.85711421673,1141.45451116264,1235.51071908596,835.432358688371,1146.6180396104,1111.05767668704,1482.18003003912,1407.72789019166,1241.58702211396,1096.29962464191,959.966703001457,916.833800720545,884.802119363284,800.740221217766,1600.09588496556,1847.79620421811,1311.34187843136,1952.79325211729,1570.67032671105,2035.38525205788,1716.91487335229,1870.74297603022,1875.25754063853,1878.38036148345,1313.35992755948,1184.4605359817,2609.67087971906,2239.99850073414,0,117.229275465511
1062.26272951159,2348.49679804626,2345.22371313492,939.676898851259,997.810770224304,2798.33089300104,2791.23186547291,2812.82055868086,2850.21898580239,2871.78473554068,2852.12178386351,2723.80921538041,2789.98488960356,2963.58967866547,2937.20753939529,2901.93530020197,2957.01033175208,2861.95068490784,2773.17641535111,1488.70993854073,1466.9552425599,1236.3108871928,1263.16767543212,1255.13604607515,1028.09531066593,1656.15557598148,1903.78377621286,1519.74193747611,1750.7818253003,1783.49226173128,2040.51918568033,1715.81174858049,1401.53943010866,1880.26585063163,1810.99074612625,1744.82397523277,1076.91371894818,1186.57353112556,2283.35345426939,136.484966036903,392.451310685593,494.256354576699,993.634700172435,629.967332575026,567.143355017377,1425.95273220454,1470.03274056641,1463.46730115492,1280.81513917511,1432.6815920478,1037.16991679415,1382.34352725657,1267.4015047847,1325.08945065418,404.27882668283,347.268878207363,187.602383801488,280.29225568761,475.934053843128,1207.40234102043,708.597396352048,527.783494363222,792.952674069169,694.674418262438,2449.08169840683,2681.37986970487,1833.27598988181,1157.94423422244,742.628679001223,1192.55403644468,841.560591911239,961.549607445581,950.848829067715,1065.97694837811,1103.44694554072,1042.0822153147,1133.31102182996,1015.17061181669,576.228154494441,522.656200758086,546.996112825442,535.917899240256,481.836375035133,392.310695071789,642.230302563373,1177.30656686946,1028.80933553262,2760.31594220383,1070.64602081393,972.338702307866,1027.07248849059,1120.43891638657,723.835773213099,1029.68563893997,997.226318382906,1364.99401835687,1335.91712122841,1170.57384191516,1030.6423708766,918.705860523961,858.160406487714,897.91661597247,772.605625313477,1661.14398165581,1899.97314843131,1375.83755376445,2049.91559537369,1616.50086833663,2088.19986865535,1779.30804199848,1987.96391771839,1992.35743699742,1995.59548156559,1209.46203541201,1080.81373969949,2718.73940601114,2348.93658647304,117.229275465511,0
