0,91.5192925980868,133.713014365953,128.600891742816,124.706821342471,140.692909759761,158.739509827326,202.334264218212,167.182265685932,203.734552440077,407.445045360239,432.200613004566,399.742385229318,486.757916306777,422.919049396331,114.315322577924,150.159091970285,158.201544852406,620.050422868878,796.266230842428,639.671242290489,958.887718176846,879.649021184733,921.928539225121,881.131588440482,805.137009238414,723.818220300041,844.693527875672,831.527827449541,860.231189704208,1026.41760017508,705.203126022424,713.03304636205,697.728218884448,361.91291608292,622.758131527158,584.348928824307,705.702466269836,795.175369038635,889.003485999482,937.552569232275,992.471390775644,1024.99379614195,1004.8867585999,1004.51744140678,1002.61889353227,1031.2850794904,980.381300054422,1042.68840451403,1053.26376185541,1116.90512021557,1185.14206998127,1146.22085097164,1064.77237005382,1068.87299952432,1146.6485738931,1129.6971518464,1166.58062118533,1190.18482035829,1244.16871431444,1191.60931296273,1202.22255306203,1224.81015510971,1234.52277040811,1227.61951069265,1227.9327985534,1264.12222812538,1191.84141822411,1285.21355515556,1284.64030069261,1337.21494508492,1355.08748981461,1406.1870763377,1346.50426461279,1323.64467477799,1113.12874372011,1279.45325932935,1249.72550706552,1250.10821787363,1247.87118012568,1197.92201454763,1222.62584941267,1077.80552061525,1093.02236881538,925.431031733571,949.154090345632,935.523590371114,1117.93996346445,1071.62327416282,1064.57828815085,1081.2949503099,995.984410576455,1268.60596745723,1162.04804458304,1169.29404305325,1185.5330677987,1298.63615607104,1209.29978882109,1215.26134607359,1311.06829310759,1358.18344547059,1398.37837127958,1320.55251482111,1269.69926029937,1236.61100751469,1320.96105015277,1288.88317701172,1313.64627355738,1340.40780152495,1365.30806973309,1379.18192808446,1490.29228616412,1505.67887116794,1491.10605581975,1634.27016139905,1557.44769820783,1626.63585673253,1647.56587294364,1500.52922173645,1471.77082539748,1362.28280552804,1339.83467625837,1445.37850001868
91.5192925980868,0,53.8249177862448,37.4405224754648,33.1995359402827,55.242487735722,70.6910318158323,114.718159202761,81.2047011063594,116.414704760535,323.560232715815,351.575900187382,323.955058325054,406.38788462638,369.628233146801,35.7181525956183,68.2816427455324,75.5956490245239,561.804575872975,725.062930280951,561.816131708757,894.617541063186,813.826348132806,852.596737725116,813.091262876403,738.465158020178,664.503525462753,785.677733942328,769.894977688677,813.223646783937,966.93965303927,629.56643361794,636.264597662494,622.290889441516,430.587565720744,588.319945270924,605.751781086222,707.251336245298,778.017663596118,859.191021053785,904.392984802707,956.334523550581,1000.70275249894,983.323190219223,980.15810295306,979.828161916715,1013.80573880743,960.730140250015,1007.28481779997,1023.27438541474,1084.71895445022,1149.40342367514,1110.02874813764,1042.01890777329,1050.68098821815,1122.78273930228,1110.85953581227,1146.52122430345,1163.76417658625,1190.45230732053,1134.89131502265,1146.12614162838,1177.45271357118,1186.02829471059,1178.05315240818,1187.93619404964,1223.75535389524,1149.10722050402,1246.58150525858,1249.29954611393,1298.21533736921,1317.10509828681,1359.42635941836,1298.72427459955,1274.62975462887,1060.2763585409,1227.90195630921,1199.28798808291,1196.87578839993,1235.25420378923,1188.02185504318,1215.15287001719,1076.53909399862,1086.88540775789,923.678695249795,941.193292797299,922.348653010903,1101.84743646861,1057.47996701516,1050.04335291147,1066.64355963587,983.637849219867,1255.14858692295,1145.80405638048,1150.18841619015,1166.20344177489,1282.24795640536,1192.62136779471,1197.96567561148,1292.37045227954,1330.43041219299,1364.82824412579,1289.34658088005,1242.45735467094,1213.93150940825,1295.47716491191,1265.09819316003,1292.54172531057,1319.33238207238,1343.98418135863,1363.35184517767,1468.53021965815,1479.93388103605,1463.62611666657,1618.67961561693,1543.11051989577,1609.78477749155,1635.84108498178,1488.77447840173,1457.97814043143,1351.68835568731,1328.91924483506,1434.45218785698
133.713014365953,53.8249177862448,0,46.0665194924539,38.996613443886,71.5972707854298,30.6465102177477,70.0230160440885,86.786229543543,111.335455964241,274.097232971578,300.29531815579,271.013062099506,355.068471847907,317.19337369636,72.5085397021229,85.716594054889,89.4210707569007,508.315125357698,671.641948124138,509.708615439197,840.794479756857,760.026703982511,799.006655006794,759.393982507969,684.686243819697,610.870595373214,732.026779337279,716.11403608325,761.088292494716,913.226583162231,576.89218629667,583.883616661385,569.565909555048,438.500978870908,539.619714551508,580.599271878644,671.530918719161,734.33552747967,811.129972619285,855.310804108996,906.406612710458,954.08067638551,937.613023487836,933.547821945723,933.721676584229,969.431314432691,915.70537540111,957.483886403942,974.908730927679,1035.67487667352,1099.38656680197,1059.93362891553,995.823409680305,1005.99417990715,1076.1215410975,1065.857318018,1101.05865566375,1116.27285422116,1137.163718554,1081.33446310266,1092.61805154292,1125.03076603793,1133.42340663637,1125.29149414291,1136.90902839186,1172.62751830492,1097.53533993113,1195.81890636802,1199.30599591503,1247.34203485053,1266.4483444171,1307.03676191773,1246.1912908843,1221.9173216815,1007.1200736422,1174.85672088314,1146.39703644155,1143.63859058402,1192.27105616076,1146.11959770138,1174.14322290688,1038.30509575171,1046.62763221402,885.629558945967,900.539255759305,879.728971509305,1057.81010609954,1014.21727613378,1006.65181815255,1023.18016800776,941.186710347269,1211.83380177415,1101.64638190734,1105.04004958535,1120.95844280365,1237.86310117372,1148.24669197711,1153.37044123897,1247.18755010145,1282.39501383077,1315.2050283219,1240.38477478309,1194.64477684941,1167.53658698541,1248.13644967672,1218.3036348339,1246.56732697614,1273.34086349537,1297.88948295579,1319.0724190551,1422.19159154444,1432.37293085017,1415.5734110651,1574.2627713601,1499.18708935674,1564.94516936778,1592.77469486075,1445.82180812304,1414.32142329883,1309.3057951415,1286.44420389603,1391.85628305854
128.600891742816,37.4405224754648,46.0665194924539,0,8.09335325718667,26.3915087629271,44.4774874145831,85.2567856238881,47.6708401934732,80.5551546979394,294.111763582012,324.253559890048,300.096817380003,378.900325715479,358.161589324714,30.4213597583635,41.0256640490524,46.2034413491566,546.063749502493,701.866742241568,535.277554688617,874.701665730397,793.279800573014,830.134843503793,791.388264481396,717.659107336125,647.739145878185,768.666019818867,751.607823443476,801.954814717733,949.291609614642,604.134985190626,610.15989539043,596.994462086966,464.047057411437,583.878765633223,623.743329353779,717.280366689918,780.148056125389,855.596488088582,899.186825147474,949.665008604978,999.123640641349,982.952606384918,978.598917392937,978.942407751263,1015.09009940484,961.228352123701,1000.82513997624,1019.17240871605,1079.52532266611,1142.51969118659,1103.0118983516,1041.0051177735,1051.58300223624,1121.12986605189,1111.36644000543,1146.44517326554,1160.93894902075,1175.24784595276,1118.32461508227,1129.84346753391,1165.24967002137,1173.28488789008,1164.82118084207,1179.08244020593,1214.68112499498,1139.07289009509,1238.25493610665,1242.43657612908,1289.65399281817,1308.97465002865,1347.26789457844,1286.16553004001,1261.52760856472,1045.67621131052,1213.67234421551,1185.61883140519,1181.89257938425,1238.14128913967,1192.10561921058,1220.18383921417,1084.32602717816,1092.69163698465,931.633310398905,946.597568158819,925.662631468616,1103.52463062141,1060.06095430771,1052.47750061894,1068.9937490851,987.1333395925,1257.65671577438,1147.33448125928,1150.50874839289,1166.40070849569,1283.49503316558,1193.88781435914,1198.96445570677,1292.63365974889,1326.77735078093,1358.6029233769,1284.24772175472,1239.14987502246,1212.62721095912,1292.84982306801,1263.24283974903,1291.78775370877,1318.55322395591,1343.06643043574,1364.72034086945,1467.27558042943,1476.96706153978,1459.93054093671,1619.86790764279,1544.89399459987,1610.45494786768,1638.61687459178,1491.68471073705,1460.07948549662,1355.2414450201,1332.37087423407,1437.76550702933
124.706821342471,33.1995359402827,38.996613443886,8.09335325718667,0,34.421517102661,41.8567286793646,84.4736211327395,55.4304998577905,87.4703104897985,293.758199603415,323.183565071216,297.957614577591,377.914033284577,353.242059844629,34.6800426316303,49.080149763534,54.2927021016221,542.07938770281,699.698196026891,534.041617539756,871.722066148786,790.442989284467,827.789271712438,788.841050175641,714.874612471971,644.001255006377,765.004916041522,748.229440577557,797.143732802588,945.794581015811,602.579315134938,608.807211228579,595.397498295489,456.873500354491,577.893327317237,615.707792341785,709.683705107345,773.327803723422,849.534172062195,893.369132159468,944.081492491022,992.793282395194,976.460829588087,972.264133838735,972.517674198884,1008.39284151769,954.624020970261,995.213046762048,1013.20052582015,1073.72229536573,1136.98690325371,1097.49774708651,1034.60227046704,1044.93527512089,1114.81851805395,1104.77193056266,1139.92692267973,1154.79286822135,1171.24413111943,1114.60500520344,1126.06363564501,1160.65028131579,1168.78929282158,1160.41975914637,1173.87997308412,1209.51893589499,1134.0736338049,1232.96661031424,1236.90692843036,1284.40846767909,1303.65742122833,1342.67125615545,1281.64169379511,1257.10722379737,1041.53824830708,1209.47210924268,1181.30484232933,1177.8436206208,1231.26764701944,1185.09605530325,1213.0745870718,1076.94194416845,1085.49693389899,924.225760716752,939.434565465525,918.721347887916,1096.78579485706,1053.21280283163,1045.64590050696,1062.1730090231,980.17650194769,1250.82777685457,1140.61593075426,1143.94016963388,1159.84868369187,1276.81797836999,1187.20393175488,1192.31373783992,1286.07984465184,1320.75952982713,1352.97769378284,1278.44345167638,1233.07734170979,1206.27429928151,1286.68330424984,1256.96749681365,1285.36567643106,1312.13575085405,1336.66844415968,1358.03197811799,1460.92781434828,1470.85694906338,1453.92495225065,1613.21050229715,1538.16183044462,1603.86171995193,1631.77033960028,1484.81830043878,1453.30650890515,1348.29738385611,1325.43727739901,1430.85136604563
140.692909759761,55.242487735722,71.5972707854298,26.3915087629271,34.421517102661,0,62.6294631888114,96.1280292790142,26.6118792659258,63.0475896576875,300.48251587712,332.713457667828,311.873297472976,386.921327585719,377.635431097567,27.0523784529502,14.6815044480841,20.7569359737917,562.716194951614,713.030659697748,543.755654577429,888.207156021227,806.398891823524,841.75404445494,803.638800000565,730.66780873869,663.601625732646,784.233339886818,766.356363496959,820.796413655146,964.302143431096,613.514202462633,618.90611641546,606.508548359256,485.76208039592,605.976666975676,650.127394536054,743.12742629549,804.289609073057,877.81892771198,920.755635929351,970.595299822051,1022.01882099273,1006.26045743528,1001.50791972421,1002.08093900487,1038.90752002743,984.820675056288,1021.82341395622,1041.13059956916,1101.02564371637,1163.28065211058,1123.72768757825,1064.08112763647,1075.274738209,1143.96315999501,1134.92057105673,1169.8046756354,1183.3388242676,1191.68145454847,1133.94055644821,1145.6332526212,1183.40124938896,1191.13864831135,1182.40665144342,1198.92892407847,1234.4104915788,1158.35892916292,1258.33127285213,1263.17624495631,1309.60521434707,1329.12232555035,1365.38287842782,1304.08114243583,1279.15042261199,1062.52887943873,1230.66875363682,1202.94891663721,1198.45643510066,1262.37462960357,1216.6656823992,1244.9753614588,1109.7334337956,1117.68347080692,957.095613315945,971.525168400265,950.07779133877,1127.437429805,1084.24320256395,1076.62025527454,1093.10901136601,1011.58063573787,1281.78064533261,1171.1943006486,1173.99479261857,1189.84389961036,1307.24368296819,1217.65880582912,1222.65265872193,1316.07282562724,1348.82418340891,1379.59111289793,1305.72775343,1261.34902393935,1235.55958906467,1315.29153615004,1285.970719736,1314.89190526972,1341.64380395584,1366.10542094757,1388.49284687286,1490.17770817707,1499.24731651745,1481.9348702302,1643.55228721349,1568.76756722529,1633.9781748726,1662.7688633606,1515.88989045015,1484.05722458571,1379.6389768961,1356.74425421151,1462.08810029112
158.739509827326,70.6910318158323,30.6465102177477,44.4774874145831,41.8567286793646,62.6294631888114,0,44.0881207700967,68.5483485880336,85.8103645289942,252.967528855883,281.668704302675,256.106266814166,336.442131425695,315.197841729689,74.892143443689,74.0875646662787,75.1536498296602,501.847364743693,657.856682357731,492.38412121912,830.254458993971,748.871955231844,785.987229749241,747.111097364984,673.269083648158,603.373126386932,724.264717265168,707.138187333934,758.645897938236,904.840084896726,560.785041250456,567.087690672614,553.591709418389,468.820961221474,543.564957915093,602.236691926864,687.141595804916,743.542812518172,815.42610514327,858.178755171824,907.965886139806,959.962945141831,944.519318468089,939.46313265845,940.201328869988,977.679843652209,923.352452683441,959.194165365533,978.639260482034,1038.43397064549,1100.65677520402,1061.10617352615,1002.14757968752,1013.89891958689,1081.85791716189,1073.3934565174,1108.09084600905,1121.00205757242,1131.01609131793,1073.94031207519,1085.4852372683,1121.60369312556,1129.50900586083,1120.93854528105,1136.44775281957,1171.96095352623,1096.04792343894,1195.79841697845,1200.55404882414,1247.10065281538,1266.5762474071,1303.6105100844,1242.41905369144,1217.66219046507,1001.54785607595,1169.59147121561,1141.64466841263,1137.69224013116,1201.66828310264,1156.50730748231,1185.26807051756,1051.69740314412,1058.45881710326,899.304838958844,912.188193998777,889.719994973321,1066.31203485791,1023.48849707236,1015.80973888533,1032.25667363632,951.262595158988,1220.9135892827,1109.99834034447,1112.39690533604,1128.20403377944,1245.90419993447,1156.3536216294,1161.25528550481,1254.41833386875,1286.35003760716,1316.96164824597,1243.13053359002,1198.9285298634,1173.51188071163,1252.96797813357,1223.79431231323,1252.95972110692,1279.69997087174,1304.12299890468,1327.17285022542,1428.09716394268,1436.85048973297,1419.44515386987,1582.11839669554,1507.55081774876,1572.38244209838,1601.90569241472,1455.11449596547,1422.97499819977,1319.17539639904,1296.24400670538,1401.49515289886
202.334264218212,114.718159202761,70.0230160440885,85.2567856238881,84.4736211327395,96.1280292790142,44.0881207700967,0,90.493911264832,89.7825320678559,209.30684555949,238.996800956361,215.940375735488,293.650837536553,287.208946490938,114.67086997867,103.406498095078,101.324594420723,467.84192273022,617.459718352657,450.03454214041,792.07991456813,710.291246894717,746.006760217491,707.685040260977,634.568064908117,568.115502476349,688.555315647959,670.385477216276,728.112882507621,868.38208121184,519.032027659993,524.94816725107,511.922366436544,498.464006050652,521.121153218791,607.158721003192,680.94891529747,727.438608122946,792.608329464138,833.517830352892,881.665478659587,938.923426703634,924.849297625871,918.497673399621,919.973283276408,959.77193428815,904.711086777893,933.000045619632,954.850319473816,1013.38797799674,1073.79036914435,1034.16694554128,981.624173550031,995.469101316454,1060.46956666866,1054.38714252069,1088.36923115237,1098.28744650862,1096.39443100764,1038.22518193673,1049.99554167852,1089.62627371339,1097.03605729255,1088.03745957807,1107.5947059361,1142.85328842015,1066.11392736862,1167.38517219809,1173.57305951204,1218.40418376839,1238.27600041501,1271.5157631748,1210.01318292012,1184.79318668822,967.560443412225,1135.77441373705,1108.33891727406,1103.25332993295,1185.07756897513,1141.37270088668,1171.17220815353,1041.18202181305,1045.55966374554,889.478021393936,899.247254752828,874.401698303635,1048.6298026623,1006.93312183013,999.106335515925,1015.41647605648,935.957724264595,1203.8596404725,1092.05674565866,1093.1036473399,1108.74420194593,1227.39730736351,1138.0251976875,1142.61983423981,1234.81340724734,1262.52275958962,1290.48172756094,1217.8714839923,1175.58101449331,1152.33398976573,1230.25789979507,1201.94543904739,1232.25012244238,1258.92397168729,1283.1633638569,1308.67634453469,1406.62240863957,1413.5636239877,1395.42195124396,1563.11733828076,1489.28373403711,1552.82598447678,1584.63901400636,1438.16519167772,1405.16205782487,1303.14243185011,1280.13187560428,1385.07027165756
167.182265685932,81.2047011063594,86.786229543543,47.6708401934732,55.4304998577905,26.6118792659258,68.5483485880336,90.493911264832,0,36.6140272507653,285.881662648019,319.828173281536,302.400387793211,373.386114681156,377.21381812188,53.0372159596877,19.5432398503648,13.0365682352802,557.938738329554,701.830767538383,530.218967306228,879.311040271938,797.149168837925,830.890049016972,793.463525150444,721.376457300024,657.675004425976,777.80528661718,758.977827565437,818.605515262425,957.064684787327,600.700924407624,605.491431796234,593.834283252708,511.123389148156,609.193676316692,667.365771123532,755.458927638292,811.451729643627,880.984582820313,922.732433613181,971.469017774132,1026.37600799252,1011.46088532945,1005.90284194595,1006.93548813414,1045.19141077582,990.634894803442,1022.77905897306,1043.72089573475,1102.78493127458,1163.78053024156,1124.17213507157,1068.77914343706,1081.26368779967,1148.14398595087,1140.58572593296,1175.04267583503,1186.67384507962,1186.04837975536,1127.32823445116,1139.22599502655,1180.02119342867,1187.35073817636,1178.26365865512,1197.98193992244,1233.27226483502,1156.59473855167,1257.71235476548,1263.60228293261,1308.77583152412,1328.58861485879,1361.8837843042,1300.33209624286,1275.01774612631,1057.48952248204,1225.73464749641,1198.46006158173,1192.98424243426,1269.54558107804,1224.66827799936,1253.58688577499,1120.24558099859,1126.8989552921,967.849898127945,980.61319840075,957.815733888058,1133.90046403502,1091.35206409988,1083.6380929308,1100.05516319615,1019.37019343781,1288.68372007381,1177.52097675909,1179.49917542729,1195.25131015068,1313.27751780211,1223.77003320553,1228.57868457675,1321.43107404664,1351.45318942072,1380.38431551544,1307.37191612096,1264.28374098034,1239.90217068677,1318.65933202435,1289.89482369968,1319.55434740075,1346.27082575387,1370.62113060796,1394.5579162008,1494.38760616127,1502.2628472853,1484.45028040814,1649.36605986585,1575.02014997121,1639.44179588505,1669.65389637162,1522.93049469657,1490.56675570517,1387.18317177579,1364.23369844499,1469.4268824054
203.734552440077,116.414704760535,111.335455964241,80.5551546979394,87.4703104897985,63.0475896576875,85.8103645289942,89.7825320678559,36.6140272507653,0,263.950808531135,299.986045654961,287.492505046312,352.26856742587,374.128861129013,89.651194172372,55.0394617360773,47.2171239217848,547.901657134324,682.782028508028,508.459635567531,863.047907964292,780.529369185653,812.087807445673,775.621884775104,704.82752060657,645.783360356007,764.989171737871,744.918497141493,811.452754262702,942.915686683978,579.722051057634,583.707624956036,573.055365961889,544.295289918269,609.948489364903,687.744389746205,768.619200111118,817.219771602953,881.081293347371,921.128168637047,968.284250563259,1027.93760058619,1014.21231452518,1007.53983452256,1009.21040634838,1049.41913157151,994.266297970864,1019.64672115741,1042.8164276251,1100.6748129736,1159.88524650956,1120.23609956846,1070.7698261641,1085.04240839298,1149.34062298045,1143.85673605755,1177.68776426151,1186.66443277913,1173.83100712858,1113.85007693378,1126.0115127298,1170.83531190797,1177.60901594402,1168.05097896069,1192.08130208193,1227.0837042997,1149.61647659874,1252.21320653948,1259.52686954144,1302.95397760304,1323.15662636548,1352.41130625818,1290.56167301943,1264.74811733575,1046.17753554294,1214.42365640664,1187.7667108953,1180.97679982782,1274.82571473416,1231.15281800028,1260.91125084381,1130.37314964144,1135.17731872152,978.469803072935,988.855021583183,964.181161263645,1138.29373944135,1096.6903574977,1088.85594466446,1105.15681541458,1025.73797869396,1293.57389661191,1181.68590691935,1182.51233342783,1198.11618743019,1316.93159540848,1227.59646127214,1232.14221913405,1324.13494828237,1350.3470938709,1376.73387077885,1304.93750400725,1263.65991026099,1241.24860842727,1318.59669471116,1290.62341521945,1321.2891718314,1347.93881425187,1372.11877270052,1398.20463827888,1495.38915891003,1501.60377870325,1483.10945542445,1652.53243212095,1578.83497245762,1642.12233461549,1674.31618564902,1527.87802026541,1494.78379087343,1392.91343295613,1369.90047322537,1474.82176660755
407.445045360239,323.560232715815,274.097232971578,294.111763582012,293.758199603415,300.48251587712,252.967528855883,209.30684555949,285.881662648019,263.950808531135,0,40.4731030217201,66.3833180138681,88.4335271424835,203.610879298721,322.486949903776,303.546445062961,298.762457044368,312.028866644836,419.690743476027,244.61836869926,603.140133381224,520.313178631755,549.028802823879,513.631277525848,445.082506528813,399.245057163025,513.628881500436,490.374875574927,579.42888024655,686.860019272047,315.773792411552,319.901320111588,309.130548989958,642.645935578392,427.836906344294,641.056044097586,658.341023889423,653.47406778511,681.820574420204,712.018583505298,750.574056208124,832.759973957208,825.858353820677,813.228941587344,818.338129810325,868.586665954592,811.39351215993,801.275619493063,834.63630309735,885.759475668123,936.225898033511,896.866544548917,876.990517936001,900.834313218689,949.928353350061,955.629937506447,985.449219634328,980.584850848585,921.406594439406,858.622143611648,871.345076299367,927.166747121759,932.143722343526,921.203525882902,959.925916568332,993.53447093482,913.749224291559,1021.1125651252,1034.10107925204,1070.2269444894,1091.77911184584,1106.9118600825,1044.43292685461,1017.25626131048,796.814087987208,964.214726138751,939.405199811162,929.060533158899,1095.63946654028,1059.75358587907,1094.02884455049,984.061946170413,976.78201224956,840.004430836449,834.248007741801,798.500875616262,956.470217582106,921.230058392415,912.86524122934,928.118338498692,858.241667914014,1111.87510891585,997.74607978202,992.184232993363,1006.72372400773,1128.03780678456,1040.98115350363,1044.00500090103,1130.05346568614,1137.10584548539,1152.10073796289,1086.12926259231,1053.6065740364,1041.21888528188,1110.60905583877,1086.83492080939,1122.20500482063,1148.19519510134,1171.23731085151,1208.23171446952,1290.825733684,1289.1061629753,1267.65298897653,1457.53912024111,1387.8724662433,1444.71712262294,1487.06073948002,1343.55347344001,1306.80773366571,1214.58560411258,1191.52066265159,1293.57424952513
432.200613004566,351.575900187382,300.29531815579,324.253559890048,323.183565071216,332.713457667828,281.668704302675,238.996800956361,319.828173281536,299.986045654961,40.4731030217201,0,48.6551776355257,54.813708071858,177.547792912523,353.434252463884,336.841039649598,332.531431429616,271.904962286752,382.797296484974,211.126525863085,564.557721478826,481.794924785542,512.102824540611,475.912799271875,406.352906549892,358.803257713012,473.503195419002,450.575060625569,539.130836797893,647.408432104815,280.936586719256,286.206385993887,274.02524169618,646.921617517629,392.95313556867,623.227454731442,631.069622823584,619.209555527587,643.627566424446,672.935337243875,710.847477524328,794.614955126353,788.342970653843,775.195602308506,780.604973235041,831.699351598823,774.43824017977,761.464489051423,795.452071733927,846.083119836684,896.07568975288,856.745184466273,838.892215134748,863.55799209911,911.26659210827,917.894042977388,947.325263376596,941.401105460252,881.549270644958,819.10161415755,831.746618143798,886.771717248136,891.810548013387,880.929949573942,919.507320446998,953.089198062519,873.284317023957,980.706633517543,993.851721420113,1029.78682969613,1051.3593146532,1066.60572293172,1004.14597601378,977.03420525575,756.658491130584,924.164475446086,899.219382677011,889.15342653252,1058.51638663656,1023.42208052914,1058.08565103584,950.552102418473,941.955527524321,807.90742160422,800.26229869252,763.389333998498,919.316663317197,884.759061971383,876.359325696303,891.477105153193,822.747684623429,1074.5037371537,960.330418544145,954.213336322273,968.643698831064,1090.02762944956,1003.2665503936,1006.15478058409,1091.62265171451,1097.37561496177,1111.85051983552,1046.13570392662,1014.10812076052,1002.41533391489,1071.2040220309,1047.72358287751,1083.4012764706,1109.32321995958,1132.26761432535,1170.05688611042,1251.53859487344,1249.35403954503,1227.75668247842,1418.81588393288,1349.48661352947,1405.83064147052,1448.89975247491,1305.72610611166,1268.71209335018,1177.39450043787,1154.35089672807,1256.04815003769
399.742385229318,323.955058325054,271.013062099506,300.096817380003,297.957614577591,311.873297472976,256.106266814166,215.940375735488,302.400387793211,287.492505046312,66.3833180138681,48.6551776355257,0,93.1959360844916,137.257418625753,330.147369617836,317.885269420636,314.556165070315,264.448554745776,401.773545490144,240.01581965715,576.913550016457,494.813352320288,530.115375228186,491.768634089593,419.045403116971,359.152230049225,477.65855306417,457.447967652442,531.67303119582,655.483690418724,305.962029269374,313.359469265577,298.59850837433,599.759503996026,365.172537120642,577.331358857727,591.960369728593,589.809431729585,624.0185401888,656.783220048216,698.0216567786,774.627498937183,766.366854933347,754.855848322203,759.297359119156,807.926570574637,750.898260693231,749.096716668956,779.571736660724,832.736569778639,886.180785908784,846.632248596599,818.699773223885,840.82052850848,893.032697247958,896.467071028798,927.122232054777,925.352550669405,886.587512104489,826.3575652825,838.530245206313,886.22173559379,892.299421929284,882.239426420453,913.247952393965,947.519048680807,868.665790791067,974.088473422388,984.879792255227,1023.96447264812,1044.97412984015,1067.24135668835,1005.10829235373,978.79989073156,759.501467444118,927.652419837766,901.48582500005,893.822217388328,1035.22458008394,998.126482566496,1031.86822487675,919.603311668805,913.428587759612,774.743260956074,770.215015960375,735.540645128817,896.194071845305,859.8838845517,851.576332845696,867.022461343512,795.664178987076,1051.89506682231,937.917873959137,933.50040578632,948.277649903594,1069.35199449376,981.712852987558,985.019758552825,1072.38636943579,1084.10538173239,1102.77505298161,1034.73007849695,999.568077217822,984.665203652895,1056.12558305519,1031.25204939949,1065.5927740224,1091.77610894746,1115.11583086058,1149.8826511924,1235.75575063552,1236.11617956629,1215.49115145908,1400.5165401421,1329.96017575051,1388.19109897674,1428.56260215197,1284.36662743132,1248.22670388579,1154.23174874827,1131.13977224912,1233.8013643698
486.757916306777,406.38788462638,355.068471847907,378.900325715479,377.914033284577,386.921327585719,336.442131425695,293.650837536553,373.386114681156,352.26856742587,88.4335271424835,54.813708071858,93.1959360844916,0,193.832242020043,407.961997731256,390.688574993796,386.178041202682,242.318796407868,331.364843447441,156.88412740629,515.879948219673,433.033173426736,460.683236204371,425.637375142368,358.166534719206,320.087383795725,430.630881746807,405.896337785812,505.470011733394,601.065438112551,227.51371117423,232.12465268465,220.796149241787,690.991972574853,383.573612188188,643.833730934532,636.509830080534,609.589250379904,621.694932358842,647.053806203333,681.362745655782,772.38467375439,768.429540074794,753.442477220562,759.942406701303,813.767270622315,756.447235345948,731.317993269233,768.74667669141,816.615090758708,863.136420689296,824.116692311615,816.731715593361,844.269603862164,886.700154303679,896.896887220792,924.844384898293,914.419824409085,836.678214329031,772.893354339147,785.81712383505,845.911780486079,850.151530447336,838.682314236109,883.243304080349,916.160644553253,835.727968633847,944.624220503218,959.837057859864,992.927216720923,1014.94471516642,1024.5534143785,961.942069295749,934.28641084925,713.572204794274,880.280466787518,856.241236033285,844.518121729529,1039.35973727528,1006.80141599138,1042.54894321318,941.658162896574,929.737629247123,802.724308205771,790.601274754382,750.899389535334,900.313111678411,867.999967683792,859.513148077493,874.176506627392,809.012366506803,1054.498421958,940.367031041336,932.293263932246,946.290935950521,1067.74718146216,982.188455586001,984.586197536759,1067.72420650495,1067.23381917385,1077.71442609419,1014.28341607083,985.40127463288,977.088323875166,1042.92625050089,1020.93622258461,1057.96160777647,1083.55247527669,1106.0329685233,1147.05728720197,1223.67852862107,1218.93814901495,1196.42639288251,1393.39263735114,1325.49120311041,1379.71474225022,1425.68720819781,1283.85938496009,1245.90301789124,1157.84671694241,1134.90295584862,1235.28542060819
422.919049396331,369.628233146801,317.19337369636,358.161589324714,353.242059844629,377.635431097567,315.197841729689,287.208946490938,377.21381812188,374.128861129013,203.610879298721,177.547792912523,137.257418625753,193.832242020043,0,387.919639279209,387.829090864667,387.110524853446,197.969464336542,393.658414634517,280.231030565381,539.753457315168,463.207043354076,511.42693387976,468.576232139934,391.2103175539,301.776570404075,422.161277523776,410.565761213717,443.945482053055,603.801440227279,325.370744756225,338.252298949853,317.600241554864,531.276406600216,239.385590740127,450.032570961578,454.768443783704,458.802553562338,508.080383868057,547.041673730508,594.479926734412,656.505477966725,644.960878020469,636.278249658797,639.043461340371,683.463043513402,627.108550435817,645.823124001207,668.922358516891,726.554480711925,786.59858541772,746.981386338042,699.914252785669,717.770059629371,777.166244076601,775.204372291078,807.70102744235,813.235521117147,822.230106768057,768.753364628089,779.469496062561,807.869322920264,816.401337968164,808.494748114685,821.299034667728,856.776575529543,780.921428951704,880.776775214701,886.401650276184,931.99549285598,951.604137553125,989.86469070806,929.100866148433,905.034621905863,691.563736590945,858.783600856465,829.87301874501,828.410666404965,910.586747530162,870.800465892029,903.260800861041,785.989248296744,782.313912530456,639.487038082655,637.779764815877,605.764629222795,772.299583858748,733.582433484191,725.438494222494,741.2906951069,666.628739155934,928.209270690438,814.928460152366,813.212610191012,828.487016652066,948.578638601486,859.878231810055,863.831344505767,953.93726140263,976.309923892722,1003.27295173148,930.884185759796,889.819039951327,869.138542628033,945.059554805179,917.765060131807,949.589512273059,976.116763116337,1000.05059304594,1029.64532225391,1122.65959572019,1127.69353822659,1109.01190388199,1282.65325549641,1210.2760273952,1271.44894768676,1307.40639764209,1161.94786103595,1127.22942437784,1029.46356245522,1006.3581366441,1110.17643017232
114.315322577924,35.7181525956183,72.5085397021229,30.4213597583635,34.6800426316303,27.0523784529502,74.892143443689,114.67086997867,53.0372159596877,89.651194172372,322.486949903776,353.434252463884,330.147369617836,407.961997731256,387.919639279209,0,36.0568888472056,44.0406043395193,576.400424206849,731.878822727875,564.546642500806,905.0643157651,823.603582442092,860.244606663404,821.600638932596,747.967507458747,678.13595679676,799.074570962636,782.027995610371,831.81399689727,979.712417400774,633.694046021261,639.529988461071,626.590635737296,464.043579404404,612.096315073227,640.50336307265,739.296897920959,806.075095649052,883.634780158888,927.712049636869,978.589381961359,1026.52137790524,1009.91219868213,1005.98633352398,1006.09028075286,1041.41489560534,987.854287661903,1029.70299721272,1047.39429100331,1108.07290625496,1171.52031782891,1132.04134016679,1068.20908886549,1078.06597511258,1148.57071259992,1138.01260645188,1173.31862778566,1188.77871643018,1205.58371374569,1148.72655265173,1160.235409433,1195.27904076896,1203.3851627813,1194.97910556686,1208.534697419,1244.18132985119,1168.75301824639,1267.59952913539,1271.44099614496,1319.05281256166,1338.28116813314,1377.29977282813,1316.24766813674,1291.67478681182,1075.9629078661,1243.93339608481,1215.82491472037,1212.21338300837,1263.82843773714,1217.25715708005,1244.89982888322,1107.64896334231,1117.0189949472,954.842155096028,971.094687481497,951.1164398356,1129.70352304936,1085.85592538874,1078.33367987352,1094.88794416973,1012.51863533639,1283.50829518985,1173.57915079038,1177.23201031439,1193.17305413814,1309.86987734008,1220.24491593559,1225.42894231871,1319.39484441994,1354.89591037402,1387.45482528524,1312.78934054073,1267.15247800447,1239.95677274613,1320.63855395036,1290.76958493555,1318.92828026796,1345.70548057849,1370.27107982292,1391.05429907205,1494.61080327047,1504.88103143063,1488.07251665163,1646.29396332395,1571.07379946895,1637.08481412781,1664.38631172117,1517.38574287578,1486.1212724288,1380.6490392894,1357.82123531484,1463.28646731862
150.159091970285,68.2816427455324,85.716594054889,41.0256640490524,49.080149763534,14.6815044480841,74.0875646662787,103.406498095078,19.5432398503648,55.0394617360773,303.546445062961,336.841039649598,317.885269420636,390.688574993796,387.829090864667,36.0568888472056,0,8.05153901350152,571.144841801102,718.242322829323,547.57022220244,894.686598035512,812.684066952381,847.169361096458,809.428529893372,736.920909098147,671.521609371677,791.934420521804,773.591759631726,830.398052306899,971.629484245665,617.777627193099,622.809268182539,610.853070335987,498.772700248605,617.581138515036,664.76642067082,757.165254460606,817.137775223293,889.44595408854,931.975070590243,981.418785177556,1034.0496898742,1018.55407398294,1013.54932365965,1014.26732361856,1051.52617238619,997.297944983879,1032.68154200576,1052.57513698514,1112.18200336841,1173.97869452132,1134.40230709548,1076.22283056777,1087.80963693442,1155.94537872443,1147.3629531293,1182.11988297136,1195.04578308167,1199.79619947394,1141.58606587403,1153.37828144101,1192.53031547895,1200.09019953299,1191.20066444743,1209.06942672207,1244.47678605568,1168.16724943684,1268.60473050286,1273.852183889,1319.79839589164,1339.43279926827,1374.47004252347,1313.05607578703,1287.95456928402,1070.90982559534,1239.1089448396,1211.58941825995,1206.64664018282,1275.25482554956,1229.76643230767,1258.23274104394,1123.42885306065,1131.08346896483,970.835697471546,984.886715374134,963.094370047314,1140.11282773521,1097.09774290658,1089.44918396938,1105.91894555295,1024.61495766988,1294.5875647629,1183.83280666448,1186.39103048345,1202.21166740745,1319.80331520277,1230.23710590259,1235.17691880999,1328.43152928555,1360.29961986251,1390.410181662,1316.85449711826,1272.92506053536,1247.59854520669,1327.01608402108,1297.87724861322,1327.03578937011,1353.77769033084,1378.20520433681,1401.06475137012,1502.1847239187,1510.86078930314,1493.37642231744,1656.05828803519,1581.39970588568,1646.37945308825,1675.58277802962,1528.74300356777,1496.76050260218,1392.62475877743,1369.71455213762,1475.02117708019
158.201544852406,75.5956490245239,89.4210707569007,46.2034413491566,54.2927021016221,20.7569359737917,75.1536498296602,101.324594420723,13.0365682352802,47.2171239217848,298.762457044368,332.531431429616,314.556165070315,386.178041202682,387.110524853446,44.0406043395193,8.05153901350152,0,569.137144409682,714.357166527322,543.030457006466,891.459779937145,809.358006436632,843.373678783213,805.834116720153,733.586825873311,669.171735678398,789.432202301608,770.81248997512,829.142486436382,968.884156845966,613.436861871537,618.295717284336,606.552873352706,506.179759546329,617.938541482343,669.441968233054,760.303870328915,818.689822218772,889.789226631617,931.96109979367,981.074069568391,1034.75320119697,1019.51289312316,1014.26412624717,1015.12127013045,1052.81452018112,998.442866802904,1032.36113568319,1052.74553100625,1112.10247246677,1173.52119339513,1133.92837861995,1077.02978675641,1089.00860173033,1156.59613827612,1148.46395707843,1183.09132684766,1195.44094116887,1197.51687821901,1139.0198631121,1150.87206873649,1190.91671484445,1198.35570030542,1189.36122186176,1208.17918877879,1243.52924679776,1167.03380711445,1267.81207370623,1273.37217379102,1318.94257604478,1338.66523341888,1372.81920368167,1311.33176151828,1286.11694751348,1068.80770852005,1237.03510360208,1209.64745562847,1204.41460094941,1276.81610098729,1231.58188275307,1260.2354338291,1126.01528558238,1133.27008203469,973.493526936095,987.031427846685,964.824978753904,1141.45667145981,1098.63814905554,1090.9617061388,1107.40978279309,1026.36238479614,1296.06712323655,1185.13549701718,1187.44344655644,1203.23471572688,1321.01780032321,1231.47452901794,1236.35796972991,1329.44038629777,1360.4818711031,1390.03993914337,1316.74008694259,1273.19949098404,1248.29867925171,1327.42141379849,1298.45080555654,1327.8332509453,1354.5645109121,1378.95833856707,1402.28927046314,1502.84546527287,1511.15988473411,1493.52444707673,1657.20741839211,1582.6824246207,1647.4218004333,1677.05932914706,1530.26633714225,1498.12124559208,1394.3013169966,1371.37414403412,1476.63544670134
620.050422868878,561.804575872975,508.315125357698,546.063749502493,542.07938770281,562.716194951614,501.847364743693,467.84192273022,557.938738329554,547.901657134324,312.028866644836,271.904962286752,264.448554745776,242.318796407868,197.969464336542,576.400424206849,571.144841801102,569.137144409682,0,216.750363112767,193.878780247308,342.486020069962,268.161280353166,320.880070732705,276.954261138681,200.03636719997,103.846424090131,224.675715317192,212.720714875616,267.765581274998,406.400060281739,192.426107885816,208.952512180529,186.489841134265,700.564100033978,181.386306595114,528.968451648551,461.196957380533,390.242673651904,381.59034600107,404.834634849551,439.651925007043,531.556558780466,529.491629475841,512.99260749159,520.348858301764,576.734119902585,519.663507803827,489.9856863838,526.427935632376,574.958947076194,624.19726080291,584.847098363703,575.857011978081,605.651106408729,644.649356901164,656.664947905919,683.617308536522,672.122168780553,629.184361128641,573.129269569336,584.321586813372,622.959582518031,629.746373100605,620.398901368773,649.086186975242,683.193632493607,604.220094486616,710.064392257634,722.157179629158,759.710621105553,780.887284681024,804.513917156522,742.716134949499,717.142929343661,499.813324063022,667.976123131276,640.522537704769,635.84510851354,800.341069290943,770.504180715527,807.458205668302,718.067142535995,700.154819516016,589.310156428992,567.26445279547,522.593361878087,661.787926509552,632.113618142634,623.560798186254,637.598066462664,577.908952368513,814.738532860438,700.861042494808,691.378869682782,705.108260984439,826.481723071753,741.748503969054,743.818371102069,825.784025791893,826.005300871595,840.15306665433,774.27844600393,743.487562028412,734.846004580781,800.888978894901,778.633053003157,815.691204510708,841.249606559414,863.714170836617,905.404489274894,981.561917262551,977.902143808606,956.017691484294,1151.09623056991,1083.44229291871,1137.39647358273,1183.84720113378,1042.6533368483,1004.27915636323,918.294454206247,895.465829443443,994.75956461708
796.266230842428,725.062930280951,671.641948124138,701.866742241568,699.698196026891,713.030659697748,657.856682357731,617.459718352657,701.830767538383,682.782028508028,419.690743476027,382.797296484974,401.773545490144,331.364843447441,393.658414634517,731.878822727875,718.242322829323,714.357166527322,216.750363112767,0,181.075542636296,191.148202698485,111.628315381208,129.345954821127,96.4316238146728,58.6078582490181,150.362156361706,159.070231810076,125.200312176688,288.756208928528,284.944580984245,109.743394645821,113.474769433595,114.605943442331,914.813231578395,372.616371974016,736.817376201794,644.192165926054,531.826848421456,463.21327028879,458.557392465632,464.726936675801,592.598095775223,603.61599323144,578.586785488056,591.293137302226,656.910021924773,604.993599403857,505.29877554144,561.115501570837,588.014891277355,610.880431083597,575.855865429383,633.327006577927,676.338313755975,683.244441370071,714.474429628302,731.572509176674,694.716599506693,522.00822408189,453.605717452081,467.476584874903,550.139877495717,550.205729395981,536.100356592555,611.003728571815,639.067839438374,558.16201446318,671.188457170788,697.260581641226,713.897843298636,737.667389189495,719.454124290568,657.103657891338,627.425648790751,410.425420547828,569.213817084139,549.744412600765,530.738836449636,859.542457691499,843.900688552841,884.158861862869,829.732104239387,798.470411830824,725.495326739472,687.233820757852,634.462994553329,729.811207384909,713.70546566483,705.375625776835,716.063800190707,678.628015097996,868.898131506293,761.333985054805,741.943839772221,752.485439967436,868.138572122091,793.960996404983,793.294496693106,858.670838168076,822.511037272105,810.838364871263,761.824615242787,751.998045823135,763.858551077142,809.618593240937,797.106707365712,840.373710206311,863.032870308101,882.019899686689,940.072689076087,986.920285932133,968.414202960523,941.541886708346,1165.90971224338,1107.43850302042,1148.76181780308,1209.60435748843,1078.86950877624,1036.70789376795,970.435619317821,948.996042991126,1038.07975987652
639.671242290489,561.816131708757,509.708615439197,535.277554688617,534.041617539756,543.755654577429,492.38412121912,450.03454214041,530.218967306228,508.459635567531,244.61836869926,211.126525863085,240.01581965715,156.88412740629,280.231030565381,564.546642500806,547.57022220244,543.030457006466,193.878780247308,181.075542636296,0,371.217280661597,289.467869570914,308.784585324126,277.406237882829,218.833121810864,220.938559936901,307.248550069719,277.262997050091,409.583646491586,462.200736076311,72.368022816306,75.2881311336746,66.6300399252106,809.975777121646,373.674360107866,700.32353480694,651.588480725343,582.728356941883,557.537207741737,569.934198351394,592.204456693373,702.667016573771,705.683130859952,685.619699813283,695.19270145644,755.763056393495,699.707100843755,638.901367632436,685.790699807031,724.475438590625,760.028320233365,722.514383914876,746.202088339799,781.605647996225,807.739212309301,828.199861239198,851.333918914833,827.948674462162,699.763883026807,632.780677428126,646.372395237672,720.113519543951,722.051474305993,709.027682090545,770.214353669255,800.857814890981,719.536207141277,831.443618572838,852.409298861755,877.085086768646,900.166029654001,894.109243443913,831.468258389225,802.508259605265,582.823422325025,745.761146025874,724.395529975268,708.192830813609,973.774220817013,949.00891141156,987.363528289241,907.301637421004,885.988318558457,782.140694993625,757.369017138668,710.510359337143,837.376679079083,812.24868121623,803.683468707965,816.717464990793,763.428275082146,986.263921776142,873.93188623646,860.294853856772,872.808582726449,992.794626471065,911.858946666242,912.799612521809,988.119985173533,969.756330899824,968.820797311056,912.464038907919,892.947056315556,894.51653478861,951.032946921005,933.580178048634,974.043397190328,998.396950224169,1019.31187596474,1069.1550380311,1131.27726904625,1119.38601585145,1094.47781763605,1306.62080911664,1243.20141348089,1291.09259396817,1344.90322145111,1207.91429859785,1167.60818686627,1089.70195775038,1067.29694214039,1162.90114610399
958.887718176846,894.617541063186,840.794479756857,874.701665730397,871.722066148786,888.207156021227,830.254458993971,792.07991456813,879.311040271938,863.047907964292,603.140133381224,564.557721478826,576.913550016457,515.879948219673,539.753457315168,905.0643157651,894.686598035512,891.459779937145,342.486020069962,191.148202698485,371.217280661597,0,82.8479410088592,83.1343178092827,95.5096258048086,158.26067765553,240.08779997934,130.369287334913,130.65828738381,227.894454938662,97.599005501616,300.76374770612,304.36811947359,305.279948944076,1028.07981988629,434.081553910502,793.099421941596,663.010868934875,514.433104390405,400.843344752097,372.804505220425,353.924400980905,494.372999188988,515.187654632421,485.624878009561,501.452420707696,568.692407515873,526.057518763013,380.834454882886,445.110743304845,453.302971982527,456.92717503432,427.028582604865,528.362966088809,578.606913231596,559.924096970883,603.708793769606,612.20691878764,559.243496709478,331.710598038216,262.554673436851,276.533675859935,368.524613932105,366.152302502183,350.845937995593,442.889920296859,466.797756700731,388.465928319236,500.308921097189,532.526246296075,538.588220178856,562.885823596357,531.264360033519,469.416441339642,439.160912633854,228.125983498932,379.794076432417,362.335240561177,340.656764356861,742.286832666726,738.370473631271,779.507820912674,757.932138068742,716.25674213209,683.976941956241,632.457503768271,576.560868787331,626.162297321829,622.33304853351,614.781178964125,621.899139495429,606.614995973758,747.500308895659,649.819568975399,623.940247936158,631.505518042471,737.796868371151,674.435550918008,671.76918682545,722.666109173121,665.227960920856,640.569198630475,601.508564579966,604.392094946416,629.171936959184,659.90923958869,653.964591655469,699.603914938131,719.60533062023,735.797500774691,802.577056682676,830.426990641732,804.453071541496,775.615338001971,1011.46645438627,959.281684920642,992.677045845031,1060.76884773623,938.868969497204,895.225414132294,844.031625104855,824.260836665662,903.700925038815
879.649021184733,813.826348132806,760.026703982511,793.279800573014,790.442989284467,806.398891823524,748.871955231844,710.291246894717,797.149168837925,780.529369185653,520.313178631755,481.794924785542,494.813352320288,433.033173426736,463.207043354076,823.603582442092,812.684066952381,809.358006436632,268.161280353166,111.628315381208,289.467869570914,82.8479410088592,0,63.6937997656804,29.9871150076935,75.7727156920989,169.941471557995,90.0138733869764,69.739783947286,220.42945770209,173.49081456342,220.035191866506,224.946029764338,224.108753587507,963.133016282991,381.698783415151,747.188138038489,630.715364983458,495.599181797155,400.989694427887,384.403953460448,378.924377355599,514.552378716929,530.482666800882,502.920751370756,517.314690700355,584.453374872505,536.629747610966,414.131850632356,474.391054448597,493.377074257044,508.685366986606,475.404606264362,552.492142474637,599.377915943846,594.319563119117,631.566646035658,644.769809476977,600.504280776539,410.881427092512,343.322516146478,356.965949243184,439.186933787062,438.849850165777,424.591285556711,503.816588854522,530.661127613808,450.289807199234,563.288781359292,591.480698265142,604.736884368637,628.697766331338,607.830155680867,545.475488692998,515.810712963216,299.129293389146,457.755413515596,438.116178925268,419.504465907701,774.400265020084,764.279941669317,805.1631919237,767.002384276596,730.175327110375,678.152039868151,632.359000319984,577.362424896589,650.40718296498,640.185451484659,632.173865192696,641.181195927338,614.605695803765,781.861398972218,678.382121160051,655.834357166457,665.066292203618,777.004694352989,707.441187136573,705.846938541368,764.977734364004,719.834683032813,703.411158809112,657.828978241643,652.960931660603,670.350613470377,709.926828869543,700.102588845346,744.539836122889,766.136157708588,783.995895532448,845.986052704198,884.908092239395,863.472656660139,835.834811796757,1065.0068854415,1009.09181822959,1047.16155043393,1111.12421534806,984.017303211863,941.112380992205,881.452462794306,860.714042799853,945.64724570012
921.928539225121,852.596737725116,799.006655006794,830.134843503793,827.789271712438,841.75404445494,785.987229749241,746.006760217491,830.890049016972,812.087807445673,549.028802823879,512.102824540611,530.115375228186,460.683236204371,511.42693387976,860.244606663404,847.169361096458,843.373678783213,320.880070732705,129.345954821127,308.784585324126,83.1343178092827,63.6937997656804,0,44.2065372180276,120.965397290909,227.862441484666,152.514448137101,133.295362300331,278.341202793035,179.560837678291,236.511000607866,236.989182747031,242.196944715492,1019.90374819938,444.151709147128,810.200860639166,694.340284960843,557.660604490439,458.042855680006,437.224188137914,425.663109711708,564.210823149439,582.372400761546,553.851952752296,568.920125284297,636.289138285944,590.472867538861,456.600670495401,519.338494561753,532.002171999248,538.959701141624,508.227527419387,600.358165171013,648.989746995025,636.699665481913,677.696378110438,688.318535516707,638.582687658067,408.05827467057,336.901063602423,351.373600930404,450.532144826564,447.408474605252,431.656642771643,526.012773210932,549.868491182349,471.597454115665,583.41447762795,615.589567510988,621.385636287101,645.71680596012,609.589643553984,548.337157817681,517.690408871073,310.489712190282,457.310934307218,441.855647636855,417.366510112783,818.402374699648,811.651979392477,852.719834039402,821.881477068732,783.076707254621,737.681254596097,690.169142824973,634.778190999654,698.439673624633,691.227162605138,683.403955280967,691.57664753746,669.627054025132,824.555042588932,724.221015167999,699.78615388406,708.070088310556,816.672531369893,750.836017480631,748.609521989455,802.561627972607,747.921853427925,723.65331654761,684.380042088659,685.90318997678,708.590959064944,741.797168166012,734.910087082062,780.26248628304,800.715152255229,817.333943270064,882.87971170138,913.166446260998,887.562861794304,858.748657185903,1094.12741032015,1041.28748558928,1075.45664157858,1142.91535521513,1019.75464842839,976.285177684599,922.365664192136,902.215234748996,983.626940472785
881.131588440482,813.091262876403,759.393982507969,791.388264481396,788.841050175641,803.638800000565,747.111097364984,707.685040260977,793.463525150444,775.621884775104,513.631277525848,475.912799271875,491.768634089593,425.637375142368,468.576232139934,821.600638932596,809.428529893372,805.834116720153,276.954261138681,96.4316238146728,277.406237882829,95.5096258048086,29.9871150076935,44.2065372180276,0,77.4388448330079,183.776299358837,118.088858454312,93.811808990538,249.986361380796,191.574909478659,206.152002684053,209.107573813833,211.021777937406,975.709889199393,401.465627117094,767.975199188578,655.38648820153,523.054418686919,430.565130814422,414.379366435829,408.656502712433,544.507193782008,560.466925443024,532.904923747093,547.301406797618,614.436952865541,566.542698081195,443.381579909545,503.98517196766,522.076505422054,535.683268954625,502.94492635168,582.361878518605,629.337771867789,623.647345635455,661.318863041618,674.259531247855,629.1716309031,427.193087712317,357.978573376136,372.008922523057,460.666395327246,459.390381169446,444.581653401656,528.729166402888,554.753996338857,474.869108013606,587.68839043612,617.014500739929,628.154380160136,652.251707105116,626.249476044164,564.209007215288,534.135806218489,320.160316680965,475.097447471531,456.958415923547,436.10496812457,803.968163892337,794.143129138008,835.041320091899,796.802889281057,760.123059357531,706.964720209115,661.699131629577,606.804704835616,680.299767969644,670.172383158765,662.160958990791,671.16201558662,644.409347294557,811.277541646331,708.116812977975,685.373449791677,694.495212698285,805.996198888822,736.927353548182,735.255736693216,793.623347425602,746.4730403563,727.972282806312,684.0498233592,680.663007020304,699.076234509714,737.428740843367,728.209188051727,772.84096159214,794.224385273222,811.840642806178,874.533699300558,911.662230995937,889.176384849519,861.213746766627,1092.01693886795,1036.76657823827,1073.97481467841,1138.73597322984,1012.38788749497,969.367552516579,910.650671944809,889.989792195698,974.404954671069
805.137009238414,738.465158020178,684.686243819697,717.659107336125,714.874612471971,730.66780873869,673.269083648158,634.568064908117,721.376457300024,704.82752060657,445.082506528813,406.352906549892,419.045403116971,358.166534719206,391.2103175539,747.967507458747,736.920909098147,733.586825873311,200.03636719997,58.6078582490181,218.833121810864,158.26067765553,75.7727156920989,120.965397290909,77.4388448330079,0,112.236948981589,100.926145691615,67.0912977817196,230.307315288035,244.236006703696,153.137427700792,161.178017113496,155.912025135633,899.870650006118,335.428196777918,702.19678370021,599.791470557822,479.925101798889,405.854315312804,400.09943247097,406.278938511278,534.054745698266,545.345289238061,520.139697189385,532.95424054361,598.731501390625,547.155513968962,447.286046169367,502.652354015606,530.410171078572,555.289090154131,519.699025148223,574.727270914149,617.871136026689,624.863918061193,655.866769866415,673.050050140602,636.933898759228,481.508280506636,415.715291033632,428.98751029751,502.287942215056,503.656736892691,490.388618343369,558.160164890415,587.221948958388,506.010940898919,618.812555120065,643.290303183549,662.721168282424,686.235947921154,675.301985531883,612.675283192182,583.675664095918,364.187332509915,527.069819603002,505.568672447033,489.796034948628,800.949844571613,785.362200894812,825.652119705384,772.857202434735,740.813761782487,671.413185946666,631.526686894167,578.261520444491,671.259182857505,655.477242993299,647.167886116261,657.736625556815,621.410020031403,810.359303461477,702.726131499739,683.391631381105,693.98694030356,809.874966275684,735.414259851915,734.78770129873,800.712156480609,766.839326846035,757.866350765981,706.798470169196,695.181969691068,705.922618908465,752.935056432502,739.763434827835,782.770352189138,805.624431543422,824.849769875574,882.136440862954,930.869325058831,913.678106618754,887.259097417994,1109.39194161107,1050.23821437763,1092.48269322986,1152.40141096831,1021.00150555543,978.9746751366,911.978227278128,890.502311220176,979.902342764871
723.818220300041,664.503525462753,610.870595373214,647.739145878185,644.001255006377,663.601625732646,603.373126386932,568.115502476349,657.675004425976,645.783360356007,399.245057163025,358.803257713012,359.152230049225,320.087383795725,301.776570404075,678.13595679676,671.521609371677,669.171735678398,103.846424090131,150.362156361706,220.938559936901,240.08779997934,169.941471557995,227.862441484666,183.776299358837,112.236948981589,0,121.198639840745,109.574256193778,190.230134792392,302.791179573368,183.062681211055,198.120729444718,180.769660934392,793.218211438643,224.001353893179,590.337992586179,493.877119519178,387.726131560028,339.946056262528,349.207262201885,372.060264572396,482.495413452218,487.055749091764,465.872533122554,476.099966948716,538.213471316762,483.095263161161,419.714669890118,465.007531240463,505.480582898417,545.876812411677,507.416182152403,525.779122644053,562.562876750273,586.828912769881,607.839256639501,630.479910757071,607.852701420586,528.378003055656,470.603768015589,482.113333512596,528.11422902066,533.574471842544,523.215179394226,563.317091876114,596.088717754591,515.649656713875,624.731163017367,641.204508218082,672.85482686543,694.938421588468,708.504703552665,646.225749203652,619.702693783926,400.430055392542,568.652662870414,542.334268405759,535.363660850406,753.581804993168,730.497112121149,769.423794355582,698.804638548309,672.952302044644,584.863796374162,551.88231969197,501.610965100239,618.03200629286,595.03871360877,586.506465986907,598.93032573276,550.882970500866,765.711196555012,653.807551563929,639.531531714581,651.942126769737,771.856484209576,691.181265806516,692.00470216334,767.339952947417,753.259910411063,758.825325725595,697.940791824665,674.447801491424,673.938154601842,732.468762562998,713.825434113404,753.726811512793,778.306708997442,799.542440394515,848.306445614631,913.140588176483,904.059149102432,880.319707486693,1087.15247626689,1022.87822029737,1072.04847238291,1124.44228957417,987.018631276859,946.823875420338,869.057387590225,846.725362912968,941.978849383999
844.693527875672,785.677733942328,732.026779337279,768.666019818867,765.004916041522,784.233339886818,724.264717265168,688.555315647959,777.80528661718,764.989171737871,513.628881500436,473.503195419002,477.65855306417,430.630881746807,422.161277523776,799.074570962636,791.934420521804,789.432202301608,224.675715317192,159.070231810076,307.248550069719,130.369287334913,90.0138733869764,152.514448137101,118.088858454312,100.926145691615,121.198639840745,0,33.8765951684221,134.460279184719,181.727462050202,248.225057823961,258.38783614176,249.632218322373,898.590048211959,304.011736327602,665.419683387187,542.880288106654,405.593537838074,314.32981380965,302.852938858078,305.773289210723,435.792155396455,448.918324717878,422.67903378731,436.164358091175,502.678664440393,452.810425894195,346.362712221032,402.170534876008,429.56911703104,456.35687223306,420.133743716248,475.681031332819,520.12982807642,524.200309980171,556.377142718348,572.739489706833,536.025667946486,408.943985833648,349.712202212698,361.445122168979,415.961479923619,419.641739768093,408.051437483366,463.109766764963,493.609760068982,412.290805814904,524.268375720731,546.358852784815,569.872126786234,592.919741945303,593.923771815564,531.312034395004,503.770579292665,283.195243272921,450.72191625537,425.824363044472,416.253169551106,701.06652526952,686.941440719284,727.465210938731,681.521315310034,646.753637484684,588.970244648809,544.446595606067,489.861564245405,572.782919097636,559.079218599415,550.885510509497,560.812176803907,529.288002316922,710.103557098663,603.27698457729,583.217230146332,593.588299418206,709.070405349337,635.204109560286,634.413136916776,699.786900882848,667.611704515185,662.12067381308,608.382673472996,594.842614248816,604.996489343362,652.69239954568,639.03292941942,681.910890174618,704.851743737953,724.21626672799,781.210474726372,831.166437794023,815.443706246199,789.602803351424,1009.21722831058,949.564842299546,992.521787877436,1051.72016002562,920.076927422758,878.070574005124,811.454597525558,790.075909840724,879.038913213387
831.527827449541,769.894977688677,716.11403608325,751.607823443476,748.229440577557,766.356363496959,707.138187333934,670.385477216276,758.977827565437,744.918497141493,490.374875574927,450.575060625569,457.447967652442,405.896337785812,410.565761213717,782.027995610371,773.591759631726,770.81248997512,212.720714875616,125.200312176688,277.262997050091,130.65828738381,69.739783947286,133.295362300331,93.811808990538,67.0912977817196,109.574256193778,33.8765951684221,0,166.394467385636,198.094454542787,216.161746990859,225.758574261405,217.945916766351,899.135219880358,312.595872070952,677.592740392634,561.741144905552,430.267800798733,345.041364583342,335.608714150836,339.585844191873,468.945610471323,481.470793540342,455.566202920428,468.833213662067,535.126667384169,484.658853219896,380.223514522946,435.982179910638,463.32936316892,489.169504068559,453.230135159188,509.089555433938,553.135156860442,558.053580641634,589.927537154123,606.51547870496,569.842971272091,431.04087289739,369.037222941061,381.421505629539,443.501720519754,446.262965145135,433.982537976777,494.257531334714,524.180429755315,442.84931293037,555.237441107454,578.326666865785,600.17459840214,623.420984844904,619.753533186013,557.062565082534,528.917576259709,308.210436564089,474.39300238349,450.767472031749,438.750844361199,734.735727235324,720.183919491161,760.640231979443,712.461729678319,678.588861609961,616.816486575147,573.856605844262,519.680398337931,606.029224553887,591.658478089501,583.424625543081,593.563248613564,560.421326372281,743.869557323852,636.819213341079,616.959133862166,627.386108966078,742.944681121926,668.95684778872,668.206177168272,733.64257560897,700.582735831828,693.628074752178,640.99373271117,628.324260919843,638.847595546048,686.128469960263,672.723873144632,715.685745877276,738.568663034841,757.853212907497,815.063041914656,864.35821070802,848.000932150027,821.916347230834,1042.62955515032,983.225682423202,1025.83501909339,1085.38593736338,953.91843239893,911.883391515724,845.283390285968,823.8834550541,912.915334637723
860.231189704208,813.223646783937,761.088292494716,801.954814717733,797.143732802588,820.796413655146,758.645897938236,728.112882507621,818.605515262425,811.452754262702,579.42888024655,539.130836797893,531.67303119582,505.470011733394,443.945482053055,831.81399689727,830.398052306899,829.142486436382,267.765581274998,288.756208928528,409.583646491586,227.894454938662,220.42945770209,278.341202793035,249.986361380796,230.307315288035,190.230134792392,134.460279184719,166.394467385636,0,221.219355511715,362.415722565072,375.258984805322,361.940680293737,858.123891371321,255.92969371109,585.050725705065,440.981338295752,286.784153270401,180.579005697998,169.801603438062,182.75608140908,303.968627020772,315.222040240611,289.836315413922,302.715886091882,368.791999811196,318.387583946322,229.557988050066,277.503358049575,315.29515857457,357.666537351335,318.687731549824,345.230334867822,387.582158435825,400.059014301327,426.843935458179,446.092058082027,418.382829130492,390.94713423177,350.437765622155,357.953014209084,364.712724576132,374.318608804493,367.858340976089,381.598538053682,416.074512870374,338.167501124579,442.420747584558,454.789791179338,492.374924405971,513.301104790071,546.458147455663,486.336571528058,463.507641878443,260.442027052722,421.551404460156,390.622471266404,395.615692822645,572.455549157484,555.222156884354,595.419979724027,547.264364492608,512.335705754607,459.554068804938,412.104946266595,356.973352666842,441.191314452825,425.403924833862,417.139960866833,427.497665733559,394.954523994191,582.871890629463,473.569354514113,455.909445911851,467.333487610515,585.611722886704,507.922509198402,507.912840246407,579.342297032049,563.373224270695,572.776088209372,509.029741359398,484.2208808373,485.31631319069,542.248769048724,524.026473206554,564.543856785219,588.819051930308,609.760188588085,660.610230699196,722.910663994226,714.512890373633,691.328558455506,897.206104099298,833.675153089518,881.939382644423,935.452749617588,799.580833834941,758.742899155548,685.415979228352,663.527873060705,756.002167308363
1026.41760017508,966.93965303927,913.226583162231,949.291609614642,945.794581015811,964.302143431096,904.840084896726,868.38208121184,957.064684787327,942.915686683978,686.860019272047,647.408432104815,655.483690418724,601.065438112551,603.801440227279,979.712417400774,971.629484245665,968.884156845966,406.400060281739,284.944580984245,462.200736076311,97.599005501616,173.49081456342,179.560837678291,191.574909478659,244.236006703696,302.791179573368,181.727462050202,198.094454542787,221.219355511715,0,393.458408323981,398.380146885914,397.377801520984,1066.97556783764,463.590456691896,806.014029745628,660.370288298167,499.242483583772,368.287954438857,328.633821874475,295.634350262588,435.829926633321,461.269482763576,430.402573945926,447.3064756776,512.990465730958,476.942906143386,312.239279783225,378.491914360413,375.817782575809,369.265382385237,342.584522629426,464.878107603364,517.510313686074,485.808613220033,535.131151619586,539.050045779534,478.95913322291,237.576565871758,171.828303432434,184.850560012795,271.067670236143,268.556617557107,253.328137818587,349.061100556763,371.325272099931,294.507948151404,405.125055623228,439.331736124422,442.023455240015,466.393666130857,434.806529349927,372.669791228678,342.70919450314,130.938851300696,284.279012068062,265.38976748441,246.090769832007,668.151309930659,669.982708728914,710.965725382286,706.13137662766,659.969631405173,649.51325131494,592.56188346116,536.904113845485,560.769880134891,563.429637303499,556.481461295447,561.543392432511,558.391886582501,671.333848970062,579.92621427029,551.251525519656,557.188233318535,657.577206713206,600.142453511821,596.538785947025,640.027105075605,574.055421413191,545.07500041265,509.553652762068,517.739020468974,548.198845484776,571.834425573574,568.798114327177,615.056747894972,633.730912017433,648.621306304576,718.622500963911,738.799523388302,710.411564446128,681.045880648143,920.014337525033,870.233583182065,900.716375084397,971.153747213678,853.074144787895,809.047585924447,764.622796022575,745.770482493817,820.410615849451
705.203126022424,629.56643361794,576.89218629667,604.134985190626,602.579315134938,613.514202462633,560.785041250456,519.032027659993,600.700924407624,579.722051057634,315.773792411552,280.936586719256,305.962029269374,227.51371117423,325.370744756225,633.694046021261,617.777627193099,613.436861871537,192.426107885816,109.743394645821,72.368022816306,300.76374770612,220.035191866506,236.511000607866,206.152002684053,153.137427700792,183.062681211055,248.225057823961,216.161746990859,362.415722565072,393.458408323981,0,16.6090088349633,7.80958447903856,856.301369345636,372.081759965235,718.8616234545,652.080618287432,565.132557512919,522.586591178209,528.461833330559,544.60708695653,662.7085132233,668.93278292385,646.763903438822,657.645560579025,720.595264170048,665.842909857728,589.169475809306,639.894976585543,673.995844600779,704.415024361923,667.828377552111,705.36244980025,744.002629487337,762.471778273436,787.392958422095,808.160082218203,779.167371682021,630.916299114281,563.031191912845,576.808602092223,655.272294014806,656.315994378029,642.749112465309,710.314144184219,739.872906549459,658.586461682034,771.190707008904,794.436839702814,815.57773515754,838.999927100653,827.066371740701,764.547770190551,735.193525737228,516.644490943181,677.622915923022,657.258765991207,639.524506566188,933.260156819909,912.150401710623,951.404169354706,881.425941167914,856.014944686778,763.988351031987,733.675471358545,684.140970101905,799.10290891417,777.499681610651,768.987166932757,781.140610796168,733.92138023396,944.495336113511,833.760467040347,817.729007461209,829.480390451947,948.027150698333,869.652762637069,869.937084944718,941.34564165667,915.41279530089,909.773441062348,856.555737062587,841.128378292368,846.999980634353,899.145389859876,883.73866351215,925.470870440157,949.164474417958,969.306535165759,1022.70771643671,1078.42572523598,1063.6297688778,1037.82509360213,1255.5589794701,1194.19955300407,1239.3101181953,1296.22241327549,1161.72403218993,1120.56917729263,1047.39699635565,1025.34322182993,1118.41784087532
713.03304636205,636.264597662494,583.883616661385,610.15989539043,608.807211228579,618.90611641546,567.087690672614,524.94816725107,605.491431796234,583.707624956036,319.901320111588,286.206385993887,313.359469265577,232.12465268465,338.252298949853,639.529988461071,622.809268182539,618.295717284336,208.952512180529,113.474769433595,75.2881311336746,304.36811947359,224.946029764338,236.989182747031,209.107573813833,161.178017113496,198.120729444718,258.38783614176,225.758574261405,375.258984805322,398.380146885914,16.6090088349633,0,22.758764079337,869.453914738168,388.689891549717,734.992733433181,668.689575941626,581.244690601291,537.149865971096,542.065611482981,557.055116129103,676.436100476936,683.134586181828,660.673799023404,671.741435249682,734.9822210662,680.431098203898,601.105091026006,652.59282677466,685.682529589041,714.741383989552,678.446931331462,718.919139928218,758.036871688944,775.204957195553,800.907058269974,821.256984193562,791.166664143021,635.478869630509,566.915189233246,580.841913044349,662.20781739018,662.796399582268,648.946662395106,719.259819842774,748.399372105121,667.187296827451,779.968290573462,803.981107183674,823.857428991651,847.398610783222,832.711434502412,770.297478176077,740.723488849909,523.022135340225,682.658480343991,662.948929738199,644.21360653399,946.757054306927,926.21637435102,965.583491864277,896.794404435939,870.973331702153,779.995848275761,749.286938182785,699.537328840962,813.009184630388,791.912758925828,783.411289655043,795.441138497567,748.980024591095,957.777836403693,847.354953821163,830.928767476071,842.538708402498,960.76624876729,882.89061084992,883.059593783645,953.690815594305,925.974079397306,918.900973079556,866.701247532486,852.384186675469,859.233899249263,910.355394642472,895.444245225631,937.441934839635,960.979357865791,980.937291488743,1035.08896501446,1089.32140723457,1073.73301479761,1047.67051570818,1266.85133384345,1205.98537370324,1250.43024048045,1308.05463841637,1174.11465697881,1132.79787671989,1060.55112387341,1038.56549798303,1131.15391456707
697.728218884448,622.290889441516,569.565909555048,596.994462086966,595.397498295489,606.508548359256,553.591709418389,511.922366436544,593.834283252708,573.055365961889,309.130548989958,274.02524169618,298.59850837433,220.796149241787,317.600241554864,626.590635737296,610.853070335987,606.552873352706,186.489841134265,114.605943442331,66.6300399252106,305.279948944076,224.108753587507,242.196944715492,211.021777937406,155.912025135633,180.769660934392,249.632218322373,217.945916766351,361.940680293737,397.377801520984,7.80958447903856,22.758764079337,0,848.563733859729,366.612798753351,712.235249842896,646.666653799309,561.265291108209,520.605669317647,527.329147488926,544.356275426286,661.448006728784,667.261824165112,645.351810372049,656.070328483049,718.749233543455,663.81396264206,589.26706130525,639.442763218084,674.245205693112,705.517601193712,668.760440789575,704.23662804692,742.470250340718,761.975465884681,786.291759022754,807.385027739861,779.19021321013,634.915285387876,567.324054881325,581.037759960152,658.199104584275,659.458759292483,646.025937741258,712.203034741732,741.982290371214,660.669973266081,773.161494046659,795.981393992132,817.806596405067,841.163669243179,830.566692220434,768.008939373193,738.757062756091,519.868062655591,681.412028797653,660.763491331581,643.468503501753,932.159444746571,910.574653834322,949.725699272229,878.556555667585,853.597492423823,760.275055544411,730.521088220598,681.254987986919,797.674934238592,775.623337481524,767.101416754418,779.367300955092,731.408820059167,943.563985335443,832.589243023195,816.873547543729,828.7326407507,947.507980882194,868.762605565385,869.136213861453,941.111204053779,916.347516090559,911.537567583369,857.745490272158,841.636896893962,846.852617682473,899.677262563236,883.948481510026,925.49769476407,949.295105707385,969.558396472473,1022.44146812703,1079.1414404528,1064.82603325569,1039.17346249154,1256.01328958341,1194.33315261974,1239.87520474783,1296.31977856999,1161.44245859266,1120.40394297117,1046.55816585192,1024.45308033631,1117.88927963682
361.91291608292,430.587565720744,438.500978870908,464.047057411437,456.873500354491,485.76208039592,468.820961221474,498.464006050652,511.123389148156,544.295289918269,642.645935578392,646.921617517629,599.759503996026,690.991972574853,531.276406600216,464.043579404404,498.772700248605,506.179759546329,700.564100033978,914.813231578395,809.975777121646,1028.07981988629,963.133016282991,1019.90374819938,975.709889199393,899.870650006118,793.218211438643,898.590048211959,899.135219880358,858.123891371321,1066.97556783764,856.301369345636,869.453914738168,848.563733859729,0,604.129508469683,353.768158585234,528.088276314618,677.175495090991,810.763590610495,868.245004495692,930.693730322163,911.714120274724,882.324101149933,893.166908858067,885.135310278031,890.548444467182,852.292719402042,973.744580196846,960.963465070872,1029.16639551943,1107.98425319651,1073.36748878646,942.330140831026,928.160290620428,1023.14788367887,987.455073337441,1026.86358063463,1074.30968769173,1243.8293439391,1208.41840889902,1215.45655969115,1196.1109845545,1210.45832723381,1208.82773476725,1166.52533733774,1202.38254013914,1144.41021557552,1214.91475422526,1200.38081885188,1265.98738831455,1278.6835844414,1366.13277507632,1313.6659404888,1297.49891721394,1116.29295737231,1267.1612478055,1233.77241159126,1247.17738284983,1075.41439454269,1017.88714655267,1032.47892470997,873.147464554684,905.074666337522,733.689503231251,778.562420629581,786.117123086257,965.819596514936,915.077216136616,910.020614391727,926.036151684746,838.171508139827,1098.2997884517,1007.83913355276,1025.70397482586,1041.88242431172,1137.97028393587,1054.12819956673,1062.13670426967,1158.64121985516,1239.22618794194,1301.40919499316,1217.34710536367,1152.84131186268,1103.2825920843,1194.59307695886,1157.28950795058,1170.39123682053,1195.84664082312,1220.64518652735,1213.00104646159,1342.54703369687,1372.94876923299,1365.78523033398,1458.83315282311,1379.60204876358,1456.06162317353,1457.76379716508,1315.03285531205,1294.64514018542,1177.42618777325,1157.03819452706,1258.69895264712
622.758131527158,588.319945270924,539.619714551508,583.878765633223,577.893327317237,605.976666975676,543.564957915093,521.121153218791,609.193676316692,609.948489364903,427.836906344294,392.95313556867,365.172537120642,383.573612188188,239.385590740127,612.096315073227,617.581138515036,617.938541482343,181.386306595114,372.616371974016,373.674360107866,434.081553910502,381.698783415151,444.151709147128,401.465627117094,335.428196777918,224.001353893179,304.011736327602,312.595872070952,255.92969371109,463.590456691896,372.081759965235,388.689891549717,366.612798753351,604.129508469683,0,366.935914783235,280.072138345113,226.493373841262,271.864871983346,316.147461206,369.746744697655,418.060212698945,405.638260290183,397.705512002443,399.932843303221,444.355564617604,387.823362643691,420.152598579462,435.307339039313,496.419360323809,562.597230638293,523.552942361279,461.125248807988,478.424659158801,539.394996847589,535.847372933107,568.603891574195,577.503880051432,646.190639775671,606.011558360776,613.800208092097,611.202457340405,623.047397367486,618.608876566402,605.777671074655,642.087114177972,571.816030930745,662.559849485613,662.274636571316,714.61005409505,732.33746757444,790.030212216403,732.446816006209,712.153208474535,516.225875739023,674.476909397211,642.432983813508,650.485460675806,671.638849926121,633.176098407815,666.701472408103,558.425484546894,549.050600058003,419.768432438616,407.661155131405,370.664120273147,533.101697072479,495.253035705143,487.016466992504,502.678787208179,430.534246173648,689.023312038892,575.601459915403,573.951099667359,589.299787469664,709.223211961315,620.492691911422,624.462597726374,714.953426727478,742.904258605172,776.967643979143,701.026688352635,655.372619296157,631.300485911799,709.486324733701,680.834291684908,711.402688910758,738.029296166961,762.176939638457,790.320635667792,885.504491263363,893.285521128953,876.052128296299,1043.63473266169,970.97521196769,1032.71705928485,1068.02112583348,922.619225623039,887.847488163494,790.598449613209,767.490214972537,871.024127468425
584.348928824307,605.751781086222,580.599271878644,623.743329353779,615.707792341785,650.127394536054,602.236691926864,607.158721003192,667.365771123532,687.744389746205,641.056044097586,623.227454731442,577.331358857727,643.833730934532,450.032570961578,640.50336307265,664.76642067082,669.441968233054,528.968451648551,736.817376201794,700.32353480694,793.099421941596,747.188138038489,810.200860639166,767.975199188578,702.19678370021,590.337992586179,665.419683387187,677.592740392634,585.050725705065,806.014029745628,718.8616234545,734.992733433181,712.235249842896,353.768158585234,366.935914783235,0,180.306995319149,345.950565001622,490.686144412788,549.05641444094,611.745584088679,569.834389537502,538.112684403534,552.606707369096,542.585718066378,541.030161684837,507.144504508202,648.73694698747,625.644095651945,693.455403268771,774.303697771233,742.584910294271,596.627544155326,578.059608676544,675.622456566819,636.340931680996,675.799674865309,727.979576203034,944.839173990069,921.829808674442,926.199567237325,882.776939993627,899.112167488514,900.47620230235,837.972558936173,872.69093038653,823.208997683782,881.321735702528,861.78039258845,930.930189517236,941.441651312147,1042.13626067653,994.435512130081,982.124026636009,825.681487317942,960.291802453172,926.065023376419,946.498530065344,721.705862730518,664.420217345854,680.064024177164,522.297919482528,551.856411854084,380.070435484981,425.428158620469,436.593796166876,613.395185832597,562.472712374573,557.715577494848,573.508785285822,486.105551394336,744.561229175733,654.918924236594,674.017251713022,690.058787868727,784.274643602474,700.919178008999,709.070772379464,805.31062846332,890.179586593646,957.144023966069,872.408614824162,805.165931771691,752.644992371108,844.455941671331,806.508029169365,817.855584349279,843.063956142197,867.761619699757,859.257399898723,989.12250315016,1020.80567162619,1014.70823202391,1105.96539013707,1026.81494804644,1102.78124294288,1106.86274644473,963.012153918968,941.602785982293,824.885355606626,804.19734430505,906.668713823676
705.702466269836,707.251336245298,671.530918719161,717.280366689918,709.683705107345,743.12742629549,687.141595804916,680.94891529747,755.458927638292,768.619200111118,658.341023889423,631.069622823584,591.960369728593,636.509830080534,454.768443783704,739.296897920959,757.165254460606,760.303870328915,461.196957380533,644.192165926054,651.588480725343,663.010868934875,630.715364983458,694.340284960843,655.38648820153,599.791470557822,493.877119519178,542.880288106654,561.741144905552,440.981338295752,660.370288298167,652.080618287432,668.689575941626,646.666653799309,528.088276314618,280.072138345113,180.306995319149,0,172.411273103637,319.618042799563,377.11056402577,438.828518936842,389.550488450704,357.84791019945,372.447163741639,362.285063901263,362.58810326676,326.957484552333,472.69029593628,446.306037258114,513.85244497048,594.953015789926,564.037012551207,416.611177694292,400.101332768888,496.204905123976,459.405973987706,498.797037353724,548.210351148738,777.124983967683,760.169370458567,763.192315625951,709.53544260739,726.54533667226,729.125759221285,659.725018594208,694.047020631544,647.374064455929,701.800403737705,681.58307750339,751.102246835435,761.329527793649,864.574177678641,818.467445953655,807.527818729171,663.507349941253,789.086911607949,754.776450269312,778.025055758032,554.924991300761,500.393772705958,521.082390094101,372.172282002037,390.969483933011,220.356634945488,253.642921215707,258.088469335337,438.533444781155,388.141402129494,382.7200423143,398.9631515441,310.809915582828,577.138518236288,481.176556029287,497.805327751759,514.036185786782,613.828692891773,527.984357050455,535.637419209037,632.601288721214,711.603756148269,777.069196560829,692.410039925697,625.891558281045,575.199666964647,666.595453835198,629.202921433253,642.952613483722,668.666802355281,693.579036049389,691.207923075945,816.505454574646,845.104723735728,837.696963143612,942.388397827952,863.84535825258,937.484992591354,948.933643206118,802.89752673187,778.007735595423,663.984952978958,642.287877184089,746.88505909635
795.175369038635,778.017663596118,734.33552747967,780.148056125389,773.327803723422,804.289609073057,743.542812518172,727.438608122946,811.451729643627,817.219771602953,653.47406778511,619.209555527587,589.809431729585,609.589250379904,458.802553562338,806.075095649052,817.137775223293,818.689822218772,390.242673651904,531.826848421456,582.728356941883,514.433104390405,495.599181797155,557.660604490439,523.054418686919,479.925101798889,387.726131560028,405.593537838074,430.267800798733,286.784153270401,499.242483583772,565.132557512919,581.244690601291,561.265291108209,677.175495090991,226.493373841262,345.950565001622,172.411273103637,0,147.220717059869,204.773228660463,266.798732313099,237.458711587468,212.26321204705,217.946373336155,212.277293569589,236.269251686074,185.789306488013,302.801347451851,283.858420267376,352.085492953868,431.554484426139,398.217176983982,273.101670980283,273.714401399353,355.627590916003,334.524977547566,371.642224087284,403.361458010249,604.776243798627,589.254938259777,591.825236347286,537.823580749968,554.603659544019,556.891990009552,492.998226321266,528.164864193181,477.268273130823,538.701137089187,523.21644953374,589.339279975012,601.586414472924,696.462688962266,648.499352044743,636.530407505475,492.651832707062,616.847364159526,582.540529390612,605.626895184269,458.126653886474,414.114739895556,445.117664176818,332.072621202631,323.723496488776,199.48139288055,181.168668180722,147.41706702524,323.863004714315,279.960050564772,272.334683031784,288.846297730952,208.806428337681,477.509513882789,367.869219975526,374.130918570713,390.388879179364,504.425826674724,414.843942983445,420.470844668801,515.924315575013,571.468021092178,626.19111314307,543.13333376196,483.217836940457,443.273207326442,530.611334462075,496.453292308277,518.914898146303,545.622638895853,570.598512806562,585.423835558311,695.615754136982,714.433324403981,702.52953428873,840.779734547201,765.098651417216,832.290945053757,858.484158150078,711.606831886376,680.051935421633,575.797534259312,552.82109219314,657.975216321675
889.003485999482,859.191021053785,811.129972619285,855.596488088582,849.534172062195,877.81892771198,815.42610514327,792.608329464138,880.984582820313,881.081293347371,681.820574420204,643.627566424446,624.0185401888,621.694932358842,508.080383868057,883.634780158888,889.44595408854,889.789226631617,381.59034600107,463.21327028879,557.537207741737,400.843344752097,400.989694427887,458.042855680006,430.565130814422,405.854315312804,339.946056262528,314.32981380965,345.041364583342,180.579005697998,368.287954438857,522.586591178209,537.149865971096,520.605669317647,810.763590610495,271.864871983346,490.686144412788,319.618042799563,147.220717059869,0,58.440949275755,121.342082795264,150.992349029933,148.467324152679,131.767555265369,138.812670149733,198.379507561554,143.28411573729,163.143775688665,164.354033210902,228.527569249181,301.617634303964,264.789057096619,195.296183578271,224.653167015664,269.440710350448,275.244491191566,303.701484935072,305.69986254156,457.569015499357,443.713363450128,445.708770567808,392.111365653515,408.447627955884,410.169898259534,356.104529613805,392.196589664122,334.671663396246,406.939610610596,398.987680089742,458.802328634332,473.773377647581,555.88065594116,505.372001258952,491.8431771584,347.401963907895,470.08897838555,435.802580647074,458.408384932495,418.838083096288,391.493037732729,429.887516385207,367.428245671868,335.470004222216,283.542355989767,232.285765140452,176.743996204678,280.716396149009,255.121038372973,246.580707114818,259.249847303571,215.584621925166,433.167608573154,319.276972143664,310.757282151579,325.040682678229,446.46964100415,360.498520940117,362.937802427613,448.398148627416,471.28557002295,510.122963467848,431.549162345625,383.554544060394,361.349117169278,437.683707501925,409.696665762221,442.070678486086,468.455595281349,492.188820719459,526.436731752548,614.582194053353,621.428768750902,604.476691862037,776.550720795915,706.110182618818,764.51153377664,805.278414426626,662.389608108567,625.087815042244,536.707090859058,513.875774740788,613.597808116608
937.552569232275,904.392984802707,855.310804108996,899.186825147474,893.369132159468,920.755635929351,858.178755171824,833.517830352892,922.732433613181,921.128168637047,712.018583505298,672.935337243875,656.783220048216,647.053806203333,547.041673730508,927.712049636869,931.975070590243,931.96109979367,404.834634849551,458.557392465632,569.934198351394,372.804505220425,384.403953460448,437.224188137914,414.379366435829,400.09943247097,349.207262201885,302.852938858078,335.608714150836,169.801603438062,328.633821874475,528.461833330559,542.065611482981,527.329147488926,868.245004495692,316.147461206,549.05641444094,377.11056402577,204.773228660463,58.440949275755,0,62.9341129851426,134.541402434226,146.23165630865,120.042343771497,133.329579461042,200.147920582275,153.486936922111,107.212752736318,122.789056289606,180.364557971482,248.499153117305,210.492497880994,176.908435603126,217.781157448032,240.008449546483,258.964803283512,281.493440670488,268.638088900204,400.765408463599,390.057407550635,391.266882070193,333.720758242143,350.154827838093,352.142714796494,299.66698162612,335.948773558007,276.548941589669,352.185670022028,347.367293832895,404.263370797692,420.194470355019,498.009273186775,447.05815911871,433.403181804769,294.495830361536,412.091743878145,377.788460990755,401.299201455662,404.830839289276,385.54087294584,425.6492969098,385.348381519163,345.990900097476,321.691214331092,263.941931023406,208.27783008763,271.636433562136,256.290628068172,248.147520797876,257.970129598467,233.81281829113,416.543641699421,305.302426540816,290.360662165273,302.995625487779,423.565657201818,341.974008222722,342.871553830057,421.244134381759,429.294312393236,460.991776878295,385.07732969222,343.299705326931,330.035264167518,399.434193387326,374.816334661654,410.929580750959,436.625039148795,459.380516206674,501.381231919996,579.019875238011,580.860522454174,561.981467186149,746.402697723966,678.689203284236,733.02677251955,779.339741803715,639.434736399532,600.224718032062,519.851092069935,497.540883675976,593.269708104484
992.471390775644,956.334523550581,906.406612710458,949.665008604978,944.081492491022,970.595299822051,907.965886139806,881.665478659587,971.469017774132,968.284250563259,750.574056208124,710.847477524328,698.0216567786,681.362745655782,594.479926734412,978.589381961359,981.418785177556,981.074069568391,439.651925007043,464.726936675801,592.204456693373,353.924400980905,378.924377355599,425.663109711708,408.656502712433,406.278938511278,372.060264572396,305.773289210723,339.585844191873,182.75608140908,295.634350262588,544.60708695653,557.055116129103,544.356275426286,930.693730322163,369.746744697655,611.745584088679,438.828518936842,266.798732313099,121.342082795264,62.9341129851426,0,141.048289369355,165.713313264448,134.77146540718,151.750643634126,217.468868413458,183.323959863626,51.3647082852174,96.3973135530604,135.307025460848,193.086889297281,153.848228118772,174.765209812168,224.746878153672,218.684616741659,252.667997903315,267.035203909026,235.804857974196,341.15918244096,335.590577952915,335.555087367415,271.111904219793,287.805116875631,290.378984439497,239.007675928131,275.427157211316,213.804286697873,293.563979681348,292.965905202368,345.716209932045,362.803639861089,435.442039277495,384.144229310399,370.529627960554,242.129321186869,350.334042458395,316.026104820154,341.167025825795,395.929969724879,386.043029834504,427.084519448421,410.529038679099,364.813835269016,366.897807954719,304.925114283722,251.261991844462,272.815946714627,269.198245885835,261.91639433459,268.251333905902,264.32813695769,404.416240219598,299.461308604425,277.676667930525,287.823906802277,404.045239521197,329.586045057355,328.655472840963,396.755492275336,386.533754298374,408.997683798131,337.109239296501,304.087164180676,302.582948410143,361.772943255443,341.815385940992,381.83995844909,406.268032149584,427.511142200141,478.10174679133,542.630206336508,538.533105301776,517.473925979115,715.198661021432,650.997126011761,700.370818831844,752.724713744021,617.116950736303,576.075419750204,505.70876028464,484.302659392478,574.348179921167
1024.99379614195,1000.70275249894,954.08067638551,999.123640641349,992.793282395194,1022.01882099273,959.962945141831,938.923426703634,1026.37600799252,1027.93760058619,832.759973957208,794.614955126353,774.627498937183,772.38467375439,656.505477966725,1026.52137790524,1034.0496898742,1034.75320119697,531.556558780466,592.598095775223,702.667016573771,494.372999188988,514.552378716929,564.210823149439,544.507193782008,534.054745698266,482.495413452218,435.792155396455,468.945610471323,303.968627020772,435.829926633321,662.7085132233,676.436100476936,661.448006728784,911.714120274724,418.060212698945,569.834389537502,389.550488450704,237.458711587468,150.992349029933,134.541402434226,141.048289369355,0,36.0300340600067,20.5450938265377,27.4782511922749,78.0718134554773,66.720746024584,130.899898764932,71.2633080168154,129.761821296009,210.757937493851,186.564929232151,44.3478372549643,84.8553637338617,122.080015414486,125.648041184668,152.710440037743,166.354550651125,444.032977277787,454.600144721279,451.614433005807,355.194040752546,374.493643219829,382.789761119193,280.797686156746,312.23304143781,282.910191975763,315.408425243155,292.211287315644,363.089114438268,372.194576895513,485.406122916904,446.926813532946,442.371269136009,368.092075476997,439.824521445158,407.07334114662,441.533969025055,271.120735789231,251.30830170265,291.694629169425,271.976251145287,224.140158503617,255.651191390462,189.226781084568,146.40173089176,137.224367883776,128.158176216331,120.882121940515,127.557434353667,134.822448123962,283.945993089955,171.313726868456,159.909784050228,174.053512744516,295.499464000319,210.277746814955,212.273726039858,297.873707685159,334.840234551385,389.74108100199,306.05031531802,246.318763554823,213.549037548826,295.99596266405,264.423329836322,293.352804721077,320.00521794203,344.260683297687,375.471972166765,468.162671694994,480.69361170891,466.914002489873,626.434771559915,555.334728557271,614.954585664028,654.30665714985,511.50462679761,474.097439366435,387.552775337617,364.949584564538,463.204799157033
1004.8867585999,983.323190219223,937.613023487836,982.952606384918,976.460829588087,1006.26045743528,944.519318468089,924.849297625871,1011.46088532945,1014.21231452518,825.858353820677,788.342970653843,766.366854933347,768.429540074794,644.960878020469,1009.91219868213,1018.55407398294,1019.51289312316,529.491629475841,603.61599323144,705.683130859952,515.187654632421,530.482666800882,582.372400761546,560.466925443024,545.345289238061,487.055749091764,448.918324717878,481.470793540342,315.222040240611,461.269482763576,668.93278292385,683.134586181828,667.261824165112,882.324101149933,405.638260290183,538.112684403534,357.84791019945,212.26321204705,148.467324152679,146.23165630865,165.713313264448,36.0300340600067,0,31.2648443005907,13.9639675967564,53.9776878650974,31.558795987616,162.956408435931,106.660800523562,165.526704403142,246.217771715994,222.577450200102,60.8972508533417,76.2142627424494,143.386829085836,130.298030931205,163.58231137452,192.359456985181,478.865030488857,487.591581377268,485.039720570365,390.880384512773,410.123149502104,418.168631886728,316.629233642277,347.77598655001,318.832177985465,350.155279228162,325.35511803752,397.184141751704,405.535929155529,520.993032398493,482.904075222133,478.398288688043,399.512886276391,475.460356950882,442.579061767591,476.553519525937,270.988156748856,243.461516074536,282.471966924708,244.866241518305,201.091472231734,219.788592274071,153.458705390401,110.651273488476,132.331234884358,110.188763098196,101.967394476375,112.575213404001,101.3418599758,286.232821134207,172.040792103374,168.373746511565,183.904184384755,303.637715468712,215.369004195288,218.9537086221,309.989019284108,359.639151210288,419.514367252293,335.126711786206,271.771648800774,231.766617819916,318.348189602038,284.496368277726,309.283131766529,336.078184157235,360.822737617005,384.686588400345,485.644206515875,502.308645210862,490.292862863985,638.344080971639,565.337157136279,628.014222880604,662.690404762031,518.007608692622,482.400875753213,389.434707919515,366.476135615223,467.724278791655
1004.51744140678,980.15810295306,933.547821945723,978.598917392937,972.264133838735,1001.50791972421,939.46313265845,918.497673399621,1005.90284194595,1007.53983452256,813.228941587344,775.195602308506,754.855848322203,753.442477220562,636.278249658797,1005.98633352398,1013.54932365965,1014.26412624717,512.99260749159,578.586785488056,685.619699813283,485.624878009561,502.920751370756,553.851952752296,532.904923747093,520.139697189385,465.872533122554,422.67903378731,455.566202920428,289.836315413922,430.402573945926,646.763903438822,660.673799023404,645.351810372049,893.166908858067,397.705512002443,552.606707369096,372.447163741639,217.946373336155,131.767555265369,120.042343771497,134.77146540718,20.5450938265377,31.2648443005907,0,17.555475789224,83.1528898450243,56.2064012213296,132.341532981194,79.707418155029,143.321010367215,224.811060580823,198.237715018842,63.8498107110853,97.7835035834531,142.624645375916,143.681787365995,172.276905284596,186.503227897984,449.690134239328,457.032880857689,454.701189848554,363.325351960346,382.390367813836,389.864015724901,293.484185156007,325.838171944473,292.312509107529,330.564818280933,309.177306818587,379.029550045205,388.884497702045,498.708347069945,458.538533433401,452.792784977467,368.474879861897,447.69345251387,414.518079972188,447.623094960321,288.357317945949,265.810877162219,305.723154572078,275.769538506989,230.810513589032,247.672093418537,181.87848794068,135.2502855753,152.340461122078,137.402139706494,129.552716472015,138.310226874901,132.281197039838,301.897326808867,188.514925579587,179.03527886559,193.500451970136,314.8329778671,228.800005359494,231.170341466891,317.87195231254,355.017345187689,408.57443613524,325.222387278174,266.453269503333,234.052333650109,316.451096795951,284.967507688873,313.755311603771,340.427344005095,364.72045598696,395.069378086272,488.680880491217,501.162066893118,487.233392269799,646.518993262022,575.133692582998,635.172149960595,673.856363495913,530.649362932924,493.580222596625,405.514113627344,382.792794310552,481.887167312841
1002.61889353227,979.828161916715,933.721676584229,978.942407751263,972.517674198884,1002.08093900487,940.201328869988,919.973283276408,1006.93548813414,1009.21040634838,818.338129810325,780.604973235041,759.297359119156,759.942406701303,639.043461340371,1006.09028075286,1014.26732361856,1015.12127013045,520.348858301764,591.293137302226,695.19270145644,501.452420707696,517.314690700355,568.920125284297,547.301406797618,532.95424054361,476.099966948716,436.164358091175,468.833213662067,302.715886091882,447.3064756776,657.645560579025,671.741435249682,656.070328483049,885.135310278031,399.932843303221,542.585718066378,362.285063901263,212.277293569589,138.812670149733,133.329579461042,151.750643634126,27.4782511922749,13.9639675967564,17.555475789224,0,67.3831418894501,40.186547254913,149.797044016926,95.4122959879727,156.714785884729,237.925633951355,212.834394604217,62.2326569442956,86.467990816984,144.189748177879,137.295473604279,168.673984468133,191.103916016967,466.648172163199,474.492235647304,472.09400076358,379.565171149595,398.714625403125,406.445257379572,307.550952809446,339.308186657391,308.048043720225,342.824283647439,319.621085027009,390.566594078148,399.635462453571,512.41625084121,473.274855344692,468.1316538839,386.029115542489,464.042338746868,430.994609637618,464.479689005471,280.02638014907,254.507713048276,293.903557341487,258.827844517484,214.804321378602,231.113398134287,165.073777564261,119.924232785482,142.212404814951,122.976757394558,114.88289766818,124.784409339461,114.727412562658,294.575011640399,180.535706236758,174.344479944439,189.461350048792,310.105088427163,222.662591445781,225.733342442465,315.03863809221,359.228899790505,416.280891865565,332.300932943821,270.940542884399,234.243236565467,319.112747508717,286.267022109707,312.848009227103,339.6193122091,364.190321835259,390.877842050531,488.719048584755,503.546470968672,490.672085976179,643.702075743004,571.365722156534,632.93273503636,669.326773787699,525.223499521308,488.98519523091,398.027948310386,375.154318429088,475.55787008149
1031.2850794904,1013.80573880743,969.431314432691,1015.09009940484,1008.39284151769,1038.90752002743,977.679843652209,959.77193428815,1045.19141077582,1049.41913157151,868.586665954592,831.699351598823,807.926570574637,813.767270622315,683.463043513402,1041.41489560534,1051.52617238619,1052.81452018112,576.734119902585,656.910021924773,755.763056393495,568.692407515873,584.453374872505,636.289138285944,614.436952865541,598.731501390625,538.213471316762,502.678664440393,535.126667384169,368.791999811196,512.990465730958,720.595264170048,734.9822210662,718.749233543455,890.548444467182,444.355564617604,541.030161684837,362.58810326676,236.269251686074,198.379507561554,200.147920582275,217.468868413458,78.0718134554773,53.9776878650974,83.1528898450243,67.3831418894501,0,57.3283312214555,208.641670884888,146.06747310467,192.974054535644,269.109349264246,251.95995710379,68.4028165554916,38.1640023110059,136.019333544648,99.1406509412174,137.694868381506,189.623541783207,517.322335730456,531.057007482218,527.57066512634,425.211396706607,444.789934204702,454.342192043655,341.590919817753,369.753965415933,351.260387169414,367.336021039904,336.360600557974,410.871337354736,416.189244188579,542.06776163115,508.862272997895,507.289755186581,445.739103666466,509.851155960392,477.941690443963,514.265066181978,227.3571044799,193.821518697591,231.608569163259,193.93759637523,147.657727513652,194.001486274111,128.745775510037,104.530157115715,88.9417137760514,56.9680449223534,48.5284517173568,61.0037176139063,65.7025759807042,244.763607483568,132.329833972115,138.712656976188,155.095887973062,268.462448576814,178.833555153454,184.234240837163,279.821827799856,349.176469478537,419.307620826581,334.413086769163,264.581243881632,213.001709196317,304.044690834632,267.025874732363,284.589390636393,311.065301150891,336.128556795236,349.642788516844,460.906655235953,484.208685965669,475.495757817576,604.899996073167,529.874034266618,596.100776367543,624.936993258091,478.795926814111,445.417868935802,346.36354843118,323.261154456092,426.713442903246
980.381300054422,960.730140250015,915.70537540111,961.228352123701,954.624020970261,984.820675056288,923.352452683441,904.711086777893,990.634894803442,994.266297970864,811.39351215993,774.43824017977,750.898260693231,756.447235345948,627.108550435817,987.854287661903,997.297944983879,998.442866802904,519.663507803827,604.993599403857,699.707100843755,526.057518763013,536.629747610966,590.472867538861,566.542698081195,547.155513968962,483.095263161161,452.810425894195,484.658853219896,318.387583946322,476.942906143386,665.842909857728,680.431098203898,663.81396264206,852.292719402042,387.823362643691,507.144504508202,326.957484552333,185.789306488013,143.28411573729,153.486936922111,183.323959863626,66.720746024584,31.558795987616,56.2064012213296,40.186547254913,57.3283312214555,0,187.428019216963,135.501470962661,196.478906391658,277.432643913207,252.955064247844,90.0376033237088,90.8125760614416,171.611203568152,150.15878675343,186.224646166336,222.019628808159,505.714107530287,511.737057465412,509.772830638726,419.478936736995,438.570085687362,446.067924640754,347.478392991899,378.938295684486,348.177377104211,381.647425907109,356.863669071844,428.742147635616,437.058138112086,552.122201519546,513.392192381907,508.317820910865,421.881050222486,503.880432290009,470.723069427296,503.728629615545,284.33097487873,250.848914398848,288.07822179751,231.899790815207,193.948123003397,191.489260248116,125.887832603933,79.7878955728077,145.361589300649,112.66773087378,104.097217988041,117.948144287195,81.452055183046,301.249274423349,187.843581807599,189.464899219331,205.529858538675,322.6961982129,233.338765096562,237.951333059546,331.643099364014,388.258863441292,450.14498817783,365.578785746908,300.901161794206,257.587860089624,345.874296741719,310.975853734771,333.301536695183,360.046833268221,384.97891371849,403.979899405352,509.9927043014,529.040299984101,517.993291016192,658.765986521274,584.573214567049,649.239879726687,680.569462499344,534.846810848551,500.659680780351,403.334406501636,380.24468737235,483.259560436928
1042.68840451403,1007.28481779997,957.483886403942,1000.82513997624,995.213046762048,1021.82341395622,959.194165365533,933.000045619632,1022.77905897306,1019.64672115741,801.275619493063,761.464489051423,749.096716668956,731.317993269233,645.823124001207,1029.70299721272,1032.68154200576,1032.36113568319,489.9856863838,505.29877554144,638.901367632436,380.834454882886,414.131850632356,456.600670495401,443.381579909545,447.286046169367,419.714669890118,346.362712221032,380.223514522946,229.557988050066,312.239279783225,589.169475809306,601.105091026006,589.26706130525,973.744580196846,420.152598579462,648.73694698747,472.69029593628,302.801347451851,163.143775688665,107.212752736318,51.3647082852174,130.899898764932,162.956408435931,132.341532981194,149.797044016926,208.641670884888,187.428019216963,0,66.3970162746811,85.7804170987417,142.458676576704,103.703142641834,153.49489795916,207.110707216092,180.336656344759,223.572775916309,231.728647284982,190.073937232921,319.531058427356,324.695828904656,322.41895256977,239.233840730729,257.35127989523,262.672185683465,192.962748007972,229.093585841169,174.695424301606,245.004054361423,242.152723325051,297.106439293676,313.362146846423,393.994373216464,345.873786484973,335.138170737944,237.192354424537,321.906393075423,287.968770259348,318.134325043796,361.834438042245,358.538963243109,399.641911775042,402.0003748302,351.812658606478,378.058623861353,313.170166770577,263.190393040053,248.53211498207,254.188414964465,247.898226836072,251.183632641208,264.287406398238,368.149307279971,269.229913092563,243.277559321931,251.513485702244,363.360228375543,294.237988755549,292.142396872171,353.429636608817,336.023240628805,357.781850491596,285.822486121411,254.868494660118,258.658819242562,312.820822267419,294.811393946736,336.337002319334,360.030296660854,380.511087888179,434.860784706254,493.611295704197,487.926733960588,466.489063416631,667.726215481532,605.066972012758,652.381860010762,707.059926885444,573.771259045575,531.973907751927,467.325807924768,446.608213734135,532.911419010956
1053.26376185541,1023.27438541474,974.908730927679,1019.17240871605,1013.20052582015,1041.13059956916,978.639260482034,954.850319473816,1043.72089573475,1042.8164276251,834.63630309735,795.452071733927,779.571736660724,768.74667669141,668.922358516891,1047.39429100331,1052.57513698514,1052.74553100625,526.427935632376,561.115501570837,685.790699807031,445.110743304845,474.391054448597,519.338494561753,503.98517196766,502.652354015606,465.007531240463,402.170534876008,435.982179910638,277.503358049575,378.491914360413,639.894976585543,652.59282677466,639.442763218084,960.963465070872,435.307339039313,625.644095651945,446.306037258114,283.858420267376,164.354033210902,122.789056289606,96.3973135530604,71.2633080168154,106.660800523562,79.707418155029,95.4122959879727,146.06747310467,135.501470962661,66.3970162746811,0,68.2300869893213,148.67182946841,119.233457479106,87.2835172878724,141.194120666021,122.620059551767,158.609003382167,170.717351223422,145.951204251441,372.833100604347,385.003482729926,381.527407668606,284.252649384205,303.470142734564,311.568461662012,214.981322339649,248.287190879859,212.68338198547,255.696772216703,239.741521412851,305.74761968697,317.733145782315,420.453359810338,379.099174620632,373.087728366685,300.871619828734,368.807283855895,335.926421057193,370.282508740078,300.016678583254,293.317155521215,334.455629404477,337.714258799411,286.327572028552,326.363382529487,260.108233084497,214.929641853759,182.344014104988,188.598452307112,182.619620092834,185.165387846537,205.873431262651,308.086848234059,204.921257342177,181.526550610374,191.437575722515,308.174805907474,233.330181805406,232.274331574896,302.336311955289,307.737155066886,347.089891183602,267.364635676832,220.905099495161,209.236483814374,276.695883009273,252.325085079339,289.673711260401,314.955585168186,337.286599781589,383.392636263781,456.264333084453,458.79008257481,440.805982978198,624.788197676805,558.442424439416,610.969603394325,659.708275696736,522.258158296405,481.823883232936,409.325937187318,387.905587510633,478.561088220655
1116.90512021557,1084.71895445022,1035.67487667352,1079.52532266611,1073.72229536573,1101.02564371637,1038.43397064549,1013.38797799674,1102.78493127458,1100.6748129736,885.759475668123,846.083119836684,832.736569778639,816.615090758708,726.554480711925,1108.07290625496,1112.18200336841,1112.10247246677,574.958947076194,588.014891277355,724.475438590625,453.302971982527,493.377074257044,532.002171999248,522.076505422054,530.410171078572,505.480582898417,429.56911703104,463.32936316892,315.29515857457,375.817782575809,673.995844600779,685.682529589041,674.245205693112,1029.16639551943,496.419360323809,693.455403268771,513.85244497048,352.085492953868,228.527569249181,180.364557971482,135.307025460848,129.761821296009,165.526704403142,143.321010367215,156.714785884729,192.974054535644,196.478906391658,85.7804170987417,68.2300869893213,0,81.5145102279174,59.0234776740294,125.15283136461,175.868204190139,111.482182063861,168.964111230144,164.929867172192,107.13399958132,328.826970794834,352.048685886646,346.295630012101,233.378043430343,253.072390610612,263.790760475691,151.115169938939,182.620046495449,158.790206770554,187.951553957408,171.87396441278,237.62601290968,249.518338480929,355.701864079454,317.762427319038,314.680945146197,278.502361376757,317.711748917113,286.546464757033,324.872218207326,292.609831760174,299.864292443288,340.003481477385,373.357905314983,317.632073768772,383.205966647341,316.666303993041,276.13483642169,200.762390960129,222.593739197231,218.624552934629,216.198497010921,257.536296350236,295.552458469033,209.436566682433,177.468274482147,181.934505605287,284.677558918738,224.714219143746,220.79782609855,271.607650318721,251.411217498448,281.642589662049,204.722531536495,169.116914083088,177.000384396657,227.04337888386,209.762009416152,252.367668461583,275.379975443603,295.31551291411,352.719107232466,407.852085923043,403.439008440181,383.022255790602,582.169354458021,520.31977241681,566.678662347522,622.420217872443,491.14208493463,448.734180038739,390.729218296088,371.07783791641,452.332575520472
1185.14206998127,1149.40342367514,1099.38656680197,1142.51969118659,1136.98690325371,1163.28065211058,1100.65677520402,1073.79036914435,1163.78053024156,1159.88524650956,936.225898033511,896.07568975288,886.180785908784,863.136420689296,786.59858541772,1171.52031782891,1173.97869452132,1173.52119339513,624.19726080291,610.880431083597,760.028320233365,456.92717503432,508.685366986606,538.959701141624,535.683268954625,555.289090154131,545.876812411677,456.35687223306,489.169504068559,357.666537351335,369.265382385237,704.415024361923,714.741383989552,705.517601193712,1107.98425319651,562.597230638293,774.303697771233,594.953015789926,431.554484426139,301.617634303964,248.499153117305,193.086889297281,210.757937493851,246.217771715994,224.811060580823,237.925633951355,269.109349264246,277.432643913207,142.458676576704,148.67182946841,81.5145102279174,0,39.6542467933669,200.730690837564,246.796627003466,160.428787357507,225.116120857583,208.204594835674,126.550454361465,271.991864609128,308.733790267707,300.263444844951,171.2171511778,190.566770296078,204.485262508632,72.766896995803,101.590624591472,98.4006768164978,107.171833176573,99.9207388282072,158.027365599253,172.157926130755,274.815721493433,239.843601725588,239.978975816488,253.006677626207,251.977543898944,224.046990574087,266.329006410492,322.377177754076,343.294217598534,380.742208188208,438.819034298315,381.078999716998,461.818249858523,395.466133090061,356.851890722175,259.969434376483,290.925575676533,288.313813613314,282.979135531828,334.60760101021,319.461914250471,256.89443666047,220.632336711068,219.279889173678,296.057459691255,258.228500128921,251.658473353314,274.270382880249,211.630622623674,216.913670630673,152.437549616612,148.533045648299,188.229793399007,203.016048418329,200.390825629997,246.997512223741,264.648888229397,279.408875988873,350.652337278641,376.327210769164,359.417796208695,334.642416976055,556.349130537891,502.366457611126,538.50479751951,603.956525203411,483.86562990533,439.794119278329,402.898389601125,386.17907284781,452.703431113037
1146.22085097164,1110.02874813764,1059.93362891553,1103.0118983516,1097.49774708651,1123.72768757825,1061.10617352615,1034.16694554128,1124.17213507157,1120.23609956846,896.866544548917,856.745184466273,846.632248596599,824.116692311615,746.981386338042,1132.04134016679,1134.40230709548,1133.92837861995,584.847098363703,575.855865429383,722.514383914876,427.028582604865,475.404606264362,508.227527419387,502.94492635168,519.699025148223,507.416182152403,420.133743716248,453.230135159188,318.687731549824,342.584522629426,667.828377552111,678.446931331462,668.760440789575,1073.36748878646,523.552942361279,742.584910294271,564.037012551207,398.217176983982,264.789057096619,210.492497880994,153.848228118772,186.564929232151,222.577450200102,198.237715018842,212.834394604217,251.95995710379,252.955064247844,103.703142641834,119.233457479106,59.0234776740294,39.6542467933669,0,184.170839982561,234.429308098665,160.641734009575,222.599911245007,212.458508050754,139.104590701123,271.704073355392,299.522572452513,292.691096466373,174.799003800267,194.519747056093,205.832246162524,95.8851948510299,130.10686181495,99.9759015592158,142.158515186115,139.450551472302,194.034310021294,209.724871456745,301.332412627096,260.440787621591,256.169869927745,233.604698366974,258.903680718276,228.099551281285,267.319351376128,334.575710043604,348.84266028325,387.901120566764,431.089445653392,374.707101050975,441.394061181975,374.835873916035,332.740624897346,255.915582282445,280.735131707674,277.05251344235,273.930010447515,316.341029358761,334.314750709556,259.61823127848,225.150271264366,226.682367573777,316.040287308599,268.036938854583,262.639329093789,297.463416979288,247.588945303008,256.56592955557,190.525653819129,177.822134994571,206.64063960604,234.522626669145,226.973861348229,272.850922575614,292.580632428388,309.197711285701,376.226408302691,411.170413782374,396.977568539123,372.90518350084,590.166676359542,533.834327956684,572.906035366398,635.791305130871,511.859047812007,468.198902437648,423.295179122934,405.279774271344,477.885788920853
1064.77237005382,1042.01890777329,995.823409680305,1041.0051177735,1034.60227046704,1064.08112763647,1002.14757968752,981.624173550031,1068.77914343706,1070.7698261641,876.990517936001,838.892215134748,818.699773223885,816.731715593361,699.914252785669,1068.20908886549,1076.22283056777,1077.02978675641,575.857011978081,633.327006577927,746.202088339799,528.362966088809,552.492142474637,600.358165171013,582.361878518605,574.727270914149,525.779122644053,475.681031332819,509.089555433938,345.230334867822,464.878107603364,705.36244980025,718.919139928218,704.23662804692,942.330140831026,461.125248807988,596.627544155326,416.611177694292,273.101670980283,195.296183578271,176.908435603126,174.765209812168,44.3478372549643,60.8972508533417,63.8498107110853,62.2326569442956,68.4028165554916,90.0376033237088,153.49489795916,87.2835172878724,125.15283136461,200.730690837564,184.170839982561,0,54.158944456933,82.5279898186605,82.0780594357435,108.462385439558,131.982887544383,451.90090006562,469.206392297917,464.904318888206,358.203270969285,377.853516128186,387.972706301368,273.188228738897,301.538380234687,283.854599719762,299.997325869214,271.034325574349,344.686735259256,351.215787636875,474.108475243266,440.460493351251,439.012958190238,387.345282355247,442.69958240367,411.189396858701,448.462440828315,227.928000592132,211.791133126979,252.685241011694,252.264565356384,199.495139140448,261.636009592405,195.671971877759,163.038949726396,98.0850705868321,101.861470037193,96.4388739604449,97.9346753015859,133.899239777574,240.103978778032,128.455560010026,115.565267190299,129.751737135648,251.174492134556,166.117932681192,167.961379133021,254.089471987422,298.776673976254,360.518764819971,275.801641483392,211.051627157302,172.010594566033,257.548352073994,224.163172809812,250.81358595575,277.562722671514,302.066602554799,331.259125717135,426.513640965668,441.710181174175,429.428850143843,582.779926950054,511.283901813206,571.602328407705,610.071931955196,467.158252481848,429.827757100498,343.648994584177,321.139090903789,418.923032409061
1068.87299952432,1050.68098821815,1005.99417990715,1051.58300223624,1044.93527512089,1075.274738209,1013.89891958689,995.469101316454,1081.26368779967,1085.04240839298,900.834313218689,863.55799209911,840.82052850848,844.269603862164,717.770059629371,1078.06597511258,1087.80963693442,1089.00860173033,605.651106408729,676.338313755975,781.605647996225,578.606913231596,599.377915943846,648.989746995025,629.337771867789,617.871136026689,562.562876750273,520.12982807642,553.135156860442,387.582158435825,517.510313686074,744.002629487337,758.036871688944,742.470250340718,928.160290620428,478.424659158801,578.059608676544,400.101332768888,273.714401399353,224.653167015664,217.781157448032,224.746878153672,84.8553637338617,76.2142627424494,97.7835035834531,86.467990816984,38.1640023110059,90.8125760614416,207.110707216092,141.194120666021,175.868204190139,246.796627003466,234.429308098665,54.158944456933,0,102.257040200825,61.054692542591,99.543349014957,156.103967065352,504.270333937324,523.022459574508,518.523305985667,409.1718511628,428.880700484493,439.630835242583,319.551804545531,345.563189483235,334.405037174861,340.436402943269,306.627513377816,381.874439889117,385.748211206171,516.31804905287,486.2267414665,486.634492089593,441.504144682247,493.321412403087,462.392890024706,500.549289010816,195.111564342822,168.19222767772,207.948656183562,198.569410202756,145.336194679428,223.755426070948,160.735735397861,142.050471714231,56.136824430856,47.7566279829611,42.86357338377,44.1068697887165,96.2741129446639,211.083589430848,97.1980488651702,100.676977784415,117.038725827054,232.014362492185,142.556097690312,147.382039923931,242.210419857559,312.20641138402,384.726711738783,300.04131859964,228.719960550714,175.161389138487,266.532205247727,229.188645382089,246.453748004135,272.955092010087,298.014907765111,313.29431449835,422.839089011167,446.136714029053,437.698414929552,568.287439659084,493.824789310616,559.10378559048,589.779937992093,444.196593570109,409.847114825681,313.851403546339,290.827873210064,392.995506266795
1146.6485738931,1122.78273930228,1076.1215410975,1121.12986605189,1114.81851805395,1143.96315999501,1081.85791716189,1060.46956666866,1148.14398595087,1149.34062298045,949.928353350061,911.26659210827,893.032697247958,886.700154303679,777.166244076601,1148.57071259992,1155.94537872443,1156.59613827612,644.649356901164,683.244441370071,807.739212309301,559.924096970883,594.319563119117,636.699665481913,623.647345635455,624.863918061193,586.828912769881,524.200309980171,558.053580641634,400.059014301327,485.808613220033,762.471778273436,775.204957195553,761.975465884681,1023.14788367887,539.394996847589,675.622456566819,496.204905123976,355.627590916003,269.440710350448,240.008449546483,218.684616741659,122.080015414486,143.386829085836,142.624645375916,144.189748177879,136.019333544648,171.611203568152,180.336656344759,122.620059551767,111.482182063861,160.428787357507,160.641734009575,82.5279898186605,102.257040200825,0,64.9951503790352,53.4824177335121,53.8675294445481,430.430678605501,460.074626795905,453.332345418524,330.799589752457,350.349915138748,363.436288408622,231.00113621336,252.457357584817,256.43239172244,243.102376617261,206.080470318749,281.711624239223,284.34225056229,419.392868649868,394.11184662476,397.913014948675,389.694321343133,412.38693061302,383.972052344465,425.347572757075,182.604239964059,188.882136690529,228.703569395667,280.267648048119,221.881063285358,325.904388938093,262.88946704065,239.366476291781,100.294991383251,137.979609909921,137.548369361974,128.428115491327,198.45743834419,187.863170899198,99.0306764711735,65.9870942135826,71.6189694474651,185.562552097834,114.608096216514,111.918838510038,181.237732554601,216.64931559165,283.288794668576,198.403484532455,129.722543326888,91.9724135834412,175.036045144301,142.376325785681,172.640059479208,199.022367553784,222.887811739515,261.644165677889,346.249781777579,359.35788936589,346.907638161794,507.621730340776,438.799956492713,495.180228989859,539.331539154791,400.196304771834,360.39088047468,287.44153438635,266.437380564354,355.953489825693
1129.6971518464,1110.85953581227,1065.857318018,1111.36644000543,1104.77193056266,1134.92057105673,1073.3934565174,1054.38714252069,1140.58572593296,1143.85673605755,955.629937506447,917.894042977388,896.467071028798,896.896887220792,775.204372291078,1138.01260645188,1147.3629531293,1148.46395707843,656.664947905919,714.474429628302,828.199861239198,603.708793769606,631.566646035658,677.696378110438,661.318863041618,655.866769866415,607.839256639501,556.377142718348,589.927537154123,426.843935458179,535.131151619586,787.392958422095,800.907058269974,786.291759022754,987.455073337441,535.847372933107,636.340931680996,459.405973987706,334.524977547566,275.244491191566,258.964803283512,252.667997903315,125.648041184668,130.298030931205,143.681787365995,137.295473604279,99.1406509412174,150.15878675343,223.572775916309,158.609003382167,168.964111230144,225.116120857583,222.599911245007,82.0780594357435,61.054692542591,64.9951503790352,0,39.4589285252637,112.947032155011,493.797843863982,520.774254324352,514.647943147373,394.823728669064,414.443132170049,427.135228564941,295.982625021671,317.19998256057,320.153644822202,306.723393222029,267.55480298144,343.193096722496,343.986007693802,482.755626689441,458.828767569336,462.895423405656,446.49245526327,476.925690099047,448.108390462514,488.978617326166,145.868946002907,134.972512596049,176.069136726364,215.519847617154,156.988414203249,273.202146097617,214.180393919517,201.887578053811,35.4547123473993,79.5107424417434,81.5686762795034,68.7522777005475,150.816907364849,158.314814084986,46.907430070558,39.6392334068517,55.985410493711,173.375897869806,85.3760094689097,88.6556831832515,181.577120787183,255.636152601363,333.79450000312,250.34114741695,176.045154113079,116.451611393629,208.523578905185,170.180915147402,185.464288632792,211.924663918503,236.988134119695,254.515626772696,361.786294380557,385.916910558504,378.445741553614,508.788589498481,435.20125113258,499.090051587857,532.396266995989,387.948991365922,352.102899296724,261.934322848253,239.303996176317,338.403755381025
1166.58062118533,1146.52122430345,1101.05865566375,1146.44517326554,1139.92692267973,1169.8046756354,1108.09084600905,1088.36923115237,1175.04267583503,1177.68776426151,985.449219634328,947.325263376596,927.122232054777,924.844384898293,807.70102744235,1173.31862778566,1182.11988297136,1183.09132684766,683.617308536522,731.572509176674,851.333918914833,612.20691878764,644.769809476977,688.318535516707,674.259531247855,673.050050140602,630.479910757071,572.739489706833,606.51547870496,446.092058082027,539.050045779534,808.160082218203,821.256984193562,807.385027739861,1026.86358063463,568.603891574195,675.799674865309,498.797037353724,371.642224087284,303.701484935072,281.493440670488,267.035203909026,152.710440037743,163.58231137452,172.276905284596,168.673984468133,137.694868381506,186.224646166336,231.728647284982,170.717351223422,164.929867172192,208.204594835674,212.458508050754,108.462385439558,99.543349014957,53.4824177335121,39.4589285252637,0,85.8428257994469,479.931522870597,511.923985093826,504.805365530195,379.415711639363,398.766507864211,412.562320953408,276.061574622498,293.843355919135,305.864135985984,280.10503907769,238.063977252001,313.137993966175,312.106584733574,454.845535008843,434.723481656426,440.994621112569,442.918380055133,459.470190932336,432.209763637305,474.456881474186,130.117998290446,136.388452228489,175.670309647977,242.966733955775,184.177721845283,311.379499294282,253.284970704822,241.119008449762,68.2890094664896,117.281954937307,120.164241177466,106.226073455628,190.175923522939,137.381072556715,48.9373817256311,12.6952143173051,21.5259924949043,142.903461239465,62.6717012848622,61.8271447332808,146.447270884034,216.656348501152,297.004176079524,214.593907307705,139.260046805869,77.0926309381415,169.202348870163,130.729853787775,147.336508660569,174.000094452632,199.00583829169,222.797707718296,324.002502997068,346.707817013554,338.997987085223,475.035901031109,402.937509411432,464.459517910528,501.611652326047,359.052753120891,321.386999197744,239.32548244192,217.543127938909,311.829125635476
1190.18482035829,1163.76417658625,1116.27285422116,1160.93894902075,1154.79286822135,1183.3388242676,1121.00205757242,1098.28744650862,1186.67384507962,1186.66443277913,980.584850848585,941.401105460252,925.352550669405,914.419824409085,813.235521117147,1188.77871643018,1195.04578308167,1195.44094116887,672.122168780553,694.716599506693,827.948674462162,559.243496709478,600.504280776539,638.582687658067,629.1716309031,636.933898759228,607.852701420586,536.025667946486,569.842971272091,418.382829130492,478.95913322291,779.167371682021,791.166664143021,779.19021321013,1074.30968769173,577.503880051432,727.979576203034,548.210351148738,403.361458010249,305.69986254156,268.638088900204,235.804857974196,166.354550651125,192.359456985181,186.503227897984,191.103916016967,189.623541783207,222.019628808159,190.073937232921,145.951204251441,107.13399958132,126.550454361465,139.104590701123,131.982887544383,156.103967065352,53.8675294445481,112.947032155011,85.8428257994469,0,398.141346645397,434.629361994706,426.523134920752,296.926776576692,315.97637601835,330.530819340295,191.30664435709,208.02645233358,224.945388240188,194.746387066735,154.607915565585,230.255644613943,231.601635659677,370.260326789321,348.903652508565,355.281603234592,372.68763830756,375.345527779622,349.120062084089,392.186131932815,196.461825616079,217.609879796507,254.391822071513,327.159656932767,268.337818346105,379.651204148779,316.756975366661,292.322498124336,148.006610667414,190.08770549084,190.306194152485,180.042221220695,252.323701991369,195.264978051851,134.515598650699,97.4117163810692,93.6105561754032,178.778999588776,131.678059946156,125.215729549989,164.474729431788,168.514660266807,229.848978288889,144.91464740849,79.9642152973338,70.011448353465,131.985555454324,106.525004765635,146.307682926555,170.464070106782,191.945228645362,245.616736956817,310.403535675105,316.169953865374,300.977259380077,479.712074009383,415.314682376125,465.414271351032,517.184431660172,384.188768695807,342.046503760701,285.673844356982,266.937444901604,345.286471011889
1244.16871431444,1190.45230732053,1137.163718554,1175.24784595276,1171.24413111943,1191.68145454847,1131.01609131793,1096.39443100764,1186.04837975536,1173.83100712858,921.406594439406,881.549270644958,886.587512104489,836.678214329031,822.230106768057,1205.58371374569,1199.79619947394,1197.51687821901,629.184361128641,522.00822408189,699.763883026807,331.710598038216,410.881427092512,408.05827467057,427.193087712317,481.508280506636,528.378003055656,408.943985833648,431.04087289739,390.94713423177,237.576565871758,630.916299114281,635.478869630509,634.915285387876,1243.8293439391,646.190639775671,944.839173990069,777.124983967683,604.776243798627,457.569015499357,400.765408463599,341.15918244096,444.032977277787,478.865030488857,449.690134239328,466.648172163199,517.322335730456,505.714107530287,319.531058427356,372.833100604347,328.826970794834,271.991864609128,271.704073355392,451.90090006562,504.270333937324,430.430678605501,493.797843863982,479.931522870597,398.141346645397,0,72.745809501073,57.9184285898214,101.488222665338,83.2842369470249,67.6297419461765,210.81673368786,209.898238969883,174.107815434904,240.782553933736,288.490619415099,255.558229843161,278.661206818797,202.846244850625,144.067097117229,112.766048836882,131.350142006902,50.8302778418772,53.3506976288763,10.0345023135197,592.121783198416,615.285278680593,652.532466376216,702.182366771446,646.260676897208,697.074509947893,631.558364175265,582.645494110312,527.513591586165,551.333679193564,547.123680732978,545.023476210056,578.688658228914,586.980312482191,528.371290715617,492.440402064755,491.248868080952,557.237905664691,529.609451897584,522.621331766805,530.131707742056,423.373633088072,362.954116876148,359.468935335893,399.536326620866,454.837018575821,440.029910894583,452.890867082942,498.046681456564,508.578774925878,515.644161631253,597.197498325439,575.806095760209,532.460223017346,500.205962762974,752.358038501148,717.031354697684,730.589733608535,812.238596588755,716.620543398285,672.50388475728,660.720466827708,646.798772106579,696.853555055768
1191.60931296273,1134.89131502265,1081.33446310266,1118.32461508227,1114.60500520344,1133.94055644821,1073.94031207519,1038.22518193673,1127.32823445116,1113.85007693378,858.622143611648,819.10161415755,826.3575652825,772.893354339147,768.753364628089,1148.72655265173,1141.58606587403,1139.0198631121,573.129269569336,453.605717452081,632.780677428126,262.554673436851,343.322516146478,336.901063602423,357.978573376136,415.715291033632,470.603768015589,349.712202212698,369.037222941061,350.437765622155,171.828303432434,563.031191912845,566.915189233246,567.324054881325,1208.41840889902,606.011558360776,921.829808674442,760.169370458567,589.254938259777,443.713363450128,390.057407550635,335.590577952915,454.600144721279,487.591581377268,457.032880857689,474.492235647304,531.057007482218,511.737057465412,324.695828904656,385.003482729926,352.048685886646,308.733790267707,299.522572452513,469.206392297917,523.022459574508,460.074626795905,520.774254324352,511.923985093826,434.629361994706,72.745809501073,0,14.8277913755985,151.063403187085,137.884276270698,119.669315841071,258.075768000652,265.127536907857,211.646942215458,298.169123741604,343.184381841782,319.911238565703,343.76764178234,275.523313983803,216.669448363003,185.381755084372,96.6622292052298,123.492488667992,117.676692943547,82.6089161181885,630.967578832234,648.309352750662,687.104193112005,721.470330022304,667.711864011419,700.820914669632,636.97547818046,585.167426247698,552.784069721703,570.741720902528,565.627116606108,565.634620438801,588.863183785983,628.126470278693,559.096026363042,524.608406605352,525.507483511243,602.506053754356,565.930093173382,559.809007609853,577.717161965684,480.726377314003,427.749916544825,415.612814964051,447.273607674979,496.444029009469,492.426348720732,500.999230957486,547.177189479303,560.107936969915,569.387764615834,648.6994507629,637.751166494992,597.624970430216,565.830380670215,816.221882631537,777.429816997367,794.91894213014,874.356411359313,772.922490583642,728.553240395078,708.091265341955,692.693741351406,749.736227442581
1202.22255306203,1146.12614162838,1092.61805154292,1129.84346753391,1126.06363564501,1145.6332526212,1085.4852372683,1049.99554167852,1139.22599502655,1126.0115127298,871.345076299367,831.746618143798,838.530245206313,785.81712383505,779.469496062561,1160.235409433,1153.37828144101,1150.87206873649,584.321586813372,467.476584874903,646.372395237672,276.533675859935,356.965949243184,351.373600930404,372.008922523057,428.98751029751,482.113333512596,361.445122168979,381.421505629539,357.953014209084,184.850560012795,576.808602092223,580.841913044349,581.037759960152,1215.45655969115,613.800208092097,926.199567237325,763.192315625951,591.825236347286,445.708770567808,391.266882070193,335.555087367415,451.614433005807,485.039720570365,454.701189848554,472.09400076358,527.57066512634,509.772830638726,322.41895256977,381.527407668606,346.295630012101,300.263444844951,292.691096466373,464.904318888206,518.523305985667,453.332345418524,514.647943147373,504.805365530195,426.523134920752,57.9184285898214,14.8277913755985,0,139.380414865931,125.32183455312,107.178305552808,247.512742037214,253.212648674774,202.524563786164,285.962435221873,331.535625424898,306.532942551071,330.279950911914,260.702889252471,201.868277417945,170.576830749378,100.576830983694,108.676471950205,103.700377435329,67.7895084794703,622.640082142235,641.134673901505,679.655657268705,717.078798119517,662.843455331376,699.545846829359,635.299509461949,584.019605508635,547.035991614457,566.177394345659,561.236387576852,560.82474702599,586.170361851996,619.349382881737,552.284218123945,517.472493543435,517.966242420895,592.912034481688,558.034539732134,551.738737751381,567.658980961368,468.748657647303,414.371591124777,403.79979643668,437.056932917427,487.450661783294,481.384220517264,490.773889669834,536.799698946615,549.283935084695,558.149290504792,637.935218751707,624.986923199824,584.240152756501,552.350943170343,803.128824009967,764.999042979576,781.732634677385,861.61112898315,761.28250783516,716.947819898972,698.156207598485,683.03699075688,738.750623363764
1224.81015510971,1177.45271357118,1125.03076603793,1165.24967002137,1160.65028131579,1183.40124938896,1121.60369312556,1089.62627371339,1180.02119342867,1170.83531190797,927.166747121759,886.771717248136,886.22173559379,845.911780486079,807.869322920264,1195.27904076896,1192.53031547895,1190.91671484445,622.959582518031,550.139877495717,720.113519543951,368.524613932105,439.186933787062,450.532144826564,460.666395327246,502.287942215056,528.11422902066,415.961479923619,443.501720519754,364.712724576132,271.067670236143,655.272294014806,662.20781739018,658.199104584275,1196.1109845545,611.202457340405,882.776939993627,709.53544260739,537.823580749968,392.111365653515,333.720758242143,271.111904219793,355.194040752546,390.880384512773,363.325351960346,379.565171149595,425.211396706607,419.478936736995,239.233840730729,284.252649384205,233.378043430343,171.2171511778,174.799003800267,358.203270969285,409.1718511628,330.799589752457,394.823728669064,379.415711639363,296.926776576692,101.488222665338,151.063403187085,139.380414865931,0,19.7252157530382,34.0342595982967,109.816889851162,114.088674014988,74.9725446782434,147.389589364412,192.181008718086,174.282944446523,198.708219453999,182.020970299427,121.730288127152,101.55512356708,140.560799598136,84.7039125001977,53.3836479893879,95.2602644968915,490.633595264565,514.312862674595,551.294720132317,605.714353996276,548.970300509223,610.614956954451,544.338796391992,498.274360357331,429.058509847276,455.526406788292,451.838161301925,448.626135525484,488.425831964792,485.587693579211,428.056996795891,391.84945981371,390.22587168745,456.499830862579,428.261105963198,421.204516071589,430.064510184371,329.676986717841,281.041512464413,264.553146169701,299.329074192833,353.420794685952,342.206166739667,352.913785986082,398.552682067668,410.311898951186,418.821340121062,499.00149525786,487.767434337387,450.299895222933,419.193923838652,667.186691397026,626.716893427618,646.285366184788,724.212480306659,621.9411927725,577.593162676866,560.697643861601,546.299772317736,599.564766314904
1234.52277040811,1186.02829471059,1133.42340663637,1173.28488789008,1168.78929282158,1191.13864831135,1129.50900586083,1097.03605729255,1187.35073817636,1177.60901594402,932.143722343526,891.810548013387,892.299421929284,850.151530447336,816.401337968164,1203.3851627813,1200.09019953299,1198.35570030542,629.746373100605,550.205729395981,722.051474305993,366.152302502183,438.849850165777,447.408474605252,459.390381169446,503.656736892691,533.574471842544,419.641739768093,446.262965145135,374.318608804493,268.556617557107,656.315994378029,662.796399582268,659.458759292483,1210.45832723381,623.047397367486,899.112167488514,726.54533667226,554.603659544019,408.447627955884,350.154827838093,287.805116875631,374.493643219829,410.123149502104,382.390367813836,398.714625403125,444.789934204702,438.570085687362,257.35127989523,303.470142734564,253.072390610612,190.566770296078,194.519747056093,377.853516128186,428.880700484493,350.349915138748,414.443132170049,398.766507864211,315.97637601835,83.2842369470249,137.884276270698,125.32183455312,19.7252157530382,0,18.2220028648438,127.542242846205,128.398301081,94.6927722489746,160.725120109984,207.029039710506,183.117330479675,207.305850982861,174.947927235081,112.983059597323,89.2977853611229,139.789935671184,65.3372686998218,33.6850842834062,76.4706082342149,509.162109701096,533.46721904004,570.279934281148,625.437362176682,568.678533144171,629.805396186712,563.577793963128,517.219919089539,448.717608410571,475.249472828963,471.553610772122,468.351172415495,507.896100895201,503.786407328104,447.45411792666,411.174406692461,409.373723021817,473.9905033664,447.156391220491,440.005974338521,447.07654103442,343.631260829733,290.733649544872,278.913326627307,316.410289195323,371.677288503587,357.963636863277,369.854249845774,415.210506970899,426.320154129302,434.157462303038,515.003976447684,499.867603111671,460.486751532468,428.977774361409,678.516824407254,639.683195585007,657.335365803516,736.472265657296,636.480543951724,592.206020521618,577.696844692257,563.614435814535,615.173459920393
1227.61951069265,1178.05315240818,1125.29149414291,1164.82118084207,1160.41975914637,1182.40665144342,1120.93854528105,1088.03745957807,1178.26365865512,1168.05097896069,921.203525882902,880.929949573942,882.239426420453,838.682314236109,808.494748114685,1194.97910556686,1191.20066444743,1189.36122186176,620.398901368773,536.100356592555,709.027682090545,350.845937995593,424.591285556711,431.656642771643,444.581653401656,490.388618343369,523.215179394226,408.051437483366,433.982537976777,367.858340976089,253.328137818587,642.749112465309,648.946662395106,646.025937741258,1208.82773476725,618.608876566402,900.47620230235,729.125759221285,556.891990009552,410.169898259534,352.142714796494,290.378984439497,382.789761119193,418.168631886728,389.864015724901,406.445257379572,454.342192043655,446.067924640754,262.672185683465,311.568461662012,263.790760475691,204.485262508632,205.832246162524,387.972706301368,439.630835242583,363.436288408622,427.135228564941,412.562320953408,330.530819340295,67.6297419461765,119.669315841071,107.178305552808,34.0342595982967,18.2220028648438,0,143.814430706182,146.261406572015,107.013939523225,178.798518012597,224.808108799127,201.175630854075,225.315121688277,185.879971883591,123.265652425762,96.75572498167,126.207859001638,59.9613299857123,25.6507028107438,61.9237567310218,524.56082007368,547.752391967297,584.922492994158,636.891535274712,580.509735771234,637.51815480508,571.497755795831,524.201666504892,461.119861657556,486.34108513141,482.411831114538,479.710074002859,516.815473907292,519.602228309765,461.092808472558,425.042476620779,423.693815453612,490.492063917558,461.980891038565,454.99408614429,463.930865395208,361.652217854023,308.851327216734,296.83955695036,333.207524824188,387.429961390473,375.469082061497,386.750007905786,432.283003771384,443.726040719966,451.829899524606,532.419354218582,518.085246024937,478.633511963257,447.084825590848,696.730837236748,657.855183909382,675.53801896245,754.687593041529,654.398602018688,610.103952342694,594.565551599175,580.257433273736,632.758623857611
1227.9327985534,1187.93619404964,1136.90902839186,1179.08244020593,1173.87997308412,1198.92892407847,1136.44775281957,1107.5947059361,1197.98193992244,1192.08130208193,959.925916568332,919.507320446998,913.247952393965,883.243304080349,821.299034667728,1208.534697419,1209.06942672207,1208.17918877879,649.086186975242,611.003728571815,770.214353669255,442.889920296859,503.816588854522,526.012773210932,528.729166402888,558.160164890415,563.317091876114,463.109766764963,494.257531334714,381.598538053682,349.061100556763,710.314144184219,719.259819842774,712.203034741732,1166.52533733774,605.777671074655,837.972558936173,659.725018594208,492.998226321266,356.104529613805,299.66698162612,239.007675928131,280.797686156746,316.629233642277,293.484185156007,307.550952809446,341.590919817753,347.478392991899,192.962748007972,214.981322339649,151.115169938939,72.766896995803,95.8851948510299,273.188228738897,319.551804545531,231.00113621336,295.982625021671,276.061574622498,191.30664435709,210.81673368786,258.075768000652,247.512742037214,109.816889851162,127.542242846205,143.814430706182,0,36.440005018113,54.5536209520652,61.4416393291963,90.542286666655,110.878045774781,131.853916738873,205.476968052546,167.277386580956,167.45730222016,222.002113254249,184.217570313117,159.570735722282,203.886609310351,382.104961697899,408.690769513911,444.55161354173,510.639033628061,452.601272642532,533.7480724479,467.2872639173,427.19891112557,331.151946889624,363.464094602333,360.974747735109,355.357210354531,406.964981525997,376.324083556716,324.998862765678,288.134410917329,284.883557528377,346.683137822691,321.215576666627,313.72207072792,320.432175653752,227.752935348881,199.8348452605,162.306587686557,189.710482786335,244.296728406227,234.71928439634,243.381923366432,289.297174268631,302.079786269604,312.034617498229,390.634271377072,390.869581162742,361.590141159927,332.811601104139,571.953088551691,525.977349570556,552.208610697348,625.462931346827,516.602722228437,472.163622269864,451.042489628457,436.500442699607,491.81190806143
1264.12222812538,1223.75535389524,1172.62751830492,1214.68112499498,1209.51893589499,1234.4104915788,1171.96095352623,1142.85328842015,1233.27226483502,1227.0837042997,993.53447093482,953.089198062519,947.519048680807,916.160644553253,856.776575529543,1244.18132985119,1244.47678605568,1243.52924679776,683.193632493607,639.067839438374,800.857814890981,466.797756700731,530.661127613808,549.868491182349,554.753996338857,587.221948958388,596.088717754591,493.609760068982,524.180429755315,416.074512870374,371.325272099931,739.872906549459,748.399372105121,741.982290371214,1202.38254013914,642.087114177972,872.69093038653,694.047020631544,528.164864193181,392.196589664122,335.948773558007,275.427157211316,312.23304143781,347.77598655001,325.838171944473,339.308186657391,369.753965415933,378.938295684486,229.093585841169,248.287190879859,182.620046495449,101.590624591472,130.10686181495,301.538380234687,345.563189483235,252.457357584817,317.19998256057,293.843355919135,208.02645233358,209.898238969883,265.127536907857,253.212648674774,114.088674014988,128.398301081,146.261406572015,36.440005018113,0,81.3359617027693,34.1902575966389,78.6856143714941,76.7665814719902,99.3187187549781,173.227162370719,141.6548540374,147.512824218352,241.682395496358,175.747015545159,156.726460056712,201.801432919569,391.682581489914,422.847331971105,457.018131302309,532.691796785535,474.181002996937,563.019082769508,496.768211862202,458.420778514706,352.632190693641,387.958697813209,386.060665480311,379.310917737785,435.40227295068,383.835124460476,342.528675644382,305.412211969102,300.407940557411,350.346408887239,334.034920145101,325.8880067899,321.742874230591,215.598927365191,173.797540497982,150.596449267251,192.133194000839,253.426159364642,230.142141684368,244.633889527767,288.955396886595,298.736933793428,305.89713188879,387.319312135545,374.566867613011,340.204657492482,310.138882698652,554.7245243996,512.79135748506,534.232165523281,610.718506127676,508.140293614111,463.842545882356,451.996877286932,438.974007124094,487.035160802287
1191.84141822411,1149.10722050402,1097.53533993113,1139.07289009509,1134.0736338049,1158.35892916292,1096.04792343894,1066.11392736862,1156.59473855167,1149.61647659874,913.749224291559,873.284317023957,868.665790791067,835.727968633847,780.921428951704,1168.75301824639,1168.16724943684,1167.03380711445,604.220094486616,558.16201446318,719.536207141277,388.465928319236,450.289807199234,471.597454115665,474.869108013606,506.010940898919,515.649656713875,412.290805814904,442.84931293037,338.167501124579,294.507948151404,658.586461682034,667.187296827451,660.669973266081,1144.41021557552,571.816030930745,823.208997683782,647.374064455929,477.268273130823,334.671663396246,276.548941589669,213.804286697873,282.910191975763,318.832177985465,292.312509107529,308.048043720225,351.260387169414,348.177377104211,174.695424301606,212.68338198547,158.790206770554,98.4006768164978,99.9759015592158,283.854599719762,334.405037174861,256.43239172244,320.153644822202,305.864135985984,224.945388240188,174.107815434904,211.646942215458,202.524563786164,74.9725446782434,94.6927722489746,107.013939523225,54.5536209520652,81.3359617027693,0,113.051715299076,144.955779300516,157.704924359141,180.629994171956,221.79364141454,171.232823062884,161.304690833123,167.946907450816,158.938538354643,128.35219472216,168.916049796254,420.454770035165,441.458028807114,479.103925349364,530.746148105756,474.010240834144,538.557935825973,472.097556810923,427.561917074158,354.24119491603,380.626898982426,377.013702721538,373.673288270521,415.034041574187,416.840633048569,354.26494970999,318.395779988619,317.547712340829,390.941546354988,356.622127705296,349.992195399588,366.76031262934,281.393140285914,253.141330617804,216.163729199883,236.959349067891,284.931395956645,285.452503002417,290.553645327058,337.059815630332,351.620960021337,363.02331417447,439.680142859084,445.109433601271,416.088882710846,387.155230088674,626.258847869389,579.362115204741,606.620033960493,679.230363716768,568.127034229216,523.70270939625,496.842908859722,481.155946229402,541.405190984084
1285.21355515556,1246.58150525858,1195.81890636802,1238.25493610665,1232.96661031424,1258.33127285213,1195.79841697845,1167.38517219809,1257.71235476548,1252.21320653948,1021.1125651252,980.706633517543,974.088473422388,944.624220503218,880.776775214701,1267.59952913539,1268.60473050286,1267.81207370623,710.064392257634,671.188457170788,831.443618572838,500.308921097189,563.288781359292,583.41447762795,587.68839043612,618.812555120065,624.731163017367,524.268375720731,555.237441107454,442.420747584558,405.125055623228,771.190707008904,779.968290573462,773.161494046659,1214.91475422526,662.559849485613,881.321735702528,701.800403737705,538.701137089187,406.939610610596,352.185670022028,293.563979681348,315.408425243155,350.155279228162,330.564818280933,342.824283647439,367.336021039904,381.647425907109,245.004054361423,255.696772216703,187.951553957408,107.171833176573,142.158515186115,299.997325869214,340.436402943269,243.102376617261,306.723393222029,280.10503907769,194.746387066735,240.782553933736,298.169123741604,285.962435221873,147.389589364412,160.725120109984,178.798518012597,61.4416393291963,34.1902575966389,113.051715299076,0,49.4725224795428,52.1557609878245,70.9567270776093,176.316460994805,156.415736464745,168.014208346292,275.732731474734,203.591677260042,187.43289186557,232.300129262081,370.002106519504,404.728696430048,437.307198453379,521.801453336958,463.009606285657,561.32331980007,495.624973156063,460.29560956605,342.10708003767,380.615396191367,379.453803998012,371.381539527621,432.972994284924,360.663764303761,328.046936577536,291.051574622419,284.454829445057,324.735236034222,315.365322281497,306.739479271701,294.832576193962,182.953558451658,140.343154094269,118.687052855698,167.443586265188,232.627335473884,200.638004876491,218.341728874833,261.287115849626,269.365842055764,275.154198256721,357.588701918933,340.63732360674,306.054352186304,276.096346696931,520.636260783008,479.339750387498,500.091487484029,576.930036987567,476.030854294604,431.837563699874,424.322840524669,412.230692720262,456.397911960103
1284.64030069261,1249.29954611393,1199.30599591503,1242.43657612908,1236.90692843036,1263.17624495631,1200.55404882414,1173.57305951204,1263.60228293261,1259.52686954144,1034.10107925204,993.851721420113,984.879792255227,959.837057859864,886.401650276184,1271.44099614496,1273.852183889,1273.37217379102,722.157179629158,697.260581641226,852.409298861755,532.526246296075,591.480698265142,615.589567510988,617.014500739929,643.290303183549,641.204508218082,546.358852784815,578.326666865785,454.789791179338,439.331736124422,794.436839702814,803.981107183674,795.981393992132,1200.38081885188,662.274636571316,861.78039258845,681.58307750339,523.21644953374,398.987680089742,347.367293832895,292.965905202368,292.211287315644,325.35511803752,309.177306818587,319.621085027009,336.360600557974,356.863669071844,242.152723325051,239.741521412851,171.87396441278,99.9207388282072,139.450551472302,271.034325574349,306.627513377816,206.080470318749,267.55480298144,238.063977252001,154.607915565585,288.490619415099,343.184381841782,331.535625424898,192.181008718086,207.029039710506,224.808108799127,90.542286666655,78.6856143714941,144.955779300516,49.4725224795428,0,75.6924678258751,80.2490479472621,217.088986536887,204.001165499753,217.123688037443,312.521269553735,252.690177163574,235.239587921556,280.278277199578,321.822218978135,358.503804554927,390.034145457111,480.940765388273,422.110140609234,529.807809415374,465.099717234893,433.687168497811,302.544809806093,343.980754133288,343.614964586096,334.207494297333,401.374602787567,311.875155121288,284.933911468085,248.336903285697,240.421995678871,275.343409055759,269.080804492876,260.172166100189,245.361125871841,138.168562971563,117.999658382771,72.6639744349553,118.530280088224,185.38755861443,151.756472606489,168.911656230567,211.864205229638,220.457857208068,227.214741083353,308.905497214092,300.36061178276,272.207707056813,244.391432309348,481.415200892329,436.315083186417,461.678587102741,535.315549766306,429.760303815456,385.414293805539,374.934423262241,362.759835670777,408.376784329378
1337.21494508492,1298.21533736921,1247.34203485053,1289.65399281817,1284.40846767909,1309.60521434707,1247.10065281538,1218.40418376839,1308.77583152412,1302.95397760304,1070.2269444894,1029.78682969613,1023.96447264812,992.927216720923,931.99549285598,1319.05281256166,1319.79839589164,1318.94257604478,759.710621105553,713.897843298636,877.085086768646,538.588220178856,604.736884368637,621.385636287101,628.154380160136,662.721168282424,672.85482686543,569.872126786234,600.17459840214,492.374924405971,442.023455240015,815.57773515754,823.857428991651,817.806596405067,1265.98738831455,714.61005409505,930.930189517236,751.102246835435,589.339279975012,458.802328634332,404.263370797692,345.716209932045,363.089114438268,397.184141751704,379.029550045205,390.566594078148,410.871337354736,428.742147635616,297.106439293676,305.74761968697,237.62601290968,158.027365599253,194.034310021294,344.686735259256,381.874439889117,281.711624239223,343.193096722496,313.137993966175,230.255644613943,255.558229843161,319.911238565703,306.532942551071,174.282944446523,183.117330479675,201.175630854075,110.878045774781,76.7665814719902,157.704924359141,52.1557609878245,75.6924678258751,0,24.4661582534547,144.179387806487,142.95308752718,163.293368743402,311.22987773533,211.578767318166,203.501275779712,246.157421064618,389.678703410258,430.027146513053,459.726392016651,556.103987322608,497.302749706756,604.642980093596,539.589099351608,506.574693089665,378.117245963896,419.646243805292,419.215616674555,409.894284751145,476.149083906226,377.629186801661,359.421765506756,323.116610618573,314.51052729972,337.079415219419,340.913126235872,331.668345784277,304.643737070646,176.4445911231,107.842848204339,120.755126886651,186.633879052377,256.463338643667,206.019945328659,231.719782196296,269.927788728167,272.946269739021,273.988033420004,358.411794180257,320.550840730089,277.718483256151,245.967528737262,496.928841902873,462.472334242254,475.334275771921,556.773439135741,466.704244196732,423.336254967194,430.307911661466,420.71492343168,453.096142110795
1355.08748981461,1317.10509828681,1266.4483444171,1308.97465002865,1303.65742122833,1329.12232555035,1266.5762474071,1238.27600041501,1328.58861485879,1323.15662636548,1091.77911184584,1051.3593146532,1044.97412984015,1014.94471516642,951.604137553125,1338.28116813314,1339.43279926827,1338.66523341888,780.887284681024,737.667389189495,900.166029654001,562.885823596357,628.697766331338,645.71680596012,652.251707105116,686.235947921154,694.938421588468,592.919741945303,623.420984844904,513.301104790071,466.393666130857,838.999927100653,847.398610783222,841.163669243179,1278.6835844414,732.33746757444,941.441651312147,761.329527793649,601.586414472924,473.773377647581,420.194470355019,362.803639861089,372.194576895513,405.535929155529,388.884497702045,399.635462453571,416.189244188579,437.058138112086,313.362146846423,317.733145782315,249.518338480929,172.157926130755,209.724871456745,351.215787636875,385.748211206171,284.34225056229,343.986007693802,312.106584733574,231.601635659677,278.661206818797,343.76764178234,330.279950911914,198.708219453999,207.305850982861,225.315121688277,131.853916738873,99.3187187549781,180.629994171956,70.9567270776093,80.2490479472621,24.4661582534547,0,153.315177337225,160.556172928269,183.107620572432,335.633329118692,233.749466859839,226.992620809531,269.155175492875,381.19361145063,424.081610749217,452.220400389813,554.689390512938,496.052224084047,609.287223047138,544.878508961491,513.929582080893,378.415107318416,421.68427453137,421.750300820911,411.630085663149,480.970817673947,367.965029448729,357.108009115042,321.451806100598,311.800669153679,325.647735249429,335.614367039571,326.125771651353,292.39820171859,159.567976277297,84.295388019725,109.38825614171,180.373125251969,251.144192853671,193.200015860241,221.866358828096,257.533455162017,258.487244075558,257.732761489168,342.301065021595,298.335637296503,254.02038076518,222.073240269787,473.700993007156,440.693771121468,451.947165911233,534.161529262985,446.903844074845,403.886814943838,415.796871201223,407.223288594901,435.193566249743
1406.1870763377,1359.42635941836,1307.03676191773,1347.26789457844,1342.67125615545,1365.38287842782,1303.6105100844,1271.5157631748,1361.8837843042,1352.41130625818,1106.9118600825,1066.60572293172,1067.24135668835,1024.5534143785,989.86469070806,1377.29977282813,1374.47004252347,1372.81920368167,804.513917156522,719.454124290568,894.109243443913,531.264360033519,607.830155680867,609.589643553984,626.249476044164,675.301985531883,708.504703552665,593.923771815564,619.753533186013,546.458147455663,434.806529349927,827.066371740701,832.711434502412,830.566692220434,1366.13277507632,790.030212216403,1042.13626067653,864.574177678641,696.462688962266,555.88065594116,498.009273186775,435.442039277495,485.406122916904,520.993032398493,498.708347069945,512.41625084121,542.06776163115,552.122201519546,393.994373216464,420.453359810338,355.701864079454,274.815721493433,301.332412627096,474.108475243266,516.31804905287,419.392868649868,482.755626689441,454.845535008843,370.260326789321,202.846244850625,275.523313983803,260.702889252471,182.020970299427,174.947927235081,185.879971883591,205.476968052546,173.227162370719,221.79364141454,176.316460994805,217.088986536887,144.179387806487,153.315177337225,0,62.6969981883988,92.1142929108574,311.625237630657,152.547804019535,169.807941545676,193.134582680759,533.532687675932,574.151253545709,603.849217640583,697.380841510864,638.544496753374,735.740134507435,669.631128768888,631.641367423121,518.067921926077,556.918745463249,555.687345982217,547.697773282793,607.769773630397,520.915044031164,501.99942198513,465.319306489996,457.496536247449,478.961797665461,484.957240666027,475.765140458503,445.666696126437,310.458304544948,220.453729678205,262.540547922173,330.800678974209,400.571944957886,346.444870434041,374.78683106854,410.796699642166,410.902933361971,408.421646308238,492.712056628173,429.606170991254,373.40726079925,340.52036923548,592.103415332408,571.932609914097,568.85583067117,657.846933040157,587.747416378529,546.368957344839,567.79167553919,559.966080144139,581.824238580405
1346.50426461279,1298.72427459955,1246.1912908843,1286.16553004001,1281.64169379511,1304.08114243583,1242.41905369144,1210.01318292012,1300.33209624286,1290.56167301943,1044.43292685461,1004.14597601378,1005.10829235373,961.942069295749,929.100866148433,1316.24766813674,1313.05607578703,1311.33176151828,742.716134949499,657.103657891338,831.468258389225,469.416441339642,545.475488692998,548.337157817681,564.209007215288,612.675283192182,646.225749203652,531.312034395004,557.062565082534,486.336571528058,372.669791228678,764.547770190551,770.297478176077,768.008939373193,1313.6659404888,732.446816006209,994.435512130081,818.467445953655,648.499352044743,505.372001258952,447.05815911871,384.144229310399,446.926813532946,482.904075222133,458.538533433401,473.274855344692,508.862272997895,513.392192381907,345.873786484973,379.099174620632,317.762427319038,239.843601725588,260.440787621591,440.460493351251,486.2267414665,394.11184662476,458.828767569336,434.723481656426,348.903652508565,144.067097117229,216.669448363003,201.868277417945,121.730288127152,112.983059597323,123.265652425762,167.277386580956,141.6548540374,171.232823062884,156.415736464745,204.001165499753,142.95308752718,160.556172928269,62.6969981883988,0,31.3010771203332,248.928604892212,93.2370254830713,107.359506324124,134.110568434091,525.822278662215,561.110679584002,593.651081847408,674.334704576152,615.796075265434,700.851877687619,634.34710828966,593.179245506036,494.268230826427,529.27803528087,527.176203674155,520.767553631881,574.239255292862,515.634587064255,483.159543956837,446.05298182738,440.208184728194,477.453395083387,471.769774920671,463.155113034114,445.914069703388,319.218613486209,240.417886060006,262.761603386884,322.384395644434,388.929507037239,348.117368037248,371.16382536667,411.457279048017,415.625316346847,416.93023829448,501.364865492998,455.257295780403,404.646567596592,371.720347664377,625.378344565024,598.203825167881,602.727000047814,688.697247703913,607.17426926088,564.3354314785,572.851352014141,562.669484543862,595.56826126101
1323.64467477799,1274.62975462887,1221.9173216815,1261.52760856472,1257.10722379737,1279.15042261199,1217.66219046507,1184.79318668822,1275.01774612631,1264.74811733575,1017.25626131048,977.03420525575,978.79989073156,934.28641084925,905.034621905863,1291.67478681182,1287.95456928402,1286.11694751348,717.142929343661,627.425648790751,802.508259605265,439.160912633854,515.810712963216,517.690408871073,534.135806218489,583.675664095918,619.702693783926,503.770579292665,528.917576259709,463.507641878443,342.70919450314,735.193525737228,740.723488849909,738.757062756091,1297.49891721394,712.153208474535,982.124026636009,807.527818729171,636.530407505475,491.8431771584,433.403181804769,370.529627960554,442.371269136009,478.398288688043,452.792784977467,468.1316538839,507.289755186581,508.317820910865,335.138170737944,373.087728366685,314.680945146197,239.978975816488,256.169869927745,439.012958190238,486.634492089593,397.913014948675,462.895423405656,440.994621112569,355.281603234592,112.766048836882,185.381755084372,170.576830749378,101.55512356708,89.2977853611229,96.75572498167,167.45730222016,147.512824218352,161.304690833123,168.014208346292,217.123688037443,163.293368743402,183.107620572432,92.1142929108574,31.3010771203332,0,220.746752979794,61.9359484167613,78.1860678819171,102.811608529445,537.686703483959,570.27290975214,604.057931573644,677.930357835792,619.746324332791,697.554759801374,630.997835831251,587.957873966085,498.19253911545,530.878189445313,528.288406903103,522.812409490312,572.178300355593,528.661746609155,489.78767094197,452.692677800465,447.90686328567,492.346691410158,481.311792456862,473.030965022427,461.739031055556,339.405418250809,265.230040025419,280.367893861561,335.452307750955,399.813083993165,365.266965926929,385.867349069739,427.6781547145,433.485187289054,436.26918404,520.332447405188,480.372444859675,431.566597234377,398.751160485177,652.384445935123,623.141819862006,629.933214090299,714.908896450102,629.799176796735,586.555691341171,590.103793932524,578.98018736932,616.160067000772
1113.12874372011,1060.2763585409,1007.1200736422,1045.67621131052,1041.53824830708,1062.52887943873,1001.54785607595,967.560443412225,1057.48952248204,1046.17753554294,796.814087987208,756.658491130584,759.501467444118,713.572204794274,691.563736590945,1075.9629078661,1070.90982559534,1068.80770852005,499.813324063022,410.425420547828,582.823422325025,228.125983498932,299.129293389146,310.489712190282,320.160316680965,364.187332509915,400.430055392542,283.195243272921,308.210436564089,260.442027052722,130.938851300696,516.644490943181,523.022135340225,519.868062655591,1116.29295737231,516.225875739023,825.681487317942,663.507349941253,492.651832707062,347.401963907895,294.495830361536,242.129321186869,368.092075476997,399.512886276391,368.474879861897,386.029115542489,445.739103666466,421.881050222486,237.192354424537,300.871619828734,278.502361376757,253.006677626207,233.604698366974,387.345282355247,441.504144682247,389.694321343133,446.49245526327,442.918380055133,372.68763830756,131.350142006902,96.6622292052298,100.576830983694,140.560799598136,139.789935671184,126.207859001638,222.002113254249,241.682395496358,167.946907450816,275.732731474734,312.521269553735,311.22987773533,335.633329118692,311.625237630657,248.928604892212,220.746752979794,0,168.265708460126,142.669815902862,136.986496909124,567.85176475811,578.359082062129,618.392389158688,638.546237579797,586.840197066644,608.835079736441,546.017721627472,493.118209143596,476.410197140878,489.164254600856,483.402428661436,485.076021967023,500.75604892902,567.919402398779,487.933006689314,455.551116242571,458.736448130463,548.242336298064,500.796109241834,495.799680818175,527.264705643868,449.335777279675,415.072341285708,384.09661753535,400.281673051018,439.30180792328,451.610742942477,453.016373985522,499.699298398243,516.224901430825,529.107617262503,603.217230196074,612.87104245982,581.704452227123,551.815831996578,793.929918679007,747.195069357816,774.071794596718,847.173565570641,734.351295953408,690.004817763291,655.377601475994,638.03211705288,705.268298393081
1279.45325932935,1227.90195630921,1174.85672088314,1213.67234421551,1209.47210924268,1230.66875363682,1169.59147121561,1135.77441373705,1225.73464749641,1214.42365640664,964.214726138751,924.164475446086,927.652419837766,880.280466787518,858.783600856465,1243.93339608481,1239.1089448396,1237.03510360208,667.976123131276,569.213817084139,745.761146025874,379.794076432417,457.755413515596,457.310934307218,475.097447471531,527.069819603002,568.652662870414,450.72191625537,474.39300238349,421.551404460156,284.279012068062,677.622915923022,682.658480343991,681.412028797653,1267.1612478055,674.476909397211,960.291802453172,789.086911607949,616.847364159526,470.08897838555,412.091743878145,350.334042458395,439.824521445158,475.460356950882,447.69345251387,464.042338746868,509.851155960392,503.880432290009,321.906393075423,368.807283855895,317.711748917113,251.977543898944,258.903680718276,442.69958240367,493.321412403087,412.38693061302,476.925690099047,459.470190932336,375.345527779622,50.8302778418772,123.492488667992,108.676471950205,84.7039125001977,65.3372686998218,59.9613299857123,184.217570313117,175.747015545159,158.938538354643,203.591677260042,252.690177163574,211.578767318166,233.749466859839,152.547804019535,93.2370254830713,61.9359484167613,168.265708460126,0,34.3106809597849,40.8895526364783,565.545808487001,592.864568064088,628.740205568753,689.180745660309,632.06451968238,695.138410004342,628.915042086509,582.456250483065,511.537025404151,539.402131058926,535.889728399875,532.279987188296,573.129356431237,558.722234747771,508.351012529074,471.707649036107,468.955862004618,526.07501239381,505.396169753057,497.817509407601,497.388611839344,383.76830104317,317.722135958037,321.406339104642,367.847349267241,427.326768118747,404.229302495389,420.346621229338,464.342382265059,472.957507700471,478.280278176,561.125872585561,532.003801928588,486.381388327594,453.857730200269,706.865240111049,674.051085575863,684.797169393385,767.896166839267,676.604815599139,632.787544972924,627.44806429372,614.680299245067,659.389482466149
1249.72550706552,1199.28798808291,1146.39703644155,1185.61883140519,1181.30484232933,1202.94891663721,1141.64466841263,1108.33891727406,1198.46006158173,1187.7667108953,939.405199811162,899.219382677011,901.48582500005,856.241236033285,829.87301874501,1215.82491472037,1211.58941825995,1209.64745562847,640.522537704769,549.744412600765,724.395529975268,362.335240561177,438.116178925268,441.855647636855,456.958415923547,505.568672447033,542.334268405759,425.824363044472,450.767472031749,390.622471266404,265.38976748441,657.258765991207,662.948929738199,660.763491331581,1233.77241159126,642.432983813508,926.065023376419,754.776450269312,582.540529390612,435.802580647074,377.788460990755,316.026104820154,407.07334114662,442.579061767591,414.518079972188,430.994609637618,477.941690443963,470.723069427296,287.968770259348,335.926421057193,286.546464757033,224.046990574087,228.099551281285,411.189396858701,462.392890024706,383.972052344465,448.108390462514,432.209763637305,349.120062084089,53.3506976288763,117.676692943547,103.700377435329,53.3836479893879,33.6850842834062,25.6507028107438,159.570735722282,156.726460056712,128.35219472216,187.43289186557,235.239587921556,203.501275779712,226.992620809531,169.807941545676,107.359506324124,78.1860678819171,142.669815902862,34.3106809597849,0,45.0828270223394,541.63290680693,566.688518090867,603.30114192271,659.081306156003,602.353926865437,662.10559719519,595.987463510467,549.067884322273,482.399342393725,508.834140224173,505.093089184304,501.977235847721,540.796345649858,535.836692273805,480.938840489039,444.590665570437,442.603325097582,505.119031211004,480.090817686004,472.830544743871,477.577676183721,370.051454065937,311.228186092874,306.119709429332,347.150776114846,403.861578027532,386.863687974491,400.336793852747,445.259870623607,455.461438299808,462.344735396915,544.043103359888,523.207448017538,481.01159733226,448.977818335437,700.419471161977,664.133583333856,678.829634140063,759.751018592334,663.291074445274,619.164107099397,608.094692318862,594.455838436841,643.56853002191
1250.10821787363,1196.87578839993,1143.63859058402,1181.89257938425,1177.8436206208,1198.45643510066,1137.69224013116,1103.25332993295,1192.98424243426,1180.97679982782,929.060533158899,889.15342653252,893.822217388328,844.518121729529,828.410666404965,1212.21338300837,1206.64664018282,1204.41460094941,635.84510851354,530.738836449636,708.192830813609,340.656764356861,419.504465907701,417.366510112783,436.10496812457,489.796034948628,535.363660850406,416.253169551106,438.750844361199,395.615692822645,246.090769832007,639.524506566188,644.21360653399,643.468503501753,1247.17738284983,650.485460675806,946.498530065344,778.025055758032,605.626895184269,458.408384932495,401.299201455662,341.167025825795,441.533969025055,476.553519525937,447.623094960321,464.479689005471,514.265066181978,503.728629615545,318.134325043796,370.282508740078,324.872218207326,266.329006410492,267.319351376128,448.462440828315,500.549289010816,425.347572757075,488.978617326166,474.456881474186,392.186131932815,10.0345023135197,82.6089161181885,67.7895084794703,95.2602644968915,76.4706082342149,61.9237567310218,203.886609310351,201.801432919569,168.916049796254,232.300129262081,280.278277199578,246.157421064618,269.155175492875,193.134582680759,134.110568434091,102.811608529445,136.986496909124,40.8895526364783,45.0828270223394,0,585.632439409488,609.536254845363,646.554458343275,698.184634538193,642.018336691202,695.179385747032,629.495961008305,581.033108291015,522.880534506199,547.461758238662,543.379153981174,540.996721651717,576.036110457369,580.198247948516,523.007242247319,486.926191458584,485.457288097834,549.950345004468,523.503089083552,516.407897372075,522.569791723173,414.676780333628,353.437089425337,350.973644065805,392.07734692774,448.115725896556,431.931477770291,445.325626989633,490.313234248206,500.538242745343,507.327764512579,589.111740207197,566.525192903518,522.860306965707,490.567638248422,742.854144552791,707.886590666389,721.043338733686,802.901349016343,707.928640013672,663.852431914395,653.111563850849,639.379630132068,688.564046221777
1247.87118012568,1235.25420378923,1192.27105616076,1238.14128913967,1231.26764701944,1262.37462960357,1201.66828310264,1185.07756897513,1269.54558107804,1274.82571473416,1095.63946654028,1058.51638663656,1035.22458008394,1039.35973727528,910.586747530162,1263.82843773714,1275.25482554956,1276.81610098729,800.341069290943,859.542457691499,973.774220817013,742.286832666726,774.400265020084,818.402374699648,803.968163892337,800.949844571613,753.581804993168,701.06652526952,734.735727235324,572.455549157484,668.151309930659,933.260156819909,946.757054306927,932.159444746571,1075.41439454269,671.638849926121,721.705862730518,554.924991300761,458.126653886474,418.838083096288,404.830839289276,395.929969724879,271.120735789231,270.988156748856,288.357317945949,280.02638014907,227.3571044799,284.33097487873,361.834438042245,300.016678583254,292.609831760174,322.377177754076,334.575710043604,227.928000592132,195.111564342822,182.604239964059,145.868946002907,130.117998290446,196.461825616079,592.121783198416,630.967578832234,622.640082142235,490.633595264565,509.162109701096,524.56082007368,382.104961697899,391.682581489914,420.454770035165,370.002106519504,321.822218978135,389.678703410258,381.19361145063,533.532687675932,525.822278662215,537.686703483959,567.85176475811,565.545808487001,541.63290680693,585.632439409488,0,60.6102348854193,72.7594084452,218.016764240085,172.630048358133,341.764159219462,301.744343381972,312.976995300078,139.201890095056,178.195631517003,185.97181966645,169.69884208141,251.98594389483,23.3740021089283,99.8584262163252,118.652415874578,111.021552493944,71.7367953841122,68.0269027482009,72.0859096024752,104.289373139595,240.663934854762,337.976876780513,272.101693165331,203.710345776065,138.311723559493,193.827492381543,159.75778645659,134.181898094656,149.029090137847,168.381646144714,137.710404742192,274.521635358398,320.136450686371,325.172738776397,387.88864540535,309.988886968986,382.560013642838,400.588361932001,253.557550404955,224.114379471509,119.011399164685,95.9153441298187,200.002729235253
1197.92201454763,1188.02185504318,1146.11959770138,1192.10561921058,1185.09605530325,1216.6656823992,1156.50730748231,1141.37270088668,1224.66827799936,1231.15281800028,1059.75358587907,1023.42208052914,998.126482566496,1006.80141599138,870.800465892029,1217.25715708005,1229.76643230767,1231.58188275307,770.504180715527,843.900688552841,949.00891141156,738.370473631271,764.279941669317,811.651979392477,794.143129138008,785.362200894812,730.497112121149,686.941440719284,720.183919491161,555.222156884354,669.982708728914,912.150401710623,926.21637435102,910.574653834322,1017.88714655267,633.176098407815,664.420217345854,500.393772705958,414.114739895556,391.493037732729,385.54087294584,386.043029834504,251.30830170265,243.461516074536,265.810877162219,254.507713048276,193.821518697591,250.848914398848,358.538963243109,293.317155521215,299.864292443288,343.294217598534,348.84266028325,211.791133126979,168.19222767772,188.882136690529,134.972512596049,136.388452228489,217.609879796507,615.285278680593,648.309352750662,641.134673901505,514.312862674595,533.46721904004,547.752391967297,408.690769513911,422.847331971105,441.458028807114,404.728696430048,358.503804554927,430.027146513053,424.081610749217,574.151253545709,561.110679584002,570.27290975214,578.359082062129,592.864568064088,566.688518090867,609.536254845363,60.6102348854193,0,41.1391003355351,157.448280088088,113.233290082554,284.40068189583,249.047455880535,266.973100738229,114.158698680444,138.808158861678,147.288283979678,132.9061342189,205.415041159694,83.8923345782571,90.5690693723187,123.701412541358,124.093496357611,131.581307025548,89.4314026938575,98.4116594264348,162.37205327539,293.0005431084,388.368012724388,316.781639964732,243.797908723498,173.580113621404,244.379252713532,207.166345573011,189.284293673286,206.892770568271,227.521618172698,196.830267686758,335.066300027915,380.394347442601,384.563116392342,442.329396253704,363.552504402945,438.431640969666,449.836406245488,303.066980245024,277.828425931865,164.403282056113,142.188619797034,247.530330554735
1222.62584941267,1215.15287001719,1174.14322290688,1220.18383921417,1213.0745870718,1244.9753614588,1185.26807051756,1171.17220815353,1253.58688577499,1260.91125084381,1094.02884455049,1058.08565103584,1031.86822487675,1042.54894321318,903.260800861041,1244.89982888322,1258.23274104394,1260.2354338291,807.458205668302,884.158861862869,987.363528289241,779.507820912674,805.1631919237,852.719834039402,835.041320091899,825.652119705384,769.423794355582,727.465210938731,760.640231979443,595.419979724027,710.965725382286,951.404169354706,965.583491864277,949.725699272229,1032.47892470997,666.701472408103,680.064024177164,521.082390094101,445.117664176818,429.887516385207,425.6492969098,427.084519448421,291.694629169425,282.471966924708,305.723154572078,293.903557341487,231.608569163259,288.07822179751,399.641911775042,334.455629404477,340.003481477385,380.742208188208,387.901120566764,252.685241011694,207.948656183562,228.703569395667,176.069136726364,175.670309647977,254.391822071513,652.532466376216,687.104193112005,679.655657268705,551.294720132317,570.279934281148,584.922492994158,444.55161354173,457.018131302309,479.103925349364,437.307198453379,390.034145457111,459.726392016651,452.220400389813,603.849217640583,593.651081847408,604.057931573644,618.392389158688,628.740205568753,603.30114192271,646.554458343275,72.7594084452,41.1391003355351,0,161.564992219683,130.124305474405,301.941387931734,274.024937045045,297.722052927894,154.809245748891,175.426778281504,183.993964408076,170.647882345709,236.633591691568,91.8160503558896,131.204574617086,162.988828203683,161.71008506202,141.82923157459,123.345472602973,131.155980573487,175.845380058774,313.419428327976,410.696667089612,343.555374514733,273.125538510769,204.728276770929,266.47567702375,231.685794434887,206.77019455924,220.346286884139,238.150526866075,192.928412533204,335.264364171702,386.046349243983,393.620498680302,426.489985274925,347.214089982173,424.700966177246,428.083591479325,283.028078767477,262.838933363579,144.953688333262,125.093289980308,226.714030612816
1077.80552061525,1076.53909399862,1038.30509575171,1084.32602717816,1076.94194416845,1109.7334337956,1051.69740314412,1041.18202181305,1120.24558099859,1130.37314964144,984.061946170413,950.552102418473,919.603311668805,941.658162896574,785.989248296744,1107.64896334231,1123.42885306065,1126.01528558238,718.067142535995,829.732104239387,907.301637421004,757.932138068742,767.002384276596,821.881477068732,796.802889281057,772.857202434735,698.804638548309,681.521315310034,712.461729678319,547.264364492608,706.13137662766,881.425941167914,896.794404435939,878.556555667585,873.147464554684,558.425484546894,522.297919482528,372.172282002037,332.072621202631,367.428245671868,385.348381519163,410.529038679099,271.976251145287,244.866241518305,275.769538506989,258.827844517484,193.93759637523,231.899790815207,402.0003748302,337.714258799411,373.357905314983,438.819034298315,431.089445653392,252.264565356384,198.569410202756,280.267648048119,215.519847617154,242.966733955775,327.159656932767,702.182366771446,721.470330022304,717.078798119517,605.714353996276,625.437362176682,636.891535274712,510.639033628061,532.691796785535,530.746148105756,521.801453336958,480.940765388273,556.103987322608,554.689390512938,697.380841510864,674.334704576152,677.930357835792,638.546237579797,689.180745660309,659.081306156003,698.184634538193,218.016764240085,157.448280088088,161.564992219683,0,58.8407083125147,152.870545929473,151.246213987236,197.303360947316,180.071031762786,151.025979273793,155.852490628641,157.189790623109,152.396983942084,241.195901163534,197.888709473243,233.249980559832,243.354089959549,288.83625222351,228.040169092103,237.998105727621,318.425177875836,441.013560038243,531.88169099856,453.50841135438,377.621546345571,307.746961937581,391.379386174639,352.042458954618,342.517481832727,362.345656544627,383.982608762017,351.988040758288,492.12033138512,537.672541943103,540.902426347169,587.166717890435,507.89487946714,586.003139255822,584.765865387348,442.143694442584,424.137197257693,305.737487227655,286.550650317656,385.873826614512
1093.02236881538,1086.88540775789,1046.62763221402,1092.69163698465,1085.49693389899,1117.68347080692,1058.45881710326,1045.55966374554,1126.8989552921,1135.17731872152,976.78201224956,941.955527524321,913.428587759612,929.737629247123,782.313912530456,1117.0189949472,1131.08346896483,1133.27008203469,700.154819516016,798.470411830824,885.988318558457,716.25674213209,730.175327110375,783.076707254621,760.123059357531,740.813761782487,672.952302044644,646.753637484684,678.588861609961,512.335705754607,659.969631405173,856.014944686778,870.973331702153,853.597492423823,905.074666337522,549.050600058003,551.856411854084,390.969483933011,323.723496488776,335.470004222216,345.990900097476,364.813835269016,224.140158503617,201.091472231734,230.810513589032,214.804321378602,147.657727513652,193.948123003397,351.812658606478,286.327572028552,317.632073768772,381.078999716998,374.707101050975,199.495139140448,145.336194679428,221.881063285358,156.988414203249,184.177721845283,268.337818346105,646.260676897208,667.711864011419,662.843455331376,548.970300509223,568.678533144171,580.509735771234,452.601272642532,474.181002996937,474.010240834144,463.009606285657,422.110140609234,497.302749706756,496.052224084047,638.544496753374,615.796075265434,619.746324332791,586.840197066644,632.06451968238,602.353926865437,642.018336691202,172.630048358133,113.233290082554,130.124305474405,58.8407083125147,0,172.372629778414,146.329072329046,178.84383595787,121.589629832614,97.7311145913615,103.940687951866,102.086599674102,122.561892465303,195.970131065252,139.683389452379,174.606438205776,185.118397307349,240.765691455947,172.610505669436,182.469918079064,268.000660929247,385.30943864637,474.755664501538,395.548271070784,319.603072541144,250.205551214494,335.634815945262,296.010063799842,289.654910520429,310.922088415579,333.556336888214,309.92146599118,446.505536512689,488.39495067576,489.663944583523,554.169058125705,475.089694900647,550.99271586133,558.051956886688,412.440104842785,389.755278485889,273.683577200332,252.54910593908,356.254516967328
925.431031733571,923.678695249795,885.629558945967,931.633310398905,924.225760716752,957.095613315945,899.304838958844,889.478021393936,967.849898127945,978.469803072935,840.004430836449,807.90742160422,774.743260956074,802.724308205771,639.487038082655,954.842155096028,970.835697471546,973.493526936095,589.310156428992,725.495326739472,782.140694993625,683.976941956241,678.152039868151,737.681254596097,706.964720209115,671.413185946666,584.863796374162,588.970244648809,616.816486575147,459.554068804938,649.51325131494,763.988351031987,779.995848275761,760.275055544411,733.689503231251,419.768432438616,380.070435484981,220.356634945488,199.48139288055,283.542355989767,321.691214331092,366.897807954719,255.651191390462,219.788592274071,247.672093418537,231.113398134287,194.001486274111,191.489260248116,378.058623861353,326.363382529487,383.205966647341,461.818249858523,441.394061181975,261.636009592405,223.755426070948,325.904388938093,273.202146097617,311.379499294282,379.651204148779,697.074509947893,700.820914669632,699.545846829359,610.614956954451,629.805396186712,637.51815480508,533.7480724479,563.019082769508,538.557935825973,561.32331980007,529.807809415374,604.642980093596,609.287223047138,735.740134507435,700.851877687619,697.554759801374,608.835079736441,695.138410004342,662.10559719519,695.179385747032,341.764159219462,284.40068189583,301.941387931734,152.870545929473,172.372629778414,0,66.5584295476628,115.728344447833,244.221453858558,194.097654920307,191.652651617211,205.171548448665,128.498739566684,364.725534921152,281.941430881589,306.822955138658,321.815062474548,405.739723300861,325.748024423422,334.577910101275,428.806540410207,527.727312721844,606.577240592065,522.450078208414,449.090541336908,387.763455970127,479.409658005957,439.9589364341,444.672701899426,468.707347475957,492.852917777819,479.422826711564,611.626657832392,647.603456141355,644.717424994667,726.392253190314,647.378196526673,722.825674053003,730.007877248366,584.734992785914,561.915125814871,446.042547621414,424.902275639956,528.499496514212
949.154090345632,941.193292797299,900.539255759305,946.597568158819,939.434565465525,971.525168400265,912.188193998777,899.247254752828,980.61319840075,988.855021583183,834.248007741801,800.26229869252,770.215015960375,790.601274754382,637.779764815877,971.094687481497,984.886715374134,987.031427846685,567.26445279547,687.233820757852,757.369017138668,632.457503768271,632.359000319984,690.169142824973,661.699131629577,631.526686894167,551.88231969197,544.446595606067,573.856605844262,412.104946266595,592.56188346116,733.675471358545,749.286938182785,730.521088220598,778.562420629581,407.661155131405,425.428158620469,253.642921215707,181.168668180722,232.285765140452,263.941931023406,304.925114283722,189.226781084568,153.458705390401,181.87848794068,165.073777564261,128.745775510037,125.887832603933,313.170166770577,260.108233084497,316.666303993041,395.466133090061,374.835873916035,195.671971877759,160.735735397861,262.88946704065,214.180393919517,253.284970704822,316.756975366661,631.558364175265,636.97547818046,635.299509461949,544.338796391992,563.577793963128,571.497755795831,467.2872639173,496.768211862202,472.097556810923,495.624973156063,465.099717234893,539.589099351608,544.878508961491,669.631128768888,634.34710828966,630.997835831251,546.017721627472,628.915042086509,595.987463510467,629.495961008305,301.744343381972,249.047455880535,274.024937045045,151.246213987236,146.329072329046,66.5584295476628,0,55.9627805601871,188.524493303217,137.483989478252,133.393011318479,148.612219143569,64.4626815149723,323.722058720353,229.5051889978,250.192618625024,265.895957993923,360.328710751747,275.569667391134,283.650699700409,380.087740132496,469.816211098295,545.314315975844,460.723566634148,388.636367782447,330.339834586846,422.440181247138,383.579493060776,392.584181883618,417.662263757979,442.336800477539,437.596497424917,564.022037590289,595.706910801459,590.685993274205,689.585885990773,611.398306937499,684.188370209115,698.878747714045,552.088839497544,525.485041194571,413.434692372753,391.210792879663,496.563009448713
935.523590371114,922.348653010903,879.728971509305,925.662631468616,918.721347887916,950.07779133877,889.719994973321,874.401698303635,957.815733888058,964.181161263645,798.500875616262,763.389333998498,735.540645128817,750.899389535334,605.764629222795,951.1164398356,963.094370047314,964.824978753904,522.593361878087,634.462994553329,710.510359337143,576.560868787331,577.362424896589,634.778190999654,606.804704835616,578.261520444491,501.610965100239,489.861564245405,519.680398337931,356.973352666842,536.904113845485,684.140970101905,699.537328840962,681.254987986919,786.117123086257,370.664120273147,436.593796166876,258.088469335337,147.41706702524,176.743996204678,208.27783008763,251.261991844462,146.40173089176,110.651273488476,135.2502855753,119.924232785482,104.530157115715,79.7878955728077,263.190393040053,214.929641853759,276.13483642169,356.851890722175,332.740624897346,163.038949726396,142.050471714231,239.366476291781,201.887578053811,241.119008449762,292.322498124336,582.645494110312,585.167426247698,584.019605508635,498.274360357331,517.219919089539,524.201666504892,427.19891112557,458.420778514706,427.561917074158,460.29560956605,433.687168497811,506.574693089665,513.929582080893,631.641367423121,593.179245506036,587.957873966085,493.118209143596,582.456250483065,549.067884322273,581.033108291015,312.976995300078,266.973100738229,297.722052927894,197.303360947316,178.84383595787,115.728344447833,55.9627805601871,0,184.057882882641,136.170283649956,129.363530807618,146.088301363014,61.5659367943767,333.252410667374,227.912923323513,240.83251655511,257.186614523925,363.886993933792,275.314559851325,282.067116097918,379.077180240906,453.686958169523,522.126436993413,437.200243490054,368.667687409356,317.204519972623,408.507420070251,371.227791914808,386.722934315168,412.864935345786,437.904907280889,443.916762388803,562.039256815738,587.796832696403,579.740024683623,698.779630147907,621.979073679034,691.529711278657,713.524231504386,566.437066593664,536.405220175286,429.578812133949,406.717880744071,512.171043218213
1117.93996346445,1101.84743646861,1057.81010609954,1103.52463062141,1096.78579485706,1127.437429805,1066.31203485791,1048.6298026623,1133.90046403502,1138.29373944135,956.470217582106,919.316663317197,896.194071845305,900.313111678411,772.299583858748,1129.70352304936,1140.11282773521,1141.45667145981,661.787926509552,729.811207384909,837.376679079083,626.162297321829,650.40718296498,698.439673624633,680.299767969644,671.259182857505,618.03200629286,572.782919097636,606.029224553887,441.191314452825,560.769880134891,799.10290891417,813.009184630388,797.674934238592,965.819596514936,533.101697072479,613.395185832597,438.533444781155,323.863004714315,280.716396149009,271.636433562136,272.815946714627,137.224367883776,132.331234884358,152.340461122078,142.212404814951,88.9417137760514,145.361589300649,248.53211498207,182.344014104988,200.762390960129,259.969434376483,255.915582282445,98.0850705868321,56.136824430856,100.294991383251,35.4547123473993,68.2890094664896,148.006610667414,527.513591586165,552.784069721703,547.035991614457,429.058509847276,448.717608410571,461.119861657556,331.151946889624,352.632190693641,354.24119491603,342.10708003767,302.544809806093,378.117245963896,378.415107318416,518.067921926077,494.268230826427,498.19253911545,476.410197140878,511.537025404151,482.399342393725,522.880534506199,139.201890095056,114.158698680444,154.809245748891,180.071031762786,121.589629832614,244.221453858558,188.524493303217,184.057882882641,0,51.0405450552347,55.8223280902758,39.9243915206313,127.733750547467,155.921700507902,44.1082663481732,62.6271333797854,77.7015410670368,180.72004609893,91.4426863781458,98.0092847653595,195.062724852342,283.566668699061,365.291811247661,282.739475536782,207.54137976263,143.614868381532,235.19902519882,195.835894714348,204.571974245458,230.14068322787,255.045879867256,261.574268273035,378.426731574106,407.412744869336,402.189262046878,516.929786100262,441.37754318829,508.731359369985,536.030855396431,389.855440536264,356.668489251063,258.115893005354,235.051638551572,337.925623833617
1071.62327416282,1057.47996701516,1014.21727613378,1060.06095430771,1053.21280283163,1084.24320256395,1023.48849707236,1006.93312183013,1091.35206409988,1096.6903574977,921.230058392415,884.759061971383,859.8838845517,867.999967683792,733.582433484191,1085.85592538874,1097.09774290658,1098.63814905554,632.113618142634,713.70546566483,812.24868121623,622.33304853351,640.185451484659,691.227162605138,670.172383158765,655.477242993299,595.03871360877,559.079218599415,591.658478089501,425.403924833862,563.429637303499,777.499681610651,791.912758925828,775.623337481524,915.077216136616,495.253035705143,562.472712374573,388.141402129494,279.960050564772,255.121038372973,256.290628068172,269.198245885835,128.158176216331,110.188763098196,137.402139706494,122.976757394558,56.9680449223534,112.66773087378,254.188414964465,188.598452307112,222.593739197231,290.925575676533,280.735131707674,101.861470037193,47.7566279829611,137.979609909921,79.5107424417434,117.281954937307,190.08770549084,551.333679193564,570.741720902528,566.177394345659,455.526406788292,475.249472828963,486.34108513141,363.464094602333,387.958697813209,380.626898982426,380.615396191367,343.980754133288,419.646243805292,421.68427453137,556.918745463249,529.27803528087,530.878189445313,489.164254600856,539.402131058926,508.834140224173,547.461758238662,178.195631517003,138.808158861678,175.426778281504,151.025979273793,97.7311145913615,194.097654920307,137.483989478252,136.170283649956,51.0405450552347,0,8.57080896063284,11.164369847893,77.5135157301445,197.671052805301,93.059136892671,113.099831594923,128.56093291253,227.911566158869,140.12985990181,147.538565318925,244.617361202132,333.748832046315,413.30170444333,329.793037724977,255.529426887364,193.833270307586,285.732787248574,246.55304873431,255.394772387107,280.770913123874,305.595892608021,307.75117320676,428.411725147819,458.369307377985,453.221011353199,562.648853839007,486.040288297631,555.370155226157,578.557714500642,431.647701198329,400.617912705596,296.35668904136,273.298795321045,378.147254670133
1064.57828815085,1050.04335291147,1006.65181815255,1052.47750061894,1045.64590050696,1076.62025527454,1015.80973888533,999.106335515925,1083.6380929308,1088.85594466446,912.86524122934,876.359325696303,851.576332845696,859.513148077493,725.438494222494,1078.33367987352,1089.44918396938,1090.9617061388,623.560798186254,705.375625776835,803.683468707965,614.781178964125,632.173865192696,683.403955280967,662.160958990791,647.167886116261,586.506465986907,550.885510509497,583.424625543081,417.139960866833,556.481461295447,768.987166932757,783.411289655043,767.101416754418,910.020614391727,487.016466992504,557.715577494848,382.7200423143,272.334683031784,246.580707114818,248.147520797876,261.91639433459,120.882121940515,101.967394476375,129.552716472015,114.88289766818,48.5284517173568,104.097217988041,247.898226836072,182.619620092834,218.624552934629,288.313813613314,277.05251344235,96.4388739604449,42.86357338377,137.548369361974,81.5686762795034,120.164241177466,190.306194152485,547.123680732978,565.627116606108,561.236387576852,451.838161301925,471.553610772122,482.411831114538,360.974747735109,386.060665480311,377.013702721538,379.453803998012,343.614964586096,419.215616674555,421.750300820911,555.687345982217,527.176203674155,528.288406903103,483.402428661436,535.889728399875,505.093089184304,543.379153981174,185.97181966645,147.288283979678,183.993964408076,155.852490628641,103.940687951866,191.652651617211,133.393011318479,129.363530807618,55.8223280902758,8.57080896063284,0,16.729515797269,71.9132399360132,205.182105679571,98.9126104750823,116.803086618206,132.575308246505,234.524422836674,146.214230149046,153.335394499923,250.471508536187,336.82033675602,415.08058076337,331.240792905635,257.468259562182,197.088878555442,289.145540539024,250.196255804776,260.374457653766,285.961954646604,310.860281894035,314.648586198662,434.079198318309,463.106058137044,457.438048368266,569.709831528075,493.287663562093,562.228479154636,586.149888607529,439.304804453382,407.962618834716,304.32589324497,281.252614023607,385.966242131858
1081.2949503099,1066.64355963587,1023.18016800776,1068.9937490851,1062.1730090231,1093.10901136601,1032.25667363632,1015.41647605648,1100.05516319615,1105.15681541458,928.118338498692,891.477105153193,867.022461343512,874.176506627392,741.2906951069,1094.88794416973,1105.91894555295,1107.40978279309,637.598066462664,716.063800190707,816.717464990793,621.899139495429,641.181195927338,691.57664753746,671.16201558662,657.736625556815,598.93032573276,560.812176803907,593.563248613564,427.497665733559,561.543392432511,781.140610796168,795.441138497567,779.367300955092,926.036151684746,502.678787208179,573.508785285822,398.9631515441,288.846297730952,259.249847303571,257.970129598467,268.251333905902,127.557434353667,112.575213404001,138.310226874901,124.784409339461,61.0037176139063,117.948144287195,251.183632641208,185.165387846537,216.198497010921,282.979135531828,273.930010447515,97.9346753015859,44.1068697887165,128.428115491327,68.7522777005475,106.226073455628,180.042221220695,545.023476210056,565.634620438801,560.82474702599,448.626135525484,468.351172415495,479.710074002859,355.357210354531,379.310917737785,373.673288270521,371.381539527621,334.207494297333,409.894284751145,411.630085663149,547.697773282793,520.767553631881,522.812409490312,485.076021967023,532.279987188296,501.977235847721,540.996721651717,169.69884208141,132.9061342189,170.647882345709,157.189790623109,102.086599674102,205.171548448665,148.612219143569,146.088301363014,39.9243915206313,11.164369847893,16.729515797269,0,88.20178903331,188.671645831757,82.377515990539,101.940531597202,117.398272002448,217.803071708127,129.604895898387,136.84409124478,233.966936315179,322.628083950735,402.47307738068,319.093033100838,244.671278169845,182.699794569563,274.580537531405,235.390601937619,244.388664286518,269.831354549603,294.683290173376,297.922708168697,417.67323042339,447.311030034253,442.080592851978,553.001275104799,476.627009790966,545.499677147137,569.664344682796,422.875597336553,391.341695865884,288.265596175538,265.174597402533,369.698076191631
995.984410576455,983.637849219867,941.186710347269,987.1333395925,980.17650194769,1011.58063573787,951.262595158988,935.957724264595,1019.37019343781,1025.73797869396,858.241667914014,822.747684623429,795.664178987076,809.012366506803,666.628739155934,1012.51863533639,1024.61495766988,1026.36238479614,577.908952368513,678.628015097996,763.428275082146,606.614995973758,614.605695803765,669.627054025132,644.409347294557,621.410020031403,550.882970500866,529.288002316922,560.421326372281,394.954523994191,558.391886582501,733.92138023396,748.980024591095,731.408820059167,838.171508139827,430.534246173648,486.105551394336,310.809915582828,208.806428337681,215.584621925166,233.81281829113,264.32813695769,134.822448123962,101.3418599758,132.281197039838,114.727412562658,65.7025759807042,81.452055183046,264.287406398238,205.873431262651,257.536296350236,334.60760101021,316.341029358761,133.899239777574,96.2741129446639,198.45743834419,150.816907364849,190.175923522939,252.323701991369,578.688658228914,588.863183785983,586.170361851996,488.425831964792,507.896100895201,516.815473907292,406.964981525997,435.40227295068,415.034041574187,432.972994284924,401.374602787567,476.149083906226,480.970817673947,607.769773630397,574.239255292862,572.178300355593,500.75604892902,573.129356431237,540.796345649858,576.036110457369,251.98594389483,205.415041159694,236.633591691568,152.396983942084,122.561892465303,128.498739566684,64.4626815149723,61.5659367943767,127.733750547467,77.5135157301445,71.9132399360132,88.20178903331,0,272.63324389256,170.54515798174,187.933233832117,203.953235486136,305.044849465109,217.638954944679,225.02419618884,322.123771222276,406.261340279506,480.888201435107,396.270946624505,324.379355522678,267.25255819795,359.339527442189,320.841944305191,332.254370465204,357.874407443071,382.772927768623,384.346379335745,505.873476902189,534.846392966113,528.696449286525,638.675741009285,561.499930872803,631.921672565896,652.368815163363,505.258043458192,475.787690719997,368.132049659275,345.308308963448,450.81628785928
1268.60596745723,1255.14858692295,1211.83380177415,1257.65671577438,1250.82777685457,1281.78064533261,1220.9135892827,1203.8596404725,1288.68372007381,1293.57389661191,1111.87510891585,1074.5037371537,1051.89506682231,1054.498421958,928.209270690438,1283.50829518985,1294.5875647629,1296.06712323655,814.738532860438,868.898131506293,986.263921776142,747.500308895659,781.861398972218,824.555042588932,811.277541646331,810.359303461477,765.711196555012,710.103557098663,743.869557323852,582.871890629463,671.333848970062,944.495336113511,957.777836403693,943.563985335443,1098.2997884517,689.023312038892,744.561229175733,577.138518236288,477.509513882789,433.167608573154,416.543641699421,404.416240219598,283.945993089955,286.232821134207,301.897326808867,294.575011640399,244.763607483568,301.249274423349,368.149307279971,308.086848234059,295.552458469033,319.461914250471,334.314750709556,240.103978778032,211.083589430848,187.863170899198,158.314814084986,137.381072556715,195.264978051851,586.980312482191,628.126470278693,619.349382881737,485.587693579211,503.786407328104,519.602228309765,376.324083556716,383.835124460476,416.840633048569,360.663764303761,311.875155121288,377.629186801661,367.965029448729,520.915044031164,515.634587064255,528.661746609155,567.919402398779,558.722234747771,535.836692273805,580.198247948516,23.3740021089283,83.8923345782571,91.8160503558896,241.195901163534,195.970131065252,364.725534921152,323.722058720353,333.252410667374,155.921700507902,197.671052805301,205.182105679571,188.671645831757,272.63324389256,0,114.19239220187,127.018731005936,116.800856280146,50.0962482240114,74.9761371374291,76.0246361479936,84.0942737318618,223.188370837804,321.129924959473,258.585687072705,193.344875070893,132.183033214315,177.795042158423,146.133500090678,115.957747993125,128.530634174487,146.751828718993,114.704419143381,251.183516981817,297.38070525907,303.09962614026,366.320391287318,288.870538674026,360.473150067948,380.995503759967,234.305672609427,203.172963938836,103.623480252614,81.0364760150974,182.010510262351
1162.04804458304,1145.80405638048,1101.64638190734,1147.33448125928,1140.61593075426,1171.1943006486,1109.99834034447,1092.05674565866,1177.52097675909,1181.68590691935,997.74607978202,960.330418544145,937.917873959137,940.367031041336,814.928460152366,1173.57915079038,1183.83280666448,1185.13549701718,700.861042494808,761.333985054805,873.93188623646,649.819568975399,678.382121160051,724.221015167999,708.116812977975,702.726131499739,653.807551563929,603.27698457729,636.819213341079,473.569354514113,579.92621427029,833.760467040347,847.354953821163,832.589243023195,1007.83913355276,575.601459915403,654.918924236594,481.176556029287,367.869219975526,319.276972143664,305.302426540816,299.461308604425,171.313726868456,172.040792103374,188.514925579587,180.535706236758,132.329833972115,187.843581807599,269.229913092563,204.921257342177,209.436566682433,256.89443666047,259.61823127848,128.455560010026,97.1980488651702,99.0306764711735,46.907430070558,48.9373817256311,134.515598650699,528.371290715617,559.096026363042,552.284218123945,428.056996795891,447.45411792666,461.092808472558,324.998862765678,342.528675644382,354.26494970999,328.046936577536,284.933911468085,359.421765506756,357.108009115042,501.99942198513,483.159543956837,489.78767094197,487.933006689314,508.351012529074,480.938840489039,523.007242247319,99.8584262163252,90.5690693723187,131.204574617086,197.888709473243,139.683389452379,281.941430881589,229.5051889978,227.912923323513,44.1082663481732,93.059136892671,98.9126104750823,82.377515990539,170.54515798174,114.19239220187,0,37.1211021942689,45.4668170429276,136.623990431159,47.4070287554493,54.4805116505238,151.589842835597,249.00338533186,335.722299906893,255.876349983422,179.925379372893,111.062621554318,199.674791930258,159.832034636795,163.254942696311,188.158024310902,212.848254295602,217.557949979945,335.353380398934,366.464703238474,362.784468266087,472.91139336179,397.573261438384,464.630213517721,492.792282068544,347.020379581323,313.107351687806,217.503544866383,194.618621463413,295.888753490555
1169.29404305325,1150.18841619015,1105.04004958535,1150.50874839289,1143.94016963388,1173.99479261857,1112.39690533604,1093.1036473399,1179.49917542729,1182.51233342783,992.184232993363,954.213336322273,933.50040578632,932.293263932246,813.212610191012,1177.23201031439,1186.39103048345,1187.44344655644,691.378869682782,741.943839772221,860.294853856772,623.940247936158,655.834357166457,699.78615388406,685.373449791677,683.391631381105,639.531531714581,583.217230146332,616.959133862166,455.909445911851,551.251525519656,817.729007461209,830.928767476071,816.873547543729,1025.70397482586,573.951099667359,674.017251713022,497.805327751759,374.130918570713,310.757282151579,290.360662165273,277.676667930525,159.909784050228,168.373746511565,179.03527886559,174.344479944439,138.712656976188,189.464899219331,243.277559321931,181.526550610374,177.468274482147,220.632336711068,225.150271264366,115.565267190299,100.676977784415,65.9870942135826,39.6392334068517,12.6952143173051,97.4117163810692,492.440402064755,524.608406605352,517.472493543435,391.84945981371,411.174406692461,425.042476620779,288.134410917329,305.412211969102,318.395779988619,291.051574622419,248.336903285697,323.116610618573,321.451806100598,465.319306489996,446.05298182738,452.692677800465,455.551116242571,471.707649036107,444.590665570437,486.926191458584,118.652415874578,123.701412541358,162.988828203683,233.249980559832,174.606438205776,306.822955138658,250.192618625024,240.83251655511,62.6271333797854,113.099831594923,116.803086618206,101.940531597202,187.933233832117,127.018731005936,37.1211021942689,0,16.3987119186065,135.868202586948,52.0427715266594,52.5690611868501,142.182456958924,220.939642253769,303.729918253294,222.228378758521,146.457116134013,80.9913505821607,172.660218409219,133.464679602456,146.032800952492,172.403266038447,197.470364899,216.534701336658,322.194302107337,347.299436359787,340.775989895028,470.020236443711,397.076031709363,459.988608323,495.062393450626,351.633201186162,314.727306990749,229.686826546462,207.638762725222,303.505256346866
1185.5330677987,1166.20344177489,1120.95844280365,1166.40070849569,1159.84868369187,1189.84389961036,1128.20403377944,1108.74420194593,1195.25131015068,1198.11618743019,1006.72372400773,968.643698831064,948.277649903594,946.290935950521,828.487016652066,1193.17305413814,1202.21166740745,1203.23471572688,705.108260984439,752.485439967436,872.808582726449,631.505518042471,665.066292203618,708.070088310556,694.495212698285,693.98694030356,651.942126769737,593.588299418206,627.386108966078,467.333487610515,557.188233318535,829.480390451947,842.538708402498,828.7326407507,1041.88242431172,589.299787469664,690.058787868727,514.036185786782,390.388879179364,325.040682678229,302.995625487779,287.823906802277,174.053512744516,183.904184384755,193.500451970136,189.461350048792,155.095887973062,205.529858538675,251.513485702244,191.437575722515,181.934505605287,219.279889173678,226.682367573777,129.751737135648,117.038725827054,71.6189694474651,55.985410493711,21.5259924949043,93.6105561754032,491.248868080952,525.507483511243,517.966242420895,390.22587168745,409.373723021817,423.693815453612,284.883557528377,300.407940557411,317.547712340829,284.454829445057,240.421995678871,314.51052729972,311.800669153679,457.496536247449,440.208184728194,447.90686328567,458.736448130463,468.955862004618,442.603325097582,485.457288097834,111.021552493944,124.093496357611,161.71008506202,243.354089959549,185.118397307349,321.815062474548,265.895957993923,257.186614523925,77.7015410670368,128.56093291253,132.575308246505,117.398272002448,203.953235486136,116.800856280146,45.4668170429276,16.3987119186065,0,121.466046340503,43.0000114548466,40.8426095400549,126.233127455493,206.306941732363,290.908641222393,210.505698066392,134.550864306935,66.7646038471771,157.625969661035,118.155136936453,129.637889752835,156.005399952752,181.072441479232,201.605227642189,305.811893763859,331.080983112141,324.866490841326,454.450409129672,381.932402713122,444.192054656781,480.357138957176,337.582610590322,300.084513582855,218.144645294588,196.516394082218,290.308767610617
1298.63615607104,1282.24795640536,1237.86310117372,1283.49503316558,1276.81797836999,1307.24368296819,1245.90419993447,1227.39730736351,1313.27751780211,1316.93159540848,1128.03780678456,1090.02762944956,1069.35199449376,1067.74718146216,948.578638601486,1309.86987734008,1319.80331520277,1321.01780032321,826.481723071753,868.138572122091,992.794626471065,737.796868371151,777.004694352989,816.672531369893,805.996198888822,809.874966275684,771.856484209576,709.070405349337,742.944681121926,585.611722886704,657.577206713206,948.027150698333,960.76624876729,947.507980882194,1137.97028393587,709.223211961315,784.274643602474,613.828692891773,504.425826674724,446.46964100415,423.565657201818,404.045239521197,295.499464000319,303.637715468712,314.8329778671,310.105088427163,268.462448576814,322.6961982129,363.360228375543,308.174805907474,284.677558918738,296.057459691255,316.040287308599,251.174492134556,232.014362492185,185.562552097834,173.375897869806,142.903461239465,178.778999588776,557.237905664691,602.506053754356,592.912034481688,456.499830862579,473.9905033664,490.492063917558,346.683137822691,350.346408887239,390.941546354988,324.735236034222,275.343409055759,337.079415219419,325.647735249429,478.961797665461,477.453395083387,492.346691410158,548.242336298064,526.07501239381,505.119031211004,549.950345004468,71.7367953841122,131.581307025548,141.82923157459,288.83625222351,240.765691455947,405.739723300861,360.328710751747,363.886993933792,180.72004609893,227.911566158869,234.524422836674,217.803071708127,305.044849465109,50.0962482240114,136.623990431159,135.868202586948,121.466046340503,0,89.6295399541198,84.8110586857454,34.9664685596074,175.814021525963,274.083568650686,216.626535775931,158.230516375778,109.452575970739,132.931386397574,106.480451785738,68.9736480488323,78.6675886907436,96.7505311725021,81.2846284765367,206.206836332256,248.846288911066,253.436295465359,336.438586989455,261.920109480132,328.012824827905,359.223988664776,216.171838114201,178.881863836237,107.25821824272,90.2300822802577,170.39170326753
1209.29978882109,1192.62136779471,1148.24669197711,1193.88781435914,1187.20393175488,1217.65880582912,1156.3536216294,1138.0251976875,1223.77003320553,1227.59646127214,1040.98115350363,1003.2665503936,981.712852987558,982.188455586001,859.878231810055,1220.24491593559,1230.23710590259,1231.47452901794,741.748503969054,793.960996404983,911.858946666242,674.435550918008,707.441187136573,750.836017480631,736.927353548182,735.414259851915,691.181265806516,635.204109560286,668.95684778872,507.922509198402,600.142453511821,869.652762637069,882.89061084992,868.762605565385,1054.12819956673,620.492691911422,700.919178008999,527.984357050455,414.843942983445,360.498520940117,341.974008222722,329.586045057355,210.277746814955,215.369004195288,228.800005359494,222.662591445781,178.833555153454,233.338765096562,294.237988755549,233.330181805406,224.714219143746,258.228500128921,268.036938854583,166.117932681192,142.556097690312,114.608096216514,85.3760094689097,62.6717012848622,131.678059946156,529.609451897584,565.930093173382,558.034539732134,428.261105963198,447.156391220491,461.980891038565,321.215576666627,334.034920145101,356.622127705296,315.365322281497,269.080804492876,340.913126235872,335.614367039571,484.957240666027,471.769774920671,481.311792456862,500.796109241834,505.396169753057,480.090817686004,523.503089083552,68.0269027482009,89.4314026938575,123.345472602973,228.040169092103,172.610505669436,325.748024423422,275.569667391134,275.314559851325,91.4426863781458,140.12985990181,146.214230149046,129.604895898387,217.638954944679,74.9761371374291,47.4070287554493,52.0427715266594,43.0000114548466,89.6295399541198,0,9.97269180909025,104.623859365956,212.996650439387,304.747425954777,229.55163954193,155.264206054805,84.5306411106068,163.346076243351,124.050934869795,119.243441760798,142.964320307156,167.244889175093,170.835078070632,288.574211112702,321.858467172815,319.926346151706,426.06811299876,351.275190680811,417.479100752513,447.529222937374,302.654950761847,267.405027060601,177.88244125524,155.691791500402,253.099316968437
1215.26134607359,1197.96567561148,1153.37044123897,1198.96445570677,1192.31373783992,1222.65265872193,1161.25528550481,1142.61983423981,1228.57868457675,1232.14221913405,1044.00500090103,1006.15478058409,985.019758552825,984.586197536759,863.831344505767,1225.42894231871,1235.17691880999,1236.35796972991,743.818371102069,793.294496693106,912.799612521809,671.76918682545,705.846938541368,748.609521989455,735.255736693216,734.78770129873,692.00470216334,634.413136916776,668.206177168272,507.912840246407,596.538785947025,869.937084944718,883.059593783645,869.136213861453,1062.13670426967,624.462597726374,709.070772379464,535.637419209037,420.470844668801,362.937802427613,342.871553830057,328.655472840963,212.273726039858,218.9537086221,231.170341466891,225.733342442465,184.234240837163,237.951333059546,292.142396872171,232.274331574896,220.79782609855,251.658473353314,262.639329093789,167.961379133021,147.382039923931,111.918838510038,88.6556831832515,61.8271447332808,125.215729549989,522.621331766805,559.809007609853,551.738737751381,421.204516071589,440.005974338521,454.99408614429,313.72207072792,325.8880067899,349.992195399588,306.739479271701,260.172166100189,331.668345784277,326.125771651353,475.765140458503,463.155113034114,473.030965022427,495.799680818175,497.817509407601,472.830544743871,516.407897372075,72.0859096024752,98.4116594264348,131.155980573487,237.998105727621,182.469918079064,334.577910101275,283.650699700409,282.067116097918,98.0092847653595,147.538565318925,153.335394499923,136.84409124478,225.02419618884,76.0246361479936,54.4805116505238,52.5690611868501,40.8426095400549,84.8110586857454,9.97269180909025,0,97.1362740244135,203.05425952587,294.794710190141,219.811683824247,145.753145954571,75.2060788904913,153.397629916574,114.080585557179,110.147755887993,134.300218993168,158.778429149376,166.063676436815,280.878034290479,313.06735151867,310.693284008591,420.905446657754,346.728263166939,411.870485452773,443.744128222793,299.571323315769,263.447354495046,177.503226749762,155.738803694949,250.983279206954
1311.06829310759,1292.37045227954,1247.18755010145,1292.63365974889,1286.07984465184,1316.07282562724,1254.41833386875,1234.81340724734,1321.43107404664,1324.13494828237,1130.05346568614,1091.62265171451,1072.38636943579,1067.72420650495,953.93726140263,1319.39484441994,1328.43152928555,1329.44038629777,825.784025791893,858.670838168076,988.119985173533,722.666109173121,764.977734364004,802.561627972607,793.623347425602,800.712156480609,767.339952947417,699.786900882848,733.64257560897,579.342297032049,640.027105075605,941.34564165667,953.690815594305,941.111204053779,1158.64121985516,714.953426727478,805.31062846332,632.601288721214,515.924315575013,448.398148627416,421.244134381759,396.755492275336,297.873707685159,309.989019284108,317.87195231254,315.03863809221,279.821827799856,331.643099364014,353.429636608817,302.336311955289,271.607650318721,274.270382880249,297.463416979288,254.089471987422,242.210419857559,181.237732554601,181.577120787183,146.447270884034,164.474729431788,530.131707742056,577.717161965684,567.658980961368,430.064510184371,447.07654103442,463.930865395208,320.432175653752,321.742874230591,366.76031262934,294.832576193962,245.361125871841,304.643737070646,292.39820171859,445.666696126437,445.914069703388,461.739031055556,527.264705643868,497.388611839344,477.577676183721,522.569791723173,104.289373139595,162.37205327539,175.845380058774,318.425177875836,268.000660929247,428.806540410207,380.087740132496,379.077180240906,195.062724852342,244.617361202132,250.471508536187,233.966936315179,322.123771222276,84.0942737318618,151.589842835597,142.182456958924,126.233127455493,34.9664685596074,104.623859365956,97.1362740244135,0,140.947513516414,239.226353532623,183.914014569187,130.737838382986,94.8238964351837,99.2271906861269,77.2446704114358,34.8710019202496,44.7459020304822,65.6288064372351,81.4442401235895,183.960737818645,220.457920186858,222.487568927906,328.716053343323,257.881103022313,318.025278545954,358.102581635394,220.446013967037,179.488437866573,130.634839110243,117.399596342896,181.070217939758
1358.18344547059,1330.43041219299,1282.39501383077,1326.77735078093,1320.75952982713,1348.82418340891,1286.35003760716,1262.52275958962,1351.45318942072,1350.3470938709,1137.10584548539,1097.37561496177,1084.10538173239,1067.23381917385,976.309923892722,1354.89591037402,1360.29961986251,1360.4818711031,826.005300871595,822.511037272105,969.756330899824,665.227960920856,719.834683032813,747.921853427925,746.4730403563,766.839326846035,753.259910411063,667.611704515185,700.582735831828,563.373224270695,574.055421413191,915.41279530089,925.974079397306,916.347516090559,1239.22618794194,742.904258605172,890.179586593646,711.603756148269,571.468021092178,471.28557002295,429.294312393236,386.533754298374,334.840234551385,359.639151210288,355.017345187689,359.228899790505,349.176469478537,388.258863441292,336.023240628805,307.737155066886,251.411217498448,211.630622623674,247.588945303008,298.776673976254,312.20641138402,216.64931559165,255.636152601363,216.656348501152,168.514660266807,423.373633088072,480.726377314003,468.748657647303,329.676986717841,343.631260829733,361.652217854023,227.752935348881,215.598927365191,281.393140285914,182.953558451658,138.168562971563,176.4445911231,159.567976277297,310.458304544948,319.218613486209,339.405418250809,449.335777279675,383.76830104317,370.051454065937,414.676780333628,240.663934854762,293.0005431084,313.419428327976,441.013560038243,385.30943864637,527.727312721844,469.816211098295,453.686958169523,283.566668699061,333.748832046315,336.82033675602,322.628083950735,406.261340279506,223.188370837804,249.00338533186,220.939642253769,206.306941732363,175.814021525963,212.996650439387,203.05425952587,140.947513516414,0,98.2788443174247,65.5492596063892,88.60188381656,139.965489005224,49.6761381622488,89.3992753008745,107.293904256332,101.51780319238,98.2138609876478,182.765952292952,165.279613386492,152.02779199557,133.195877847766,346.241725973761,298.262948711956,327.619187875754,397.837833055949,293.252970779865,249.201183537623,257.40840545296,250.498579110608,276.754755335756
1398.37837127958,1364.82824412579,1315.2050283219,1358.6029233769,1352.97769378284,1379.59111289793,1316.96164824597,1290.48172756094,1380.38431551544,1376.73387077885,1152.10073796289,1111.85051983552,1102.77505298161,1077.71442609419,1003.27295173148,1387.45482528524,1390.410181662,1390.03993914337,840.15306665433,810.838364871263,968.820797311056,640.569198630475,703.411158809112,723.65331654761,727.972282806312,757.866350765981,758.825325725595,662.12067381308,693.628074752178,572.776088209372,545.07500041265,909.773441062348,918.900973079556,911.537567583369,1301.40919499316,776.967643979143,957.144023966069,777.069196560829,626.19111314307,510.122963467848,460.991776878295,408.997683798131,389.74108100199,419.514367252293,408.57443613524,416.280891865565,419.307620826581,450.14498817783,357.781850491596,347.089891183602,281.642589662049,216.913670630673,256.56592955557,360.518764819971,384.726711738783,283.288794668576,333.79450000312,297.004176079524,229.848978288889,362.954116876148,427.749916544825,414.371591124777,281.041512464413,290.733649544872,308.851327216734,199.8348452605,173.797540497982,253.141330617804,140.343154094269,117.999658382771,107.842848204339,84.295388019725,220.453729678205,240.417886060006,265.230040025419,415.072341285708,317.722135958037,311.228186092874,353.437089425337,337.976876780513,388.368012724388,410.696667089612,531.88169099856,474.755664501538,606.577240592065,545.314315975844,522.126436993413,365.291811247661,413.30170444333,415.08058076337,402.47307738068,480.888201435107,321.129924959473,335.722299906893,303.729918253294,290.908641222393,274.083568650686,304.747425954777,294.794710190141,239.226353532623,98.2788443174247,0,84.9345874349305,157.828256307661,224.684764288687,144.333326379293,181.41588218386,205.429713135963,199.017515116258,192.047431392515,274.927455331008,215.142780124614,169.876052137385,138.252783889759,389.41813171997,357.963198735518,367.653610442272,450.258248145037,368.230874998794,326.278053065117,352.244438998309,346.99760869855,361.464275733699
1320.55251482111,1289.34658088005,1240.38477478309,1284.24772175472,1278.44345167638,1305.72775343,1243.13053359002,1217.8714839923,1307.37191612096,1304.93750400725,1086.12926259231,1046.13570392662,1034.73007849695,1014.28341607083,930.884185759796,1312.78934054073,1316.85449711826,1316.74008694259,774.27844600393,761.824615242787,912.464038907919,601.508564579966,657.828978241643,684.380042088659,684.0498233592,706.798470169196,697.940791824665,608.382673472996,640.99373271117,509.029741359398,509.553652762068,856.555737062587,866.701247532486,857.745490272158,1217.34710536367,701.026688352635,872.408614824162,692.410039925697,543.13333376196,431.549162345625,385.07732969222,337.109239296501,306.05031531802,335.126711786206,325.222387278174,332.300932943821,334.413086769163,365.578785746908,285.822486121411,267.364635676832,204.722531536495,152.437549616612,190.525653819129,275.801641483392,300.04131859964,198.403484532455,250.34114741695,214.593907307705,144.91464740849,359.468935335893,415.612814964051,403.79979643668,264.553146169701,278.913326627307,296.83955695036,162.306587686557,150.596449267251,216.163729199883,118.687052855698,72.6639744349553,120.755126886651,109.38825614171,262.540547922173,262.761603386884,280.367893861561,384.09661753535,321.406339104642,306.119709429332,350.973644065805,272.101693165331,316.781639964732,343.555374514733,453.50841135438,395.548271070784,522.450078208414,460.723566634148,437.200243490054,282.739475536782,329.793037724977,331.240792905635,319.093033100838,396.270946624505,258.585687072705,255.876349983422,222.228378758521,210.505698066392,216.626535775931,229.55163954193,219.811683824247,183.914014569187,65.5492596063892,84.9345874349305,0,75.9555665685452,146.13224165979,85.3765579670146,112.529695281649,149.174855086717,153.137493160188,156.885561721577,240.252560461226,229.24696705003,207.080545139315,182.379529960913,410.463725555877,363.798138379513,391.265942869602,463.162728333412,357.567341344852,313.300804123127,310.126191270513,300.05354249982,338.001836110101
1269.69926029937,1242.45735467094,1194.64477684941,1239.14987502246,1233.07734170979,1261.34902393935,1198.9285298634,1175.58101449331,1264.28374098034,1263.65991026099,1053.6065740364,1014.10812076052,999.568077217822,985.40127463288,889.819039951327,1267.15247800447,1272.92506053536,1273.19949098404,743.487562028412,751.998045823135,892.947056315556,604.392094946416,652.960931660603,685.90318997678,680.663007020304,695.181969691068,674.447801491424,594.842614248816,628.324260919843,484.2208808373,517.739020468974,841.128378292368,852.384186675469,841.636896893962,1152.84131186268,655.372619296157,805.165931771691,625.891558281045,483.217836940457,383.554544060394,343.299705326931,304.087164180676,246.318763554823,271.771648800774,266.453269503333,270.940542884399,264.581243881632,300.901161794206,254.868494660118,220.905099495161,169.116914083088,148.533045648299,177.822134994571,211.051627157302,228.719960550714,129.722543326888,176.045154113079,139.260046805869,79.9642152973338,399.536326620866,447.273607674979,437.056932917427,299.329074192833,316.410289195323,333.207524824188,189.710482786335,192.133194000839,236.959349067891,167.443586265188,118.530280088224,186.633879052377,180.373125251969,330.800678974209,322.384395644434,335.452307750955,400.281673051018,367.847349267241,347.150776114846,392.07734692774,203.710345776065,243.797908723498,273.125538510769,377.621546345571,319.603072541144,449.090541336908,388.636367782447,368.667687409356,207.54137976263,255.529426887364,257.468259562182,244.671278169845,324.379355522678,193.344875070893,179.925379372893,146.457116134013,134.550864306935,158.230516375778,155.264206054805,145.753145954571,130.737838382986,88.60188381656,157.828256307661,75.9555665685452,0,70.9239242840512,58.0874513501268,53.7261568693628,100.100882281289,116.155289579629,131.431424107715,203.079600703288,238.743017274121,237.986451656901,221.433970255964,414.467618586982,356.131290091384,398.281382566863,458.177843654983,335.343722157351,291.318289858326,261.368800921663,247.305854269945,305.068020419418
1236.61100751469,1213.93150940825,1167.53658698541,1212.62721095912,1206.27429928151,1235.55958906467,1173.51188071163,1152.33398976573,1239.90217068677,1241.24860842727,1041.21888528188,1002.41533391489,984.665203652895,977.088323875166,869.138542628033,1239.95677274613,1247.59854520669,1248.29867925171,734.846004580781,763.858551077142,894.51653478861,629.171936959184,670.350613470377,708.590959064944,699.076234509714,705.922618908465,673.938154601842,604.996489343362,638.847595546048,485.31631319069,548.198845484776,846.999980634353,859.233899249263,846.852617682473,1103.2825920843,631.300485911799,752.644992371108,575.199666964647,443.273207326442,361.349117169278,330.035264167518,302.582948410143,213.549037548826,231.766617819916,234.052333650109,234.243236565467,213.001709196317,257.587860089624,258.658819242562,209.236483814374,177.000384396657,188.229793399007,206.64063960604,172.010594566033,175.161389138487,91.9724135834412,116.451611393629,77.0926309381415,70.011448353465,454.837018575821,496.444029009469,487.450661783294,353.420794685952,371.677288503587,387.429961390473,244.296728406227,253.426159364642,284.931395956645,232.627335473884,185.38755861443,256.463338643667,251.144192853671,400.571944957886,388.929507037239,399.813083993165,439.30180792328,427.326768118747,403.861578027532,448.115725896556,138.311723559493,173.580113621404,204.728276770929,307.746961937581,250.205551214494,387.763455970127,330.339834586846,317.204519972623,143.614868381532,193.833270307586,197.088878555442,182.699794569563,267.25255819795,132.183033214315,111.062621554318,80.9913505821607,66.7646038471771,109.452575970739,84.5306411106068,75.2060788904913,94.8238964351837,139.965489005224,224.684764288687,146.13224165979,70.9239242840512,0,92.111681315278,54.0293763348925,80.9872323749535,107.136213788615,130.917085836869,176.216575289634,254.654998867662,271.709308416844,262.537125229253,416.448244610962,349.206593521171,403.556245158405,450.535210214032,315.117373792255,273.571490040459,216.678994455569,198.759985385653,275.333236322846
1320.96105015277,1295.47716491191,1248.13644967672,1292.84982306801,1286.68330424984,1315.29153615004,1252.96797813357,1230.25789979507,1318.65933202435,1318.59669471116,1110.60905583877,1071.2040220309,1056.12558305519,1042.92625050089,945.059554805179,1320.63855395036,1327.01608402108,1327.42141379849,800.888978894901,809.618593240937,951.032946921005,659.90923958869,709.926828869543,741.797168166012,737.428740843367,752.935056432502,732.468762562998,652.69239954568,686.128469960263,542.248769048724,571.834425573574,899.145389859876,910.355394642472,899.677262563236,1194.59307695886,709.486324733701,844.455941671331,666.595453835198,530.611334462075,437.683707501925,399.434193387326,361.772943255443,295.99596266405,318.348189602038,316.451096795951,319.112747508717,304.044690834632,345.874296741719,312.820822267419,276.695883009273,227.04337888386,203.016048418329,234.522626669145,257.548352073994,266.532205247727,175.036045144301,208.523578905185,169.202348870163,131.985555454324,440.029910894583,492.426348720732,481.384220517264,342.206166739667,357.963636863277,375.469082061497,234.71928439634,230.142141684368,285.452503002417,200.638004876491,151.756472606489,206.019945328659,193.200015860241,346.444870434041,348.117368037248,365.266965926929,451.610742942477,404.229302495389,386.863687974491,431.931477770291,193.827492381543,244.379252713532,266.47567702375,391.379386174639,335.634815945262,479.409658005957,422.440181247138,408.507420070251,235.19902519882,285.732787248574,289.145540539024,274.580537531405,359.339527442189,177.795042158423,199.674791930258,172.660218409219,157.625969661035,132.931386397574,163.346076243351,153.397629916574,99.2271906861269,49.6761381622488,144.333326379293,85.3765579670146,58.0874513501268,92.111681315278,0,39.8556397637124,64.3562836596487,68.7299013970237,77.5805463045543,157.180351130502,180.863892215012,184.725965770126,172.125060416045,356.532672275513,299.524255328846,340.213182859975,401.347902488308,282.799963166364,238.417651016316,224.885426985993,214.701291346238,257.369669654766
1288.88317701172,1265.09819316003,1218.3036348339,1263.24283974903,1256.96749681365,1285.970719736,1223.79431231323,1201.94543904739,1289.89482369968,1290.62341521945,1086.83492080939,1047.72358287751,1031.25204939949,1020.93622258461,917.765060131807,1290.76958493555,1297.87724861322,1298.45080555654,778.633053003157,797.106707365712,933.580178048634,653.964591655469,700.102588845346,734.910087082062,728.209188051727,739.763434827835,713.825434113404,639.03292941942,672.723873144632,524.026473206554,568.798114327177,883.73866351215,895.444245225631,883.948481510026,1157.28950795058,680.834291684908,806.508029169365,629.202921433253,496.453292308277,409.696665762221,374.816334661654,341.815385940992,264.423329836322,284.496368277726,284.967507688873,286.267022109707,267.025874732363,310.975853734771,294.811393946736,252.325085079339,209.762009416152,200.390825629997,226.973861348229,224.163172809812,229.188645382089,142.376325785681,170.180915147402,130.729853787775,106.525004765635,452.890867082942,500.999230957486,490.773889669834,352.913785986082,369.854249845774,386.750007905786,243.381923366432,244.633889527767,290.553645327058,218.341728874833,168.911656230567,231.719782196296,221.866358828096,374.78683106854,371.16382536667,385.867349069739,453.016373985522,420.346621229338,400.336793852747,445.325626989633,159.75778645659,207.166345573011,231.685794434887,352.042458954618,296.010063799842,439.9589364341,383.579493060776,371.227791914808,195.835894714348,246.55304873431,250.196255804776,235.390601937619,320.841944305191,146.133500090678,159.832034636795,133.464679602456,118.155136936453,106.480451785738,124.050934869795,114.080585557179,77.2446704114358,89.3992753008745,181.41588218386,112.529695281649,53.7261568693628,54.0293763348925,39.8556397637124,0,46.6924460797895,66.0389261461314,85.7337154469937,150.267441518773,204.90507640758,218.067148742466,208.512255616504,373.394004071024,310.58561442888,358.903473112188,412.715586888733,284.905322346045,241.384175491414,207.842873315238,194.340166503942,252.326502413586
1313.64627355738,1292.54172531057,1246.56732697614,1291.78775370877,1285.36567643106,1314.89190526972,1252.95972110692,1232.25012244238,1319.55434740075,1321.2891718314,1122.20500482063,1083.4012764706,1065.5927740224,1057.96160777647,949.589512273059,1318.92828026796,1327.03578937011,1327.8332509453,815.691204510708,840.373710206311,974.043397190328,699.603914938131,744.539836122889,780.26248628304,772.84096159214,782.770352189138,753.726811512793,681.910890174618,715.685745877276,564.543856785219,615.056747894972,925.470870440157,937.441934839635,925.49769476407,1170.39123682053,711.402688910758,817.855584349279,642.952613483722,518.914898146303,442.070678486086,410.929580750959,381.83995844909,293.352804721077,309.283131766529,313.755311603771,312.848009227103,284.589390636393,333.301536695183,336.337002319334,289.673711260401,252.367668461583,246.997512223741,272.850922575614,250.81358595575,246.453748004135,172.640059479208,185.464288632792,147.336508660569,146.307682926555,498.046681456564,547.177189479303,536.799698946615,398.552682067668,415.210506970899,432.283003771384,289.297174268631,288.955396886595,337.059815630332,261.287115849626,211.864205229638,269.927788728167,257.533455162017,410.796699642166,411.457279048017,427.6781547145,499.699298398243,464.342382265059,445.259870623607,490.313234248206,134.181898094656,189.284293673286,206.77019455924,342.517481832727,289.654910520429,444.672701899426,392.584181883618,386.722934315168,204.571974245458,255.394772387107,260.374457653766,244.388664286518,332.254370465204,115.957747993125,163.254942696311,146.032800952492,129.637889752835,68.9736480488323,119.243441760798,110.147755887993,34.8710019202496,107.293904256332,205.429713135963,149.174855086717,100.100882281289,80.9872323749535,64.3562836596487,46.6924460797895,0,26.7950548237261,51.6837675150841,103.679443325564,176.702716441523,203.209773696732,200.734931367573,335.489579288251,269.164576082594,322.601637014207,370.919867339571,239.594708600544,196.591818172912,163.107040997577,151.322647737332,205.710094367301
1340.40780152495,1319.33238207238,1273.34086349537,1318.55322395591,1312.13575085405,1341.64380395584,1279.69997087174,1258.92397168729,1346.27082575387,1347.93881425187,1148.19519510134,1109.32321995958,1091.77610894746,1083.55247527669,976.116763116337,1345.70548057849,1353.77769033084,1354.5645109121,841.249606559414,863.032870308101,998.396950224169,719.60533062023,766.136157708588,800.715152255229,794.224385273222,805.624431543422,778.306708997442,704.851743737953,738.568663034841,588.819051930308,633.730912017433,949.164474417958,960.979357865791,949.295105707385,1195.84664082312,738.029296166961,843.063956142197,668.666802355281,545.622638895853,468.455595281349,436.625039148795,406.268032149584,320.00521794203,336.078184157235,340.427344005095,339.6193122091,311.065301150891,360.046833268221,360.030296660854,314.955585168186,275.379975443603,264.648888229397,292.580632428388,277.562722671514,272.955092010087,199.022367553784,211.924663918503,174.000094452632,170.464070106782,508.578774925878,560.107936969915,549.283935084695,410.311898951186,426.320154129302,443.726040719966,302.079786269604,298.736933793428,351.620960021337,269.365842055764,220.457857208068,272.946269739021,258.487244075558,410.902933361971,415.625316346847,433.485187289054,516.224901430825,472.957507700471,455.461438299808,500.538242745343,149.029090137847,206.892770568271,220.346286884139,362.345656544627,310.922088415579,468.707347475957,417.662263757979,412.864935345786,230.14068322787,280.770913123874,285.961954646604,269.831354549603,357.874407443071,128.530634174487,188.158024310902,172.403266038447,156.005399952752,78.6675886907436,142.964320307156,134.300218993168,44.7459020304822,101.51780319238,199.017515116258,153.137493160188,116.155289579629,107.136213788615,68.7299013970237,66.0389261461314,26.7950548237261,0,25.0671487570904,88.6939709008154,150.002409307554,178.927675700592,178.776479354191,309.852444039871,245.038555834066,296.52207681282,347.075323371008,219.405890821956,175.620481907828,157.406279079312,149.177444587641,189.833850300786
1365.30806973309,1343.98418135863,1297.88948295579,1343.06643043574,1336.66844415968,1366.10542094757,1304.12299890468,1283.1633638569,1370.62113060796,1372.11877270052,1171.23731085151,1132.26761432535,1115.11583086058,1106.0329685233,1000.05059304594,1370.27107982292,1378.20520433681,1378.95833856707,863.714170836617,882.019899686689,1019.31187596474,735.797500774691,783.995895532448,817.333943270064,811.840642806178,824.849769875574,799.542440394515,724.21626672799,757.853212907497,609.760188588085,648.621306304576,969.306535165759,980.937291488743,969.558396472473,1220.64518652735,762.176939638457,867.761619699757,693.579036049389,570.598512806562,492.188820719459,459.380516206674,427.511142200141,344.260683297687,360.822737617005,364.72045598696,364.190321835259,336.128556795236,384.97891371849,380.511087888179,337.286599781589,295.31551291411,279.408875988873,309.197711285701,302.066602554799,298.014907765111,222.887811739515,236.988134119695,199.00583829169,191.945228645362,515.644161631253,569.387764615834,558.149290504792,418.821340121062,434.157462303038,451.829899524606,312.034617498229,305.89713188879,363.02331417447,275.154198256721,227.214741083353,273.988033420004,257.732761489168,408.421646308238,416.93023829448,436.26918404,529.107617262503,478.280278176,462.344735396915,507.327764512579,168.381646144714,227.521618172698,238.150526866075,383.982608762017,333.556336888214,492.852917777819,442.336800477539,437.904907280889,255.045879867256,305.595892608021,310.860281894035,294.683290173376,382.772927768623,146.751828718993,212.848254295602,197.470364899,181.072441479232,96.7505311725021,167.244889175093,158.778429149376,65.6288064372351,98.2138609876478,192.047431392515,156.885561721577,131.431424107715,130.917085836869,77.5805463045543,85.7337154469937,51.6837675150841,25.0671487570904,0,84.5684225962974,125.019227201377,155.166878978473,157.047830464729,287.769113469768,225.419788787471,273.691059297485,327.584771479766,205.250571382229,160.899299845332,160.23248584287,155.517880572258,181.247064623317
1379.18192808446,1363.35184517767,1319.0724190551,1364.72034086945,1358.03197811799,1388.49284687286,1327.17285022542,1308.67634453469,1394.5579162008,1398.20463827888,1208.23171446952,1170.05688611042,1149.8826511924,1147.05728720197,1029.64532225391,1391.05429907205,1401.06475137012,1402.28927046314,905.404489274894,940.072689076087,1069.1550380311,802.577056682676,845.986052704198,882.87971170138,874.533699300558,882.136440862954,848.306445614631,781.210474726372,815.063041914656,660.610230699196,718.622500963911,1022.70771643671,1035.08896501446,1022.44146812703,1213.00104646159,790.320635667792,859.257399898723,691.207923075945,585.423835558311,526.436731752548,501.381231919996,478.10174679133,375.471972166765,384.686588400345,395.069378086272,390.877842050531,349.642788516844,403.979899405352,434.860784706254,383.392636263781,352.719107232466,350.652337278641,376.226408302691,331.259125717135,313.29431449835,261.644165677889,254.515626772696,222.797707718296,245.616736956817,597.197498325439,648.6994507629,637.935218751707,499.00149525786,515.003976447684,532.419354218582,390.634271377072,387.319312135545,439.680142859084,357.588701918933,308.905497214092,358.411794180257,342.301065021595,492.712056628173,501.364865492998,520.332447405188,603.217230196074,561.125872585561,544.043103359888,589.111740207197,137.710404742192,196.830267686758,192.928412533204,351.988040758288,309.92146599118,479.422826711564,437.596497424917,443.916762388803,261.574268273035,307.75117320676,314.648586198662,297.922708168697,384.346379335745,114.704419143381,217.557949979945,216.534701336658,201.605227642189,81.2846284765367,170.835078070632,166.063676436815,81.4442401235895,182.765952292952,274.927455331008,240.252560461226,203.079600703288,176.216575289634,157.180351130502,150.267441518773,103.679443325564,88.6939709008154,84.5684225962974,0,143.030539346101,199.246419423851,213.247464020809,255.356773225503,180.687624594431,247.624583114615,278.84287555096,139.025864150669,98.8783244843918,79.5547630151166,81.6910957128975,102.062063663213
1490.29228616412,1468.53021965815,1422.19159154444,1467.27558042943,1460.92781434828,1490.17770817707,1428.09716394268,1406.62240863957,1494.38760616127,1495.38915891003,1290.825733684,1251.53859487344,1235.75575063552,1223.67852862107,1122.65959572019,1494.61080327047,1502.1847239187,1502.84546527287,981.561917262551,986.920285932133,1131.27726904625,830.426990641732,884.908092239395,913.166446260998,911.662230995937,930.869325058831,913.140588176483,831.166437794023,864.35821070802,722.910663994226,738.799523388302,1078.42572523598,1089.32140723457,1079.1414404528,1342.54703369687,885.504491263363,989.12250315016,816.505454574646,695.615754136982,614.582194053353,579.019875238011,542.630206336508,468.162671694994,485.644206515875,488.680880491217,488.719048584755,460.906655235953,509.9927043014,493.611295704197,456.264333084453,407.852085923043,376.327210769164,411.170413782374,426.513640965668,422.839089011167,346.249781777579,361.786294380557,324.002502997068,310.403535675105,575.806095760209,637.751166494992,624.986923199824,487.767434337387,499.867603111671,518.085246024937,390.869581162742,374.566867613011,445.109433601271,340.63732360674,300.36061178276,320.550840730089,298.335637296503,429.606170991254,455.257295780403,480.372444859675,612.87104245982,532.003801928588,523.207448017538,566.525192903518,274.521635358398,335.066300027915,335.264364171702,492.12033138512,446.505536512689,611.626657832392,564.022037590289,562.039256815738,378.426731574106,428.411725147819,434.079198318309,417.67323042339,505.873476902189,251.183516981817,335.353380398934,322.194302107337,305.811893763859,206.206836332256,288.574211112702,280.878034290479,183.960737818645,165.279613386492,215.142780124614,229.24696705003,238.743017274121,254.654998867662,180.863892215012,204.90507640758,176.702716441523,150.002409307554,125.019227201377,143.030539346101,0,67.7014853434004,95.0640156398867,181.217300505233,142.968604140241,162.342886164715,236.625073283498,164.612356019437,130.335249025376,212.973805993532,221.901025671228,178.533498037233
1505.67887116794,1479.93388103605,1432.37293085017,1476.96706153978,1470.85694906338,1499.24731651745,1436.85048973297,1413.5636239877,1502.2628472853,1501.60377870325,1289.1061629753,1249.35403954503,1236.11617956629,1218.93814901495,1127.69353822659,1504.88103143063,1510.86078930314,1511.15988473411,977.902143808606,968.414202960523,1119.38601585145,804.453071541496,863.472656660139,887.562861794304,889.176384849519,913.678106618754,904.059149102432,815.443706246199,848.000932150027,714.512890373633,710.411564446128,1063.6297688778,1073.73301479761,1064.82603325569,1372.94876923299,893.285521128953,1020.80567162619,845.104723735728,714.433324403981,621.428768750902,580.860522454174,538.533105301776,480.69361170891,502.308645210862,501.162066893118,503.546470968672,484.208685965669,529.040299984101,487.926733960588,458.79008257481,403.439008440181,359.417796208695,396.977568539123,441.710181174175,446.136714029053,359.35788936589,385.916910558504,346.707817013554,316.169953865374,532.460223017346,597.624970430216,584.240152756501,450.299895222933,460.486751532468,478.633511963257,361.590141159927,340.204657492482,416.088882710846,306.054352186304,272.207707056813,277.718483256151,254.02038076518,373.40726079925,404.646567596592,431.566597234377,581.704452227123,486.381388327594,481.01159733226,522.860306965707,320.136450686371,380.394347442601,386.046349243983,537.672541943103,488.39495067576,647.603456141355,595.706910801459,587.796832696403,407.412744869336,458.369307377985,463.106058137044,447.311030034253,534.846392966113,297.38070525907,366.464703238474,347.299436359787,331.080983112141,248.846288911066,321.858467172815,313.06735151867,220.457920186858,152.02779199557,169.876052137385,207.080545139315,237.986451656901,271.709308416844,184.725965770126,218.067148742466,203.209773696732,178.927675700592,155.166878978473,199.246419423851,67.7014853434004,0,32.9960327250315,220.818683342126,200.921516375812,198.461900511091,284.673274804278,231.198319875592,198.02557314226,274.448300332108,280.612952293793,245.969115769234
1491.10605581975,1463.62611666657,1415.5734110651,1459.93054093671,1453.92495225065,1481.9348702302,1419.44515386987,1395.42195124396,1484.45028040814,1483.10945542445,1267.65298897653,1227.75668247842,1215.49115145908,1196.42639288251,1109.01190388199,1488.07251665163,1493.37642231744,1493.52444707673,956.017691484294,941.541886708346,1094.47781763605,775.615338001971,835.834811796757,858.748657185903,861.213746766627,887.259097417994,880.319707486693,789.602803351424,821.916347230834,691.328558455506,681.045880648143,1037.82509360213,1047.67051570818,1039.17346249154,1365.78523033398,876.052128296299,1014.70823202391,837.696963143612,702.52953428873,604.476691862037,561.981467186149,517.473925979115,466.914002489873,490.292862863985,487.233392269799,490.672085976179,475.495757817576,517.993291016192,466.489063416631,440.805982978198,383.022255790602,334.642416976055,372.90518350084,429.428850143843,437.698414929552,346.907638161794,378.445741553614,338.997987085223,300.977259380077,500.205962762974,565.830380670215,552.350943170343,419.193923838652,428.977774361409,447.084825590848,332.811601104139,310.138882698652,387.155230088674,276.096346696931,244.391432309348,245.967528737262,222.073240269787,340.52036923548,371.720347664377,398.751160485177,551.815831996578,453.857730200269,448.977818335437,490.567638248422,325.172738776397,384.563116392342,393.620498680302,540.902426347169,489.663944583523,644.717424994667,590.685993274205,579.740024683623,402.189262046878,453.221011353199,457.438048368266,442.080592851978,528.696449286525,303.09962614026,362.784468266087,340.775989895028,324.866490841326,253.436295465359,319.926346151706,310.693284008591,222.487568927906,133.195877847766,138.252783889759,182.379529960913,221.433970255964,262.537125229253,172.125060416045,208.512255616504,200.734931367573,178.776479354191,157.047830464729,213.247464020809,95.0640156398867,32.9960327250315,0,253.679095748862,232.894060411794,231.188657711251,317.660841679196,259.669979396766,224.21132297904,291.035850377994,294.893082558543,270.137713713305
1634.27016139905,1618.67961561693,1574.2627713601,1619.86790764279,1613.21050229715,1643.55228721349,1582.11839669554,1563.11733828076,1649.36605986585,1652.53243212095,1457.53912024111,1418.81588393288,1400.5165401421,1393.39263735114,1282.65325549641,1646.29396332395,1656.05828803519,1657.20741839211,1151.09623056991,1165.90971224338,1306.62080911664,1011.46645438627,1065.0068854415,1094.12741032015,1092.01693886795,1109.39194161107,1087.15247626689,1009.21722831058,1042.62955515032,897.206104099298,920.014337525033,1255.5589794701,1266.85133384345,1256.01328958341,1458.83315282311,1043.63473266169,1105.96539013707,942.388397827952,840.779734547201,776.550720795915,746.402697723966,715.198661021432,626.434771559915,638.344080971639,646.518993262022,643.702075743004,604.899996073167,658.765986521274,667.726215481532,624.788197676805,582.169354458021,556.349130537891,590.166676359542,582.779926950054,568.287439659084,507.621730340776,508.788589498481,475.035901031109,479.712074009383,752.358038501148,816.221882631537,803.128824009967,667.186691397026,678.516824407254,696.730837236748,571.953088551691,554.7245243996,626.258847869389,520.636260783008,481.415200892329,496.928841902873,473.700993007156,592.103415332408,625.378344565024,652.384445935123,793.929918679007,706.865240111049,700.419471161977,742.854144552791,387.88864540535,442.329396253704,426.489985274925,587.166717890435,554.169058125705,726.392253190314,689.585885990773,698.779630147907,516.929786100262,562.648853839007,569.709831528075,553.001275104799,638.675741009285,366.320391287318,472.91139336179,470.020236443711,454.450409129672,336.438586989455,426.06811299876,420.905446657754,328.716053343323,346.241725973761,389.41813171997,410.463725555877,414.467618586982,416.448244610962,356.532672275513,373.394004071024,335.489579288251,309.852444039871,287.769113469768,255.356773225503,181.217300505233,220.818683342126,253.679095748862,0,79.2874329496631,23.932549821855,70.7003669770906,147.21928812686,164.508130435915,281.57970283246,301.803824332133,202.312116010278
1557.44769820783,1543.11051989577,1499.18708935674,1544.89399459987,1538.16183044462,1568.76756722529,1507.55081774876,1489.28373403711,1575.02014997121,1578.83497245762,1387.8724662433,1349.48661352947,1329.96017575051,1325.49120311041,1210.2760273952,1571.07379946895,1581.39970588568,1582.6824246207,1083.44229291871,1107.43850302042,1243.20141348089,959.281684920642,1009.09181822959,1041.28748558928,1036.76657823827,1050.23821437763,1022.87822029737,949.564842299546,983.225682423202,833.675153089518,870.233583182065,1194.19955300407,1205.98537370324,1194.33315261974,1379.60204876358,970.97521196769,1026.81494804644,863.84535825258,765.098651417216,706.110182618818,678.689203284236,650.997126011761,555.334728557271,565.337157136279,575.133692582998,571.365722156534,529.874034266618,584.573214567049,605.066972012758,558.442424439416,520.31977241681,502.366457611126,533.834327956684,511.283901813206,493.824789310616,438.799956492713,435.20125113258,402.937509411432,415.314682376125,717.031354697684,777.429816997367,764.999042979576,626.716893427618,639.683195585007,657.855183909382,525.977349570556,512.79135748506,579.362115204741,479.339750387498,436.315083186417,462.472334242254,440.693771121468,571.932609914097,598.203825167881,623.141819862006,747.195069357816,674.051085575863,664.133583333856,707.886590666389,309.988886968986,363.552504402945,347.214089982173,507.89487946714,475.089694900647,647.378196526673,611.398306937499,621.979073679034,441.37754318829,486.040288297631,493.287663562093,476.627009790966,561.499930872803,288.870538674026,397.573261438384,397.076031709363,381.932402713122,261.920109480132,351.275190680811,346.728263166939,257.881103022313,298.262948711956,357.963198735518,363.798138379513,356.131290091384,349.206593521171,299.524255328846,310.58561442888,269.164576082594,245.038555834066,225.419788787471,180.687624594431,142.968604140241,200.921516375812,232.894060411794,79.2874329496631,0,80.7958760635647,102.166443351453,70.318821365166,85.9153471589046,202.293735495819,222.618165242174,123.672091215115
1626.63585673253,1609.78477749155,1564.94516936778,1610.45494786768,1603.86171995193,1633.9781748726,1572.38244209838,1552.82598447678,1639.44179588505,1642.12233461549,1444.71712262294,1405.83064147052,1388.19109897674,1379.71474225022,1271.44894768676,1637.08481412781,1646.37945308825,1647.4218004333,1137.39647358273,1148.76181780308,1291.09259396817,992.677045845031,1047.16155043393,1075.45664157858,1073.97481467841,1092.48269322986,1072.04847238291,992.521787877436,1025.83501909339,881.939382644423,900.716375084397,1239.3101181953,1250.43024048045,1239.87520474783,1456.06162317353,1032.71705928485,1102.78124294288,937.484992591354,832.290945053757,764.51153377664,733.02677251955,700.370818831844,614.954585664028,628.014222880604,635.172149960595,632.93273503636,596.100776367543,649.239879726687,652.381860010762,610.969603394325,566.678662347522,538.50479751951,572.906035366398,571.602328407705,559.10378559048,495.180228989859,499.090051587857,464.459517910528,465.414271351032,730.589733608535,794.91894213014,781.732634677385,646.285366184788,657.335365803516,675.53801896245,552.208610697348,534.232165523281,606.620033960493,500.091487484029,461.678587102741,475.334275771921,451.947165911233,568.85583067117,602.727000047814,629.933214090299,774.071794596718,684.797169393385,678.829634140063,721.043338733686,382.560013642838,438.431640969666,424.700966177246,586.003139255822,550.99271586133,722.825674053003,684.188370209115,691.529711278657,508.731359369985,555.370155226157,562.228479154636,545.499677147137,631.921672565896,360.473150067948,464.630213517721,459.988608323,444.192054656781,328.012824827905,417.479100752513,411.870485452773,318.025278545954,327.619187875754,367.653610442272,391.265942869602,398.281382566863,403.556245158405,340.213182859975,358.903473112188,322.601637014207,296.52207681282,273.691059297485,247.624583114615,162.342886164715,198.461900511091,231.188657711251,23.932549821855,80.7958760635647,0,94.3955790389115,151.049611997051,161.874462227813,280.381717635232,299.619908424073,204.017567108901
1647.56587294364,1635.84108498178,1592.77469486075,1638.61687459178,1631.77033960028,1662.7688633606,1601.90569241472,1584.63901400636,1669.65389637162,1674.31618564902,1487.06073948002,1448.89975247491,1428.56260215197,1425.68720819781,1307.40639764209,1664.38631172117,1675.58277802962,1677.05932914706,1183.84720113378,1209.60435748843,1344.90322145111,1060.76884773623,1111.12421534806,1142.91535521513,1138.73597322984,1152.40141096831,1124.44228957417,1051.72016002562,1085.38593736338,935.452749617588,971.153747213678,1296.22241327549,1308.05463841637,1296.31977856999,1457.76379716508,1068.02112583348,1106.86274644473,948.933643206118,858.484158150078,805.278414426626,779.339741803715,752.724713744021,654.30665714985,662.690404762031,673.856363495913,669.326773787699,624.936993258091,680.569462499344,707.059926885444,659.708275696736,622.420217872443,603.956525203411,635.791305130871,610.071931955196,589.779937992093,539.331539154791,532.396266995989,501.611652326047,517.184431660172,812.238596588755,874.356411359313,861.61112898315,724.212480306659,736.472265657296,754.687593041529,625.462931346827,610.718506127676,679.230363716768,576.930036987567,535.315549766306,556.773439135741,534.161529262985,657.846933040157,688.697247703913,714.908896450102,847.173565570641,767.896166839267,759.751018592334,802.901349016343,400.588361932001,449.836406245488,428.083591479325,584.765865387348,558.051956886688,730.007877248366,698.878747714045,713.524231504386,536.030855396431,578.557714500642,586.149888607529,569.664344682796,652.368815163363,380.995503759967,492.792282068544,495.062393450626,480.357138957176,359.223988664776,447.529222937374,443.744128222793,358.102581635394,397.837833055949,450.258248145037,463.162728333412,458.177843654983,450.535210214032,401.347902488308,412.715586888733,370.919867339571,347.075323371008,327.584771479766,278.84287555096,236.625073283498,284.673274804278,317.660841679196,70.7003669770906,102.166443351453,94.3955790389115,0,147.115528654311,180.342141374726,285.446105288012,307.751626447764,202.32129575964
1500.52922173645,1488.77447840173,1445.82180812304,1491.68471073705,1484.81830043878,1515.88989045015,1455.11449596547,1438.16519167772,1522.93049469657,1527.87802026541,1343.55347344001,1305.72610611166,1284.36662743132,1283.85938496009,1161.94786103595,1517.38574287578,1528.74300356777,1530.26633714225,1042.6533368483,1078.86950877624,1207.91429859785,938.868969497204,984.017303211863,1019.75464842839,1012.38788749497,1021.00150555543,987.018631276859,920.076927422758,953.91843239893,799.580833834941,853.074144787895,1161.72403218993,1174.11465697881,1161.44245859266,1315.03285531205,922.619225623039,963.012153918968,802.89752673187,711.606831886376,662.389608108567,639.434736399532,617.116950736303,511.50462679761,518.007608692622,530.649362932924,525.223499521308,478.795926814111,534.846810848551,573.771259045575,522.258158296405,491.14208493463,483.86562990533,511.859047812007,467.158252481848,444.196593570109,400.196304771834,387.948991365922,359.052753120891,384.188768695807,716.620543398285,772.922490583642,761.28250783516,621.9411927725,636.480543951724,654.398602018688,516.602722228437,508.140293614111,568.127034229216,476.030854294604,429.760303815456,466.704244196732,446.903844074845,587.747416378529,607.17426926088,629.799176796735,734.351295953408,676.604815599139,663.291074445274,707.928640013672,253.557550404955,303.066980245024,283.028078767477,442.143694442584,412.440104842785,584.734992785914,552.088839497544,566.437066593664,389.855440536264,431.647701198329,439.304804453382,422.875597336553,505.258043458192,234.305672609427,347.020379581323,351.633201186162,337.582610590322,216.171838114201,302.654950761847,299.571323315769,220.446013967037,293.252970779865,368.230874998794,357.567341344852,335.343722157351,315.117373792255,282.799963166364,284.905322346045,239.594708600544,219.405890821956,205.250571382229,139.025864150669,164.612356019437,231.198319875592,259.669979396766,147.21928812686,70.318821365166,151.049611997051,147.115528654311,0,44.4403972133771,138.913895203602,160.880821111323,56.3467297250657
1471.77082539748,1457.97814043143,1414.32142329883,1460.07948549662,1453.30650890515,1484.05722458571,1422.97499819977,1405.16205782487,1490.56675570517,1494.78379087343,1306.80773366571,1268.71209335018,1248.22670388579,1245.90301789124,1127.22942437784,1486.1212724288,1496.76050260218,1498.12124559208,1004.27915636323,1036.70789376795,1167.60818686627,895.225414132294,941.112380992205,976.285177684599,969.367552516579,978.9746751366,946.823875420338,878.070574005124,911.883391515724,758.742899155548,809.047585924447,1120.56917729263,1132.79787671989,1120.40394297117,1294.64514018542,887.847488163494,941.602785982293,778.007735595423,680.051935421633,625.087815042244,600.224718032062,576.075419750204,474.097439366435,482.400875753213,493.580222596625,488.98519523091,445.417868935802,500.659680780351,531.973907751927,481.823883232936,448.734180038739,439.794119278329,468.198902437648,429.827757100498,409.847114825681,360.39088047468,352.102899296724,321.386999197744,342.046503760701,672.50388475728,728.553240395078,716.947819898972,577.593162676866,592.206020521618,610.103952342694,472.163622269864,463.842545882356,523.70270939625,431.837563699874,385.414293805539,423.336254967194,403.886814943838,546.368957344839,564.3354314785,586.555691341171,690.004817763291,632.787544972924,619.164107099397,663.852431914395,224.114379471509,277.828425931865,262.838933363579,424.137197257693,389.755278485889,561.915125814871,525.485041194571,536.405220175286,356.668489251063,400.617912705596,407.962618834716,391.341695865884,475.787690719997,203.172963938836,313.107351687806,314.727306990749,300.084513582855,178.881863836237,267.405027060601,263.447354495046,179.488437866573,249.201183537623,326.278053065117,313.300804123127,291.318289858326,273.571490040459,238.417651016316,241.384175491414,196.591818172912,175.620481907828,160.899299845332,98.8783244843918,130.335249025376,198.02557314226,224.21132297904,164.508130435915,85.9153471589046,161.874462227813,180.342141374726,44.4403972133771,0,118.67403165973,137.783252552417,51.9106316786211
1362.28280552804,1351.68835568731,1309.3057951415,1355.2414450201,1348.29738385611,1379.6389768961,1319.17539639904,1303.14243185011,1387.18317177579,1392.91343295613,1214.58560411258,1177.39450043787,1154.23174874827,1157.84671694241,1029.46356245522,1380.6490392894,1392.62475877743,1394.3013169966,918.294454206247,970.435619317821,1089.70195775038,844.031625104855,881.452462794306,922.365664192136,910.650671944809,911.978227278128,869.057387590225,811.454597525558,845.283390285968,685.415979228352,764.622796022575,1047.39699635565,1060.55112387341,1046.55816585192,1177.42618777325,790.598449613209,824.885355606626,663.984952978958,575.797534259312,536.707090859058,519.851092069935,505.70876028464,387.552775337617,389.434707919515,405.514113627344,398.027948310386,346.36354843118,403.334406501636,467.325807924768,409.325937187318,390.729218296088,402.898389601125,423.295179122934,343.648994584177,313.851403546339,287.44153438635,261.934322848253,239.32548244192,285.673844356982,660.720466827708,708.091265341955,698.156207598485,560.697643861601,577.696844692257,594.565551599175,451.042489628457,451.996877286932,496.842908859722,424.322840524669,374.934423262241,430.307911661466,415.796871201223,567.79167553919,572.851352014141,590.103793932524,655.377601475994,627.44806429372,608.094692318862,653.111563850849,119.011399164685,164.403282056113,144.953688333262,305.737487227655,273.683577200332,446.042547621414,413.434692372753,429.578812133949,258.115893005354,296.35668904136,304.32589324497,288.265596175538,368.132049659275,103.623480252614,217.503544866383,229.686826546462,218.144645294588,107.25821824272,177.88244125524,177.503226749762,130.634839110243,257.40840545296,352.244438998309,310.126191270513,261.368800921663,216.678994455569,224.885426985993,207.842873315238,163.107040997577,157.406279079312,160.23248584287,79.5547630151166,212.973805993532,274.448300332108,291.035850377994,281.57970283246,202.293735495819,280.381717635232,285.446105288012,138.913895203602,118.67403165973,0,23.1082821258376,83.1286684016079
1339.83467625837,1328.91924483506,1286.44420389603,1332.37087423407,1325.43727739901,1356.74425421151,1296.24400670538,1280.13187560428,1364.23369844499,1369.90047322537,1191.52066265159,1154.35089672807,1131.13977224912,1134.90295584862,1006.3581366441,1357.82123531484,1369.71455213762,1371.37414403412,895.465829443443,948.996042991126,1067.29694214039,824.260836665662,860.714042799853,902.215234748996,889.989792195698,890.502311220176,846.725362912968,790.075909840724,823.8834550541,663.527873060705,745.770482493817,1025.34322182993,1038.56549798303,1024.45308033631,1157.03819452706,767.490214972537,804.19734430505,642.287877184089,552.82109219314,513.875774740788,497.540883675976,484.302659392478,364.949584564538,366.476135615223,382.792794310552,375.154318429088,323.261154456092,380.24468737235,446.608213734135,387.905587510633,371.07783791641,386.17907284781,405.279774271344,321.139090903789,290.827873210064,266.437380564354,239.303996176317,217.543127938909,266.937444901604,646.798772106579,692.693741351406,683.03699075688,546.299772317736,563.614435814535,580.257433273736,436.500442699607,438.974007124094,481.155946229402,412.230692720262,362.759835670777,420.71492343168,407.223288594901,559.966080144139,562.669484543862,578.98018736932,638.03211705288,614.680299245067,594.455838436841,639.379630132068,95.9153441298187,142.188619797034,125.093289980308,286.550650317656,252.54910593908,424.902275639956,391.210792879663,406.717880744071,235.051638551572,273.298795321045,281.252614023607,265.174597402533,345.308308963448,81.0364760150974,194.618621463413,207.638762725222,196.516394082218,90.2300822802577,155.691791500402,155.738803694949,117.399596342896,250.498579110608,346.99760869855,300.05354249982,247.305854269945,198.759985385653,214.701291346238,194.340166503942,151.322647737332,149.177444587641,155.517880572258,81.6910957128975,221.901025671228,280.612952293793,294.893082558543,301.803824332133,222.618165242174,299.619908424073,307.751626447764,160.880821111323,137.783252552417,23.1082821258376,0,105.596151475514
1445.37850001868,1434.45218785698,1391.85628305854,1437.76550702933,1430.85136604563,1462.08810029112,1401.49515289886,1385.07027165756,1469.4268824054,1474.82176660755,1293.57424952513,1256.04815003769,1233.8013643698,1235.28542060819,1110.17643017232,1463.28646731862,1475.02117708019,1476.63544670134,994.75956461708,1038.07975987652,1162.90114610399,903.700925038815,945.64724570012,983.626940472785,974.404954671069,979.902342764871,941.978849383999,879.038913213387,912.915334637723,756.002167308363,820.410615849451,1118.41784087532,1131.15391456707,1117.88927963682,1258.69895264712,871.024127468425,906.668713823676,746.88505909635,657.975216321675,613.597808116608,593.269708104484,574.348179921167,463.204799157033,467.724278791655,481.887167312841,475.55787008149,426.713442903246,483.259560436928,532.911419010956,478.561088220655,452.332575520472,452.703431113037,477.885788920853,418.923032409061,392.995506266795,355.953489825693,338.403755381025,311.829125635476,345.286471011889,696.853555055768,749.736227442581,738.750623363764,599.564766314904,615.173459920393,632.758623857611,491.81190806143,487.035160802287,541.405190984084,456.397911960103,408.376784329378,453.096142110795,435.193566249743,581.824238580405,595.56826126101,616.160067000772,705.268298393081,659.389482466149,643.56853002191,688.564046221777,200.002729235253,247.530330554735,226.714030612816,385.873826614512,356.254516967328,528.499496514212,496.563009448713,512.171043218213,337.925623833617,378.147254670133,385.966242131858,369.698076191631,450.81628785928,182.010510262351,295.888753490555,303.505256346866,290.308767610617,170.39170326753,253.099316968437,250.983279206954,181.070217939758,276.754755335756,361.464275733699,338.001836110101,305.068020419418,275.333236322846,257.369669654766,252.326502413586,205.710094367301,189.833850300786,181.247064623317,102.062063663213,178.533498037233,245.969115769234,270.137713713305,202.312116010278,123.672091215115,204.017567108901,202.32129575964,56.3467297250657,51.9106316786211,83.1286684016079,105.596151475514,0
